Timestamp_s,State,Ball_X_mm,Ball_Y_mm,Ball_Z_mm,Camera_X_mm,Camera_Y_mm,Camera_Z_mm,Speed_m_s
6.9959126,TRACKING,1162.777644021164,601.5397977435968,1417.2664336854523,-3266.5866848109454,-1999.0823481903906,1330.2299137739394,0.2064134448804734
7.0004499,TRACKING,1163.671182190253,602.1728372994887,1417.1870754782362,-3266.6053907459036,-1999.0881393370903,1330.2097840769386,0.24197840660123515
7.004319,TRACKING,1164.1399366562018,602.6699177975893,1417.1215216771648,-3266.5960499248317,-1999.1000592248279,1330.2166219090668,0.17740034758711187
7.0082462,TRACKING,1164.9432315012393,603.5993646297353,1416.9587326743447,-3266.575142234046,-1999.0687342094598,1330.2283079549152,0.3155467477196243
7.0130572,TRACKING,1165.6473581875257,603.9055256800626,1416.96175334342,-3266.5668251723214,-1999.0755302755585,1330.2425761886534,0.15959547846986094
7.0170466,TRACKING,1166.259275264192,603.888077166248,1417.1814336394907,-3266.5831857979156,-1999.055208819307,1330.303111110979,0.1630293817438433
7.0206706,TRACKING,1167.023192056001,603.855353660303,1417.3858475005209,-3266.585213691757,-1999.0370366471575,1330.3018128303424,0.21839679185316388
7.0248587,TRACKING,1167.7032036469866,603.8167894614461,1417.738243343854,-3266.5930657057424,-1999.0324272362236,1330.2883823341663,0.18310630572480135
7.0299067,TRACKING,1168.2390861986978,603.9538319471104,1417.855001217876,-3266.6123181832436,-1999.0583725809931,1330.301808413686,0.11198828465332929
7.0338622,TRACKING,1168.6910202943016,604.3138056575733,1418.124167627894,-3266.590819288328,-1999.0509682690324,1330.2881080402674,0.161142176289006
7.0374928,TRACKING,1169.205098410015,604.182295403714,1418.4514873860362,-3266.617476901861,-1999.0584295775477,1330.3661069809343,0.1717252522275296
7.0415012,TRACKING,1169.6996508554787,604.5745685463254,1418.5692044204488,-3266.61846331667,-1999.0662534452056,1330.2710282927467,0.16019350516644357
7.0465536,TRACKING,1170.0266043631163,604.6412080278373,1418.8791755245768,-3266.611156696551,-1999.0619448453704,1330.2362706721854,0.09014240917377095
7.0504846,TRACKING,1170.531743113675,604.8305107232388,1418.973339302343,-3266.636592030189,-1999.0846897455299,1330.308352609144,0.13930337698078768
7.0540827,TRACKING,1171.1767491021026,605.4797425503422,1419.066031705103,-3266.59637186358,-1999.0860989131597,1330.217691896456,0.25564919980024703
7.0582994,TRACKING,1171.58001250664,605.4178509510691,1419.2405733159726,-3266.617717483133,-1999.0542423195006,1330.198063207275,0.10523703167273708
7.063101,TRACKING,1171.9523502225215,605.6528152256782,1419.4202596057166,-3266.605283085004,-1999.0894040671606,1330.199412944612,0.09903616878497426
7.0670563,TRACKING,1172.2990955800915,605.801660810734,1419.6492821556692,-3266.588900126724,-1999.0450708333465,1330.2357458403712,0.11159844919704204
7.0708439,TRACKING,1172.6448927835208,605.9559575498337,1419.8838176194565,-3266.608154624508,-1999.1150353925218,1330.259802856879,0.1175968966934825
7.0751036,TRACKING,1173.0615040788555,606.1544207503033,1420.0828093026385,-3266.5916784002725,-1999.0506484465582,1330.241290960142,0.11797634392894858
7.0793658,TRACKING,1173.361370961006,606.5383578157135,1420.3020335509034,-3266.5968532535085,-1999.0356466318915,1330.2425372632001,0.125338165954559
7.0835182,TRACKING,1173.710655162418,606.7284023857827,1420.6798268111368,-3266.586125581202,-1999.031824815122,1330.3120459558218,0.1320905034572576
7.0874366,TRACKING,1174.1496844181304,607.3760896256375,1420.8742766482346,-3266.5989561418446,-1999.0429822072313,1330.3112547795924,0.20576271434577967
7.0917897,TRACKING,1174.4424471688426,607.6417965088295,1421.367105062454,-3266.60353422197,-1999.0494009701265,1330.304489804295,0.1451413621513956
7.0967024,TRACKING,1174.4921475568963,607.5494641831464,1421.78047004957,-3266.5908540218797,-1999.0180012157198,1330.3373775110294,0.0868071529386296
7.1003842,TRACKING,1174.7356168361873,607.6140774558228,1422.014091782065,-3266.5945841117637,-1999.0352829543963,1330.3108120682075,0.0933121858515395
7.1041423,TRACKING,1175.1434404908696,608.1939528430405,1421.9804016751054,-3266.6155587994767,-1999.0957220789862,1330.3157523993357,0.1888522755366176
7.1084777,TRACKING,1175.5355764506753,608.3837712713799,1422.2262709512338,-3266.568581066485,-1999.0721631168103,1330.229422852955,0.1153880342070898
7.1129337,TRACKING,1175.5699713682948,608.5503742020131,1422.3459061994745,-3266.5988218201273,-1999.0631554880185,1330.2603780638394,0.046672236797317884
7.1169833,TRACKING,1175.8852312243841,608.7288077297274,1422.4534550907242,-3266.5755380313312,-1999.0879824260157,1330.2290303488783,0.09331317147746389
7.1207429,TRACKING,1176.0070620818374,608.4043600132367,1422.7525085309455,-3266.557819191039,-1999.0914335400068,1330.2176435928936,0.1217570007459218
7.124937,TRACKING,1176.1382259304733,608.3659212331364,1422.819507288051,-3266.5845186751208,-1999.090966731813,1330.1986132124596,0.036293371485389296
7.1295995,TRACKING,1176.317539905494,608.3233463523303,1423.0683627733663,-3266.5571509783413,-1999.0548927788182,1330.2184059507704,0.06641704243827071
7.1335516,TRACKING,1176.7619895456687,608.593505125809,1423.1432192214945,-3266.6045999376242,-1999.0595643729234,1330.2129966064863,0.1329611399015009
7.1375098,TRACKING,1177.1064399139807,608.7325024765296,1423.2534766997765,-3266.592182110891,-1999.0747905317298,1330.2186652098806,0.09788720497496743
7.1416498,TRACKING,1177.3422547681853,608.5080935839168,1423.6840939264125,-3266.6190601172525,-1999.0509386866338,1330.2379603024137,0.13038986353553045
7.1462523,TRACKING,1177.8782194491919,608.9787055330747,1423.9853197019959,-3266.6040539036658,-1999.022088268513,1330.2787069126948,0.16822486499130604
7.1503,TRACKING,1178.29468161848,609.0677821413123,1424.3299205135247,-3266.6261418534446,-1999.0466413571212,1330.251914247142,0.13534519496372627
7.1542169,TRACKING,1178.7453303515426,609.0641754160483,1424.6445733401854,-3266.625266597035,-1999.0328019914343,1330.278736403116,0.1403251552168789
7.1583307,TRACKING,1179.2133769431261,609.1624459619021,1425.0890019093945,-3266.6052745819584,-1999.0333139273698,1330.2986625988212,0.1587028310912525
7.1630849,TRACKING,1179.7095045975777,609.205302292264,1425.5209008699642,-3266.605580894499,-1999.0421565400427,1330.2576190768307,0.138651780866853
7.1671409,TRACKING,1180.209511184744,609.2401733739924,1425.9509222885165,-3266.6122194832406,-1999.0555055279376,1330.2425799052266,0.16282290958643367
7.1710363,TRACKING,1180.6808022022465,609.1296624218788,1426.5233917991904,-3266.615576272761,-1999.0642624667355,1330.254837394215,0.19245762421043328
7.174995,TRACKING,1181.29018887998,609.1539829029444,1427.1356420908212,-3266.6340488889687,-1999.1701144494905,1330.3703444797823,0.2182970300675361
7.1797458,TRACKING,1182.0456750101737,609.0511719023094,1427.7198003508515,-3266.610332420657,-1999.080499034353,1330.2276112084546,0.20217757319451418
7.1836552,TRACKING,1182.714882475204,608.993334987206,1428.1857054317356,-3266.5768324997457,-1999.0861177255395,1330.2866164581176,0.20910277311134723
7.1874728,TRACKING,1183.4448766049127,608.8815446697637,1428.707346391032,-3266.606727273996,-1999.0936533837664,1330.319300390346,0.23683881144606062
7.1916319,TRACKING,1184.0758894139083,608.6369040464257,1429.3376585337428,-3266.638552098216,-1999.144569079167,1330.3224929134228,0.22236418997812793
7.1962158,TRACKING,1184.9817371432819,608.4254403762568,1429.7453290360718,-3266.573877852869,-1999.0466719118672,1330.2702618480075,0.22156116270119913
7.2002314,TRACKING,1185.7151146908886,608.2234502075052,1430.300206670988,-3266.628731398931,-1999.067034777693,1330.3385779380096,0.23447509729964208
7.2040619,TRACKING,1186.4540653581926,607.9972553702758,1430.9618729035683,-3266.5849054749947,-1999.0594205525474,1330.2894579892945,0.26559367521366994
7.2081477,TRACKING,1187.456105816478,607.8159807232378,1431.5222768901676,-3266.6170592646736,-1999.0393810869334,1330.301775017558,0.2844790454525031
7.2127407,TRACKING,1188.506258690505,607.5287322328309,1432.1020313702736,-3266.6054676664894,-1999.0477314896061,1330.2685538850099,0.26855430152786447
7.2170595,TRACKING,1189.3822060096047,607.4328304866059,1432.796619389154,-3266.639064372305,-1999.0720348505063,1330.363445879355,0.25979948115736634
7.220907,TRACKING,1190.2586037244369,607.3358022034896,1433.5772677989348,-3266.611591531642,-1999.0695544486098,1330.2485454379,0.30608626983549364
7.2253146,TRACKING,1191.230195666543,607.3414576202127,1434.2149658354906,-3266.6073394285604,-1999.0627186923996,1330.2005273600232,0.263678262900908
7.2297821,TRACKING,1192.1252988653046,607.2414850767271,1435.1365814365495,-3266.651264184096,-1999.1258658348534,1330.2623762831656,0.2884465062607071
7.2339699,TRACKING,1193.255271881973,607.1839121414565,1435.8002125131707,-3266.59125259291,-1999.0495267917036,1330.238650102867,0.3132196224358319
7.2377929,TRACKING,1194.345802277294,607.2686854982505,1436.7137886047333,-3266.622633194745,-1999.0759392294667,1330.2342071657486,0.37278423911188857
7.2418772,TRACKING,1195.6125792534438,607.2688227522758,1437.7029654274406,-3266.601443779031,-1999.086405830669,1330.242781193981,0.39351467898792514
7.2465016,TRACKING,1196.8766801372972,607.4422217671965,1438.5747477774748,-3266.6329777069673,-1999.085417619281,1330.2960302641334,0.33416721214317074
7.2504297,TRACKING,1198.0896001941358,607.1613003804465,1440.012674579433,-3266.6101094557202,-1999.047681249053,1330.243255918966,0.48421168188696745
7.2544143,TRACKING,1199.3492480997845,606.9048204390451,1441.358050858064,-3266.6141850885906,-1999.0850636541113,1330.2442025012733,0.4669949410498764
7.2585387,TRACKING,1200.943373961656,607.2563373879001,1441.6841890426401,-3266.604404546811,-1999.0670864600763,1330.2807534655587,0.4036180815233685
7.2631148,TRACKING,1202.5655718821545,607.3595576630476,1442.41519582082,-3266.643997756566,-1999.0771646011804,1330.3306098106407,0.38947755866511663
7.2667595,TRACKING,1204.4279260772971,607.2470008871655,1443.231653670214,-3266.6218271572134,-1999.0545902261913,1330.2554415405111,0.5587769846293493
7.270709,TRACKING,1206.0482739547551,606.9502172102817,1444.1785058893324,-3266.638570550303,-1999.0716007962899,1330.2457165764076,0.48108267658121845
7.2753261,TRACKING,1207.9994571742031,607.1874026056199,1444.831338242094,-3266.62868236414,-1999.0776704245104,1330.2850819428472,0.44857724757753525
7.2795665,TRACKING,1209.900569035224,606.9329374819596,1445.271241778747,-3266.5915121153002,-1999.0419514660514,1330.2781338276895,0.46407539921692653
7.2835691,TRACKING,1211.8669619474215,606.7706878166676,1445.8747906146536,-3266.613283759253,-1999.0631544205746,1330.2736695020412,0.5154954013734678
7.2875393,TRACKING,1214.0107582104179,606.656423075542,1446.56563142419,-3266.6121421180687,-1999.0559854909184,1330.2877023992712,0.5680459560566582
7.2919898,TRACKING,1215.8365665446167,606.1707064309306,1447.4739427364177,-3266.600402741359,-1999.073413598422,1330.2587660249176,0.4710285401039988
7.2962216,TRACKING,1218.0016390670582,605.8944467201136,1447.970291825998,-3266.604174516178,-1999.060984672942,1330.2532661054759,0.5289362133428256
7.3002946,TRACKING,1220.3750155092762,605.7431946040989,1448.6134966705602,-3266.5972937454944,-1999.0849253547826,1330.3022220029961,0.6048702733105592
7.3042486,TRACKING,1222.715936476533,605.8934761218651,1449.2596114061957,-3266.6112711238643,-1999.0762401160605,1330.2749027065504,0.61535071903598
7.3082719,TRACKING,1224.652385444582,605.2781149606196,1450.147568540633,-3266.589641537871,-1999.0629415596281,1330.2488589080333,0.5511457250545847
7.3131307,TRACKING,1227.0300497277801,605.1763749743437,1450.848068222295,-3266.5973546581968,-1999.076901644929,1330.2917251733506,0.5105774840432181
7.3171906,TRACKING,1229.4371427654792,605.451896061579,1451.3823471077067,-3266.573146169712,-1999.0346858838486,1330.251043931272,0.6111038433153645
7.3208223,TRACKING,1231.2709357976898,605.5443604035809,1452.5495061434726,-3266.6430498505533,-1999.091162478311,1330.34172575591,0.5990817944155729
7.3249985,TRACKING,1233.3448399172653,605.3603009195376,1453.5712329384105,-3266.6104455569807,-1999.0689146338752,1330.2551839582227,0.5553473614055556
7.3294432,TRACKING,1235.6668894232434,605.459925947619,1454.4510575550855,-3266.615473714588,-1999.0507164988733,1330.2509917294415,0.5591247844978371
7.3337903,TRACKING,1237.7089281530536,605.9326980633823,1455.5968334613851,-3266.6200743721197,-1999.0669718046372,1330.2529821927694,0.5495096365523766
7.3378097,TRACKING,1239.4850828538367,605.6575326309704,1456.8207191866816,-3266.6161247050018,-1999.0435949208875,1330.2390099670465,0.5409947117611253
7.3418297,TRACKING,1241.74830389838,605.8250330363649,1457.8078086395235,-3266.619676367128,-1999.060676296626,1330.2428068324957,0.6156186956571458
7.3464154,TRACKING,1244.1347990236245,605.9754441532784,1458.8006322388524,-3266.6486058723876,-1999.0688009844482,1330.219884163206,0.5646132120792415
7.3503639,TRACKING,1245.9456340008528,606.3431403054142,1460.3544269480549,-3266.6300681454213,-1999.0478347988926,1330.2261390280946,0.6114346544312009
7.3542992,TRACKING,1248.2177476980391,606.9111923606777,1461.5370702577284,-3266.6302855617328,-1999.0610783095283,1330.2076302949938,0.6667103403186756
7.3582096,TRACKING,1250.3845898805846,606.895160726447,1462.8180780593232,-3266.6252711387815,-1999.0626016744343,1330.1849809990501,0.6437267900163406
7.3628536,TRACKING,1252.7718810906597,607.2472166304598,1463.6900502729206,-3266.61061904154,-1999.0310096982278,1330.2621446226074,0.5525024029931334
7.3669332,TRACKING,1254.7421405818143,607.2870891775691,1464.7817748901753,-3266.5784675457967,-1999.0490484766285,1330.2098046300994,0.5522255312041654
7.3708304,TRACKING,1257.0500101974324,607.4537953708563,1465.8206237548509,-3266.617051770761,-1999.0779367680311,1330.293254904065,0.6508229524853177
7.3749833,TRACKING,1259.5189385445847,607.6937830391099,1466.620034189533,-3266.5982323246417,-1999.0646328197372,1330.2570754260253,0.6275605330123126
7.3794616,TRACKING,1261.8382033797643,608.2302702434025,1467.1998538359892,-3266.595517285524,-1999.0414098306355,1330.290986236016,0.5471053250495119
7.3837242,TRACKING,1263.8131675790094,608.1007795067621,1468.4592044521787,-3266.5749844671045,-1999.0773973544037,1330.2701921453597,0.5503432900684889
7.3875249,TRACKING,1266.2999009039886,608.5310657874542,1469.1765950611214,-3266.5701733752526,-1999.0675674932563,1330.224081844042,0.6903120065218046
7.3917023,TRACKING,1268.617079630297,608.7984613516121,1469.8475883893168,-3266.5750346119858,-1999.0617886148405,1330.2201859241056,0.5810189274715643
7.3963505,TRACKING,1270.7687676822654,608.9679929684506,1470.3907083747104,-3266.598664916331,-1999.0696731253154,1330.251259148838,0.47881801043305
7.4003676,TRACKING,1272.956160517269,609.1852131332829,1471.0308393740233,-3266.5842216372616,-1999.085985073987,1330.2078762043802,0.5699292414819394
7.4042003,TRACKING,1275.201931990745,609.544206091058,1471.6132863279292,-3266.5913519197306,-1999.0726515787876,1330.2267846568539,0.6125399368450822
7.4083627,TRACKING,1277.110187596968,609.8959839848511,1472.416114018079,-3266.6040713550738,-1999.0783636203255,1330.245674019261,0.5045005766392637
7.4131819,TRACKING,1279.0641120762577,610.4492330039037,1473.2739011378585,-3266.596397297324,-1999.0573632849241,1330.210868286599,0.45743560215250434
7.4171433,TRACKING,1281.3475535504108,611.1265920138134,1474.038388147716,-3266.6248133767344,-1999.0557791987662,1330.2491894888371,0.6314615245405826
7.4209568,TRACKING,1283.4378182785772,611.535007402863,1474.4894046206005,-3266.629646729221,-1999.0161912977674,1330.2432125207254,0.5708724771424124
7.4251365,TRACKING,1285.4737834613074,611.9274874582426,1475.0515027326678,-3266.6233981440873,-1999.0542649383076,1330.2630231044182,0.5139818192136778
7.4297373,TRACKING,1287.4949297493192,612.3764713572673,1475.7741197881141,-3266.628316815693,-1999.030470496744,1330.2322455312928,0.47663369837218245
7.4337612,TRACKING,1289.1527666525237,612.6291827466968,1476.3927887076056,-3266.6123991603076,-1999.0272628436107,1330.2055669712759,0.4442125242108496
7.4373946,TRACKING,1291.246812633188,613.3141989908736,1476.815163741599,-3266.624928600684,-1999.0208761501358,1330.2321680169773,0.6174279640354376
7.4414002,TRACKING,1293.102222973311,613.7756894986657,1477.5256084230177,-3266.591035418967,-1999.0253619991518,1330.207713046248,0.5092045496173042
7.446339,TRACKING,1294.6549464285556,614.1453720987136,1478.0095473379251,-3266.6016707964627,-1999.028040670016,1330.2232669739776,0.3377088689886886
7.4503036,TRACKING,1296.2820886104691,614.6511487970921,1478.7072136939908,-3266.5791470650124,-1999.0528941062285,1330.2249012778466,0.46441843001621436
7.4541073,TRACKING,1299.4969016518335,614.4530387268993,1478.8758439457474,-3266.6106354790318,-1999.0561221743678,1330.2302119967123,0.8479435078204489
7.4584049,TRACKING,1301.17236358588,615.3059519731115,1479.3921415007665,-3266.565793106789,-1999.0741885459008,1330.2279107647664,0.45366386675307
7.4631526,TRACKING,1302.791434850543,615.7174202918477,1479.7838194673018,-3266.5873596177184,-1999.056118812491,1330.2405685888223,0.36140463287373903
7.4672057,TRACKING,1304.3409642558008,615.7751167802388,1480.2833605159847,-3266.576756854603,-1999.0484472565265,1330.2146838553372,0.4019350696965581
7.470667,TRACKING,1305.978078483454,616.4450216835295,1480.5880751033449,-3266.5773414756636,-1999.097579559735,1330.2605115730823,0.5185704815856347
7.4748601,TRACKING,1307.391905101866,616.5587009414381,1480.928383975848,-3266.5869595937793,-1999.0923351417537,1330.212441598791,0.3478674004972701
7.479544,TRACKING,1308.9210902852158,617.0259331953222,1481.0491189429067,-3266.5838352639876,-1999.0462941172004,1330.233498970578,0.3423481110495435
7.4833484,TRACKING,1310.6867481126963,617.6582161492895,1481.0259486040661,-3266.598682461803,-1999.053218422421,1330.2613774333386,0.49300745138325364
7.4872608,TRACKING,1312.3082037386598,617.9943943294605,1481.130426727788,-3266.590002780616,-1999.0598793353486,1330.2339792500454,0.42409561596439993
7.4919986,TRACKING,1313.9568134747103,618.4766402164545,1481.115422576042,-3266.5778747686177,-1999.0337448958298,1330.2666828430952,0.36256495664137167
7.4965815,TRACKING,1315.1510509526647,618.250729671355,1481.2585246122312,-3266.5803833496097,-1999.030541000923,1330.2590381124771,0.2670388734904488
7.5005283,TRACKING,1316.630493841875,618.712607696606,1481.0734343630056,-3266.6044282467387,-1999.0326480219192,1330.2482702608113,0.3954794440452885
7.504443,TRACKING,1318.1715461717515,619.0405156118803,1480.88980104335,-3266.637675582146,-1999.0759134852879,1330.3062517109822,0.40519525225887176
7.5085525,TRACKING,1319.786071875866,619.4858060060843,1480.6080612414355,-3266.6228085547177,-1999.062028835881,1330.227285090221,0.4132713540538716
7.5128859,TRACKING,1321.1244613472406,619.2253250218486,1480.4524369265005,-3266.62657453303,-1999.073479705276,1330.281376292284,0.31669221703729855
7.5170129,TRACKING,1322.6417620429334,619.7023732253132,1479.8609049788931,-3266.6118296874934,-1999.0448088191165,1330.2435437124652,0.4111858219642008
7.5212605,TRACKING,1323.7673177000297,619.7129453651663,1479.6419203631594,-3266.6132927379795,-1999.0437020534848,1330.2543143450503,0.26996633789315033
7.5250733,TRACKING,1325.1050497835988,619.8440209302796,1479.2131715879575,-3266.5899876286026,-1999.06269486479,1330.2411500480268,0.3700332194984606
7.5294637,TRACKING,1326.4157199555787,620.0008916025832,1478.84019540821,-3266.611793711413,-1999.0445912743116,1330.2641364735657,0.3124329184649093
7.5338348,TRACKING,1327.506385239013,619.8990123646286,1478.2418968367267,-3266.6000258684307,-1999.0845269934773,1330.2363319611668,0.2855471544320164
7.5375647,TRACKING,1328.5455798383032,619.7601619050098,1478.181470800732,-3266.5671689186347,-1999.0528779794263,1330.2667389058224,0.2815543557780748
7.5415393,TRACKING,1329.8217847264214,619.9992354963118,1477.3550787507565,-3266.5953949889745,-1999.1264169265244,1330.2817663633448,0.3872298575941078
7.5461984,TRACKING,1330.7488280828845,619.8911855132203,1476.806434713431,-3266.60327609986,-1999.0640884545082,1330.248658442345,0.23236958119427453
7.5503734,TRACKING,1331.7145906761025,619.9112425582701,1476.533800168636,-3266.598415142735,-1999.0488499008052,1330.2291054916216,0.24040904419761228
7.5542936,TRACKING,1332.738114203015,619.7909846840336,1475.9999827410468,-3266.582338626737,-1999.0536950443336,1330.2203509570036,0.2960597361570791
7.5584044,TRACKING,1333.7223088991157,619.6127321809804,1475.808944350236,-3266.595148822914,-1999.04812879763,1330.2465829192229,0.24771022669090406
7.562825,TRACKING,1334.8186851721591,619.6453504172974,1475.3323552294362,-3266.581747085702,-1999.0630253978622,1330.223728032515,0.27053505976675596
7.5670257,TRACKING,1335.828276374494,619.7205479523994,1474.8667405703886,-3266.5815591292953,-1999.0472852328703,1330.233729877217,0.26527189134515505
7.5708364,TRACKING,1336.6941217386106,619.2983836633548,1474.7235104626839,-3266.574554390345,-1999.0620489625564,1330.2509301426294,0.25556237016848815
7.5748537,TRACKING,1337.8235765156096,619.5956821709955,1474.2577291550606,-3266.5731563886566,-1999.0519979903534,1330.262458705561,0.3129915360872364
7.579493,TRACKING,1338.8281421748354,619.5805829136693,1473.835086033832,-3266.603618080004,-1999.043688052398,1330.2611633924025,0.2349400778968536
7.5836756,TRACKING,1339.6687161938055,619.5356536955593,1473.503605560668,-3266.587611152072,-1999.0619816726107,1330.2489923669607,0.21629829281220622
7.5875237,TRACKING,1340.4227659207581,619.5461449728821,1473.1796435850877,-3266.599327071985,-1999.0452097017992,1330.2367471121443,0.21329053688664218
7.5915919,TRACKING,1340.1037923535362,619.3681631690308,1473.4255636434857,-3266.5895062036425,-1999.0277968309044,1330.2403800732302,0.1082392423294999
7.5961952,TRACKING,1341.8371120117022,619.536717284167,1472.4868694277802,-3266.6140871675693,-1999.0519457318178,1330.2588452811162,0.42977247691247145
7.6003606,TRACKING,1341.7080380632228,619.403936505434,1472.7143719404683,-3266.6181846576005,-1999.0990883740997,1330.2954170533856,0.07042295010119946
7.6042,TRACKING,1343.1541224215264,619.61437695971,1471.7855901175196,-3266.5948830782813,-1999.017390489404,1330.2253520993563,0.450981065400712
7.6081908,TRACKING,1343.9813904610946,619.6788010910251,1471.390454700634,-3266.5948830782813,-1999.017390489404,1330.2253520993563,0.23029244098415425
7.6130733,TRACKING,1344.5590687206334,619.7122211945497,1470.9449330411571,-3266.604861661221,-1999.0395433032857,1330.2437804214733,0.14957228313944385
7.6170982,TRACKING,1345.241417351365,619.759255482507,1470.5501843422674,-3266.618979857482,-1999.0955733556907,1330.2122036196251,0.19620557095385138
7.6209545,TRACKING,1345.9172334945029,619.6132950975099,1470.2492271846543,-3266.5987104599353,-1999.0581595771166,1330.2169143485708,0.19553987277823806
7.6250638,TRACKING,1346.563126052999,619.787873261977,1469.7148891272634,-3266.594772987267,-1999.032673963278,1330.2468738310463,0.2083699345578491
7.6299466,TRACKING,1346.341681391551,619.3399326693744,1469.861036327559,-3266.5949085031125,-1999.0592125559879,1330.2439345189641,0.10662370770015665
7.6335631,TRACKING,1346.770901188947,619.54677405898,1469.374466041889,-3266.588866210373,-1999.0453603667488,1330.2034794552203,0.18830414398680465
7.6375213,TRACKING,1347.0179669313184,619.7626138541345,1469.24134958241,-3266.586880837238,-1999.0580057926863,1330.2393039979781,0.08944611298605078
7.6418,TRACKING,1347.3060098254573,619.266889663856,1468.8997965030362,-3266.5763826200596,-1999.0440503699488,1330.2319916506028,0.15597266420710182
7.6462832,TRACKING,1347.9621415431598,619.4901748114485,1468.3287011163727,-3266.590293366741,-1999.0680334520187,1330.228589350143,0.20031714353698757
7.6502254,TRACKING,1348.4955652472966,619.4004853355839,1467.9988488149665,-3266.585775485997,-1999.0533196489935,1330.3184033031837,0.16071015405030295
7.6541808,TRACKING,1348.9632819521964,619.3892775558488,1467.5120533419138,-3266.604176354561,-1999.0541489577972,1330.2847977242259,0.1706957266288578
7.6581916,TRACKING,1349.4845730576174,619.4224861554678,1467.3018664834874,-3266.560346226669,-1999.0542532858678,1330.3130661094547,0.14038356220517947
7.6630338,TRACKING,1349.933737325643,619.1220526461067,1466.830956317305,-3266.5829524358455,-1999.064746418414,1330.2741569658006,0.14802655299655545
7.6669066,TRACKING,1350.611145506987,619.3693048578477,1466.178787745286,-3266.6040602810986,-1999.041635920986,1330.3044126375617,0.2510549551227132
7.6708086,TRACKING,1350.9113853690142,619.2454234967198,1465.7685226816827,-3266.5882755524885,-1999.0764821164405,1330.2601105023605,0.13410216599596816
7.674914,TRACKING,1351.1702979100858,619.1945114157899,1465.3523405021106,-3266.579267431201,-1999.062783414536,1330.2580265915924,0.12003294911584202
7.6797815,TRACKING,1351.7342945827966,619.1522533074384,1464.692820992201,-3266.594025305864,-1999.0616016248698,1330.2425902328957,0.1784935952597621
7.6836484,TRACKING,1352.0162834327373,619.0618349561507,1464.26231259419,-3266.5923161688565,-1999.0735567744273,1330.2278434162606,0.1351271996626264
7.6874849,TRACKING,1352.1650894326262,618.6965524846682,1464.1423627134764,-3266.599528659469,-1999.0799578607177,1330.26841931995,0.10745863796747998
7.6916794,TRACKING,1352.800036620018,618.9910991328751,1463.4205155023906,-3266.6147511153144,-1999.0605502162389,1330.2308540171023,0.23971260988049986
7.6962657,TRACKING,1353.0478879793927,618.7126624355142,1463.0156125461608,-3266.575416803666,-1999.085961860376,1330.1757198589885,0.1200023707264622
7.7003173,TRACKING,1353.668504227014,618.9844633901326,1462.1995181539717,-3266.5874567873025,-1999.0457026167858,1330.1922152459547,0.2617938353473224
7.7043212,TRACKING,1354.0757551904742,618.9614284768539,1461.5963095909506,-3266.5975306968794,-1999.0740031114437,1330.2483813698157,0.18186740677878127
7.7086186,TRACKING,1354.51527488229,618.7982902179549,1460.9839818635592,-3266.6318231443606,-1999.0815509328258,1330.2802914253723,0.17945545391598128
7.7130299,TRACKING,1354.8202065739142,619.0173711992065,1460.1543582163758,-3266.6236960084916,-1999.0687876378465,1330.2904996329728,0.20643223288780618
7.7168974,TRACKING,1355.1747188333093,618.6874474038947,1459.605020026918,-3266.6037924017787,-1999.0663305131477,1330.2626472659815,0.18935379829389157
7.7207268,TRACKING,1355.6307735882847,618.7226802472544,1458.780004540926,-3266.613813202023,-1999.0626997980662,1330.2384302995035,0.24633973179027968
7.7250283,TRACKING,1355.8338083160688,618.5834634538024,1458.2199837756843,-3266.63901866453,-1999.1201565030838,1330.300540752458,0.1422158570140108
7.7293771,TRACKING,1356.422898932549,618.945537600254,1457.2170027841282,-3266.5988443977635,-1999.0336212345965,1330.2936592071435,0.28013128134993287
7.7336064,TRACKING,1356.7960527369428,618.8973770712302,1456.5609292471916,-3266.6229242215895,-1999.1020548042245,1330.303546933642,0.17882485584072647
7.7375388,TRACKING,1357.1840784819826,618.815684264122,1455.8594618701125,-3266.5826887669723,-1999.0724413401415,1330.24496671971,0.20490995871101222
7.7417064,TRACKING,1357.7211476255254,618.809360871997,1454.8204654932006,-3266.5736274557016,-1999.0764358983906,1330.240744966192,0.2806444763974989
7.746279,TRACKING,1358.254187207172,618.9157406398318,1453.942057561386,-3266.5819651662746,-1999.0790095212747,1330.2509967718752,0.22590655684438424
7.7504804,TRACKING,1359.0841913794386,618.984559020493,1453.3284321908743,-3266.5819651662746,-1999.0790095212747,1330.2509967718752,0.24622615274564397
7.7543946,TRACKING,1359.5318071102693,618.9884673686597,1452.5642360870468,-3266.5990165210255,-1999.1014321411374,1330.3008703807905,0.22626516519838857
7.758345,TRACKING,1360.1503709508763,619.2740409779531,1451.875118994757,-3266.5768831934306,-1999.0681988839428,1330.2671884719437,0.24530400857640133
7.762723,TRACKING,1361.2547537398273,619.3445521109345,1451.0608883175705,-3266.596115710452,-1999.0687985641762,1330.2807280542224,0.31381939058247194
7.7668624,TRACKING,1361.1545629642608,619.388856437641,1450.9103399007104,-3266.5615249014663,-1999.0591475430163,1330.2149433749366,0.04497941330000652
7.7707588,TRACKING,1361.4653082994398,619.6191832835034,1450.4432816059793,-3266.6012270295264,-1999.029589204681,1330.2684857078427,0.15563837415177606
7.7750349,TRACKING,1362.082418974081,619.8528798873109,1449.9027649549869,-3266.5981991514273,-1999.05974185565,1330.2486915064733,0.19947931887535936
7.7794998,TRACKING,1364.484791055308,619.7095671926065,1448.6026009068116,-3266.5969980773293,-1999.0641076485285,1330.258717816001,0.6126429884743803
7.7836918,TRACKING,1364.471665267826,619.6305373856629,1447.8517648283591,-3266.602236112462,-1999.0361705575217,1330.2379179290413,0.18012831185977232
7.7875386,TRACKING,1363.2720145716055,619.5182170120738,1448.3592608402678,-3266.6120418422825,-1999.0553710659658,1330.2191196127708,0.33987039202534036
7.7916849,TRACKING,1363.5324950273166,619.7261930378393,1447.5729452897165,-3266.6415332861015,-1999.097752255893,1330.3023479588257,0.20597809558217528
7.7965144,TRACKING,1363.9880440480151,620.2061492853726,1446.7054914438654,-3266.608088991657,-1999.0620674743457,1330.2311650509669,0.22591071232100154
7.8003533,TRACKING,1364.1671644366636,620.0056412703007,1446.065260955218,-3266.616660473495,-1999.0792225787118,1330.2640197921532,0.18088351687441848
7.8043165,TRACKING,1364.3499609267294,620.0954963570729,1445.0295755886266,-3266.606844043965,-1999.0700171246654,1330.2642426998925,0.26633145752799076
7.8082192,TRACKING,1364.725956225685,620.1581645939548,1444.3495965552722,-3266.6046973711063,-1999.095685152469,1330.2642435466073,0.19974190126750113
7.8130912,TRACKING,1364.8603947203812,619.8540360417645,1443.4460401473345,-3266.5691295265287,-1999.0483635483756,1330.2309764596907,0.19761885867723908
7.8170287,TRACKING,1365.1770215543363,619.7632374630673,1442.6689275378756,-3266.5730192362903,-1999.0670929884507,1330.2147719487639,0.2143589769312978
7.8208497,TRACKING,1365.2876968103426,619.2585089355166,1442.042327087277,-3266.6018933792293,-1999.0650131448026,1330.2190219773163,0.2125555803430944
7.8250089,TRACKING,1365.2871514069238,618.867824917462,1441.2284535649537,-3266.5768113947624,-1999.0231382549832,1330.2864573652687,0.21705785330875305
7.8296016,TRACKING,1365.2461875031615,618.7214915503213,1440.4195055296354,-3266.551210075062,-1999.0504701440623,1330.2673045020101,0.17921850916300242
7.8336595,TRACKING,1365.3929178520511,618.9556980992816,1439.313103831156,-3266.5904114203304,-1999.0524256405308,1330.2903778235118,0.281031527303114
7.837339,TRACKING,1365.3234036485712,618.4666986089742,1438.4018075740184,-3266.5828837660038,-1999.0623013840243,1330.2873984147864,0.28170654685180896
7.8417734,TRACKING,1365.2173395203663,617.988891596915,1437.3518739823753,-3266.593997391702,-1999.0531381070025,1330.2902525634133,0.2612322424053399
7.8464251,TRACKING,1365.604769165525,618.1540032987435,1436.2604521584879,-3266.603750916364,-1999.0542899895888,1330.2733971650584,0.25149018961848557
7.8503663,TRACKING,1365.76360362324,617.6399272312572,1435.3132140363944,-3266.6017965084047,-1999.050128008282,1330.279226238511,0.27640981505153894
7.8541738,TRACKING,1365.8221046333347,617.4057838658983,1434.1406450823488,-3266.6440246518537,-1999.1085170924553,1330.2708562285368,0.3144183959349882
7.8583609,TRACKING,1366.0485269974927,617.5032138610607,1432.865757191171,-3266.635945843664,-1999.072498341362,1330.242687022776,0.3101188606822259
7.863368,TRACKING,1366.1089271669327,617.0738075603366,1431.6056330910928,-3266.6266389798457,-1999.0902364787964,1330.2387441791245,0.266151665180495
7.8670213,TRACKING,1366.2158878708535,617.2780767255331,1430.0953312102838,-3266.623058366648,-1999.080011675012,1330.1750022969386,0.41819773142729716
7.8707057,TRACKING,1366.35410679852,616.9654762630183,1428.9610857729651,-3266.607603347956,-1999.0523716636253,1330.1944508767028,0.3215245178477507
7.8751126,TRACKING,1366.5546092539676,616.8296623000532,1427.7237787895965,-3266.5888186442694,-1999.0493785181097,1330.216060404176,0.2860930770064747
7.8798265,TRACKING,1366.8568750998902,616.8509847141229,1426.428550318321,-3266.589356660003,-1999.0644593467189,1330.2347687973024,0.28218704649565624
7.883644,TRACKING,1366.818938683857,616.9448797509574,1425.2864274531628,-3266.5862650890185,-1999.0336943987497,1330.22196435766,0.30035460880917825
7.8875265,TRACKING,1367.0471998190837,616.870886655646,1424.0907781218075,-3266.595993970444,-1999.0561619466603,1330.2479073047298,0.31409911934668555
7.8917032,TRACKING,1367.1704023507477,616.7398760201045,1423.0387744055865,-3266.6151910217372,-1999.0779545829755,1330.3398011644776,0.2555282754491866
7.8961052,TRACKING,1367.263910535245,616.7737655567677,1421.713499739165,-3266.606158459897,-1999.0611121417867,1330.2972580960925,0.30190858443505647
7.9002906,TRACKING,1367.4871131123484,616.4655575955402,1420.460361016271,-3266.592087094621,-1999.0463511603116,1330.3111211141497,0.3129077989102566
7.9041855,TRACKING,1367.706547409481,616.5221227594583,1419.508936138491,-3266.57699750731,-1999.0306050871768,1330.3281238177037,0.25110760763910045
7.908371,TRACKING,1367.860740222948,616.6456973202307,1418.4202551518533,-3266.61814590109,-1999.0524285063784,1330.3613189262592,0.2643575271636156
7.9127148,TRACKING,1368.1687998709624,616.7499925427697,1417.4419620972578,-3266.589896797283,-1999.0487909347785,1330.2729614263424,0.23733577852926374
7.9173234,TRACKING,1368.3214572594054,616.5658047458984,1416.5596235131652,-3266.594914013878,-1999.053638368541,1330.2379570303403,0.1983669815471871
7.9209632,TRACKING,1368.6474236662661,616.8134505602322,1415.478822605661,-3266.6180511594935,-1999.070972517277,1330.247447610039,0.31752584470636114
7.9250296,TRACKING,1368.9522195120967,616.8819566355826,1414.378258092754,-3266.60682443018,-1999.0798374589122,1330.3017333638995,0.2813406537106191
7.9296212,TRACKING,1369.425022506206,616.9136743230516,1413.3858163695973,-3266.6043347618206,-1999.0726959677834,1330.240138169785,0.2395173402509854
7.933505,TRACKING,1369.688329879401,616.3832616291329,1412.6123937799377,-3266.5854309621536,-1999.0319885733975,1330.24393524726,0.2508084300658606
7.9375253,TRACKING,1370.0419983771717,616.4415654342013,1411.9503079049648,-3266.5941937185653,-1999.056254938988,1330.2260454858942,0.18727128366240733
7.941499,TRACKING,1370.5761596430211,616.7769427935797,1411.161428865626,-3266.5867879124094,-1999.063287673711,1330.2333644665673,0.2541757064457724
7.9461067,TRACKING,1370.9225715468424,617.0445691603246,1410.4052432128112,-3266.617694029973,-1999.1153420017233,1330.249891364175,0.18962857356820823
7.950259,TRACKING,1371.4978789429688,616.9554600259504,1409.5736068630304,-3266.6024771702746,-1999.0401368657858,1330.2674490677084,0.24447997570872287
7.9542028,TRACKING,1371.9359480864146,616.7918684053316,1408.8376793856091,-3266.6037141414026,-1999.0586052459967,1330.2872484048762,0.22108794262020814
7.9582533,TRACKING,1372.5271535345753,617.1153411932523,1407.891543237061,-3266.6230827262407,-1999.053931325786,1330.2746785715353,0.2867812779372225
7.9628284,TRACKING,1372.7857371975394,616.5578825959486,1407.2585340483333,-3266.6010193879724,-1999.0479576287566,1330.2517608202136,0.1928325048435102
7.9670108,TRACKING,1373.284597972489,617.0417583789448,1406.3491755772247,-3266.6015476078023,-1999.0420037696354,1330.262219237577,0.2736519771221224
7.9708919,TRACKING,1373.3842694714717,616.5396830163818,1405.7369020499762,-3266.5914136162824,-1999.0484682300164,1330.2685035281502,0.2056261706393098
7.9749515,TRACKING,1373.9704676671251,617.0417180197019,1404.9171549570312,-3266.5694610812575,-1999.0155242665355,1330.2649432744179,0.2773428092503089
7.9798136,TRACKING,1374.2094556445631,617.0751036724753,1404.4298338431154,-3266.586424800278,-1999.0673607786453,1330.205635294481,0.11184340597707036
7.9836801,TRACKING,1374.3969677607615,617.2301539126787,1403.8969121116106,-3266.574121766077,-1999.0445972599748,1330.2091287315386,0.15151653072085305
7.987448,TRACKING,1374.530288698396,617.2720494875989,1403.419298114748,-3266.648413369258,-1999.0661277236848,1330.2872357443325,0.13207337470627123
7.9917505,TRACKING,1374.8601900309043,617.4001873037087,1403.05192650687,-3266.6203910056975,-1999.0528527345443,1330.2423170962038,0.1185621844192205
7.9963865,TRACKING,1374.9931170154782,617.5688308498962,1402.6906663258721,-3266.591972283731,-1999.0465856592753,1330.2191466907123,0.0906515980658775
8.0003723,TRACKING,1375.2927936016192,617.9491613948562,1402.209839948649,-3266.6019251675893,-1999.0471356417777,1330.223665771561,0.17120440969655204
8.0040131,TRACKING,1375.4307833735922,618.0316895101329,1401.9446018832602,-3266.599033914513,-1999.043333579044,1330.2595925820503,0.0851918714105028
8.0083674,TRACKING,1375.560387823038,618.2053246422112,1401.569019400907,-3266.588962844165,-1999.0398309153927,1330.2338911985617,0.09957964990434226
8.0131025,TRACKING,1375.7620095678517,618.3040003305239,1401.2660083321964,-3266.615362158276,-1999.0727647855927,1330.3396136653992,0.07963915437056468
8.0170063,TRACKING,1375.9658529568378,618.4891919195715,1400.9212732523033,-3266.607951785844,-1999.0616302941194,1330.2624751395394,0.11302763169064277
8.0208684,TRACKING,1376.0920164769732,618.4882402639422,1400.6099403506546,-3266.600632220285,-1999.0598680961057,1330.235401325822,0.08698015484217457
8.025037,TRACKING,1376.1138786573845,618.4618934402679,1400.0632231978727,-3266.565155266581,-1999.044721862694,1330.2763701268918,0.13140816025074184
8.0295626,TRACKING,1376.2361145392802,618.6321451021381,1399.5514373991248,-3266.5832432169304,-1999.0541732912122,1330.2843129541263,0.12220232144593088
8.0339578,TRACKING,1376.1616998588195,618.6493734170587,1399.0660170177484,-3266.5974906443325,-1999.0718185554542,1330.3037322539428,0.11180224555493636
8.0375535,TRACKING,1376.2455548156665,618.8134110042632,1398.6104029963374,-3266.5625943021705,-1999.0708387389132,1330.255118524793,0.13667743012941685
8.0418979,TRACKING,1376.3845798076725,618.8694596462477,1397.9918904634712,-3266.60835001412,-1999.060812969058,1330.2464805764857,0.146491445383213
8.0467472,TRACKING,1376.2375101356952,619.0141251964136,1397.4683680858336,-3266.5993328680324,-1999.101356938169,1330.3412848847267,0.11603773263838536
8.0506757,TRACKING,1376.4364315266823,619.0131857432807,1396.8280540637063,-3266.6050886013477,-1999.066826092427,1330.222415794654,0.1706762859063179
8.0541923,TRACKING,1376.3760961198432,619.1060737521148,1396.1589806781083,-3266.6198741636335,-1999.0604895949677,1330.2445480187512,0.19285097098641013
8.0582905,TRACKING,1376.3028350374134,619.0804970310522,1395.8075945465528,-3266.591185526805,-1999.06227172185,1330.2109369937293,0.08780736612293123
8.0629438,TRACKING,1376.1869539474783,619.2521951053146,1395.363018190785,-3266.590772378637,-1999.0519832162909,1330.2579568388132,0.10540173481490261
8.0669622,TRACKING,1376.3580828357503,619.5783984069008,1394.5806498331726,-3266.6144390793556,-1999.048439022244,1330.2255305870015,0.21519778890747393
8.0711272,TRACKING,1376.2180782580226,619.3876766538434,1394.2953646344856,-3266.60577584922,-1999.0275004614664,1330.2383733263848,0.0889858607605667
8.075193,TRACKING,1378.4580333414785,620.6415611994578,1392.2794654176028,-3266.6005827775807,-1999.0415874247453,1330.2122491822668,0.8027857070245612
8.0795498,TRACKING,1376.3700631836712,619.8749217720543,1392.6457801492847,-3266.606289652436,-1999.0439899171693,1330.237723661685,0.5174044151651122
8.083648,TRACKING,1378.2508308490387,620.4043112181935,1391.4857019902176,-3266.6323968158677,-1999.0913631729943,1330.2876598366777,0.5544615519374418
8.0874344,TRACKING,1378.1217005327562,620.5929278093045,1390.9245223254486,-3266.6010802894943,-1999.059000200836,1330.2145615819513,0.1600328565431732
8.0917237,TRACKING,1376.2505490561134,620.7657784109813,1389.910479166835,-3266.6210789992574,-1999.0852767050633,1330.2922124256881,0.4978126571173473
8.0962601,TRACKING,1376.023003929405,620.7301003728047,1389.4075023798687,-3266.5773357476605,-1999.0639282162688,1330.2288244194128,0.12194793743394286
8.1003565,TRACKING,1375.7443716013538,620.8767361312683,1388.8043463834488,-3266.5890792103055,-1999.0905913643592,1330.2202897641555,0.16609544915169092
8.1042506,TRACKING,1375.3690818698149,620.9660158332549,1388.2107523611858,-3266.6048430472297,-1999.0990824431162,1330.2938042839585,0.1817959406011033
8.1082294,TRACKING,1375.0437027251492,621.0296934777592,1387.616535804649,-3266.5710511741704,-1999.0682532592382,1330.2590631654468,0.1710202933517802
8.1130168,TRACKING,1374.6038392887658,621.1548870478896,1386.982748450787,-3266.5726599404593,-1999.0580971907489,1330.2656096534279,0.16325402816145332
8.1170422,TRACKING,1374.0503222664527,621.3849087184914,1386.3150967926151,-3266.562189766255,-1999.0762288761105,1330.2674335477238,0.2228960287294114
8.1208244,TRACKING,1373.3251462772998,621.5194074167517,1385.4919380084264,-3266.5863659575393,-1999.0904151160382,1330.3319358099168,0.2922220614214091
8.1248424,TRACKING,1372.819497796989,621.817770718702,1384.8240744198858,-3266.5863659575393,-1999.0904151160382,1330.3319358099168,0.22131339263248895
8.129274,TRACKING,1372.5213584810876,622.0089928169306,1384.2580051044888,-3266.5839416883396,-1999.0412775700747,1330.282840806794,0.15067876514689607
8.1337639,TRACKING,1371.7357856670876,622.2656425641966,1383.403684219143,-3266.591582584809,-1999.0330849931613,1330.2596694925605,0.2647357398643752
8.1376608,TRACKING,1371.3636003993784,622.5197602367411,1382.634742319655,-3266.6288387835125,-1999.0951825762813,1330.2717052215107,0.2287135880636268
8.1417116,TRACKING,1370.8757443508662,622.7422249998373,1381.8540015279666,-3266.6368774858656,-1999.0711362741288,1330.2971730704899,0.23381242779391762
8.1462777,TRACKING,1370.5316067745405,622.9398434557651,1381.12722815488,-3266.6334002225735,-1999.0667650711534,1330.297664423553,0.18134949700700412
8.1502446,TRACKING,1370.2621181792335,623.1265353896482,1380.3976669180934,-3266.590316543496,-1999.0688643589908,1330.233234325481,0.20162745980699354
8.1542132,TRACKING,1369.8348277180812,623.4544525945469,1379.6902095026899,-3266.6208014172025,-1999.082509342165,1330.1661662266547,0.2240484032713869
8.1583743,TRACKING,1369.2764694877549,623.7111359667687,1378.9482148708687,-3266.63604251536,-1999.0731843249216,1330.2612151217854,0.23153364192874562
8.1631143,TRACKING,1368.8785046482676,624.0668783654783,1378.405358303217,-3266.631271249308,-1999.0686872256465,1330.2104767233338,0.16061794281301198
8.1669886,TRACKING,1368.4373068889645,624.3259992370145,1377.8503144587391,-3266.606127618179,-1999.0410561308072,1330.2148980021548,0.1948478875835757
8.1708809,TRACKING,1368.2180112496487,624.5979859638888,1377.3932085698007,-3266.6167680029093,-1999.0648305004852,1330.249961715548,0.1478142546468893
8.1749482,TRACKING,1367.6955963290316,624.8228592991367,1376.73594738712,-3266.6190876612527,-1999.088010414053,1330.1992053671684,0.2137000370472194
8.1797578,TRACKING,1366.976269619234,625.0230189847458,1375.982641878603,-3266.591476437241,-1999.0611188699484,1330.2636994648958,0.22052628142125594
8.1835266,TRACKING,1366.4501131193779,625.2174322098844,1375.4544493483324,-3266.6063567902675,-1999.0994936889495,1330.280661898982,0.20443385684149112
8.1876846,TRACKING,1366.0416037779646,625.7664152392692,1374.8490067860932,-3266.5792320035684,-1999.0491289283966,1330.2524510524308,0.21974181305039775
8.1917143,TRACKING,1365.5049700566435,626.2701469291795,1374.0005851941587,-3266.5994131115176,-1999.0555615078758,1330.2536388212839,0.27872626451712235
8.1964009,TRACKING,1364.5850283598045,625.4168958800888,1373.6696313116042,-3266.5865105414787,-1999.0703595743778,1330.2582043427901,0.2768822867094078
8.2003051,TRACKING,1364.0742667899942,625.0899557350764,1372.8203414716677,-3266.579239115293,-1999.0619492195076,1330.2362776775622,0.26729691140415635
8.2042103,TRACKING,1363.8607483289538,627.294810845447,1372.2299632237593,-3266.5606106879945,-1999.042088403825,1330.2616308896984,0.5870359201450553
8.2084932,TRACKING,1362.9828318608083,626.0097551866994,1371.7630602717666,-3266.635908583196,-1999.1065709300483,1330.2947264657062,0.3793783659866166
8.2133213,TRACKING,1363.0008651771748,628.0741505134699,1371.209356519822,-3266.621632759275,-1999.0732617193505,1330.3307259293047,0.4427078929992093
8.2168355,TRACKING,1362.5283853867961,628.552417456005,1370.6826618400755,-3266.6106922143913,-1999.0719172407105,1330.2686560685515,0.24302533714005417
8.2206584,TRACKING,1362.06544846019,629.03736983387,1370.1908652627762,-3266.605571558134,-1999.0666703195316,1330.2552144143276,0.21749890561350693
8.2249452,TRACKING,1361.080618220395,628.5829463456643,1369.7624464535118,-3266.605127477083,-1999.0477182429347,1330.251990498384,0.27203556837033604
8.2292922,TRACKING,1360.6203647030763,629.0638824093776,1369.2631896029907,-3266.5980828729976,-1999.0712837443498,1330.208993112744,0.19141934070385505
8.2336478,TRACKING,1360.4290535757273,630.2898364517712,1368.4949961746324,-3266.6052792256446,-1999.0630505056954,1330.2517890014235,0.3350500107496708
8.2376314,TRACKING,1359.4516560080997,629.5599116729973,1368.5423064966228,-3266.585271167634,-1999.0218613306943,1330.2361263016987,0.3064546018081081
8.2415941,TRACKING,1359.3127256317887,631.0209900475153,1367.5785264330575,-3266.595816714965,-1999.0569172975263,1330.1870452847288,0.44308820744829064
8.2463314,TRACKING,1358.438459552783,631.0010934307691,1367.3506122652686,-3266.622516730569,-1999.114057008648,1330.2673534490223,0.1907636319351787
8.2502973,TRACKING,1358.285750917299,631.3953921667745,1366.961734650398,-3266.5944483831813,-1999.04811457009,1330.2229397379094,0.1448526822335357
8.2542551,TRACKING,1357.8087187134993,631.6573897642678,1366.907393004521,-3266.6026050192304,-1999.067220762397,1330.2230656924391,0.1381957338766172
8.2583628,TRACKING,1357.5159330223996,632.4267580539971,1366.3960585232076,-3266.5798852639077,-1999.0707681803142,1330.2310966992654,0.23591765045339302
8.2631021,TRACKING,1357.2644210183303,632.1262870476016,1366.162201403425,-3266.5790116676476,-1999.055180776996,1330.2112172079587,0.0962847986822984
8.2670063,TRACKING,1356.8392634318548,632.2513757887385,1366.0108732299725,-3266.650641089863,-1999.1158803754995,1330.306271110429,0.11994815675670492
8.2709967,TRACKING,1356.5679028267684,633.0711674779012,1365.6493221794603,-3266.625478187221,-1999.0991049981951,1330.318494540286,0.23460553791448532
8.2750309,TRACKING,1356.2249369550486,633.6376778399056,1365.6306615575254,-3266.6125694477428,-1999.0792243439791,1330.2280262158388,0.16422120085199246
8.2795102,TRACKING,1356.3434933649132,636.0524128021849,1365.3903533239757,-3266.6252246979293,-1999.0876493954233,1330.2556085563845,0.5423966437423288
8.2834293,TRACKING,1356.2442667671503,636.7226090397041,1365.3244536258233,-3266.6200348887514,-1999.0755255248937,1330.2699438221948,0.17368768556051614
8.2878928,TRACKING,1355.892315637986,637.3789535198555,1365.1096752546787,-3266.609681672955,-1999.053580454581,1330.2639505023976,0.1736540342169584
8.2916361,TRACKING,1355.3010761762305,636.4804643852609,1364.9411554890166,-3266.602099635748,-1999.0227576518992,1330.2510672287715,0.29083694013125005
8.296219,TRACKING,1355.0721774944177,637.0840014907317,1364.8357913415236,-3266.6472471034363,-1999.0954495011642,1330.3267003878825,0.1427106147386089
8.3005526,TRACKING,1354.6155864367195,637.966641128317,1364.804101353719,-3266.6253784569244,-1999.094091866154,1330.2582091357333,0.22942810973347727
8.3043288,TRACKING,1354.2963980444536,638.7154791776691,1364.513527656702,-3266.6021578898185,-1999.0538516221068,1330.2388285113013,0.22888980715899682
8.3083885,TRACKING,1354.019656097825,639.2460557505096,1364.3108602185516,-3266.619860510187,-1999.0874459554223,1330.3329631502008,0.15562735182574644
8.3132304,TRACKING,1353.393973300704,639.9901323539849,1364.3195463503566,-3266.6187081132534,-1999.0945725860759,1330.2790931980915,0.2007922990580853
8.3171087,TRACKING,1353.0231711779243,640.618230517477,1364.131618178352,-3266.6109063271197,-1999.0800387462177,1330.2901422302625,0.1942102192345227
8.3207409,TRACKING,1352.8687095433436,640.8755868102023,1363.784549641451,-3266.606747450768,-1999.0763316819246,1330.2185911961392,0.12632956746108975
8.324923,TRACKING,1352.4399820848387,641.2104269858509,1363.7431636219276,-3266.5994094892126,-1999.0752156580213,1330.2233307830484,0.13045170528793082
8.3293975,TRACKING,1352.1001108237128,642.3449502804554,1363.5255013962594,-3266.625779192468,-1999.0657261600825,1330.3118414954015,0.2691189901431214
8.333595,TRACKING,1351.6496264668788,642.9959299037089,1363.5007421296186,-3266.60097211846,-1999.0513475196385,1330.253119665289,0.1886927111361056
8.3377507,TRACKING,1351.546854162128,644.880768872113,1363.611436581365,-3266.615243300571,-1999.067567996436,1330.2360806560434,0.45500917575765615
8.3417409,TRACKING,1350.8689097913375,645.1424163398165,1363.596653032292,-3266.611262975876,-1999.0600865465103,1330.2329673026297,0.18215458215615216
8.3464642,TRACKING,1350.6795002511085,645.1163404531136,1363.4383991402544,-3266.6422815258597,-1999.0686997452217,1330.2969601304856,0.05254671869420319
8.3502323,TRACKING,1350.3190848711547,645.7627998330998,1363.3120117563774,-3266.64589247251,-1999.089720712989,1330.2849191545165,0.19926612287516085
8.3542961,TRACKING,1349.5173399705795,646.8608936641343,1363.5711238626839,-3266.6246651270617,-1999.0587800497506,1330.2239015124032,0.3405935463179633
8.3580562,TRACKING,1349.4653638482023,647.998173796678,1363.3759206894158,-3266.629526990157,-1999.1164590055164,1330.3336697802995,0.3071941981698231
8.3628842,TRACKING,1349.3214592285178,648.6766334582655,1363.3073949982327,-3266.6164271584253,-1999.0590045878168,1330.2543009276435,0.1443517574817692
8.3668501,TRACKING,1348.9114017966833,649.4039768694967,1363.1868314600777,-3266.6110287828396,-1999.073172497687,1330.259000450176,0.21272087509404097
8.3708699,TRACKING,1348.5335324281973,650.1416922607775,1363.282360920848,-3266.5882709249945,-1999.0704297792226,1330.226110182973,0.20755936405372075
8.3749218,TRACKING,1348.510367216825,650.2256563698888,1362.5236373034718,-3266.6034884148917,-1999.0420729069326,1330.2427852782644,0.18848116504044793
8.379794,TRACKING,1348.007670780244,650.9802442864188,1362.6476390323726,-3266.5972000896454,-1999.0672926047187,1330.2612916564474,0.18782911322828283
8.3837063,TRACKING,1347.7839895475602,652.9931517887285,1362.6988306089884,-3266.579048273328,-1999.0636160569754,1330.2231014203455,0.5178397218548383
8.3875446,TRACKING,1347.1706108928956,653.2331812308827,1362.7677779352261,-3266.5861858802514,-1999.0754552068988,1330.2471027443469,0.17254247047968027
8.3914181,TRACKING,1347.169284459071,653.9348114628925,1362.7220499305095,-3266.5755872140435,-1999.043010615449,1330.270714968349,0.1815205992468012
8.3964697,TRACKING,1347.0196745919968,654.1759877591836,1361.9170488334296,-3266.5917181987134,-1999.0582802402168,1330.2151035472732,0.168969547693319
8.4004462,TRACKING,1346.4074506448924,654.9368795770328,1361.9784081483042,-3266.6004851597636,-1999.0635144490711,1330.2382278179093,0.24608058982225706
8.4042788,TRACKING,1345.8303395352305,654.9863307118254,1362.1896807722221,-3266.6004851597636,-1999.0635144490711,1330.2382278179093,0.16087093532930746
8.4084391,TRACKING,1345.2759268741531,656.8983159472774,1362.1060991972076,-3266.6004851597636,-1999.0635144490711,1330.2382278179093,0.47893123894461953
8.4131148,TRACKING,1344.7564693058723,657.3969664974031,1362.1304749268802,-3266.609317936372,-1999.0478849496265,1330.2318605140058,0.1540890027092505
8.4168077,TRACKING,1344.2623109517097,657.8784412596978,1361.8122950964762,-3266.6395534266144,-1999.0733541714824,1330.245878059494,0.2057377486811963
8.4208258,TRACKING,1344.0906091294546,658.6178510469168,1361.1572613255485,-3266.6227013830908,-1999.073608017665,1330.224440042862,0.24952970873440974
8.4251184,TRACKING,1343.4431312379736,659.3767521878171,1361.2874044170783,-3266.6697913169664,-1999.1087504514408,1330.2769865116295,0.23436372227033955
8.4297851,TRACKING,1343.0882037343656,660.1456674702458,1361.0640795178406,-3266.623362344577,-1999.0803812675604,1330.2252849820002,0.18767652468116808
8.4336424,TRACKING,1342.49489046173,661.6601599076245,1361.26818385746,-3266.6160213057146,-1999.0747427038352,1330.1767830345439,0.42499129777699496
8.4376769,TRACKING,1342.0946615208434,661.9471243499944,1360.7781221269,-3266.631336546068,-1999.088619160471,1330.2089678624259,0.17220488373332704
8.4417269,TRACKING,1341.9326210386714,662.8970136484692,1360.7248754300622,-3266.600993539528,-1999.0879055037133,1330.2232565344352,0.23829169082396406
8.4463662,TRACKING,1341.3349525879744,663.6577822022145,1360.403465317985,-3266.6094299922565,-1999.0684283026314,1330.2232659097795,0.21974246963539137
8.4504371,TRACKING,1340.9501099194053,664.5015988829203,1360.2258837444338,-3266.6056135369445,-1999.058470201336,1330.2290307356254,0.23195866075278054
8.4543616,TRACKING,1340.1216505741336,665.9756418389088,1360.9673908663856,-3266.6364291175023,-1999.0806891316508,1330.3232951819778,0.4704656442298853
8.4584775,TRACKING,1340.0827551686004,666.2013933398708,1360.4354137937053,-3266.595874869222,-1999.0667223942867,1330.242776953413,0.14072331009043457
8.4628531,TRACKING,1339.6075825506316,667.1603765819353,1360.4297660573482,-3266.623006800649,-1999.070353849935,1330.314016738259,0.24459873289295966
8.467112,TRACKING,1339.5163728305395,668.137741818772,1360.3899925855578,-3266.624081149946,-1999.0775449344312,1330.2976369781263,0.23067397690245764
8.47124,TRACKING,1338.8324412041575,668.7540557815221,1360.4674794463567,-3266.6052564304505,-1999.0408674743169,1330.3012586555606,0.22381539330868547
8.4751296,TRACKING,1338.6563841039087,669.941483424644,1360.4878129978842,-3266.6148623576228,-1999.0456770197998,1330.2820383464987,0.30866430420531304
8.4795425,TRACKING,1338.1859544030324,670.4147744632996,1360.8134437899455,-3266.630342069233,-1999.0926570501642,1330.349802576762,0.1682624507492116
8.4836998,TRACKING,1338.11642052505,671.7504044285604,1360.384947045674,-3266.6147388411127,-1999.058846159029,1330.2720896561195,0.3378164764452056
8.4875706,TRACKING,1337.9990389084298,672.3203203253266,1360.5970924673486,-3266.62460571685,-1999.0945162448077,1330.3264585721295,0.160004396908335
8.4917243,TRACKING,1337.8028587525084,673.3780733598932,1360.5879339538467,-3266.5946322242794,-1999.1102844197458,1330.2958321168771,0.2590054284773709
8.4961731,TRACKING,1337.4492452627737,674.2893479819771,1360.6774142275185,-3266.5892115699567,-1999.0856170884258,1330.2279928394319,0.22063599423288155
8.5007361,TRACKING,1337.4723261778056,675.4795553624248,1360.9425064833495,-3266.6154960592808,-1999.0820993745142,1330.3305783271164,0.26727814901684505
8.5044006,TRACKING,1337.251208804037,676.2910234228187,1360.907104416119,-3266.5998009793407,-1999.0587903859969,1330.2155528108754,0.2297174586488557
8.5083901,TRACKING,1337.0451327685423,677.1156066955555,1361.2071688932404,-3266.596270856338,-1999.0596294398504,1330.2093602580921,0.2259322048621629
8.5130835,TRACKING,1336.7151333721636,677.8714774447543,1361.248668321035,-3266.6218553240533,-1999.0778599961145,1330.270498075798,0.1759513665584336
8.5170276,TRACKING,1336.405852944177,679.3676137972425,1361.853782406346,-3266.5983563725476,-1999.0870029281257,1330.2359421789504,0.4166327258548014
8.5212157,TRACKING,1336.238412047187,679.5243364132033,1361.8945173486338,-3266.6098527349304,-1999.0552130941953,1330.2653526128033,0.055617814426993574
8.5251306,TRACKING,1336.0172903840596,680.4104665661139,1361.9190356147558,-3266.621359118216,-1999.0739409469497,1330.279123963249,0.2333728922276303
8.530156,TRACKING,1335.8298030642256,681.3715439176772,1362.1899901971951,-3266.636216145223,-1999.0600594110292,1330.2699924818444,0.2021711552213635
8.5345978,TRACKING,1335.6036343199487,682.2712091384358,1362.2254372149814,-3266.6221464949685,-1999.062244323046,1330.2520278131753,0.20899978187968477
8.5378715,TRACKING,1335.232397017916,682.4130516846791,1362.4944164178803,-3266.617311565982,-1999.0435711381708,1330.2783685344816,0.14658688941898976
8.5418289,TRACKING,1334.8644807049072,683.2276342312787,1362.611960254003,-3266.6361895326763,-1999.05773945279,1330.2774026315813,0.22780408660486876
8.5464693,TRACKING,1334.5643743675366,684.0885557863725,1362.7771175598368,-3266.5997813378876,-1999.0727557802868,1330.2480659061985,0.19967398167951975
8.5506519,TRACKING,1334.3105972432706,685.0833460050221,1362.582694630027,-3266.573630939816,-1999.0353475498778,1330.29811746631,0.24982007631997954
8.5543585,TRACKING,1334.4036463501068,686.2357932795014,1362.5284079499884,-3266.5809690000037,-1999.0379518651093,1330.242209892925,0.31227306396615956
8.5586454,TRACKING,1334.069567719323,687.1136929837263,1362.4310493014157,-3266.598402175457,-1999.0268307130139,1330.2300197394948,0.22028716560525455
8.563301,TRACKING,1333.6609770531868,687.5031035830765,1362.5092559302427,-3266.608547099727,-1999.0604725706564,1330.2299918682238,0.12239611724515796
8.5671623,TRACKING,1333.63406960053,688.9012266471244,1362.2452422990284,-3266.6090162657483,-1999.0928548098902,1330.3047147357163,0.3685511469305565
8.5711244,TRACKING,1333.4625836096784,689.8292565997849,1362.3171694728028,-3266.584419174501,-1999.0559819396465,1330.2584880425434,0.23888290921711744
8.5751079,TRACKING,1333.0783157105272,690.5634785346899,1362.042278863195,-3266.590664168928,-1999.1016819990832,1330.2439166681063,0.2191798190293285
8.5798009,TRACKING,1332.721958761384,691.5072688829033,1361.8342484356242,-3266.620304347055,-1999.1370570051515,1330.356115400528,0.21948689875575844
8.5836625,TRACKING,1332.6636136558218,692.5209528017635,1361.538663998608,-3266.6129731721194,-1999.083905040201,1330.2225399858312,0.273853051759322
8.5875746,TRACKING,1332.4515479284958,693.306708183997,1361.4208066249298,-3266.586473115601,-1999.0968032729306,1330.2572429427455,0.2102090061264621
8.5917417,TRACKING,1332.2790326056268,694.283579956372,1361.2278922215419,-3266.6055359674033,-1999.0656326156281,1330.259965242973,0.2425120820338274
8.596466,TRACKING,1332.1968796352007,695.173937491106,1360.9159047588419,-3266.6276739018663,-1999.114249119579,1330.2892899411247,0.20045441069838496
8.6003775,TRACKING,1332.087253212713,696.239232989207,1360.5734904718472,-3266.6123017296804,-1999.0632568183764,1330.2503949732056,0.2874423903347679
8.6044961,TRACKING,1332.0195774745778,697.0283896950081,1360.4344857316612,-3266.638679825128,-1999.0809176439955,1330.2328768970403,0.19525040940448857
8.6085188,TRACKING,1331.93561719399,697.8922801863123,1360.1354314029263,-3266.6200773044584,-1999.0590486530316,1330.2321688441912,0.22821381903078808
8.6132421,TRACKING,1331.8627219026773,698.7270519223124,1360.0622680214583,-3266.621316992397,-1999.0697620701824,1330.2365577657088,0.1780823591465015
8.6170806,TRACKING,1331.8957289223915,699.6896398522948,1359.8490008005208,-3266.5884634334616,-1999.0521859442026,1330.2151801114264,0.2569968963608781
8.6210964,TRACKING,1331.7450418948833,700.3630378082449,1359.5738068833264,-3266.6134514931964,-1999.027033819663,1330.2250245774305,0.18499472000698564
8.6254602,TRACKING,1331.8512104905358,701.3576884426919,1359.2686205997059,-3266.613604052583,-1999.0674556058505,1330.176316143987,0.23965818934777156
8.6299809,TRACKING,1331.8924060172283,702.1528532550797,1359.032439084349,-3266.5809343016035,-1999.049404132323,1330.2195714992586,0.18371522943294388
8.6337247,TRACKING,1331.7372343307925,702.8073384746767,1358.7231886967622,-3266.5985796452455,-1999.0416046924875,1330.2060581371422,0.19774402841707953
8.6374104,TRACKING,1331.746167562563,703.576254625146,1358.595671127263,-3266.5875698841005,-1999.066299858816,1330.219213916884,0.21148477137561394
8.6415844,TRACKING,1331.9283943853386,704.4922697825102,1358.1617620996863,-3266.603086033463,-1999.0633765632954,1330.2292260914326,0.24672701113283232
8.6464622,TRACKING,1332.0298599805792,705.4292253175275,1357.7753330266078,-3266.5929895510258,-1999.0662785925272,1330.2449893380026,0.20881986717445344
8.6502573,TRACKING,1332.2818951215554,706.5398496408807,1357.4008443157634,-3266.6023175129512,-1999.0773093295115,1330.2256666428214,0.315895121359404
8.6542462,TRACKING,1332.1077394814736,707.179019197791,1357.1891968559833,-3266.6283757253254,-1999.0944643611076,1330.3554697038696,0.17434844759708248
8.6583692,TRACKING,1332.2550234518594,708.0885479229303,1356.7799042162271,-3266.6338646544737,-1999.0731234942714,1330.3348018437914,0.24452927357672088
8.6627768,TRACKING,1332.2529756111394,708.6908917963624,1356.7581622592047,-3266.623935432676,-1999.0888856104311,1330.3204798541135,0.13675007235535033
8.6673264,TRACKING,1332.421899542789,709.8063568515624,1356.4454465594965,-3266.601275918913,-1999.0544050363253,1330.2279237696216,0.25732403754313116
8.6710045,TRACKING,1332.3026581091667,710.5930944688488,1356.4862326048883,-3266.609645647205,-1999.0946661960415,1330.3429130412626,0.2166246922612388
8.6751313,TRACKING,1332.2693829630498,711.3081674690827,1356.053404128768,-3266.605775655314,-1999.0650587486932,1330.237610752095,0.20270592713578658
8.6796557,TRACKING,1332.415397051302,712.1143661249864,1356.0061806453966,-3266.6136667936694,-1999.058637196051,1330.253374676204,0.18138855621572558
8.6839268,TRACKING,1332.1174776544242,712.5482072413915,1355.9099784634025,-3266.6293750035356,-1999.0504035767283,1330.2210919838608,0.12526133391768657
8.6878431,TRACKING,1332.2043526325888,713.0122627088838,1355.860554012154,-3266.600241958095,-1999.0522131759944,1330.2181247905983,0.12121065492459034
8.6916458,TRACKING,1332.2836348267808,713.9242394240533,1355.7416015689591,-3266.636289010307,-1999.0810853812363,1330.2862138223602,0.24275188778451742
8.6963782,TRACKING,1332.2132792789137,714.774980558845,1355.7515696919238,-3266.6040913595325,-1999.0484633682574,1330.222890742083,0.1803954750931338
8.700578,TRACKING,1332.0788113605074,715.2570294910822,1355.7906741062193,-3266.614449422749,-1999.0757054063233,1330.2352625515405,0.11952427180808735
8.7042958,TRACKING,1332.3391528219256,716.0094504489838,1355.8176511635625,-3266.594250491086,-1999.068178468788,1330.2506678043242,0.2142785178450058
8.708388,TRACKING,1332.4087542575005,716.8416880574305,1355.5266346206095,-3266.624288008563,-1999.0703761400214,1330.2520556440177,0.21611723487354909
8.7128937,TRACKING,1332.551354150553,717.5800938974688,1355.3337669336024,-3266.6098625450986,-1999.0953093998783,1330.2284396419684,0.17231205156732818
8.7168563,TRACKING,1332.8561567407537,718.315855554067,1355.2296558559917,-3266.6288002535025,-1999.1008353909137,1330.3084679186284,0.202688713634254
8.7209052,TRACKING,1332.8168589278853,718.8128598685437,1355.070170795372,-3266.595434749874,-1999.072370611572,1330.2565409961164,0.12928042032677803
8.7249051,TRACKING,1332.8851183859547,719.2142270689534,1354.9634830838543,-3266.6347566047216,-1999.0833559084476,1330.3533745971597,0.10522182169238145
8.7298233,TRACKING,1332.8986898217875,719.7425480912261,1354.9785663245004,-3266.597769392916,-1999.04609392341,1330.2867598656715,0.107500812879606
8.7337892,TRACKING,1333.2888419054311,720.4228224212704,1354.7910629131538,-3266.6256749487475,-1999.090547622199,1330.3311056788493,0.20331283878447884
8.7376887,TRACKING,1333.466343321027,720.884629286735,1354.6465350295734,-3266.645658157077,-1999.0927579482893,1330.3783746813235,0.1321766330305537
8.7417863,TRACKING,1333.3138264271668,720.7818148941599,1354.7885123502645,-3266.586037819482,-1999.0809432878982,1330.25961837585,0.05670562541018814
8.7462607,TRACKING,1333.70453522607,721.8555929384215,1354.6295142266995,-3266.638077178046,-1999.1093154856314,1330.2974424712688,0.2578358484113824
8.7501892,TRACKING,1333.7146309869602,721.9494618638171,1354.6095950294118,-3266.5842688204957,-1999.0504742377477,1330.2815139195468,0.024561212814185693
8.7542254,TRACKING,1334.0154807899728,722.799350062764,1354.3960116347125,-3266.603929839231,-1999.0922686689646,1330.2710040005945,0.22955243053500002
8.7584851,TRACKING,1334.1731336402363,722.9715722674265,1354.4798679981723,-3266.5996553972154,-1999.0682211057572,1330.2254215507426,0.058240315663192564
8.7631407,TRACKING,1334.370830284523,723.8794998502143,1354.1066264111855,-3266.611778141875,-1999.1163150341056,1330.3028455708506,0.21508762416410512
8.7668758,TRACKING,1334.655629312924,724.3554051272231,1354.092999801251,-3266.5966232870132,-1999.0581993681164,1330.2348949682785,0.14853177726909672
8.7709488,TRACKING,1334.6135287155414,724.3062314818715,1354.080434332814,-3266.598409252093,-1999.0550517373154,1330.205606965645,0.016190127475046813
8.7750527,TRACKING,1334.953924326425,725.223789566091,1354.0383145747678,-3266.607593785773,-1999.0617456445764,1330.2424618771763,0.23869230144590792
8.7798526,TRACKING,1334.8426882596077,725.1576538377213,1354.1213989436617,-3266.5982752724026,-1999.053957771457,1330.2365040347288,0.03203960422694077
8.7836774,TRACKING,1335.3251589133424,725.930617193018,1353.7870611127669,-3266.5934903319285,-1999.0256063980535,1330.2702844978323,0.25376055310228646
8.78771,TRACKING,1335.371113316874,726.3262176856359,1353.7617219389072,-3266.643067996437,-1999.039819807164,1330.2231753739188,0.09895996325009994
8.7918093,TRACKING,1335.5101091879146,726.5655989059476,1353.757956234318,-3266.6159770210875,-1999.034344565379,1330.260268164757,0.06753216648570136
8.7964928,TRACKING,1335.7379122551943,726.8565435203507,1353.6605115072402,-3266.6206117705237,-1999.0365084152918,1330.2105071594165,0.08159492148917753
8.8003761,TRACKING,1335.7970945694851,727.1052675655202,1353.8041331635225,-3266.6225606486096,-1999.0558843574122,1330.253935410289,0.07551471012908907
8.8041709,TRACKING,1335.9836689062856,727.552792784183,1353.9197814129486,-3266.58790910184,-1999.0315291853226,1330.225634663969,0.13135368225532795
8.8084487,TRACKING,1336.2257296407136,727.7654751333238,1353.5851354915842,-3266.6214181762984,-1999.0976573414168,1330.2943845662805,0.10859764591118119
8.8130266,TRACKING,1336.4246688818644,727.9611292518895,1353.3881740705162,-3266.5981425864857,-1999.060481003218,1330.2099860401627,0.07460676755709778
8.8170084,TRACKING,1336.6467707587024,728.2532158164621,1353.4853258746346,-3266.5968665232836,-1999.0606383021743,1330.2745879855727,0.09532917636411349
8.8211104,TRACKING,1336.8019220851597,728.5252898653067,1353.312276991083,-3266.6153456498296,-1999.1076638585855,1330.3099084811752,0.08723299891642036
8.8251244,TRACKING,1336.9475233322296,728.6799004305117,1353.1007696694573,-3266.6051025296215,-1999.064041582153,1330.3211970963182,0.07467174285828952
8.8296714,TRACKING,1337.2692523253859,729.0159402264991,1352.9556790345334,-3266.585768646709,-1999.0512583982202,1330.2295051203853,0.10717459254463893
8.8338616,TRACKING,1337.4128708306844,729.1547171540859,1352.9168796833653,-3266.61163988628,-1999.0813248191566,1330.222812796466,0.048553063232429486
8.838095,TRACKING,1337.478270212386,729.3121137347937,1352.637259031792,-3266.592462470286,-1999.0673238218137,1330.2549351739874,0.07735457461512349
8.8417828,TRACKING,1337.7636446166616,729.4319688183233,1352.41386888387,-3266.6293798032066,-1999.0831122968734,1330.3130227105771,0.10350772743267139
8.8464973,TRACKING,1337.9387222849332,729.6424953286086,1352.3511567588475,-3266.587522380369,-1999.0304800555518,1330.2336786781757,0.05958274508128962
8.8503672,TRACKING,1338.1273498443559,729.7679151843046,1352.0764043814918,-3266.594435279077,-1999.045948823346,1330.24188254878,0.09201503527250988
8.854177,TRACKING,1338.1501334966965,729.8361999041531,1352.0538035303082,-3266.598328806363,-1999.0285107961001,1330.2769379630538,0.019804178330014043
8.8582314,TRACKING,1338.4683596576506,730.1188974345515,1351.6643421957524,-3266.6093509261054,-1999.0497007308995,1330.2094226531735,0.14230103848796896
8.863016,TRACKING,1338.4390767382567,730.3082467600891,1351.7816851727735,-3266.605928072772,-1999.0570460282877,1330.245802971621,0.04695849497408884
8.8671236,TRACKING,1338.5037686952517,730.1608446486838,1351.586844123733,-3266.6158188145955,-1999.0540201053448,1330.2309982835998,0.061528863888153915
8.8709388,TRACKING,1338.6646589080233,730.4180160673469,1351.382677076544,-3266.6105465298124,-1999.0342838000659,1330.2310302767216,0.09584285322942111
8.8750767,TRACKING,1338.7344435882892,730.3941161266464,1351.426145602097,-3266.599748233392,-1999.0340045310813,1330.2125337796354,0.02069142525821188
8.8795289,TRACKING,1338.5666683266077,729.7827820431005,1351.3971726048112,-3266.62232503532,-1999.0487020234395,1330.2043006091674,0.1425363051194066
8.8837989,TRACKING,1338.7046620206938,730.3359439647439,1351.1298471357672,-3266.6051755161134,-1999.0519071257377,1330.2147520134974,0.14746536807422841
8.8875723,TRACKING,1338.776389956203,730.2433061798132,1350.7284218709372,-3266.57699995782,-1999.0565058994969,1330.2315611565039,0.11082135168551686
8.8916723,TRACKING,1338.6693297527252,730.1171489592612,1350.6588840674676,-3266.595408967681,-1999.0529146261565,1330.205400888276,0.04377558745421245
8.8965493,TRACKING,1338.5451582514663,730.0644497138126,1350.408454142662,-3266.6141678068525,-1999.041603284608,1330.2349874014978,0.05832447155245068
8.9000958,TRACKING,1338.5907977697254,730.1099971201035,1350.0884507164194,-3266.6357933275704,-1999.0729061308089,1330.2391783746064,0.09204423247211756
8.9040981,TRACKING,1338.5398306847273,730.0264192342383,1349.7842048718453,-3266.583131608079,-1999.0361184500687,1330.2908490009688,0.0798557571631342
8.9084256,TRACKING,1338.2205438915353,729.827065764935,1349.6936489469908,-3266.5948319074287,-1999.0488175125167,1330.2468501769497,0.08946307107582065
8.9131335,TRACKING,1338.175702207927,729.9478333635095,1349.4642766969985,-3266.580182852563,-1999.0541570136381,1330.2548577230189,0.05587897974698868
8.9172745,TRACKING,1337.9675666541195,729.7287947005902,1349.3846880774333,-3266.60125389732,-1999.0727743110606,1330.2361505046706,0.07545576104545818
8.920756,TRACKING,1337.6519599581402,729.754442535113,1349.211197244244,-3266.59119953896,-1999.1069902137363,1330.2736646624876,0.1037082288691949
8.9248773,TRACKING,1337.2075959017607,729.094518006123,1349.394392654552,-3266.613134836338,-1999.093299616109,1330.3057300756373,0.19809452841508354
8.9296913,TRACKING,1337.0103724492806,729.3866923225789,1349.251897245623,-3266.6013910086704,-1999.0721732044167,1330.22276403558,0.07898230331877791
8.9337784,TRACKING,1336.7651391191725,729.1895058203756,1349.5472822515128,-3266.5825349518323,-1999.0616579522496,1330.2775265225177,0.1055993135157705
8.9375878,TRACKING,1336.517007518573,729.1514396783864,1349.662785736221,-3266.5981861047458,-1999.046850891385,1330.2627141949577,0.0725395090243719
8.9418149,TRACKING,1336.1797405631908,728.9427331097789,1349.660821921047,-3266.6068429327775,-1999.083970336827,1330.2308519974529,0.09382907195256092
8.9465392,TRACKING,1335.937840279826,728.8490775835264,1349.7645755107862,-3266.6018424138006,-1999.0943231429546,1330.2874870104572,0.059136321346390776
8.9503456,TRACKING,1335.6544331839318,728.6984070917596,1349.7618469357378,-3266.5864661986802,-1999.063269316429,1330.234496842699,0.08432658745700794
8.9542029,TRACKING,1335.4215443639573,728.626296264574,1349.9130061727249,-3266.5830912117203,-1999.0705728141288,1330.2498963743135,0.07436700998851657
8.9583428,TRACKING,1335.0789209572554,728.3648645574482,1349.817789435608,-3266.5790255373877,-1999.0580926842379,1330.2254097434627,0.10661261541394083
8.9630035,TRACKING,1334.9084269168027,728.3109575541745,1349.9171618527441,-3266.589026979166,-1999.0735209599325,1330.207904917423,0.04389264021759515
8.9669753,TRACKING,1334.5927485154114,728.1505985947555,1350.0602161961037,-3266.6195134044738,-1999.10198686278,1330.2324088786008,0.09614786197657692
8.9709293,TRACKING,1334.432636798922,728.0581834557946,1350.0554430495058,-3266.59593147384,-1999.0687503565086,1330.2149581923404,0.04677035755369171
8.9750911,TRACKING,1334.1955198890694,727.9909249522115,1350.190299363435,-3266.5883405335367,-1999.0567251335196,1330.2223324897693,0.06750747153172008
8.9797759,TRACKING,1334.0298002870047,727.8587800274177,1350.2275682757381,-3266.6302156816473,-1999.0679103497016,1330.2779259991487,0.045937379100734636
8.9837192,TRACKING,1333.6976883985146,727.6834435275061,1350.3664066616648,-3266.6223636694444,-1999.070312167708,1330.2501552896501,0.10153841165288716
8.9876003,TRACKING,1333.4313772315838,727.5296190520068,1350.3408379524265,-3266.586160022953,-1999.054708541523,1330.232706010951,0.07951496175715524
8.9917499,TRACKING,1333.236200989169,727.4252575384141,1350.4717001261306,-3266.6078164494506,-1999.0441566718227,1330.2625711989906,0.061962273214992446
8.9960966,TRACKING,1333.1954557945496,727.2266678194826,1350.3026462847865,-3266.5905244112137,-1999.043371541611,1330.2464911595428,0.06072755967504999
9.0002971,TRACKING,1332.9529442234573,727.26573041576,1350.3732946511516,-3266.6050206697287,-1999.055102767347,1330.2331426854457,0.06084877191070494
9.004442,TRACKING,1332.7038504705902,727.2219980394799,1350.2516605661858,-3266.6150148900133,-1999.0724566827155,1330.2544120860423,0.06770569510721383
9.0085878,TRACKING,1332.328981250068,727.0848495667241,1350.2543410474598,-3266.6093381161973,-1999.0572116353542,1330.298887546909,0.09628514005256449
9.0132056,TRACKING,1332.3015595817153,727.1422276307566,1350.1132917840491,-3266.601684376382,-1999.0483305213108,1330.2338643076187,0.0335056966721225
9.0169652,TRACKING,1331.967805002223,726.993486119527,1349.8796007408955,-3266.6105193802837,-1999.0638536465315,1330.2699452610489,0.1153678199478376
9.020873,TRACKING,1331.9229362291192,726.996926738518,1349.7345194834913,-3266.5725943780517,-1999.0444187195817,1330.2194016826315,0.038870980973906746
9.0249004,TRACKING,1331.7812321278202,726.6821278655686,1349.5302271666785,-3266.5768368427416,-1999.0397602445682,1330.236625407448,0.09960285562976846
9.0297861,TRACKING,1331.794528685088,726.7795617951543,1349.351472434542,-3266.566343182874,-1999.0770809531539,1330.2312109154595,0.04175823190679648
9.03367,TRACKING,1331.6549068536185,726.8604532261497,1349.2237774816,-3266.5889321972063,-1999.0698729581954,1330.2140313494274,0.05298174551127507
9.0376153,TRACKING,1331.4646803670535,726.6475163397573,1349.227470378026,-3266.592619429184,-1999.078438239365,1330.2809245495714,0.0723786209848706
9.0416167,TRACKING,1331.302305282801,726.6953176836753,1349.0292371505614,-3266.5787328466495,-1999.053414466773,1330.2548047581058,0.06514383650914585
9.0461715,TRACKING,1331.211256716056,726.5598372240539,1348.9429667228549,-3266.60167933327,-1999.0512045219227,1330.2671264830449,0.04053475188984946
9.0503717,TRACKING,1331.2180212442356,726.5373136656063,1348.9477694810269,-3266.657214800649,-1999.1827261693697,1330.3258913177974,0.005714688212593281
9.0542692,TRACKING,1331.3297427328996,726.7103525804429,1348.7461377700638,-3266.599821385725,-1999.0279927914517,1330.2644111442294,0.0739538560355642
9.0582833,TRACKING,1331.1300921050643,726.756984149152,1348.9063093285786,-3266.6135023272677,-1999.0356917209633,1330.235692053088,0.06481468915656191
9.0629652,TRACKING,1331.0234425287256,726.5148667355812,1348.8149430147057,-3266.634271937092,-1999.0714408243155,1330.309444424579,0.059782950966514814
9.0670627,TRACKING,1330.96469151047,726.664471770106,1348.7765316099421,-3266.610853091681,-1999.0496067686115,1330.2319453376174,0.04033037155308114
9.0709215,TRACKING,1330.8731750004276,726.491814925023,1348.7383745382012,-3266.601984107519,-1999.055708687949,1330.241451278166,0.051596878268479564
9.0750814,TRACKING,1330.6510557767917,726.5174070349626,1348.7834377784889,-3266.6291861230484,-1999.0725831239588,1330.2696037525436,0.05482935553746551
9.079667,TRACKING,1330.5137941362252,726.3636426411243,1348.70663684201,-3266.585667851487,-1999.0452361160162,1330.188746998998,0.04796766412487652
9.0837783,TRACKING,1330.3679830719616,726.247283849559,1348.7590071924787,-3266.5851163176762,-1999.0348868728793,1330.2642498355358,0.04712861458746414
9.0876024,TRACKING,1330.4239388993756,726.3991370158661,1348.6402186470673,-3266.592942293007,-1999.0531026093065,1330.2137566233346,0.05249639950305703
9.0917595,TRACKING,1330.3974917867972,726.3244629750709,1348.7537607729641,-3266.5928677339525,-1999.0735358811853,1330.2048515449649,0.03330366258690209
9.0965372,TRACKING,1330.358098995636,726.1993814186368,1348.7858303868243,-3266.5830904830987,-1999.0742498339666,1330.2717271096965,0.028256776182268604
9.1004165,TRACKING,1330.2454373110186,726.1814256853521,1348.7293786940886,-3266.5920327701574,-1999.0573310826765,1330.2216630868054,0.032811722729378434
9.1042822,TRACKING,1330.1243189271836,726.1249407746566,1348.8207545682546,-3266.6051735466294,-1999.0931854846085,1330.309661652802,0.04187968068190719
9.1082412,TRACKING,1330.1005775086487,725.9806637078382,1348.7561651312312,-3266.581292144282,-1999.0579598460768,1330.2348739486945,0.04037580447789347
9.1130468,TRACKING,1329.7389557525266,725.4364876300874,1349.0571356764601,-3266.5810388133978,-1999.0463760952464,1330.2936991401584,0.14969236696183516
9.1170983,TRACKING,1329.6742128823341,725.7231230699662,1348.9620299751743,-3266.6056112213596,-1999.0472750221074,1330.340424435493,0.07623433663618386
9.1209949,TRACKING,1329.694413089731,725.5834239042294,1348.8213882414982,-3266.5703120043663,-1999.038411889812,1330.233682044919,0.05113653756592939
9.1252067,TRACKING,1329.559891323647,725.5644633862254,1348.717828823369,-3266.591018595337,-1999.0577355506432,1330.2452337759269,0.04055795913190667
9.1296392,TRACKING,1329.5050887889888,725.5296551618532,1348.97212949022,-3266.574151026753,-1999.0568518779403,1330.2603385751256,0.05921199263630566
9.1336023,TRACKING,1329.3136787134854,725.391177073906,1348.809124792383,-3266.555971089705,-1999.0389981557905,1330.2672089986486,0.07242488288553463
9.1375303,TRACKING,1329.2216063255098,725.3935032635653,1348.8757975365752,-3266.5871808864235,-1999.0597986643402,1330.2363857955331,0.028946365048242405
9.141587,TRACKING,1329.3473009341224,725.4258701420308,1348.850671732036,-3266.5830432758607,-1999.0395067382149,1330.2214258916752,0.03258919741602844
9.1465989,TRACKING,1329.1106530019795,725.3641068140229,1348.6518686963334,-3266.600199326923,-1999.0524917648836,1330.2349657794866,0.06288669994261872
9.1503709,TRACKING,1328.870133046093,724.7702681987992,1348.8781830712153,-3266.581345483908,-1999.0131748915182,1330.2340300151368,0.18014161829796016
9.1542178,TRACKING,1328.9683536014152,725.1727738432334,1348.8485913319075,-3266.6097781254966,-1999.0214018508498,1330.1944476319309,0.10797572386723153
9.1583017,TRACKING,1328.8697818291225,725.1424640988699,1349.0031338319004,-3266.5953978283287,-1999.0305592863513,1330.2065431010517,0.045493631103116786
9.1627981,TRACKING,1328.6855305654915,725.1373765634521,1349.0771232438667,-3266.5953978283287,-1999.0305592863513,1330.2065431010517,0.04417252272727268
9.1669415,TRACKING,1328.7430634109614,725.0684967228315,1349.0176240214278,-3266.6154228958344,-1999.0623219702093,1330.267641093436,0.025987910645838132
9.1707762,TRACKING,1328.4796977233075,724.6383838381224,1349.2444972608816,-3266.5863575060753,-1999.020664797038,1330.295611367356,0.14421441792856365
9.1752444,TRACKING,1328.5146723729436,724.9875331159554,1349.1319267213069,-3266.61392752133,-1999.0337294760566,1330.247844929808,0.08247421552260346
9.1796162,TRACKING,1328.4856491206974,724.9597706265774,1348.97343835832,-3266.5747100787066,-1999.0473385247954,1330.2514840840993,0.0373983747283879
9.1836977,TRACKING,1328.5249186450326,725.0678660144326,1349.0089967671906,-3266.5987513899254,-1999.0164299976188,1330.2931040754809,0.029493818858531754
9.187466,TRACKING,1328.3449970019158,725.0088720765443,1349.0360072783008,-3266.610713571011,-1999.0697305771018,1330.317667809951,0.05075585818534539
9.1917475,TRACKING,1328.241720193512,724.8992478538894,1349.0535358028492,-3266.583709720632,-1999.067003849856,1330.2231950934722,0.0354145125341699
9.196102,TRACKING,1328.2480564055772,724.9473253486125,1349.216770053437,-3266.6011556709445,-1999.059446321503,1330.2331246982103,0.039105544884499625
9.2004234,TRACKING,1328.0557876936102,724.8879921709909,1349.2216773711355,-3266.5764203986378,-1999.0385262495347,1330.2580911873388,0.04657642131311327
9.2043017,TRACKING,1328.102920470703,724.991521293667,1349.3194745872488,-3266.6078577526214,-1999.073794528082,1330.3158473687242,0.03868024066709138
9.2082709,TRACKING,1327.9637475097666,724.8771898486464,1349.4100549504283,-3266.567054288285,-1999.0510142149137,1330.236097997266,0.05079298752266933
9.2129109,TRACKING,1327.9035670806163,725.155070643333,1349.512488402115,-3266.5776058037836,-1999.0597639100502,1330.2192143186558,0.06513187486851033
9.2171732,TRACKING,1327.9561485725076,725.2193083215461,1349.601143625534,-3266.628993502878,-1999.1064199185587,1330.2529969223233,0.02849491228216259
9.2210942,TRACKING,1327.8208473096252,725.1038655297884,1349.612145442856,-3266.5856595128525,-1999.0852078087908,1330.2147635221775,0.04544706743722802
9.2251016,TRACKING,1327.9014730108934,725.4134122644282,1349.7740852574764,-3266.596487470663,-1999.0500762116355,1330.2258904464222,0.08946713477355979
9.2297742,TRACKING,1327.8311559694541,725.273965811362,1349.7720421130036,-3266.5999286523474,-1999.040441927983,1330.2624071830458,0.033425866469086206
9.2339425,TRACKING,1327.9419682744303,725.3914046964912,1349.5260960616013,-3266.570571861437,-1999.0133563837471,1330.2639169856645,0.07058321869175592
9.2376568,TRACKING,1327.6822673582144,725.1932078447795,1349.5324201676679,-3266.582285318028,-1999.0085155980998,1330.2495634721754,0.08797122324583316
9.2418154,TRACKING,1327.7228374906983,725.4200394196066,1349.550203630156,-3266.603743356851,-1999.0335789159417,1330.268845521363,0.05557550950976069
9.2465558,TRACKING,1327.4351800874422,724.6355546712447,1349.6859885259269,-3266.580718806264,-1999.004242013499,1330.27307385997,0.17857621200916035
9.250605,TRACKING,1327.536735482749,724.9930641019602,1349.5986184825153,-3266.621131111045,-1999.0739211381022,1330.3249939326988,0.09428660000202103
9.2542734,TRACKING,1327.6124661995648,725.177477948168,1349.5758103414296,-3266.605156530342,-1999.0352060107707,1330.2609309619759,0.05469917802491985
9.2585847,TRACKING,1327.4916680766155,725.1851412874901,1349.8239426227822,-3266.590538577172,-1999.0267135641318,1330.242833536584,0.064036527457796
9.2636261,TRACKING,1327.2495651050883,725.1576931242721,1349.8875104581125,-3266.5785036745406,-1999.0346585106547,1330.212665020927,0.04994836561098472
9.2670966,TRACKING,1327.4758742217493,725.4470840537244,1350.1127209640665,-3266.5677003822316,-1999.045816781175,1330.2045206081075,0.12416342118306252
9.2708501,TRACKING,1327.4378118663897,725.4950556439171,1350.3167583994793,-3266.591475248536,-1999.0505729849397,1330.2183953955812,0.05675472255853359
9.2750758,TRACKING,1327.1864292778107,725.4250214538538,1350.0496864790384,-3266.591475248536,-1999.0505729849397,1330.2183953955812,0.0883633749236433
9.2799508,TRACKING,1327.234492424762,725.5735103109967,1350.1561669573514,-3266.5932079427944,-1999.0911969068409,1330.2625688929868,0.038756258338266444
9.2838762,TRACKING,1327.364622204127,725.8173351471202,1350.3875922575776,-3266.60923448572,-1999.070266190297,1330.2712124211685,0.09183131884361065
9.2876019,TRACKING,1327.2045773267696,725.6961759635145,1350.5526354554966,-3266.5810887660446,-1999.032559169829,1330.2261780384445,0.06975103862421553
9.2915917,TRACKING,1327.1742154993865,725.7819006955423,1350.4263831964117,-3266.5780599290347,-1999.03691278168,1330.262857117875,0.03899851687474797
9.2969171,TRACKING,1327.309280389582,726.0036716741881,1350.6336840349145,-3266.5714822776586,-1999.0301754169784,1330.2748589570494,0.06239207217877168
9.3005327,TRACKING,1327.5138296004807,726.3394395307247,1350.6983403932468,-3266.602826264224,-1999.0349106297297,1330.297906943323,0.110202480017322
9.304162,TRACKING,1327.2876460896998,726.2937547890882,1350.7879328656081,-3266.5734780299213,-1999.0146480467056,1330.2562736118612,0.0682042290158855
9.3082582,TRACKING,1327.3508105892395,726.3371961587043,1350.8946072656306,-3266.5811865730684,-1999.0092771037093,1330.2806828457287,0.03206956864948182
9.3131632,TRACKING,1327.5946012094141,726.5293410607032,1350.9942032860743,-3266.6044137606555,-1999.0399900294942,1330.241372804853,0.06646182282848392
9.3170092,TRACKING,1327.3177625609849,726.3114645090541,1351.0822250263836,-3266.599580295395,-1999.0287572841435,1330.2290300765662,0.09441552128956701
9.3209367,TRACKING,1327.5926908154715,726.9079156573314,1351.1786914294294,-3266.585130776351,-1999.0473852587909,1330.2269920378142,0.1690162141871379
9.3251914,TRACKING,1327.396820291206,726.5560299520336,1351.1019520814991,-3266.6076099766515,-1999.074915744196,1330.2776292206502,0.09635764026033558
9.3298419,TRACKING,1327.724606077375,726.9782055301376,1351.244005374212,-3266.5945057089193,-1999.0292445898738,1330.2324660903453,0.11892086437105927
9.3337809,TRACKING,1327.7349972700026,727.0292705365167,1351.6399507791327,-3266.5775436413837,-1999.060557721345,1330.197948958145,0.10138612775567937
9.3376479,TRACKING,1327.799064068854,727.1025797675799,1351.4309169277412,-3266.5852396750906,-1999.0336415459014,1330.2486116323864,0.05963143845211334
9.3420735,TRACKING,1327.7669149446458,727.1994059612902,1351.7221391877497,-3266.6089386429408,-1999.0431525217866,1330.2156224824073,0.06972528439622139
9.3465443,TRACKING,1327.7314113354016,727.2283773492367,1351.9741279384218,-3266.5715137106963,-1999.0559309289154,1330.1970758627983,0.0572876023801151
9.3505305,TRACKING,1327.844497154151,727.2827562107624,1351.7770736116952,-3266.5938155905774,-1999.04964588964,1330.2374732431006,0.05860588811255203
9.3542963,TRACKING,1327.842207334238,727.2315623130091,1351.7127878544327,-3266.592359659293,-1999.0445826101384,1330.2132195681586,0.021831062897612878
9.3585295,TRACKING,1327.8978098175326,727.3546535074356,1351.7927895677055,-3266.575623173532,-1999.0512509387174,1330.179880080195,0.03708353327210933
9.3628708,TRACKING,1328.0313950119828,727.5316810787057,1351.8490017805975,-3266.6104352161656,-1999.047851048793,1330.294094896567,0.05270015650230937
9.3671572,TRACKING,1327.6468082530885,726.8307917115565,1352.277935841796,-3266.5960148294025,-1999.0302117952765,1330.2440767497299,0.2116622688330822
9.371284,TRACKING,1328.0274050759135,727.4581529768026,1352.1745133922966,-3266.6255248256775,-1999.0594772661757,1330.2301410549142,0.17956639908588645
9.3752854,TRACKING,1327.9682712637557,727.4583142881336,1352.3502178747478,-3266.5957977825647,-1999.066306284167,1330.2808515945476,0.04633091119231234
9.3797864,TRACKING,1328.0729934465069,727.6835468241937,1352.3448222543593,-3266.599212243324,-1999.0417493737682,1330.243032725827,0.05519801353846466
9.3838559,TRACKING,1328.113133837689,727.731477285579,1352.4210764924771,-3266.612825235008,-1999.051469213347,1330.250322988422,0.024230676726132865
9.3876538,TRACKING,1328.1259266027507,727.8774524857197,1352.5793930337074,-3266.6088140354886,-1999.0788914804584,1330.2368991409771,0.056800678687035616
9.3918251,TRACKING,1328.182237406353,727.9301422554522,1352.369563554166,-3266.5846890769603,-1999.0565655652745,1330.2716267952546,0.05359290198691538
9.3964446,TRACKING,1328.2420243218996,728.0154661851345,1352.8638554134552,-3266.600993615154,-1999.0616585749608,1330.1852853129797,0.10935221165069306
9.4004946,TRACKING,1328.1933368463474,728.2399935890381,1352.7792213761054,-3266.6178094976435,-1999.1019452594119,1330.249459260529,0.060453978136168665
9.404178,TRACKING,1328.3421542797194,728.3208534808092,1352.694054164159,-3266.5891571669285,-1999.060635523671,1330.2565828088163,0.05146719658248927
9.4084983,TRACKING,1328.227934498053,728.4200752593949,1352.9248462537375,-3266.6140378816312,-1999.083672738465,1330.2689666245483,0.06387611098486336
9.4130481,TRACKING,1328.1426984652128,727.9259744662429,1353.1714534807027,-3266.595314775632,-1999.084592440975,1330.2052501701703,0.12281041570275245
9.4172153,TRACKING,1328.439164252058,728.4336945540227,1352.8426429419105,-3266.6186455664756,-1999.075608428896,1330.2886457537609,0.16165240456506746
9.4209567,TRACKING,1328.3657823409887,728.5806588202867,1352.9631225906214,-3266.6127409924406,-1999.033849646113,1330.2478801663915,0.05444817728163079
9.425191,TRACKING,1328.4388137567232,728.6459550270484,1353.045128893154,-3266.597303879489,-1999.0220174190827,1330.2507705620772,0.03017226651962243
9.4297136,TRACKING,1328.4166067522194,728.873925055404,1353.2020687448883,-3266.599221326285,-1999.0536214562132,1330.243685584862,0.0613933017012075
9.4336001,TRACKING,1328.4731804324501,729.0063641514353,1353.141192355091,-3266.6208373223285,-1999.0580950040487,1330.2312000112975,0.04023007389330432
9.437671,TRACKING,1328.520723267012,728.949690431816,1352.8312528928225,-3266.611660601449,-1999.0622181629706,1330.2279462005645,0.07827387146426174
9.4416102,TRACKING,1328.5215074828886,729.1334879624967,1352.8872653065866,-3266.655311161356,-1999.0804283113378,1330.2974473442148,0.048777562751077155
9.4465376,TRACKING,1328.5441797584506,729.3424451401804,1352.7539709866667,-3266.591035450847,-1999.053251788305,1330.2503095524687,0.05051072375491152
9.4505193,TRACKING,1328.5001852799642,729.4517311321553,1352.7620110986052,-3266.5860436774906,-1999.05871651721,1330.2337254694783,0.02965641825838187
9.4543509,TRACKING,1328.6859118592731,729.5571880959303,1352.8626604245046,-3266.5971405704418,-1999.055411938929,1330.3093777509903,0.06162060962404346
9.4584223,TRACKING,1328.7189560942859,729.8603387994505,1352.7160776451744,-3266.5913176042327,-1999.0684125085736,1330.2105035388893,0.08310338752376921
9.4632942,TRACKING,1328.7185136254832,729.8068447059313,1352.6262523958617,-3266.5963978696373,-1999.0700344689003,1330.2200369065267,0.02145949256482037
9.4673379,TRACKING,1328.7250546796088,729.8188879709973,1352.5605786884385,-3266.6070372323297,-1999.0675355241233,1330.2386115220856,0.016590859863558075
9.4709836,TRACKING,1328.8903345651,730.0733447930436,1352.619089952956,-3266.6200647720884,-1999.109281010598,1330.2742679767398,0.08476106165490103
9.4750509,TRACKING,1328.9598488865154,730.1913422046783,1352.413957560936,-3266.608308993603,-1999.0394015904049,1330.20120153391,0.0606415500235017
9.4795947,TRACKING,1328.8963834942308,730.4010757573413,1352.5526009289495,-3266.5779981842875,-1999.0414062309987,1330.2508135957753,0.057067414219325145
9.4835706,TRACKING,1329.1503135043724,730.4879110251741,1352.1701764061963,-3266.6026098743855,-1999.0314439037795,1330.2463114663883,0.11750623311974245
9.4875672,TRACKING,1329.1343949432926,730.545114924522,1352.0128958500322,-3266.60592027832,-1999.028205516027,1330.2373590483103,0.042064658730669384
9.491728,TRACKING,1329.1480940006284,730.7631779838362,1352.1865513189448,-3266.602764353341,-1999.007598178754,1330.2982863615339,0.06707783242550315
9.496372,TRACKING,1329.2705115557035,730.8264245601724,1351.8497586237293,-3266.6089986505485,-1999.0489609755382,1330.219389188756,0.0783568939629399
9.5005327,TRACKING,1329.4017743196578,731.0670686644,1351.7832016393156,-3266.59618795178,-1999.0458871167034,1330.2480011994178,0.06779637113395307
9.5041518,TRACKING,1329.4744380691552,731.1087561550427,1351.4524587330352,-3266.6031659632445,-1999.0427473139443,1330.2333880546396,0.09427405898233596
9.508485,TRACKING,1329.6313981354033,731.1407568337299,1351.1517014493509,-3266.5953915196146,-1999.0672784948595,1330.2342601273547,0.078638689860526
9.5132497,TRACKING,1329.9352095190006,731.4730228987279,1350.8166251890536,-3266.5794189192666,-1999.0629524568317,1330.241185865776,0.11778898612986906
9.5171754,TRACKING,1330.1247774083447,731.7191820493659,1350.561319326218,-3266.5952104885782,-1999.046975277903,1330.2127591533877,0.10243613994204771
9.5209608,TRACKING,1330.175096389509,732.0211404964201,1350.3490193296543,-3266.581222558518,-1999.0715706295377,1330.2207281832043,0.09841359435076522
9.5256519,TRACKING,1330.2921459519964,732.1589414712508,1349.9986835015782,-3266.570242586364,-1999.0674204266863,1330.2156646119663,0.08403991588800461
9.5299338,TRACKING,1330.533583187306,732.3071075282115,1349.9404878235737,-3266.5940593385885,-1999.0480270892724,1330.2340231072994,0.06753817901703553
9.5337469,TRACKING,1330.7559014089306,732.7165639093954,1349.5694497431364,-3266.593031869668,-1999.047245343977,1330.22906013479,0.1562005300470791
9.5376056,TRACKING,1330.8992345972476,732.8534574407635,1349.5374337519481,-3266.5883836164685,-1999.0508798841809,1330.2199186637679,0.05203091067780294
9.5419646,TRACKING,1331.092936534691,733.1562367628609,1348.9739812110352,-3266.6052347742043,-1999.0350989782523,1330.2636485847652,0.15332349936415104
9.5465402,TRACKING,1331.0574062932976,733.4067506623849,1348.829847921422,-3266.62216424562,-1999.0508378987988,1330.2530340949606,0.0636406422500037
9.5504357,TRACKING,1331.2520220453218,733.568314905196,1348.6278993315568,-3266.5980266385786,-1999.0338903801949,1330.2550768495398,0.08308788503331412
9.554205,TRACKING,1331.4001452179796,733.8271010389974,1348.259309127037,-3266.5991500735718,-1999.050294976001,1330.22832022644,0.12577894922831243
9.5584556,TRACKING,1331.6413903759947,734.1553456649592,1348.0852339416504,-3266.6291976110138,-1999.0570390901694,1330.2877132139831,0.10421976567958455
9.56309,TRACKING,1331.931048992261,734.2539830678023,1347.6424794339944,-3266.5712461208923,-1999.041387102773,1330.2314000723632,0.11613229285487033
9.5670444,TRACKING,1332.087753628257,734.5002413784832,1347.2914387715784,-3266.5978139191807,-1999.0722036126112,1330.2629398259508,0.11545121880329608
9.5709343,TRACKING,1332.2845862877641,734.8409724397255,1346.797002161235,-3266.597398669204,-1999.0639821258094,1330.2566358759746,0.16244851263915622
9.5751163,TRACKING,1332.520839186374,735.0995899942122,1346.7877664833009,-3266.597398669204,-1999.0639821258094,1330.2566358759746,0.08378889293925156
9.5796821,TRACKING,1332.6544599287388,735.3841066036478,1346.6965293253925,-3266.6043339320377,-1999.0741577798774,1330.238775227833,0.07168618551315185
9.5836289,TRACKING,1332.8377530817274,735.6611078018439,1346.0959594651933,-3266.578163631865,-1999.052484367139,1330.2526636242494,0.1738881699513575
9.5879027,TRACKING,1333.0125163625655,736.0254634787752,1346.0075753403025,-3266.601364624092,-1999.0680455400568,1330.2435757877693,0.09678816443871822
9.5918309,TRACKING,1333.411879011743,736.2992728119857,1345.6251774108496,-3266.5955762556387,-1999.0343693720283,1330.2368443919318,0.1570696541329042
9.5964114,TRACKING,1333.417126398173,736.6527299923687,1345.4531305558155,-3266.607333000973,-1999.0564251077917,1330.2480082478892,0.08582921738178935
9.6005404,TRACKING,1333.9343165621724,736.9338612505735,1345.0649935839238,-3266.6022080937364,-1999.0532160869236,1330.2068266258716,0.1707685559744083
9.6042848,TRACKING,1333.9304740138105,737.3248030542748,1344.717398890232,-3266.5859109998823,-1999.0847061659024,1330.2632229607207,0.13971183873467888
9.6084439,TRACKING,1334.1989886293318,737.6445932764843,1344.5484064761486,-3266.5756126923525,-1999.0008706442004,1330.2518294414517,0.10830978361718643
9.6131987,TRACKING,1334.4453631687866,737.8014924726102,1343.888284053228,-3266.581982584582,-1999.0267033135756,1330.2222575082565,0.1518167505954425
9.6172676,TRACKING,1334.5930224796218,738.2743956293424,1343.5974682101307,-3266.5848055673514,-1999.0319019858302,1330.241522152557,0.14118530919213254
9.62088,TRACKING,1335.0369097989899,738.6144925889942,1343.1803855486935,-3266.5910666526115,-1999.03654651761,1330.232806930256,0.19311540587825493
9.6251019,TRACKING,1335.1216709061123,738.8289233435305,1342.9325738564307,-3266.6140107391566,-1999.0535416105026,1330.337907057598,0.08017485476851888
9.6297718,TRACKING,1335.3649683134224,739.1866930708009,1342.55691088963,-3266.6040825823484,-1999.088936417434,1330.2087606017399,0.12269817218286092
9.6343157,TRACKING,1335.6921221447233,739.6948801376979,1342.1353396608638,-3266.592539926653,-1999.0364082450915,1330.263399731827,0.1621711361095835
9.6378926,TRACKING,1336.0714410963094,739.7684883002844,1341.7590211653235,-3266.585621567655,-1999.0761644936222,1330.2527066243088,0.15079171543257672
9.6417979,TRACKING,1336.1718780863753,740.1955355439434,1341.6013498057475,-3266.6188711182417,-1999.0867227558615,1330.274695346847,0.11936929911638579
9.6466077,TRACKING,1336.5178316601607,740.548485040402,1341.449402137066,-3266.5859640673357,-1999.07934502699,1330.2364020442985,0.10750019992969422
9.6504053,TRACKING,1336.9655895595297,740.9424002647306,1340.9371877051046,-3266.5989136100648,-1999.0495137133466,1330.241792778954,0.2070103376561356
9.6542824,TRACKING,1337.3134557344874,741.2607431204234,1340.6704371122514,-3266.573934070967,-1999.0667399138053,1330.236688544479,0.1397345033261471
9.6583211,TRACKING,1337.454599577273,741.4860350196572,1340.4681278675312,-3266.573934070967,-1999.0667399138053,1330.236688544479,0.08271880072120842
9.6632146,TRACKING,1337.760996459064,741.827044151244,1339.812235914897,-3266.6057240511363,-1999.047272873121,1330.24288472497,0.16352821086226535
9.667161,TRACKING,1338.0880917457384,742.2199189714282,1339.8353402438686,-3266.600795275185,-1999.112782549775,1330.3255619154304,0.12967210133922824
9.6710653,TRACKING,1338.4130683307533,742.5505317367973,1339.3579347017667,-3266.6156672223,-1999.0415526430284,1330.2421450342217,0.1704416175511656
9.6750366,TRACKING,1338.6717549994705,742.7412316171979,1339.110218239624,-3266.5984971811513,-1998.9967010059406,1330.2817825332602,0.10217542062786446
9.6796932,TRACKING,1339.0440429207329,743.232283320904,1338.8116838496087,-3266.58351274535,-1999.0536791885906,1330.222675254795,0.14704469070584758
9.6837314,TRACKING,1339.3321586871912,743.4760725219531,1338.6617843083723,-3266.623004281412,-1999.053043122776,1330.2213478758422,0.10056355058234477
9.6876648,TRACKING,1339.6212184011026,743.6433441476003,1338.3093569097648,-3266.592623781822,-1999.0488068085772,1330.1914821120001,0.12343800155155532
9.6915398,TRACKING,1340.0442350012506,744.0797380632422,1338.205220757847,-3266.5810570874582,-1999.0373006829282,1330.226925169246,0.15912916641630248
9.6966671,TRACKING,1340.2451966706635,744.250448157846,1337.9859693745047,-3266.5582934278677,-1999.0303926841218,1330.2141881527948,0.06688250457985376
9.7004935,TRACKING,1340.723806427864,744.663687186046,1337.7245912339508,-3266.5935196043442,-1999.0547902025487,1330.234238503261,0.17881470275766
9.7041836,TRACKING,1340.8875151884515,744.9331141656322,1337.5301593040483,-3266.593512662164,-1999.0270474223375,1330.2273743219537,0.10037634371197401
9.7084446,TRACKING,1341.3376902580783,745.1142713705709,1337.2138223662896,-3266.614838947664,-1999.039941871281,1330.2500502207142,0.1359451075742803
9.7132787,TRACKING,1341.7898402747999,745.6923553205908,1336.9338566805127,-3266.5720153813368,-1999.0451389371071,1330.2335647446853,0.16249031155103955
9.7170734,TRACKING,1341.8227000026097,745.593363484938,1336.7582969075165,-3266.6019712265975,-1999.0773951732335,1330.1958738167698,0.053813662970318005
9.7209476,TRACKING,1342.2968137494452,745.9392584648872,1336.3187337712327,-3266.6172567562176,-1999.083110182671,1330.3389409112679,0.1892626575449819
9.7251249,TRACKING,1342.5167221811928,746.2657756654556,1336.0733407105954,-3266.6081019908643,-1999.042326515986,1330.253126333327,0.11104943168139607
9.7298018,TRACKING,1342.9382524060863,746.6996556050823,1335.907120596044,-3266.600184348514,-1999.044710790618,1330.2540566067503,0.13413810585751348
9.7338993,TRACKING,1343.1831744740437,746.8717248625937,1335.6859902186548,-3266.6171436109203,-1999.043042037155,1330.2263236075562,0.09082290899472048
9.7375721,TRACKING,1343.509259533238,747.2256586465899,1335.4652208612347,-3266.59330651368,-1999.0745894455897,1330.2704348697125,0.144160082168735
9.741905,TRACKING,1343.702250344714,747.4934394626323,1335.3632422282794,-3266.61592761455,-1999.0722436002188,1330.296360875868,0.07973253396033371
9.7466695,TRACKING,1343.9427776797263,747.7240206312439,1335.1270110110622,-3266.5967701631125,-1999.0351234975954,1330.244140383503,0.08572645765505549
9.7504323,TRACKING,1344.2071399355943,747.7351880167694,1334.8265379306788,-3266.6038805141056,-1999.0436169600189,1330.2446830349377,0.10640216325537027
9.7543498,TRACKING,1344.4603670206104,748.1875503034207,1334.6919084216381,-3266.6130068361,-1999.0307951166217,1330.2237902343866,0.13672302562219282
9.758879,TRACKING,1344.6412875397707,748.438326331667,1334.5355546053606,-3266.5979901551123,-1999.0334487854423,1330.2787802474134,0.07650520687572553
9.7632444,TRACKING,1344.9869837492543,748.7500763801986,1334.2014352720244,-3266.612496094371,-1999.0697084918527,1330.3239531979002,0.1312595874139066
9.7671267,TRACKING,1345.010804814108,748.9836253462257,1334.078402740875,-3266.5993369626804,-1999.0268642751716,1330.270388322232,0.06827044474025867
9.7709655,TRACKING,1345.220547333629,749.1192368208251,1333.784931799325,-3266.572628741811,-1999.057112033214,1330.2344313593176,0.10038731513477415
9.7751323,TRACKING,1345.3391317769333,749.3623923593908,1333.7736312141813,-3266.5853853064805,-1999.0612976507962,1330.2377579148629,0.06498192127691638
9.7797839,TRACKING,1345.4824352295084,749.481206248126,1333.4887037788144,-3266.592815411169,-1999.0543103801076,1330.2261945184482,0.07316778493221708
9.7837558,TRACKING,1345.66593571481,749.6303525516385,1333.2314579241818,-3266.607616447195,-1999.0516238071316,1330.2157188944882,0.08797234076196377
9.7874453,TRACKING,1345.723912033336,749.9864596890313,1333.257079319793,-3266.6122824162653,-1999.0732535563507,1330.2819014915408,0.09803613033862052
9.791558,TRACKING,1345.8964995237104,750.0674783320655,1333.128683873825,-3266.6007769186454,-1999.0389692347346,1330.242518936602,0.05589041444264899
9.7963335,TRACKING,1345.9217446562293,750.3892814796546,1333.181061307685,-3266.6007769186454,-1999.0389692347346,1330.242518936602,0.06847737989345518
9.8005692,TRACKING,1346.048116220705,750.4084196202057,1333.0923050767994,-3266.6259934640266,-1999.0705116890626,1330.2890716203894,0.03673715060785568
9.8044355,TRACKING,1346.2551245079028,750.6408047863558,1333.1231953093277,-3266.605665011369,-1999.0438917963033,1330.2766042050487,0.08089002624842284
9.8084803,TRACKING,1346.364458059743,750.8481057017718,1333.0544308242352,-3266.605141722858,-1999.0468718484271,1330.2545165361937,0.06038515604926465
9.8133785,TRACKING,1346.4785854746688,751.2100229151355,1333.0367947528985,-3266.6007571213195,-1999.0174344037794,1330.2726297007698,0.07755807077937522
9.8173444,TRACKING,1346.5702333392444,751.2832429084249,1332.8536810642674,-3266.6083118980014,-1999.0273459562331,1330.2932204344706,0.05483376256896528
9.8210161,TRACKING,1346.5802848943595,751.63154418223,1332.9520232348673,-3266.5995657701847,-1999.0438704180194,1330.2516144390775,0.09860772873098302
9.8254322,TRACKING,1346.6775444379793,751.6225060285353,1332.9176465602834,-3266.6026948907934,-1999.0488336078245,1330.2223515247322,0.02344857609352827
9.8301962,TRACKING,1346.7157734320663,751.6681190636749,1332.6407123962367,-3266.570281706306,-1999.0392048979809,1330.2368740950915,0.05945781157689076
9.8342321,TRACKING,1346.7724098092456,751.9797945383598,1332.6453917320805,-3266.598698513516,-1999.0532484339392,1330.175580026171,0.07849899766586756
9.8379966,TRACKING,1346.837563998914,751.9489237956922,1332.796727885172,-3266.59248410392,-1999.0396384197768,1330.227740409397,0.04452985556189088
9.842226,TRACKING,1346.936132089299,752.1919860353486,1332.4801067137455,-3266.592795629586,-1999.0626332444444,1330.223476898658,0.09721224532290117
9.8467447,TRACKING,1346.9496908905282,752.2941686175689,1332.5622981129284,-3266.5727970796497,-1999.0265074405245,1330.2175625005423,0.029175493768606654
9.8505887,TRACKING,1347.0938520402624,752.4712308324437,1332.6374050214438,-3266.573055544524,-1999.0512338600956,1330.197810362309,0.06252947274639993
9.8544661,TRACKING,1347.0938595407208,752.5125797755197,1332.425395636023,-3266.5974047421114,-1999.0487407187302,1330.2383879005333,0.05570845645927463
9.8586863,TRACKING,1347.262348303342,752.5755544955908,1332.1599856333437,-3266.5946478029077,-1999.0543599025757,1330.19778907475,0.07597254146102161
9.8631658,TRACKING,1347.3927058167008,752.7539398938777,1332.1865588742342,-3266.594295888561,-1999.0343114985042,1330.2389712164743,0.049677904815958115
9.8670925,TRACKING,1347.3812050108932,752.8915135587342,1332.1318408513077,-3266.6421180438715,-1999.0856816982164,1330.3276786963693,0.03781852431091356
9.8708497,TRACKING,1347.5731475862472,753.0287770615315,1332.1221479260014,-3266.6090742301326,-1999.050234686834,1330.3524230753817,0.06285848948512018
9.87509,TRACKING,1347.4505679936765,753.0845639326187,1332.2324820405295,-3266.623905742375,-1999.0657636793496,1330.3220761783552,0.04105891573805829
9.8799165,TRACKING,1347.6005425378316,753.0368908487038,1331.9205359674386,-3266.628361807762,-1999.0599401947586,1330.2532088831492,0.07239054352954961
9.8838661,TRACKING,1347.5988181692703,753.2409594347057,1331.932103891805,-3266.6012913621234,-1999.042160356434,1330.2061744504867,0.05175295446070017
9.8875536,TRACKING,1347.5174675277801,753.2670434599354,1331.9975602592274,-3266.5918529247074,-1999.045049417519,1330.2225326284954,0.029186061019767364
9.8918344,TRACKING,1347.767923098568,753.449212138457,1331.88188873016,-3266.5948587217267,-1999.050075918359,1330.2036656654109,0.07722748243761005
9.8965192,TRACKING,1347.7468674479126,753.5823706714469,1331.503512235245,-3266.602463655917,-1999.072610707701,1330.2224079463083,0.08574018621917032
9.900392,TRACKING,1347.6694800397977,753.4292494566475,1331.7630506780633,-3266.5916048371473,-1999.0655722423664,1330.1668208744818,0.08033442011518435
9.9042952,TRACKING,1347.7530393494742,753.8270426787797,1331.797419372526,-3266.59782911799,-1999.055429486028,1330.1869174410858,0.10451040402724542
9.9086017,TRACKING,1347.777947953844,753.8207834927126,1331.8462196147025,-3266.628737603709,-1999.0691423597339,1330.169637273517,0.012805290748325019
9.9130292,TRACKING,1347.8821702068524,754.0793704069654,1331.6933972252566,-3266.6218802747617,-1999.130194112473,1330.3157119256061,0.07180967617155756
9.9173562,TRACKING,1347.910276019718,754.1331502529606,1331.9220347408666,-3266.608478808043,-1999.0725369861889,1330.2392654358619,0.05466905491275675
9.9209379,TRACKING,1347.8943189266183,754.1876035845088,1331.9692909346961,-3266.5977367277096,-1999.0313354212255,1330.2492839270205,0.02061703612750631
9.9253277,TRACKING,1347.9326597778525,754.3357180133221,1332.0229179625042,-3266.64663851187,-1999.1255703319182,1330.3234683242838,0.036931677725876313
9.9296617,TRACKING,1347.9502900791704,754.3204487526341,1332.1031619133062,-3266.603482163882,-1999.035708589545,1330.3639783418816,0.019281209559682815
9.9337796,TRACKING,1348.0131165752975,754.4376924714646,1332.079930372032,-3266.637239954313,-1999.0885860933472,1330.3171848296643,0.03279086145243571
9.9376919,TRACKING,1347.8726081207528,754.5864912835249,1332.449396638658,-3266.605385515519,-1999.0475347217223,1330.2742975806125,0.10795727847701951
9.9416809,TRACKING,1348.039891006456,754.6505126327879,1331.9092294892002,-3266.6146522996037,-1999.0578470951739,1330.2567022232954,0.14266470014771185
9.9465065,TRACKING,1347.9057322874066,754.7447677067097,1332.0913253520898,-3266.5876582422716,-1999.048274217154,1330.2420037198797,0.05077785949717101
9.950527,TRACKING,1348.0885586107456,754.7962804558961,1331.8543750035474,-3266.602525825411,-1999.0740943456467,1330.222527310086,0.07553410326229194
9.9546785,TRACKING,1347.9919772892576,754.7867228163456,1331.928561113407,-3266.6275752020038,-1999.0711522756353,1330.3254638574497,0.029425324911236363
9.9587652,TRACKING,1348.1420256865526,755.0362778908495,1331.7931908911069,-3266.622285514331,-1999.056875747777,1330.221742074796,0.07857657992288881
9.9630151,TRACKING,1347.9749248700348,754.7816982119244,1331.8853310280185,-3266.600850204028,-1999.0533497107658,1330.183505246527,0.07486201904975909
9.9673845,TRACKING,1348.1546094749517,755.0905940714807,1331.872625146192,-3266.5820944810016,-1999.0174450036843,1330.2241576748147,0.0818377047683609
9.9709582,TRACKING,1348.0392395317897,755.2016371773402,1331.9756256780925,-3266.6079666609453,-1999.062019248246,1330.1879994830333,0.053276457849894085
9.9750658,TRACKING,1348.0948977161254,755.3126475008355,1332.1730181140283,-3266.588120837869,-1999.0773043054533,1330.190676942731,0.05677419938927895
9.980026,TRACKING,1348.144814137102,755.3194072265935,1332.0892173709346,-3266.6171056212715,-1999.0342888316188,1330.2434107000163,0.019711862336688014
9.9838048,TRACKING,1348.1434570493584,755.4408234051018,1332.0319971553247,-3266.5990947472797,-1999.021394193062,1330.246997419073,0.03552204634441738
9.9876663,TRACKING,1348.0990381220247,755.495000800324,1332.1926075008885,-3266.620718499087,-1999.05246300135,1330.301033235743,0.04537752804386628
9.9917469,TRACKING,1348.3210331760451,755.5537012017032,1331.9749978502248,-3266.6310186733904,-1999.0672014242868,1330.3002384668966,0.07752698242240642
9.9962835,TRACKING,1348.0289338991702,755.489284078984,1331.9391220398109,-3266.624163484742,-1999.0330924147997,1330.249906355304,0.06640694024632521
10.0005533,TRACKING,1348.2262566392208,755.6580076066426,1331.8105540635408,-3266.6343682202764,-1999.0776845204734,1330.3458156746065,0.06785165366485245
10.0043231,TRACKING,1348.216980626306,755.6430045048799,1331.70045077397,-3266.609068780678,-1999.0630108411262,1330.2424409587675,0.0295790950829185
10.0086007,TRACKING,1347.968151324546,755.5365868131694,1331.9673562667867,-3266.606524923733,-1999.070317126972,1330.2732380329212,0.08885924649641185
10.0130336,TRACKING,1348.0742276690935,755.6464464094167,1331.7382764826632,-3266.5849653706127,-1999.0462091141521,1330.2839034795365,0.062107411496858105
10.0172771,TRACKING,1348.1325992427394,755.7409317983927,1331.5972030517885,-3266.5910793935254,-1999.0833133099527,1330.3060997132502,0.04231061578023615
10.0210387,TRACKING,1347.891531526862,755.6912630360619,1331.8915176400396,-3266.6127622697823,-1999.0843537109877,1330.3176432319635,0.10199615741340724
10.025311,TRACKING,1347.8465915881065,755.7437083941027,1331.9656815754415,-3266.5851993638626,-1999.0414597865874,1330.252764976038,0.023720945801338118
10.029779,TRACKING,1347.8141321484263,755.9567454465885,1331.9488069899498,-3266.593069068648,-1999.0644778097655,1330.2345071777006,0.0483785563832991
10.0339562,TRACKING,1347.9564447328835,755.7589234581799,1331.7579125230047,-3266.5847198112774,-1999.0443703705598,1330.2476003780444,0.07410694704327749
10.037638,TRACKING,1347.7479095269878,756.0272995803745,1331.8358682820017,-3266.593271835908,-1999.09512772044,1330.240028820929,0.0947083640291106
10.0416519,TRACKING,1347.8788610515635,756.0190566928958,1331.8193759395608,-3266.623998150233,-1999.0518170024698,1330.296184206551,0.03294629310087153
10.0464804,TRACKING,1347.8113296939825,756.0613832145934,1331.7987269286934,-3266.6052720545754,-1999.0271769554383,1330.2566215861075,0.017051059584313858
10.0505656,TRACKING,1347.8840806642734,756.1562663538568,1331.744526958221,-3266.645112636405,-1999.084230700554,1330.3044149983734,0.03213431291041201
10.054305,TRACKING,1347.6883910228075,756.0783405688201,1331.7732629251725,-3266.619503443607,-1999.0266177593574,1330.2445122955116,0.056850178686787226
10.0584457,TRACKING,1347.7463006107528,756.1572591359358,1331.6171983372676,-3266.6157154199373,-1999.0333942801733,1330.2658636912236,0.04449059156663481
10.0630766,TRACKING,1347.6918037758942,755.9990150558851,1331.5287000397334,-3266.6178150833684,-1999.035287925492,1330.2639087936032,0.040882460986263226
10.0672221,TRACKING,1347.703764085214,756.0322394671666,1331.4386570562647,-3266.6080563010473,-1999.0234256835079,1330.23898679946,0.023331187164865774
10.0710048,TRACKING,1347.6662089444253,756.0213114401232,1331.427817374109,-3266.6177767477147,-1999.0440654448778,1330.2230570607255,0.010729652264445002
10.0751507,TRACKING,1347.439389928282,756.0004184434457,1331.369697695293,-3266.612983459864,-1999.04233655361,1330.2686833049293,0.056701121540399683
10.0797975,TRACKING,1347.4463828231503,755.9833984809379,1331.4808938012684,-3266.6059456016706,-1999.0594477374318,1330.2843861364436,0.02425502884747082
10.0838939,TRACKING,1347.4436851467606,755.9707780645664,1331.3796239485164,-3266.600670652167,-1999.0694713679961,1330.2241964636,0.024921604464173262
10.0876361,TRACKING,1347.2156818616234,755.9651010656713,1331.369506803837,-3266.582912896745,-1999.0780983271015,1330.2403739863146,0.06100642202662414
10.0919907,TRACKING,1347.0502562572633,755.8606572891848,1331.5851617456115,-3266.603680465283,-1999.1271442609532,1330.3203222332359,0.06686540477115466
10.096523,TRACKING,1347.2276009022626,755.9185594903938,1331.4384904821775,-3266.6027227440472,-1999.101346951135,1330.2684779803963,0.0523598273450948
10.1006818,TRACKING,1347.0037981490914,755.8422647478163,1331.5105165477212,-3266.6212788450594,-1999.1556730054674,1330.2791938403373,0.05943461723992892
10.1041574,TRACKING,1347.0244828577681,755.9118407365098,1331.264442552996,-3266.5816346929596,-1999.0423929460055,1330.2330150348337,0.07381637842877814
10.1084298,TRACKING,1346.9351270923307,755.8389266042038,1331.3577800721196,-3266.615267049604,-1999.0363472045856,1330.2978127258118,0.03472689030094851
10.1129495,TRACKING,1346.6597664558185,755.7536067399747,1331.1800084819256,-3266.572119479836,-1999.0283258466134,1330.3052573185562,0.07493468505487337
10.1171582,TRACKING,1346.6617081796905,755.6097874719827,1330.9776272140978,-3266.608351336102,-1999.0375919681826,1330.2715099467791,0.05899350956496827
10.1209894,TRACKING,1346.5753260642277,755.5809796080682,1331.0270707627863,-3266.6052814188574,-1999.039112190127,1330.3003223242251,0.027045503553611083
10.1254374,TRACKING,1346.4927471438284,755.6846923598829,1331.0267146892588,-3266.609137270023,-1999.0512156476516,1330.2237712775584,0.029805199169936413
10.1298487,TRACKING,1346.3150825332796,755.4741601061986,1330.8061067680528,-3266.6135839750964,-1999.0444889587138,1330.2477377810883,0.08000487064519915
10.1339764,TRACKING,1346.2886522937158,755.4043577495659,1331.0936410871705,-3266.6120382668705,-1999.0661668862454,1330.2111739463685,0.07196836416296952
10.1377596,TRACKING,1346.0333084169795,755.2703357870425,1330.9360435680003,-3266.6051931644397,-1999.0601051679178,1330.230287947597,0.08686629323873571
10.1418113,TRACKING,1345.8127684491667,755.1785086773077,1331.0087887417176,-3266.636561832611,-1999.0869684250063,1330.2728021917364,0.06163431620068786
10.1463053,TRACKING,1345.6158414337817,754.9447449116622,1331.1693963077419,-3266.643407855353,-1999.095714928591,1330.2452551210868,0.07683205869939189
10.1503976,TRACKING,1345.5336256674389,754.9765034137008,1331.237944491874,-3266.591443947015,-1999.0605140459493,1330.24433666513,0.02728422167623442
10.1542098,TRACKING,1345.4617796664036,754.9779154161172,1331.1496817507707,-3266.600150535868,-1999.0797222680828,1330.1935143063208,0.029855808431410558
10.1583064,TRACKING,1345.4207206009937,754.8406240209848,1330.9673007609426,-3266.587637771152,-1999.0618134266972,1330.2654221956298,0.05661843854651249
10.1629612,TRACKING,1345.3917574820398,754.8000324945004,1331.0291149568,-3266.6183660785546,-1999.077535410523,1330.2802861280118,0.01706194766421812
10.1669656,TRACKING,1345.0236517334333,754.6274394597326,1331.171442165935,-3266.6088389079764,-1999.0542096075117,1330.245239595463,0.10756965792764041
10.170977,TRACKING,1345.1226192289928,754.6684817083259,1330.9585264507168,-3266.572570668747,-1999.0368727101898,1330.2461754961873,0.059418895933156905
10.1751856,TRACKING,1344.9524349227108,754.5513480157896,1330.964170825431,-3266.5959923569435,-1999.0410269666531,1330.2813567404621,0.04910795369849371
10.1796807,TRACKING,1344.9785761038274,754.398914080822,1330.9703950569847,-3266.604046498702,-1999.0600212689085,1330.2320115186524,0.034434025616429983
10.1837844,TRACKING,1344.7150074468805,754.5523570459246,1330.9174806051924,-3266.6085900333524,-1999.0410529422227,1330.2762228272122,0.07542874575496848
10.1875697,TRACKING,1344.707961306113,754.4090159186297,1330.9763289719385,-3266.601001993506,-1999.0481776387276,1330.24528915518,0.04097723093209953
10.1916465,TRACKING,1344.660164817296,754.3380891491106,1331.167838890524,-3266.604192928564,-1999.0824821149579,1330.317500912322,0.05144738441924435
10.1965424,TRACKING,1344.6729291193872,754.3072537165087,1330.9205953723742,-3266.6133308434814,-1999.0266237158266,1330.2129668565638,0.05095808495353234
10.2006247,TRACKING,1344.7051713749736,754.267545468903,1331.013170814661,-3266.6236373921975,-1999.0546965788096,1330.2853787132221,0.025908519354382147
10.204278,TRACKING,1344.5807879510212,754.1869598223051,1330.9669837211964,-3266.614109231173,-1999.028285235894,1330.2484552440892,0.04249227081418028
10.20845,TRACKING,1344.5666300024657,754.2902833293068,1331.220379830465,-3266.620428999319,-1999.0660854168602,1330.287525086314,0.06568021362448917
10.213205,TRACKING,1344.6290081212255,754.3628459581845,1331.314875925695,-3266.6192153592024,-1999.0710435090086,1330.2704655793075,0.028282595553161267
10.2171712,TRACKING,1344.605159009893,754.0487161557508,1331.3687857348827,-3266.5981488306525,-1999.06404330562,1330.2216711658468,0.08058423001710584
10.220981,TRACKING,1344.5813848839941,754.2956864074506,1331.2546799879954,-3266.5981488306525,-1999.06404330562,1330.2216711658468,0.07168164306258225
10.2252328,TRACKING,1344.4954892230685,754.0192456111336,1331.2090847940324,-3266.593761389589,-1999.0650672803602,1330.2173630700674,0.06892302667588138
10.229828,TRACKING,1344.6329527616751,754.0241049093217,1331.4004499629384,-3266.583257418477,-1999.0516177945165,1330.2095717143266,0.05128617829946744
10.2337788,TRACKING,1344.8214528420226,754.2052657701252,1331.4002273110186,-3266.608129863565,-1999.0717891714687,1330.3488291494536,0.06617428496406591
10.2376176,TRACKING,1344.6854900820972,753.8429637955998,1331.4172636996307,-3266.592474399835,-1999.058228273635,1330.243154560578,0.10090352778415615
10.2417931,TRACKING,1344.8166647136406,753.9093397044347,1331.3009329961646,-3266.5993096679526,-1999.0359633160256,1330.3025727700785,0.044897857797418214
10.246557,TRACKING,1344.863867000898,753.914856605307,1331.4024581277704,-3266.6055779145604,-1999.0551838911936,1330.265075322549,0.023530610952065184
10.2503539,TRACKING,1344.8889862956628,753.9829852688713,1331.2705560814409,-3266.5788817292655,-1999.016974176985,1330.2903141408935,0.039655439321989366
10.25436,TRACKING,1344.7738923431675,754.0376652551636,1331.3930410403427,-3266.6066229716394,-1999.0440172645042,1330.3015572515433,0.04411917260520373
10.2583749,TRACKING,1344.8527197972476,753.9708822582902,1331.3749529362583,-3266.58590496272,-1999.044471877854,1330.2915595548136,0.02612400063332365
10.2632796,TRACKING,1344.9555651671487,753.9953021761463,1331.0844468991513,-3266.601269011414,-1999.0845103439858,1330.2456171234921,0.06302924703428209
10.2671687,TRACKING,1344.7587729283082,753.8973016891487,1331.116909690063,-3266.6226019007995,-1999.1032944290125,1330.3293786663223,0.0571411422825174
10.2710181,TRACKING,1344.8860499020213,754.0875758389193,1331.0236951069069,-3266.6228586949956,-1999.053385035457,1330.2573667168851,0.06420981216884745
10.2751488,TRACKING,1344.8037568221912,754.0958125245322,1330.9055878025647,-3266.618199764443,-1999.0423341460976,1330.2428298245752,0.03490571872437537
10.2796194,TRACKING,1344.7795686482361,754.0359438384058,1330.762492573109,-3266.6331618209206,-1999.0582020707184,1330.2348779375861,0.035115886574705386
10.2837463,TRACKING,1344.7374161737275,754.007258141316,1330.838626040099,-3266.606720053803,-1999.0659458766904,1330.1814698264184,0.022203037983368857
10.2876547,TRACKING,1344.8460682098753,754.0403781486286,1330.6362510712886,-3266.6262722303973,-1999.0668201890205,1330.257241147397,0.05937797906708857
10.2919941,TRACKING,1344.6878713639978,753.905043814279,1330.7591113031494,-3266.609440774317,-1999.089186170899,1330.228514313387,0.05570722489162226
10.2965654,TRACKING,1344.8403117700157,754.0510642528225,1330.883674941006,-3266.621625625215,-1999.0287035689494,1330.2264834013652,0.05361808606446917
10.3004581,TRACKING,1344.8417177042584,754.0163924066804,1330.604517037564,-3266.614982522676,-1999.0578651454778,1330.2296440830146,0.07226509241404101
10.3044421,TRACKING,1344.796488084839,753.9161441130091,1330.724164923945,-3266.618366169587,-1999.0561689627891,1330.2690093068927,0.04079186388143626
10.3084209,TRACKING,1344.7746866346833,754.0133611976613,1330.745972595508,-3266.5994581031114,-1999.0483585520478,1330.2562801140796,0.025633454396270544
10.313047,TRACKING,1344.7733349129487,753.8313605465905,1330.5654880625277,-3266.602852193358,-1999.0088711756464,1330.2951563361873,0.055407695011192394
10.3171676,TRACKING,1344.6409560680006,753.8764518892217,1330.6625738537628,-3266.612197110463,-1999.0903338896658,1330.3544702977656,0.04131535603498329
10.321024,TRACKING,1344.805353793242,753.8174510389478,1330.716491920825,-3266.603862511823,-1999.0666879647677,1330.3015641910513,0.047401034066555235
10.325168,TRACKING,1344.7711701148253,753.8549985906515,1330.6633805477081,-3266.596897186308,-1999.0815381660211,1330.2481678780614,0.017731414029549187
10.3294454,TRACKING,1344.7301195736422,753.7509884595141,1330.4949872413113,-3266.5895363984846,-1999.053495627051,1330.2601749170221,0.0472570902524483
10.3334986,TRACKING,1344.7416851257128,753.6107410557968,1330.436297916648,-3266.615159096496,-1999.0884441270239,1330.3430644695413,0.03761754101321922
10.3380596,TRACKING,1344.893773982111,753.7345820414604,1330.4616200551823,-3266.597912346411,-1999.082314913061,1330.2575924075181,0.04335880335440325
10.3421,TRACKING,1344.784456503949,753.8080591721631,1330.5072312778243,-3266.596771113165,-1999.0854088859069,1330.2938794169088,0.03449906953018838
10.3468425,TRACKING,1344.8560320585955,753.8128424537206,1330.3360381740438,-3266.633353190106,-1999.1046051048095,1330.18783988405,0.03913869128380029
10.3505646,TRACKING,1344.9059107412036,753.6977613616767,1330.1656586645638,-3266.606114231576,-1999.1125776402873,1330.2943873870838,0.05684083970713056
10.3543969,TRACKING,1344.753387728505,753.7266088979101,1330.266557091951,-3266.6496492468086,-1999.0791573113909,1330.269679480233,0.0483097959353445
10.358484,TRACKING,1344.948835013988,753.7689134769142,1330.2260434641544,-3266.616305379772,-1999.0475795054044,1330.2575197967176,0.04992193968462075
10.3631394,TRACKING,1344.934122365326,753.7402654754628,1329.9679696055948,-3266.614284708601,-1999.029855287904,1330.2263351466136,0.055865347761314445
10.3671842,TRACKING,1344.8602233363235,753.7094384064513,1330.0335934058494,-3266.6105704245238,-1999.027873875426,1330.2482824188364,0.025595106662213363
10.3716603,TRACKING,1344.9682065060808,753.6610297102355,1329.5608150365651,-3266.5956088576854,-1999.0360290994838,1330.2617023168018,0.10888127419604347
10.3750901,TRACKING,1344.944154668172,753.7059753100452,1329.5875482729086,-3266.6172298108813,-1999.02723452693,1330.2453195331163,0.016782598703154173
10.3801301,TRACKING,1344.9288297332803,753.6504956817877,1329.386363925712,-3266.604878782069,-1999.0560171049713,1330.209094351827,0.04151900533105242
10.3838732,TRACKING,1345.0603868817564,753.6664196916224,1329.0709719694007,-3266.591969568376,-1999.0270459284677,1330.2344193496474,0.0913950414781492
10.3877437,TRACKING,1345.2626875529902,753.57717398045,1328.724525195871,-3266.5870910242274,-1999.0268174351406,1330.2636381858008,0.10618617315655371
10.3918584,TRACKING,1345.3494141567878,753.6860867401753,1328.6380839858055,-3266.6105387064954,-1999.0566328018829,1330.2542520031634,0.03982713423837512
10.3969084,TRACKING,1345.3771926382221,753.6100231673847,1328.2939372035542,-3266.5907881240487,-1999.0600264314571,1330.2490590975888,0.07000898142010006
10.4006035,TRACKING,1345.3448369479556,753.6269392722219,1328.179149263615,-3266.583659498041,-1999.0563969898656,1330.2130393117584,0.03259847474574853
10.4043173,TRACKING,1345.4248985861927,753.6676666802795,1327.7966475893238,-3266.591261185406,-1999.0590196227288,1330.2589765577943,0.10579656000035338
10.4085882,TRACKING,1345.615170503789,753.5200972995938,1327.6255600932307,-3266.5929819576704,-1999.0950933479958,1330.2688227145647,0.06916174515303698
10.4135,TRACKING,1345.680066876691,753.6218771978279,1327.5503732455218,-3266.5757665661217,-1999.0619333135144,1330.221898348576,0.028952772522031486
10.4175939,TRACKING,1345.5291718279057,753.6196988029583,1327.2934599269395,-3266.6278678654207,-1999.1635213023405,1330.3565094524126,0.07278078015743106
10.4212944,TRACKING,1345.651926430203,753.4729868797523,1326.9004159927765,-3266.5770695511505,-1999.0537253577074,1330.1998080070666,0.11812541870668898
10.4253308,TRACKING,1345.684372667931,753.6348900284615,1326.6417055019394,-3266.6065739928013,-1999.0658330776212,1330.255053171664,0.07603668936070987
10.4298286,TRACKING,1345.732700219811,753.5990791984354,1326.5129587431643,-3266.6307491972407,-1999.042817088853,1330.3242093450601,0.03159422915657227
10.4338199,TRACKING,1345.4614322870616,752.8409883752679,1326.2910743660555,-3266.6244750956794,-1999.0847659887627,1330.2206332261374,0.2092493738216195
10.437714,TRACKING,1345.4910544004158,753.1774638292172,1325.8738532814987,-3266.6379377635512,-1999.0266481192305,1330.2689867518602,0.13785253185946075
10.4418882,TRACKING,1345.4087183767176,753.2351186636986,1325.2903127783584,-3266.6329209622313,-1999.0464467966185,1330.2527822557222,0.1418557143725687
10.4464592,TRACKING,1345.3914852198106,753.0871731060228,1325.1355985730381,-3266.641978263881,-1999.0332039067737,1330.265019168905,0.04698289870818209
10.4504751,TRACKING,1345.5697241312798,753.0580963294993,1324.8047954913397,-3266.6430639285427,-1999.0546079119176,1330.27326028709,0.09384917598893895
10.4543017,TRACKING,1345.527845715398,753.1042197804787,1324.5536823962047,-3266.6088273777877,-1999.0342155496821,1330.250792891627,0.06761241000375472
10.4584819,TRACKING,1345.4818225868287,753.1027867659892,1324.2398595335635,-3266.6327468218306,-1999.0409598247513,1330.2305085294101,0.07587743812005592
10.4631867,TRACKING,1345.5311842696935,753.0063375071296,1324.2164239827982,-3266.6170050929677,-1999.051616373285,1330.2576113354414,0.02356155964481061
10.467617,TRACKING,1345.49017104278,752.9414719075984,1323.9143029933223,-3266.6100896326116,-1999.0676506839668,1330.2195318077497,0.07035996950242572
10.4709907,TRACKING,1345.5495240110558,752.9422433207753,1323.4938636903512,-3266.6063837096444,-1999.0706300469735,1330.2059060349243,0.1258584742238469
10.4751745,TRACKING,1345.3451875332416,752.9334766368657,1323.630532088718,-3266.609986268603,-1999.0653667064587,1330.2102794403131,0.05879457902866806
10.4800304,TRACKING,1345.4897733372177,752.7876449755661,1323.2213516753993,-3266.621647211405,-1999.112356502669,1330.2195081955408,0.09428149552530316
10.4838687,TRACKING,1345.4847048801253,752.757301381123,1323.0898713999698,-3266.5931807648726,-1999.0479024016745,1330.203188727811,0.03518000814452829
10.4876669,TRACKING,1345.468618159631,752.8093329504491,1322.818114648257,-3266.6157071520724,-1999.0953156467856,1330.237566461447,0.07297147081413143
10.4918263,TRACKING,1345.3466370398721,752.5240877655048,1322.650101650544,-3266.6069395965815,-1999.1034336440616,1330.2668558748533,0.08482153980864486
10.4965579,TRACKING,1345.3809053253203,752.3649296523404,1322.240989465478,-3266.606001573925,-1999.044426687232,1330.236564732759,0.09305863774908524
10.5002541,TRACKING,1345.2909541946776,752.2983515145287,1322.0291224117625,-3266.6138370397316,-1999.0153309693846,1330.2468751071206,0.06482521932454723
10.5045011,TRACKING,1345.317538417137,752.3030938020722,1321.8769085762196,-3266.618239490766,-1999.0179513691533,1330.2652601993084,0.03639995922676511
10.5087148,TRACKING,1345.1614139670567,752.1093626193145,1321.423203263111,-3266.6400087665224,-1999.02731629952,1330.2303733643507,0.12280195616544395
10.5132277,TRACKING,1344.9957979231285,752.0578070410769,1321.267452389739,-3266.6389377511036,-1999.0545591514247,1330.2262275124838,0.05165638749427438
10.5173903,TRACKING,1344.7875850759638,751.9289073947266,1321.1451951728309,-3266.6482716755518,-1999.0680579583177,1330.2780507897758,0.0657534229605774
10.5214055,TRACKING,1344.8010939699236,752.0150571632113,1320.5100009259206,-3266.6483025927528,-1999.0616154550078,1330.225842934017,0.15968123412666313
10.5252296,TRACKING,1344.5937731750478,751.7035571391611,1320.6300872601757,-3266.638075042171,-1999.0305817035287,1330.2459898117172,0.10276458946433788
10.5296165,TRACKING,1344.5964063133374,751.7718018906344,1320.1670228686055,-3266.6255344300293,-1999.0716015210423,1330.2180621202167,0.10669803649137798
10.534178,TRACKING,1344.442689851141,751.6181667019508,1319.9565742618108,-3266.6369273843657,-1999.0557953967132,1330.193411744741,0.06632129943055427
10.5376871,TRACKING,1344.5635705441227,751.5246160223306,1319.6245156736447,-3266.6018640427583,-1999.057544589391,1330.1768433666914,0.10417200019893617
10.5420591,TRACKING,1344.3290338488964,751.403145446194,1319.3931990125668,-3266.6218355810106,-1999.0490887551323,1330.1807030334887,0.08030608870739005
10.5465974,TRACKING,1344.0634550832567,750.996359952588,1319.3848733384457,-3266.5931223527627,-1999.0286753607836,1330.2134677007277,0.10706131330181737
10.5506034,TRACKING,1344.090634148495,751.0355877482922,1319.0954737947898,-3266.6119158680463,-1999.0932922413824,1330.2780519057287,0.07321718893970737
10.554324,TRACKING,1344.054285752188,751.0786037765649,1318.6746223109628,-3266.638040188235,-1999.097122788976,1330.28812807533,0.11412213662283896
10.5583681,TRACKING,1343.9763148974687,751.0258043849658,1318.6510848074884,-3266.595788110729,-1999.0342405938316,1330.2310540801539,0.024001160438116988
10.5632526,TRACKING,1343.9147094236173,750.7531348881661,1318.3628121407028,-3266.6093265954382,-1999.036385400621,1330.248332466419,0.08220969564374593
10.5669682,TRACKING,1343.953036119876,750.8291345492491,1317.8108268703836,-3266.6290705784468,-1999.0614565744247,1330.3854902410728,0.15031469647101606
10.5709377,TRACKING,1343.81234993524,750.5461931826512,1317.84431057269,-3266.6145610639633,-1999.0374066153609,1330.259726841433,0.08004965487704797
10.5751184,TRACKING,1343.774042010341,750.3979189860613,1317.6240073454417,-3266.6069646703663,-1999.0696185377099,1330.2558648932497,0.06417646035201283
10.5800866,TRACKING,1343.6449469880372,750.2056963056638,1317.1231902885497,-3266.6208822362664,-1999.0614035402855,1330.2628909633206,0.11105718378824901
10.5838082,TRACKING,1343.4991423485778,749.9215008368868,1316.959556912533,-3266.6056639603876,-1999.0471871479594,1330.2571934650507,0.09643429450901715
10.5877519,TRACKING,1343.4315855723796,749.8704589776559,1316.6875513645346,-3266.617242103234,-1999.0564052360037,1330.2340593966226,0.07223655093422658
10.5920029,TRACKING,1343.3084663525958,749.6187709806759,1316.5539581518608,-3266.610758521158,-1999.0475432198443,1330.2257626038358,0.07301969599148099
10.5966669,TRACKING,1342.9350948693038,748.8972547654678,1316.4245923757553,-3266.6211873715947,-1999.0501632231203,1330.217605866877,0.1763795963257188
10.6004761,TRACKING,1342.9802370606096,748.7912479926531,1316.2568632925952,-3266.6335024576906,-1999.074864363423,1330.2007706615373,0.05342074223118558
10.6042251,TRACKING,1342.9425447585552,749.1640508256958,1315.7658385057823,-3266.60545159865,-1999.0554188653095,1330.1945137186704,0.1647541587970822
10.608497,TRACKING,1342.8074982895168,748.9059650762758,1315.5695185384366,-3266.6390045661083,-1999.0723129433386,1330.2920608438524,0.08222695534295861
10.6130295,TRACKING,1342.6096578960655,748.8175068866266,1315.6168034422994,-3266.628154373272,-1999.0736114655942,1330.1956731980836,0.04893859672377897
10.6170325,TRACKING,1342.5230037289793,748.7150186298622,1315.2960841907613,-3266.6354456629415,-1999.080223610581,1330.2763910727774,0.08685207218559961
10.6210092,TRACKING,1342.366893347123,748.5855260881649,1315.1492574477325,-3266.6122088542306,-1999.0511481180401,1330.2825776041655,0.0629651255422265
10.6250221,TRACKING,1342.298581017496,748.536493938005,1315.0347570513925,-3266.6146848446847,-1999.0422620331576,1330.2212115759835,0.03540085274333517
10.6299001,TRACKING,1342.1134896116807,748.3031593101027,1314.6897864539874,-3266.6069622132222,-1999.0362290812495,1330.288290921347,0.09342980297058275
10.6339551,TRACKING,1341.8877179758658,748.0690749119316,1314.477133673062,-3266.618882098096,-1999.0756807806044,1330.3328398986991,0.09582582692773392
10.6379199,TRACKING,1341.7889345575727,748.0162621375905,1314.1242833651684,-3266.607064781899,-1999.0509931950796,1330.263825721093,0.09337257432910939
10.6420046,TRACKING,1341.7115172929443,747.9860656633531,1313.7984922990745,-3266.6083551346396,-1999.0805223481916,1330.3536725633878,0.08231247584027693
10.6466304,TRACKING,1341.5400738337098,747.8733561511128,1313.8240528837537,-3266.589791610255,-1999.0421983687477,1330.305024312752,0.04469710197297836
10.6505095,TRACKING,1341.625195379652,747.7863665148536,1313.5703164187723,-3266.5966442125236,-1999.0938377483167,1330.3575824510833,0.07254677193484332
10.6544186,TRACKING,1341.4951328692837,747.728988722457,1313.3541852419391,-3266.58646777555,-1999.0619670892227,1330.2907587038226,0.06617667276748837
10.6586196,TRACKING,1341.156480439909,747.5454801965325,1313.3191732286646,-3266.5978588372304,-1999.0516021807923,1330.2530207066072,0.09206483769600593
10.6630356,TRACKING,1340.991247629817,747.4387495858721,1312.992703412878,-3266.6028644880143,-1999.0600680036805,1330.270114820424,0.0863112966379296
10.6671072,TRACKING,1341.068363998909,747.3912833158591,1312.705692003243,-3266.634902780094,-1999.083485179748,1330.2823340117163,0.07391632006407776
10.6710394,TRACKING,1340.7604943269712,747.3517214322095,1312.8861082223314,-3266.5869772576975,-1999.0496047635274,1330.227856315871,0.09130382866552819
10.6755283,TRACKING,1340.7316228996917,747.3590324440643,1312.702875598108,-3266.613244285149,-1999.0571392235274,1330.2268927359419,0.0413547402777289
10.6799517,TRACKING,1340.6321569176396,747.2512035829661,1312.246587579996,-3266.626605952294,-1999.0830241649012,1330.302965588552,0.10835339633885194
10.6839674,TRACKING,1340.4535124353285,747.0537250042505,1312.0912419207007,-3266.6188916132924,-1999.0319396347445,1330.2469729834468,0.07677165370669026
10.6877008,TRACKING,1340.240341287141,746.9959341742081,1311.9890271133618,-3266.5972167773893,-1999.0333530123808,1330.3086357366637,0.06518757460397766
10.6916965,TRACKING,1340.2151705217507,746.8599390043901,1311.6162344391728,-3266.605998359134,-1999.0215685917804,1330.2829161043337,0.09951227975095374
10.696235,TRACKING,1340.0744625336981,746.7851888153319,1311.5713292294636,-3266.6311063753797,-1999.0541667652808,1330.2433528285644,0.03647415022020269
10.7001734,TRACKING,1339.867559134326,746.6975190782147,1311.3558963791072,-3266.597766394901,-1999.0539359026468,1330.250048180266,0.07904168887898524
10.7044415,TRACKING,1339.9432722156182,746.5832212639465,1311.087288566099,-3266.597766394901,-1999.0539359026468,1330.250048180266,0.0706575689851064
10.7088194,TRACKING,1339.883118376256,746.5019459880543,1310.9416730589203,-3266.629177402368,-1999.0625014254497,1330.2188742886735,0.040494192941593524
10.7132571,TRACKING,1339.7166828050279,746.3582221865174,1310.9017537469542,-3266.6013400687198,-1999.0588669349786,1330.273963615766,0.05036323760069041
10.7170534,TRACKING,1339.594145639272,746.2238770164001,1310.7584263519843,-3266.5884741645023,-1999.0618284000507,1330.2267778548087,0.060988662370451856
10.7211888,TRACKING,1339.3996911071638,746.1161843480662,1310.5890789977057,-3266.6140807183265,-1999.1174562709084,1330.2675520474656,0.06757356899452896
10.7252058,TRACKING,1339.469577294413,746.1724315172033,1310.5336168127812,-3266.596545888358,-1999.0892977570527,1330.2452285577963,0.026255860753278217
10.7297162,TRACKING,1339.3505040508078,746.163412859703,1310.4765348398946,-3266.5967677427043,-1999.0573902810509,1330.2349722855981,0.02934463782996716
10.7338123,TRACKING,1339.3542795700803,745.9234778375246,1310.3137020174659,-3266.573849844729,-1999.0582581532476,1330.2349225951825,0.07079804147448002
10.7376988,TRACKING,1339.2003571327323,745.8930778178444,1310.1975767538208,-3266.6119076560108,-1999.0432326171083,1330.2608038878116,0.050224027604021095
10.7418467,TRACKING,1339.1406991302047,745.8278027646992,1310.0838808492128,-3266.617719253504,-1999.0754050601145,1330.3013113800255,0.03472529203319846
10.7463077,TRACKING,1339.1550451825067,745.696721733753,1309.916351968046,-3266.595019857114,-1999.0494006410404,1330.3037626396008,0.047791833957260894
10.7506002,TRACKING,1338.9557023734992,745.6887482373496,1309.8893164719914,-3266.602802915405,-1999.0545947220025,1330.2618203217355,0.04690174294152071
10.7544338,TRACKING,1338.856998372399,745.676415108125,1309.8451248351328,-3266.6062714221457,-1999.0573198724153,1330.2274361906516,0.02839267544932826
10.7585492,TRACKING,1338.8053732586832,745.4799949548714,1309.787127630533,-3266.627786895886,-1999.0409845692302,1330.2436026214855,0.05132188757851416
10.7632561,TRACKING,1338.7693835951095,745.5193196720733,1309.662267628556,-3266.624018497792,-1999.0538046545478,1330.2303732256837,0.028843491810694052
10.7671061,TRACKING,1338.7971299869182,745.4905968491673,1309.4255129285623,-3266.6053257814783,-1999.0565917108834,1330.2551980082228,0.06236344206291911
10.7710101,TRACKING,1338.575353253608,745.4163538069893,1309.4339666444334,-3266.622663574926,-1999.050010085844,1330.2202645322054,0.059945318716550185
10.7751115,TRACKING,1338.5820491170782,745.2886099130054,1309.4402438013722,-3266.622663574926,-1999.050010085844,1330.2202645322054,0.031226698487786933
10.7798079,TRACKING,1338.5460971759128,745.3085356704935,1309.329570298898,-3266.5845793686617,-1999.055101478975,1330.23272418158,0.025138438543771728
10.783909,TRACKING,1338.39920196733,745.139649324103,1309.4101792377774,-3266.585740129207,-1999.0258107787363,1330.2153251620741,0.0580099498970494
10.7876475,TRACKING,1338.4707893042143,745.0943227729493,1309.5389528723358,-3266.5874927030404,-1999.0569163347761,1330.2375640725325,0.04123282813572013
10.7919843,TRACKING,1338.415692269653,745.234118588234,1309.5564567533324,-3266.5963649175696,-1999.0292100530773,1330.212418838074,0.03488232994419984
10.7965187,TRACKING,1338.4166057574985,745.1640785642945,1309.5174343685171,-3266.5767474868253,-1999.0441979346772,1330.2471046493642,0.017683090281581364
10.8003249,TRACKING,1338.4467792719981,745.086076112131,1309.4779108685907,-3266.6206731560915,-1999.0494594869747,1330.3094589701545,0.024303420384795278
10.8045292,TRACKING,1338.3199036501824,744.9933782285586,1309.4183147475974,-3266.6016587252893,-1999.1064920815184,1330.3123711860892,0.039971842739552677
10.8085085,TRACKING,1338.2798858354374,745.0199087047545,1309.6276566632564,-3266.5910525042123,-1999.0560929271112,1330.24384793211,0.0539736624022504
10.8132844,TRACKING,1338.559118784888,745.0563445068577,1309.6355319282784,-3266.6291496875237,-1999.061111779244,1330.30726586861,0.05898577934637805
10.817091,TRACKING,1338.4107368233265,745.0267167376954,1309.5568478991195,-3266.6062072171662,-1999.0541669183244,1330.2364699110344,0.044802903279119795
10.8210369,TRACKING,1338.349327166686,745.0091502533263,1309.544022274114,-3266.634429953176,-1999.0635399447808,1330.2436963714395,0.016510228027725785
10.825163,TRACKING,1338.4194660560472,745.0555066595279,1309.5112247518587,-3266.627313740627,-1999.0828925434967,1330.2554000872035,0.021871605841696666
10.8299623,TRACKING,1338.1557941535893,744.9413186268006,1309.7901669139203,-3266.621155172491,-1999.05530848227,1330.2585935035265,0.08344193280598101
10.8338373,TRACKING,1338.2981949441012,744.9537546194019,1309.6956055797204,-3266.615161518536,-1999.0695977981145,1330.238810077944,0.0442296419416955
10.837683,TRACKING,1338.2531445337024,744.9332097766959,1309.6056170892389,-3266.61807653243,-1999.0492055557252,1330.2286333178574,0.026708022858226294
10.8418517,TRACKING,1338.2680446263187,745.0098065060822,1309.6097421263175,-3266.609499343086,-1999.0510650137,1330.2354016296774,0.018744802740656378
10.8464679,TRACKING,1338.2224727036412,745.147126188497,1309.96377808543,-3266.65337144867,-1999.0761467356476,1330.2941966584115,0.08285149910702498
10.8505363,TRACKING,1338.2442139507552,744.965360858989,1309.9608463956438,-3266.652930478329,-1999.0674747533246,1330.2793721930263,0.04500158257752848
10.854333,TRACKING,1338.1301235507099,745.1197124416483,1309.9363095828523,-3266.58690024397,-1999.0355545009838,1330.2579950153624,0.05096588069867035
10.8585232,TRACKING,1338.0905613431582,745.179047044369,1309.852854165862,-3266.5976637324275,-1999.052866119727,1330.2661774620947,0.026198054536401012
10.8632163,TRACKING,1338.1558836313898,745.1721238722035,1309.9880486389593,-3266.6131393475807,-1999.0540527847324,1330.2619936384606,0.032027432032038644
10.8671722,TRACKING,1338.094490342185,745.3124716839067,1310.0238252010838,-3266.6303839217367,-1999.0800122587577,1330.3089046138211,0.039766056256183936
10.8709892,TRACKING,1338.194709513809,745.2759174823209,1310.0252938788356,-3266.5906756165973,-1999.0459543869877,1330.257296233601,0.027950648047552783
10.8753829,TRACKING,1338.318694431108,745.4590496177445,1309.7546660605203,-3266.608903375455,-1999.0652942918498,1330.2231535955073,0.0795453240112528
10.8805564,TRACKING,1338.2293217004399,745.4242772229187,1310.0472510801999,-3266.601911501652,-1999.0673544783667,1330.265212931176,0.059514894282341475
10.8839001,TRACKING,1338.195700604492,745.3387609131748,1309.9804572479495,-3266.6275824823,-1999.0666467368471,1330.2398686739855,0.03397417309191553
10.8878462,TRACKING,1338.1423984670953,745.456098341136,1310.0206113293966,-3266.625808147909,-1999.0771096330154,1330.218004817685,0.03420774561684582
10.8918842,TRACKING,1338.2600632914803,745.6604906688218,1309.6803826498115,-3266.637500092563,-1999.060318672306,1330.2681594026026,0.10252025695156657
10.8965863,TRACKING,1338.3619313516824,745.6690756634197,1309.8983383235995,-3266.6219466978287,-1999.0532095509104,1330.248007629171,0.05119828231961976
10.900396,TRACKING,1338.3314830635175,745.7432449871887,1309.8440425905062,-3266.633870178833,-1999.055072526428,1330.2424652120392,0.025416922539403575
10.9043617,TRACKING,1338.486304322328,745.6719999103753,1309.8123000294413,-3266.633870178833,-1999.055072526428,1330.2424652120392,0.043714406679869186
10.9085201,TRACKING,1338.4128136099275,745.749465996963,1309.8262400800663,-3266.6176545745498,-1999.04796475913,1330.2271421279584,0.025895939311291884
10.9132193,TRACKING,1338.4693340161225,746.1576120981689,1309.5246580680796,-3266.632647250525,-1999.0461923128105,1330.2289321759788,0.10866036558793556
10.9170397,TRACKING,1338.5049166648214,745.936471927174,1309.7214961282457,-3266.661274560138,-1999.0716741585913,1330.2036317569637,0.07805073988341144
10.9211778,TRACKING,1338.6540735073063,746.0773233928467,1309.739397951359,-3266.5967059659233,-1999.0615541660447,1330.2437575342772,0.04976450749282506
10.9252183,TRACKING,1338.7180725376054,746.1617131811527,1309.687681165781,-3266.6097902748497,-1999.0642679498974,1330.2496044277395,0.02917087362499379
10.9296705,TRACKING,1338.707562145372,746.2843403981669,1309.751165413936,-3266.5988254195786,-1999.0271711316993,1330.2570955470426,0.031104893457540795
10.9338305,TRACKING,1338.7629237814815,746.2784996199549,1309.8355967554976,-3266.603560455008,-1999.0598010224571,1330.237906300585,0.024310571523546064
10.9377977,TRACKING,1338.9094349913198,746.4402668609667,1309.9444143740016,-3266.6191244076313,-1999.1179134188149,1330.2915373033604,0.06147305113302606
10.9416976,TRACKING,1339.0293474415578,746.4304707518611,1309.9262820561096,-3266.5862108927486,-1999.0467922526113,1330.2463566235383,0.03119839552256336
10.9463562,TRACKING,1339.0906477066974,746.6585676012645,1309.8350550939588,-3266.6030865789216,-1999.0590970936319,1330.2692556076336,0.054350250686295176
10.9506239,TRACKING,1339.1569773004098,746.6696879421897,1309.9503457438266,-3266.590512900732,-1999.0572137226598,1330.2497026720396,0.03127530844322408
10.9543841,TRACKING,1339.2675926184515,746.7780146429814,1309.7105530308197,-3266.629845603183,-1999.1183380067903,1330.3148120277187,0.07590851455767776
10.9583258,TRACKING,1339.4403490472837,746.8828389491323,1309.878134490556,-3266.6175404310616,-1999.0952392316656,1330.3193639639326,0.06660056713827056
10.9629846,TRACKING,1339.289239357247,746.9256291422511,1309.7188127114237,-3266.604237770004,-1999.0380430463101,1330.294313260947,0.048019956541452385
10.9671845,TRACKING,1339.5216569762483,747.0758039491341,1309.8849565932867,-3266.6115879555664,-1999.0234498411328,1330.260007732198,0.07684952039968092
10.9709725,TRACKING,1339.681170487605,747.2374124895191,1309.9117399690904,-3266.6320543474994,-1999.0856749698826,1330.2625707988775,0.060360749009793664
10.97514,TRACKING,1339.8170688428656,747.2776886756133,1309.7961787579497,-3266.6277313100895,-1999.0314858401139,1330.2254090662893,0.04388231412046959
10.9797196,TRACKING,1339.8746070997497,747.4072091325597,1309.800041174153,-3266.641686197546,-1999.0491368618489,1330.2163922486816,0.03095868890884028
10.9838413,TRACKING,1339.89607837144,747.5046448822552,1309.5671509239655,-3266.6643438358124,-1999.0600089886464,1330.282060886445,0.061470413833471266
10.9875255,TRACKING,1339.8536681250664,747.4994773056184,1309.5728480233706,-3266.6109457057632,-1999.0436158144373,1330.2522606018113,0.011699170959803053
10.9918038,TRACKING,1340.0071420719623,747.6450268109201,1309.5413344298734,-3266.6232759624263,-1999.045920230564,1330.2182653821176,0.049984913586428495
10.996502,TRACKING,1340.2817318478385,747.7490672108381,1309.3805938170947,-3266.6306163585864,-1999.0543999579036,1330.203359336093,0.07125194178184757
11.000583,TRACKING,1340.4247255584376,747.972931400524,1309.4731284015627,-3266.615978068051,-1999.070862663444,1330.2054851974149,0.06892715261619171
11.0044888,TRACKING,1340.3833690863432,748.1170233020713,1309.299745337285,-3266.615978068051,-1999.070862663444,1330.2054851974149,0.05868301066305448
11.0084978,TRACKING,1340.501435043961,748.0966574079122,1309.1630280586219,-3266.6475082530383,-1999.1398094981964,1330.2603852109567,0.04534434079070687
11.0135748,TRACKING,1340.5892348497086,748.2636749576818,1308.9475832409853,-3266.601966870612,-1999.060708882513,1330.2506272795144,0.05640960809536786
11.0171696,TRACKING,1340.6857676584589,748.4014863943677,1309.033059174095,-3266.6014325450283,-1999.1043591916527,1330.2861554467768,0.05249913761110933
11.0210666,TRACKING,1340.5677156608842,748.4321346648055,1309.0590470066022,-3266.5968313012504,-1999.0785682635862,1330.255471294396,0.031999866694200435
11.0250452,TRACKING,1340.6864331177055,748.632819961021,1308.6596181891016,-3266.6297096700805,-1999.060501804508,1330.2584581587378,0.11624842987962192
11.0298841,TRACKING,1340.788413095169,748.7435385684945,1308.6015444074235,-3266.602681059619,-1999.0463170618689,1330.2748819928488,0.03334260514688613
11.0339915,TRACKING,1340.851746662411,748.8198843630873,1308.5135304655316,-3266.6032181889177,-1999.081058899456,1330.279826531595,0.03228642297016855
11.0376564,TRACKING,1340.8965569138163,749.1164361606516,1308.0462448284663,-3266.6435676329784,-1999.090031847965,1330.3409149473348,0.15150585563649974
11.0418687,TRACKING,1340.8713295503887,748.9931682978107,1308.2962855450546,-3266.6251321633376,-1999.0596894515593,1330.257057951115,0.06645153919964497
11.0466282,TRACKING,1340.7880865613306,749.1895796786521,1307.8041093838176,-3266.643779015626,-1999.076742439457,1330.3479332917377,0.11270468191128197
11.0506357,TRACKING,1340.89754273393,749.3069635587864,1307.7670505445114,-3266.666775511328,-1999.0828114979395,1330.2855168897072,0.04110316545058287
11.0543637,TRACKING,1341.0341547279163,749.3860364773735,1307.668026064779,-3266.6496324805903,-1999.0511920461577,1330.2801815481166,0.0499829089466601
11.0587219,TRACKING,1341.2048165256358,749.3983101058694,1307.8740235085013,-3266.656606655458,-1999.0665250891625,1330.2171052877657,0.061444900882867914
11.0633678,TRACKING,1341.141995862356,749.5441216830657,1307.5983053404718,-3266.6412425750004,-1999.059380996836,1330.2056113563624,0.06848262275744489
11.0671863,TRACKING,1341.2808131634117,749.5706020560457,1307.5833066792493,-3266.658338631496,-1999.0660663859733,1330.2047165789343,0.03721725407321664
11.0709841,TRACKING,1341.3637295935646,749.6962263681314,1307.3502680693568,-3266.632195142559,-1999.0681174763017,1330.1985025426409,0.0730483793455847
11.0751569,TRACKING,1341.5055359907474,749.6852137752608,1307.6615991401586,-3266.5958931212213,-1999.0420910471807,1330.2155072464866,0.08202707624087917
11.079603,TRACKING,1341.499099471429,749.9515124061807,1307.4349753067781,-3266.61407138303,-1999.0546089743593,1330.2252434099455,0.07866113202871801
11.0834872,TRACKING,1341.6025316311834,749.8856925525445,1307.6393019008665,-3266.61407138303,-1999.0546089743593,1330.2252434099455,0.061347296532102844
11.0876954,TRACKING,1341.468534355582,750.0443768904092,1307.4615573314838,-3266.603141925894,-1999.0851724033919,1330.2776338661188,0.06496038117933048
11.0920953,TRACKING,1341.496136496166,750.0458023073253,1307.1460617226671,-3266.6364765860276,-1999.0690606457956,1330.339492779036,0.0719798053599933
11.0966807,TRACKING,1341.542506305226,750.0077835942847,1307.38780444438,-3266.620306604836,-1999.051281413532,1330.259468388106,0.05431772912750418
11.1005526,TRACKING,1341.7225687905518,750.0625587355829,1307.2572388486851,-3266.5947915525035,-1999.0494629203304,1330.2823960219982,0.059160547451571836
11.1043623,TRACKING,1341.5149121652232,750.0833410584846,1307.3545474452126,-3266.588952735541,-1999.1001782250723,1330.285317149296,0.06044186494396661
11.108458,TRACKING,1341.5036370792247,750.2821800842609,1307.1192088369019,-3266.621854834776,-1999.0633212446116,1330.270453608077,0.07527385263171169
11.1132507,TRACKING,1341.7024200711412,750.260381182712,1307.2001733347245,-3266.607265946547,-1999.062265726706,1330.276099259567,0.04501495616373914
11.1171659,TRACKING,1341.5845885554158,750.3138097460768,1307.1378358026207,-3266.6197736845916,-1999.0592891154379,1330.2367260224194,0.03668101958522525
11.1212755,TRACKING,1341.5709753652684,750.2812171825408,1307.1602494614415,-3266.62213687603,-1999.0525249804477,1330.258408346326,0.010179238340040595
11.1255273,TRACKING,1341.5460267786345,750.4118736679627,1307.1072665701913,-3266.5986115657797,-1999.0601052544632,1330.241097231075,0.033675332932992394
11.12963,TRACKING,1341.5858704641257,750.4085061720715,1307.408545677311,-3266.6287974566394,-1999.0819345978664,1330.2705912563015,0.0740782840713058
11.1339083,TRACKING,1341.5135931506595,750.4797347527821,1307.3124925222942,-3266.6082931303354,-1999.0360853006102,1330.1870701374655,0.03265954684666345
11.1377064,TRACKING,1341.3561777505395,750.4696470121971,1307.4121158961348,-3266.652045855493,-1999.083445903632,1330.2308177954953,0.04912039285015535
11.1419972,TRACKING,1341.5101614835048,750.5360194318642,1307.339098056785,-3266.6589404892025,-1999.0780461531594,1330.2741107108825,0.04262320575034567
11.1466017,TRACKING,1341.325130441554,750.6363269170943,1307.5784354243397,-3266.6253301748384,-1999.0515828943528,1330.2084123209186,0.06921856580715846
11.150601,TRACKING,1341.413531085596,750.6816511440364,1307.5515501828556,-3266.6248885027476,-1999.0386780639756,1330.1918864593263,0.025733591518970103
11.1544012,TRACKING,1341.4447574560343,750.5291829789561,1307.4500058805193,-3266.634212113542,-1999.0452855719736,1330.2084568662076,0.04890011737319439
11.15883,TRACKING,1341.3791315357805,750.7068009403873,1307.4353382925688,-3266.6225318051693,-1999.048275372016,1330.2346699542459,0.04288320559072408
11.1633672,TRACKING,1341.5442694263324,750.7615900934443,1307.3329667992061,-3266.595956872323,-1999.044887335911,1330.247586715125,0.04449263451461208
11.1673611,TRACKING,1341.3781019929875,750.71211856553,1307.3836248264743,-3266.6318459966715,-1999.071470656703,1330.2559106496678,0.045225144352214926
11.1710134,TRACKING,1341.409545589996,750.8749454960791,1307.477828280651,-3266.6407891759322,-1999.0725062385307,1330.241679806071,0.05222021298466095
11.1752098,TRACKING,1341.4185157027753,750.7264971165757,1307.2712790778805,-3266.6057174437005,-1999.0467950843167,1330.2524799874307,0.06065176602018171
11.1799929,TRACKING,1341.3667363326206,750.7674450893348,1307.3201689102418,-3266.633070980442,-1999.0502437965458,1330.2506527030635,0.017174332136216698
11.1839249,TRACKING,1341.375923007765,750.7583321196045,1307.2929483710993,-3266.620102090391,-1999.0787065559407,1330.336272722913,0.007665223230084733
11.1875939,TRACKING,1341.3018962254844,750.9429441728512,1307.4636115874216,-3266.6207667064464,-1999.0422640544682,1330.2451498619969,0.07143173005745619
11.1917857,TRACKING,1341.3262128066249,750.8833762209782,1307.338593792803,-3266.620319183073,-1999.0536255116513,1330.2503843936975,0.03354229249902516
11.1964499,TRACKING,1341.283193528325,751.0759466455681,1307.5666774182973,-3266.6422891321145,-1999.0746396954971,1330.341964910127,0.0646604779506601
11.2005171,TRACKING,1341.2868702848211,750.9929177824888,1307.5448989319657,-3266.5895923169164,-1999.0567135308731,1330.2299682385872,0.021124192213573333
11.2045068,TRACKING,1341.2200324986202,751.1517548148912,1307.5037299014473,-3266.6196096046997,-1999.073178503775,1330.2420496399488,0.044408384484212755
11.2084796,TRACKING,1341.1488373459877,751.269048155609,1307.4835876892969,-3266.6132873518804,-1999.0549041827078,1330.2063458190003,0.034907409907664
11.2134938,TRACKING,1341.2141964941786,751.2474480104167,1307.2491533255231,-3266.635786624384,-1999.0757609702887,1330.185915137384,0.04872790193318709
11.2169918,TRACKING,1341.0556321263896,751.1839539268287,1307.0847672340356,-3266.6378587394515,-1999.1150067434596,1330.3007911099405,0.06776985340797224
11.2210441,TRACKING,1341.248134219416,751.3783865108911,1307.1367550114205,-3266.6185229934117,-1999.0643031448383,1330.235393544926,0.06872709545062486
11.2252068,TRACKING,1341.0699711068094,751.2075802860359,1307.0581195837751,-3266.6499488926506,-1999.0537598181272,1330.2150434735838,0.062228225157330855
11.2300122,TRACKING,1341.0914600350732,751.3155555510197,1306.9158938184996,-3266.6378583234323,-1999.0530577883376,1330.2449898464522,0.037428136282398425
11.2337647,TRACKING,1341.0753621912368,751.4763423994232,1306.8629773788912,-3266.618158638794,-1999.0471593915995,1330.261412266766,0.04531230128344089
11.2377434,TRACKING,1340.998001936583,751.5011400111016,1306.7273290841588,-3266.622775616606,-1999.055210751054,1330.2413739607418,0.03974007909080013
11.2418758,TRACKING,1341.0912116484562,751.4783637461081,1306.7574024648209,-3266.613642620447,-1999.0383006047557,1330.2412091551096,0.024333207502849303
11.2463575,TRACKING,1340.922211402321,751.6021592054489,1306.9489011428382,-3266.618273810524,-1999.0481612243007,1330.2784908174872,0.06333035758945812
11.2503777,TRACKING,1340.9550564946023,751.687202387653,1307.0342069758626,-3266.653843644713,-1999.076265308105,1330.3223860105818,0.031056371736816708
11.2545067,TRACKING,1340.8757980830674,751.7489859998655,1307.0632931562795,-3266.6068840210883,-1999.0461448093763,1330.2502807205162,0.025337590329817784
11.2587174,TRACKING,1340.9158489475249,751.8034452525936,1306.9079201167929,-3266.627398594663,-1999.0433109113596,1330.2667506754944,0.0402408655147843
11.2634007,TRACKING,1341.003533043771,751.9407706650265,1307.1990068625403,-3266.6193997404894,-1999.0423391143,1330.2383888380214,0.07122840031963755
11.2671476,TRACKING,1340.956896288679,752.138291158418,1307.1723806058044,-3266.596202244617,-1999.0457251018347,1330.2573679042762,0.054629351566192114
11.2711301,TRACKING,1340.9466453935395,752.0455846412672,1307.1732230392201,-3266.626538722141,-1999.0665949948336,1330.2173034627021,0.023421302952960705
11.2751814,TRACKING,1340.9356426553568,752.1167586697202,1307.0056055718803,-3266.6405360283857,-1999.0774520187442,1330.2743776300708,0.045031149254942726
11.2799716,TRACKING,1340.8884184419903,752.2000129471137,1307.034615133218,-3266.6280775213836,-1999.0782949091479,1330.2306221220317,0.02087903998061896
11.284016,TRACKING,1340.5778454140523,751.7401077695839,1306.8221380764544,-3266.653923038412,-1999.0891401858448,1330.3119755389528,0.1469277764642058
11.2878551,TRACKING,1340.7395887070475,752.0062346077306,1306.8905105658557,-3266.62586111571,-1999.0758948067223,1330.2208047630793,0.08305081244033675
11.2918728,TRACKING,1340.7807219485883,752.1003605842996,1306.8747800480319,-3266.612834028076,-1999.0531335787434,1330.1989371090135,0.025865216612296602
11.2965527,TRACKING,1340.8563120167714,752.154163298251,1306.7789714691567,-3266.6197756531114,-1999.0769762842226,1330.2104556578674,0.028498726388848164
11.3003921,TRACKING,1340.8291087131443,752.3005809142387,1306.8873728831893,-3266.6378240234335,-1999.10097142579,1330.286642862667,0.047975797035628195
11.3043674,TRACKING,1340.91826966213,752.3631891113589,1306.874525508548,-3266.6081729901343,-1999.0733531871156,1330.2471843599665,0.027595890267408437
11.3083986,TRACKING,1341.050892727694,752.5370080714655,1306.8328785928163,-3266.639041573704,-1999.0577598231719,1330.279045334464,0.055211273092894635
11.3131896,TRACKING,1340.823321577025,752.4651745047071,1306.8839957945838,-3266.616659547553,-1999.0473510591196,1330.3035117057275,0.050939798102808145
11.3171807,TRACKING,1340.9345454406505,752.6709252232653,1307.028734141304,-3266.58864378978,-1999.062247132699,1330.2875584140693,0.06891619872041126
11.3210559,TRACKING,1340.8179293243372,752.7228593192536,1306.8579876229167,-3266.6018402729555,-1999.0656533852118,1330.2798186720322,0.05501445909035527
11.3251935,TRACKING,1340.8951989824018,752.8804512756827,1306.5518970107817,-3266.6614646514563,-1999.1031024743709,1330.3406067882722,0.0852769073122824
11.3294833,TRACKING,1341.070062832701,752.9493453750904,1306.6039534072863,-3266.622498265172,-1999.1052769427731,1330.2749930426187,0.045461823575515606
11.3338913,TRACKING,1341.1016753074405,753.0001205329139,1306.7287330844647,-3266.618975324242,-1999.0426160714715,1330.2236795528938,0.03139161750117649
11.338077,TRACKING,1340.8622153587867,752.9319943091341,1306.293695649335,-3266.6203720341537,-1999.0616720167902,1330.203873797288,0.11975016986113883
11.3417976,TRACKING,1340.8594455193536,753.0042438618764,1306.1706528959132,-3266.6440283913175,-1999.071040799607,1330.2054493796204,0.038357700654300594
11.3464054,TRACKING,1341.076997740174,753.3007736492006,1306.2089227485342,-3266.6200711930223,-1999.059975983516,1330.2078015182838,0.08024683416548893
11.3505361,TRACKING,1341.1256914047158,753.3484559835279,1306.2916146281445,-3266.6200711930223,-1999.059975983516,1330.2078015182838,0.02594161053304477
11.3544151,TRACKING,1341.0390201733996,753.3406880556674,1306.0854373053874,-3266.6209880014817,-1999.0665138518495,1330.191956571131,0.05769233991451787
11.3584866,TRACKING,1341.2064270977771,753.543316284204,1305.8960840464365,-3266.611581327449,-1999.0684204815097,1330.2159907181908,0.07956312190931089
11.3632258,TRACKING,1341.2439046262305,753.6932089324351,1305.7113163624251,-3266.627500426432,-1999.0608767981103,1330.2022962018048,0.05082201635880955
11.3671492,TRACKING,1341.321882246521,753.7935795872921,1305.7168964500688,-3266.625579005924,-1999.0790414585642,1330.20908608579,0.032426945373573816
11.3710945,TRACKING,1341.3173257264534,753.8275619367341,1305.3786784721242,-3266.6012316203874,-1999.0297395743328,1330.2676623678099,0.08616617546153041
11.3750711,TRACKING,1341.1478134555318,753.9218139163629,1305.3382649482594,-3266.6431272871437,-1999.1144668101726,1330.3606896911174,0.049821178916158324
11.3797356,TRACKING,1341.109861513565,753.837779665584,1304.6553123467663,-3266.6267065394377,-1999.0415190647407,1330.3153780952978,0.14774338348222768
11.3838701,TRACKING,1341.1531380287809,753.9873857559522,1304.9484329973504,-3266.6058140964146,-1999.0693503448044,1330.3010446635571,0.08028190253954369
11.387835,TRACKING,1341.0433314983457,754.0546189991078,1304.398570258723,-3266.5961121095725,-1999.0725784906865,1330.2517891954149,0.14243387155390289
11.3917873,TRACKING,1341.1613575097822,754.3031901532693,1304.5510624404249,-3266.603243696872,-1999.0722362430497,1330.2575887020007,0.07959860285388856
11.3967764,TRACKING,1341.2135996600907,754.3518384646536,1304.079841425016,-3266.573724970172,-1999.0596128014804,1330.2693764963283,0.0955277439408828
11.4004943,TRACKING,1341.1972893476727,754.3514677162352,1303.7649896331732,-3266.62018062745,-1999.0830836093087,1330.287933234546,0.08479899661410469
11.4044018,TRACKING,1341.3139653233395,754.556357390847,1303.670819997803,-3266.5924885824993,-1999.054746171229,1330.2410745014993,0.0649754764719616
11.4085797,TRACKING,1341.5929728553265,754.7895279735912,1303.779020760259,-3266.613368075177,-1999.0677206624769,1330.256336809099,0.09080384469177462
11.4131762,TRACKING,1341.41699169404,754.7230928350592,1303.445518232473,-3266.6042589314843,-1999.06812440005,1330.2224131982293,0.08330095674385182
11.4170689,TRACKING,1341.571036982854,754.7500045175768,1303.0584366531184,-3266.604769337878,-1999.057642520228,1330.2597651322744,0.10724590990711583
11.4210524,TRACKING,1341.7458667564463,754.9679303406535,1302.8551864806798,-3266.6123632370172,-1999.0555509053788,1330.2533780809586,0.08673186324892868
11.4253429,TRACKING,1341.7651044579668,755.1205961882026,1302.3663080435997,-3266.6467084928795,-1999.0536780272516,1330.2511442480793,0.11945513790561553
11.4299079,TRACKING,1341.9361257960322,755.2077576333569,1302.94420629291,-3266.656414464474,-1999.0620570078947,1330.3159437022412,0.13339390682713095
11.4340976,TRACKING,1342.0160318956328,755.2830063516765,1302.9385950117148,-3266.6462879317355,-1999.0488116639508,1330.2465305232784,0.026231897250678187
11.4375253,TRACKING,1342.0385726444474,755.4084863159908,1302.2063591443598,-3266.686048360225,-1999.062349918414,1330.313208396794,0.2168367766335573
11.4419987,TRACKING,1342.1642175367897,755.4432353278943,1302.77394542846,-3266.627367270709,-1999.046239642114,1330.2259438004837,0.13018384770137179
11.4468561,TRACKING,1342.361748174002,755.5538812736,1302.473820621752,-3266.6443899092965,-1999.0308167522999,1330.2749478322723,0.07739665435855762
11.4504972,TRACKING,1342.183285604803,755.6489598848048,1302.0547747319863,-3266.60929833263,-1999.1019958403106,1330.2881523764484,0.12778638871190315
11.4543738,TRACKING,1342.43855212295,755.679836145665,1302.114816271544,-3266.6170201099962,-1999.0461799488367,1330.2384713043593,0.06811230792522592
11.4585909,TRACKING,1342.4541176002792,755.9071856616468,1301.5214715049965,-3266.609838890283,-1999.0525938063738,1330.2013727696517,0.15071982664384417
11.4632799,TRACKING,1342.4355428147053,755.8405985916892,1301.5026800863627,-3266.577362632589,-1999.040314763476,1330.2206313900376,0.01527784707137947
11.467085,TRACKING,1342.7679643510885,755.9933422639864,1300.9022236904993,-3266.609146494638,-1999.0592791201154,1330.237839555323,0.1847844874830646
11.4711165,TRACKING,1342.8217355407896,756.0238795776567,1301.141125358019,-3266.609146494638,-1999.0592791201154,1330.237839555323,0.06121169497871651
11.4750498,TRACKING,1343.0313188944592,756.0254816043088,1301.340539216664,-3266.5907417020962,-1999.1120107840777,1330.2884901726165,0.0735510953665408
11.4799558,TRACKING,1343.029420593864,756.2548609370597,1300.7893062944,-3266.6156641938446,-1999.1020291687594,1330.3426767155095,0.12169920352839268
11.483793,TRACKING,1343.1564570259804,756.3200406533188,1300.4845641778907,-3266.5856498812122,-1999.0515523181946,1330.2502501442223,0.08770273186567192
11.4876744,TRACKING,1343.332849469993,756.2636510746372,1300.3950594546045,-3266.603973532794,-1999.053719362522,1330.2730141746413,0.052991759925192505
11.4918997,TRACKING,1343.3970924208209,756.3812315933803,1300.5893578105788,-3266.611116616964,-1999.049801631781,1330.2576903166535,0.05585812678855662
11.4962896,TRACKING,1343.5280663888793,756.4222608213622,1299.99762346714,-3266.6323078317623,-1999.059412822644,1330.3079674323424,0.13837287702663265
11.5002323,TRACKING,1343.82824043404,756.5472661229242,1299.4807674949282,-3266.647282914006,-1999.0674338459874,1330.25404308965,0.154876490973766
11.5045565,TRACKING,1343.814846129863,756.638812691066,1299.2390916075797,-3266.633747463664,-1999.0430698857308,1330.2094252505901,0.059844741932221064
11.5085576,TRACKING,1343.8935353128816,756.6971928044643,1298.7362744446827,-3266.6136383316075,-1999.0396704901686,1330.2427778033789,0.12803345511420022
11.5134394,TRACKING,1343.973234122751,756.7501575982186,1298.6501912037434,-3266.658792985383,-1999.0749091688892,1330.2084172703198,0.026366253814591536
11.5174656,TRACKING,1344.1127610542774,756.710049949457,1298.4394190932042,-3266.611420121037,-1999.0329198071745,1330.2148683987164,0.0635666783395414
11.521385,TRACKING,1344.2558816941807,757.0518864549339,1297.5556111401006,-3266.625221603051,-1999.0736322840507,1330.17370069743,0.24451679460133147
11.5252572,TRACKING,1344.3468024842407,757.0277182501151,1297.346099326373,-3266.617236193477,-1999.0716331729873,1330.1962260845698,0.059311176817087925
11.5299029,TRACKING,1344.4118603812005,756.9470224495615,1297.6240446040758,-3266.6041541389227,-1999.0647979690236,1330.202432345735,0.06385354907073229
11.5338748,TRACKING,1344.572399024391,757.0830733285552,1296.6088025267265,-3266.617849422138,-1999.0333703833342,1330.2109362950218,0.26103919346531607
11.5379971,TRACKING,1344.6641276915439,757.1922484487852,1296.5873424776717,-3266.6368066499617,-1999.0684304197766,1330.220171550668,0.034980681474907654
11.5417714,TRACKING,1344.7011815396847,757.098512542387,1296.2933595519758,-3266.6158641346165,-1999.033559044582,1330.2457324293189,0.08234159083384383
11.5464644,TRACKING,1344.8755691063,757.4377330002145,1295.7221002052138,-3266.598453275676,-1999.0199971697402,1330.2477569798587,0.1463649400260761
11.5505564,TRACKING,1344.8652678017097,757.449798026932,1295.4768546139226,-3266.627082562833,-1999.04725503807,1330.2506915033048,0.06005820563800874
11.5546063,TRACKING,1345.096634896838,757.557281329331,1295.1975452887991,-3266.6275897962837,-1999.052924851546,1330.3495658627937,0.09340521070847853
11.5585469,TRACKING,1345.1329955907477,757.5911702019538,1294.8274934554097,-3266.6241438457605,-1999.0589317946665,1330.2786594222966,0.0947508077029997
11.5635851,TRACKING,1345.1851338413576,757.6258721189281,1294.5096104943796,-3266.626614256216,-1999.0546711825757,1330.2739448196849,0.06430751683594713
11.5671413,TRACKING,1345.3688197102394,757.5927735042543,1294.2089901774375,-3266.619517436182,-1999.0562323968902,1330.208388724788,0.09950178865372909
11.5709714,TRACKING,1345.5547837101494,757.6788884175423,1294.0046419558596,-3266.618432519859,-1999.0707360809904,1330.2398059313903,0.07556128989052521
11.5753181,TRACKING,1345.5557689731902,757.7737587248556,1293.6334405196442,-3266.633234310125,-1999.0559240608848,1330.2059679982192,0.08814370632320022
11.5799178,TRACKING,1345.8175040636013,757.7189323465802,1293.3466866249978,-3266.633234310125,-1999.0559240608848,1330.2059679982192,0.0852437404570363
11.5839131,TRACKING,1345.9520869956502,757.7813344841658,1293.1563308470782,-3266.617754994386,-1999.064043584524,1330.219650955095,0.060404379326942995
11.5879915,TRACKING,1346.042903944124,757.7610669193148,1292.6605317960507,-3266.6134344376032,-1999.0674378928895,1330.191836106779,0.12368952070646809
11.5918417,TRACKING,1346.208540603056,757.8230254432798,1292.6555961889437,-3266.611394717202,-1999.0427404668799,1330.1979249801825,0.04594941753143199
11.5969347,TRACKING,1346.4503108462327,757.7655538840098,1291.911243991646,-3266.6342807337523,-1999.0598569136207,1330.2755072049915,0.15408196792560452
11.600521,TRACKING,1346.613708245519,757.8227948358666,1291.7349239471994,-3266.6125312310833,-1999.0561970498197,1330.232247155475,0.06890424680072291
11.6045321,TRACKING,1346.6619231446316,757.7917508752644,1291.4581116552758,-3266.601347350017,-1999.0523422906006,1330.1860260953933,0.07047684400212295
11.6085502,TRACKING,1347.0297767914205,757.891077520881,1291.076515396137,-3266.6213807149747,-1999.0293547159445,1330.2295123349568,0.13420688986168217
11.613062,TRACKING,1347.3047633374579,757.9737464919665,1290.8535821386188,-3266.615350907866,-1999.0373125623562,1330.2611560911578,0.08057222955714952
11.6173057,TRACKING,1347.546350959477,757.9183698097811,1290.6045926055863,-3266.609123880957,-1998.9978832550923,1330.2696907094987,0.08278665069441069
11.6210468,TRACKING,1347.6016748674892,757.8609808554576,1290.4439037729207,-3266.6287253303612,-1999.0521963108517,1330.249548129072,0.047946932035924365
11.6252272,TRACKING,1347.9854200725406,757.9752611482635,1290.2608900209311,-3266.6347541625114,-1999.0378568172966,1330.25687476856,0.10531135064680658
11.6298905,TRACKING,1348.1435438506098,757.9491338681106,1290.1444716136245,-3266.632784981027,-1999.0440421194876,1330.271590766499,0.04247815670179473
11.6339505,TRACKING,1348.4367672391886,757.9791513826402,1289.793395981869,-3266.6152966422687,-1999.0429083249048,1330.2429763493742,0.11290762525259372
11.6377156,TRACKING,1348.7583994703054,757.9408392869026,1289.5360778018237,-3266.632255225617,-1999.0723331035222,1330.2854171002464,0.10987116018543691
11.6418953,TRACKING,1348.896894332718,757.9610451547691,1289.3372747447509,-3266.5911144151164,-1999.0552560107217,1330.2244473920207,0.05816903139102138
11.6463704,TRACKING,1349.1340917279613,758.0638856318982,1289.1722561943254,-3266.61992568404,-1999.0858027582829,1330.2276365219986,0.06853660280885475
11.6505424,TRACKING,1349.5083009873726,758.0669468446245,1288.7866852320699,-3266.6294001922597,-1999.073737404256,1330.271572339804,0.12879063599841536
11.6545088,TRACKING,1349.7481978612357,758.0770530603387,1288.649898821688,-3266.6205561479933,-1999.0468307778656,1330.240138790073,0.0696699435227193
11.6587847,TRACKING,1350.0109225703065,758.117942269421,1288.4061876046287,-3266.6177980303883,-1999.0414112997933,1330.2358840566615,0.08435225223911492
11.6634599,TRACKING,1350.3630665487253,758.1619883724069,1288.1206710476704,-3266.5878398053146,-1999.0460471106182,1330.254449929471,0.09742544041796218
11.6670946,TRACKING,1350.6862042873222,758.2161404640545,1287.8899401281458,-3266.589949757788,-1999.047923648609,1330.2206636502856,0.11025210697659872
11.6712945,TRACKING,1350.9203826221346,758.2222520193058,1287.7144891854925,-3266.63515606723,-1999.089149013616,1330.214265935729,0.06968667976891608
11.6754625,TRACKING,1351.240119665511,758.2949633040389,1287.565847545796,-3266.625309044562,-1999.0942076199783,1330.2570147646516,0.08637670763955958
11.6798893,TRACKING,1351.5820540327313,758.3487180498253,1287.2721253883255,-3266.6505269703807,-1999.0940641143447,1330.259402460381,0.10254854107408994
11.6838808,TRACKING,1351.9736214727725,758.3392194679818,1287.014788684714,-3266.6302526509257,-1999.0475475173494,1330.2329231388387,0.11741324064262075
11.687799,TRACKING,1352.283982635125,758.3841898545154,1286.87522174667,-3266.599535949008,-1999.049727389109,1330.2247755269232,0.08760576937813618
11.691888,TRACKING,1352.7435369432267,758.3155811117405,1286.7875289258,-3266.6030044442923,-1999.0556584154883,1330.2514455420614,0.11563958014641275
11.696491,TRACKING,1352.811547954708,758.0039844954493,1287.1910809323456,-3266.6161754889736,-1999.058273891412,1330.2787800143865,0.11174577338496623
11.7003598,TRACKING,1353.4289605487036,758.1743260333714,1286.8526139004632,-3266.6392986032206,-1999.037610048406,1330.2260360380847,0.18724493349121413
11.7044961,TRACKING,1353.6547930111376,758.1097430608033,1286.7292405347766,-3266.6213548539163,-1999.0422687587106,1330.3107937787086,0.06414316565550586
11.7085842,TRACKING,1354.0759856691589,758.1796076071787,1286.535556007438,-3266.6167623177907,-1999.072942504295,1330.3070108620827,0.11468070750653371
11.7131665,TRACKING,1354.6695921476387,758.4117445449298,1285.5333725286368,-3266.611030291985,-1999.0508886293092,1330.2451227987658,0.25919267340184665
11.7170251,TRACKING,1355.0699642400714,758.4593440906872,1285.377821491259,-3266.594641694049,-1999.03663450188,1330.210606801894,0.11199838772305072
11.7211983,TRACKING,1355.3625247670527,758.2369284640985,1285.4709976148674,-3266.6030813147668,-1999.0425697646583,1330.2102383816457,0.09084957270498921
11.7251844,TRACKING,1355.7774267299949,758.4447318333962,1284.6304916176884,-3266.607107473279,-1999.0383135364061,1330.1948049945504,0.24085993123189645
11.7298629,TRACKING,1356.3396396748462,758.314205589833,1284.49856655162,-3266.6280817513907,-1999.0187515586608,1330.2298124969238,0.12654724386940913
11.7337038,TRACKING,1356.7311477055987,758.3468066210959,1283.7597293256954,-3266.63841027024,-1999.0958869811159,1330.343872212681,0.2178636709980024
11.7377995,TRACKING,1357.009718952882,758.3378813574571,1283.4558751799984,-3266.6060336453206,-1999.0449263521984,1330.2444662140572,0.1006717792290795
11.741774,TRACKING,1357.5782929016837,758.3281641810456,1283.0854759817755,-3266.597734648368,-1999.05753627169,1330.22575060823,0.17075113098145148
11.7465969,TRACKING,1357.9177092487294,758.5971721315718,1282.0254051252534,-3266.630180545474,-1999.0597918280148,1330.2360785304436,0.23743564191792613
11.7505136,TRACKING,1358.2367519633588,758.4849125723761,1282.130283897628,-3266.6058633123484,-1999.0487737417773,1330.221125128838,0.09040889819939096
11.7543986,TRACKING,1358.5744962700358,758.5264380494378,1281.4185872828486,-3266.5993916172592,-1999.0535228034814,1330.2595878501247,0.20305399943298763
11.7584563,TRACKING,1359.109778982247,758.4767865337241,1280.9856684315741,-3266.600868974476,-1999.0814566668755,1330.2383192577797,0.17010270611470765
11.7634187,TRACKING,1359.72920354747,758.8178118776738,1279.8055586193864,-3266.5904777691776,-1999.0493235618842,1330.2434279321394,0.27723159667410274
11.7671242,TRACKING,1360.0397306497237,758.7673584261537,1279.4586765026436,-3266.579655137515,-1999.0501355687427,1330.248340759646,0.12637824927882052
11.7709742,TRACKING,1360.8471960110674,758.8627990307119,1278.6033043984805,-3266.618227578784,-1999.0938522560932,1330.2797798361305,0.30653429789621633
11.7751728,TRACKING,1361.2392577307885,758.9600463787968,1278.231016056024,-3266.62284244835,-1999.0914138595317,1330.3092822885517,0.13083746647193178
11.7802032,TRACKING,1361.776852531972,758.7393672731605,1278.0020834163786,-3266.6232697810347,-1999.1458037485504,1330.3390385735258,0.12416387190445065
11.7840189,TRACKING,1362.40055867829,759.079121747846,1276.795069001274,-3266.6009163591366,-1999.0698523945978,1330.2117452178059,0.3670292694856428
11.7878689,TRACKING,1362.986789582319,758.9979119666615,1276.171392437676,-3266.5916252744346,-1999.0654131905915,1330.2270709803136,0.2233213699981617
11.7920032,TRACKING,1363.6367045167385,759.0080540526554,1275.976238807783,-3266.612921532112,-1999.0578757993176,1330.2211198516752,0.16415315759730068
11.796672,TRACKING,1364.1502110683427,758.9250646901916,1275.3408990185817,-3266.6289123557726,-1999.0548784050884,1330.2156991791442,0.17587320882049506
11.8005969,TRACKING,1364.8272760562631,758.901188752424,1274.7235351362422,-3266.6174140492326,-1999.0788566461279,1330.2354101700212,0.2335303957726647
11.8045413,TRACKING,1365.316585246987,758.9111788243906,1273.9862265983093,-3266.612805634494,-1999.051256058934,1330.23874199796,0.22435757650546634
11.8084526,TRACKING,1365.8297401296595,758.9026827544287,1273.445343765088,-3266.6246541557143,-1999.0454468587538,1330.2451990838529,0.19063315727198202
11.8131966,TRACKING,1366.3253552881415,758.7700929702246,1272.6207999837395,-3266.6290680858942,-1999.052380936154,1330.2263872372755,0.2047062827395399
11.8173858,TRACKING,1366.7814571060565,758.7720582039736,1272.3308384746267,-3266.6683726194688,-1999.0794341182386,1330.2944063675188,0.1290156575597063
11.8211196,TRACKING,1367.2724388133904,758.6131636347565,1271.670983361431,-3266.6144894361255,-1999.0323482774209,1330.235533856989,0.22435236744991677
11.8252452,TRACKING,1367.8376684619345,758.4603381973487,1271.0904823038607,-3266.62561021778,-1999.061302985719,1330.2221485093962,0.19985286409176722
11.8297735,TRACKING,1368.309588786097,758.4065693875234,1270.541024540412,-3266.5987942002384,-1999.0331878292113,1330.250908318145,0.1603901038195466
11.8339062,TRACKING,1368.7197829366175,758.212507923488,1270.0323634673803,-3266.61843005389,-1999.06899169913,1330.232427020647,0.1649420968829289
11.8379792,TRACKING,1369.1363942296498,758.0575256871191,1269.4458978142923,-3266.5897438130473,-1999.0612265219618,1330.212311407691,0.1806738990413225
11.8422411,TRACKING,1369.8036591019782,757.9907763560417,1268.9867903307243,-3266.6131680514754,-1999.0593480662228,1330.2264534845017,0.19068906073628897
11.8468891,TRACKING,1370.13042494515,757.7861143392103,1268.3186955011386,-3266.559144230368,-1999.0687294989891,1330.2216241749104,0.16595760768266152
11.8504938,TRACKING,1370.5391750590215,757.619271696665,1267.7938232078375,-3266.590578211088,-1999.0691980284494,1330.2103051835072,0.19026828264995094
11.8545766,TRACKING,1370.9946346767297,757.33297449474,1267.2314205010782,-3266.6296408450166,-1999.1023971120453,1330.299443633098,0.19062197255107377
11.8587023,TRACKING,1371.2484262426262,756.8848381713624,1266.5871538891004,-3266.6176732640324,-1999.092195756561,1330.3155356992422,0.19992063869178478
11.862817,TRACKING,1371.7172598410546,756.5911972137739,1266.16802358164,-3266.6265725371773,-1999.0999549644853,1330.2943765849645,0.1686748074404513
11.8672008,TRACKING,1371.9853623739546,756.2695258258816,1265.8512340235243,-3266.6127867506298,-1999.0615627640486,1330.222314668716,0.11977694236962266
11.8712853,TRACKING,1372.1654313886547,755.6771226176515,1265.5269836226191,-3266.602874774408,-1999.053598599119,1330.2660704937332,0.17111791812157706
11.8753711,TRACKING,1372.4228269808489,755.2840968339216,1265.2715209290714,-3266.614622535385,-1999.057102281981,1330.256800169025,0.13088593001504178
11.8799166,TRACKING,1372.782999302099,755.0306887659704,1265.0892826525787,-3266.6320447366447,-1999.0369147213278,1330.2290884866284,0.10485163911210912
11.8837373,TRACKING,1373.026612905087,754.5933446993567,1264.8295205137729,-3266.6074332897174,-1999.0511606837279,1330.2268210102488,0.1476164157927016
11.8879033,TRACKING,1373.2971144891758,754.0296423266768,1264.4832432034975,-3266.614454511003,-1999.0471597677613,1330.2460261356534,0.17156272973192355
11.8918218,TRACKING,1373.5222379025117,753.5863053009462,1264.317839060265,-3266.609496624565,-1999.0554713489967,1330.2266898137623,0.13372726947721242
11.8963703,TRACKING,1373.7717748555397,753.015149794833,1264.0432719120354,-3266.61230530503,-1999.0402129057366,1330.2112944444518,0.1497379951537296
11.900383,TRACKING,1373.9917495196332,752.442208184163,1263.7162243295236,-3266.6369393136074,-1999.0753120276204,1330.2652310675967,0.17330513132391936
11.9043959,TRACKING,1374.439538819874,751.8532262933571,1263.3954199107218,-3266.5888346867823,-1999.0677659017472,1330.2387880846993,0.20095956897050773
11.9085918,TRACKING,1374.5699865092417,751.1949576250164,1263.1122002704785,-3266.615504805457,-1999.050453296837,1330.2242269635788,0.17359493500860776
11.9132873,TRACKING,1374.9848178015689,750.6178148233662,1262.7659478460632,-3266.604590836444,-1999.042608488245,1330.3166195273486,0.16837682992175754
11.9172704,TRACKING,1375.2827707343,749.9895218115217,1262.2010023002038,-3266.6259147437945,-1999.0840530796354,1330.2921255777007,0.2249329762859374
11.9210775,TRACKING,1375.6863035898768,749.335736029281,1261.979132570251,-3266.5916469682884,-1999.0569023611492,1330.2659103440365,0.21005172806629216
11.9252033,TRACKING,1376.0514872808403,748.6578510710908,1261.6960667356752,-3266.598728875144,-1999.0385850579255,1330.2408760449869,0.1988399694774606
11.9298922,TRACKING,1376.6523592001356,748.0081536275783,1261.236005849757,-3266.598289824541,-1999.0463232268953,1330.236564655387,0.21271546613379724
11.9339167,TRACKING,1377.2001042750946,747.3675297872011,1260.7163402595236,-3266.5831654720896,-1999.0422947854386,1330.2997872142391,0.24604045946345823
11.9376041,TRACKING,1377.860451969545,746.8470414592801,1260.3690828331635,-3266.630319968429,-1999.0586852785104,1330.3065550752126,0.2467051157127134
11.941744,TRACKING,1378.354480586683,746.0292763508425,1259.9562276844788,-3266.60324070386,-1999.0553790951349,1330.2876699269195,0.2514057369370546
11.9463983,TRACKING,1378.9512530091754,745.2644705276399,1259.3897450558052,-3266.619562449797,-1999.0446091106883,1330.2581144661617,0.24136248623397535
11.9505009,TRACKING,1379.472829594371,744.60618771833,1258.90479173091,-3266.6330990077136,-1999.0631625947958,1330.22966374598,0.23639247220176346
11.9543159,TRACKING,1380.0095444788415,743.9504743174247,1258.3260637530539,-3266.605790098442,-1999.034785354212,1330.2497747222064,0.26897327237494983
11.9584003,TRACKING,1380.8016827708027,743.3697791812266,1257.6223285263643,-3266.634417420156,-1999.041227918863,1330.2129100574487,0.295827281465664
11.9634988,TRACKING,1381.0834292072673,742.5784981429498,1256.7918158440448,-3266.6069662358373,-1999.0457966343133,1330.1969820936954,0.23167802646993163
11.9671576,TRACKING,1381.5806623245394,741.8954480074498,1256.1038301224842,-3266.6069662358373,-1999.0457966343133,1330.1969820936954,0.2977893203687727
11.9711451,TRACKING,1382.1658410949458,741.2105296863159,1255.1200591469085,-3266.6248624012364,-1999.0928151286964,1330.2318979797053,0.33452633807245485
11.9752185,TRACKING,1382.8944102455985,740.5973199081011,1254.3543822769411,-3266.606081109252,-1999.0430948887406,1330.2428407041832,0.2999766380748999
11.9799625,TRACKING,1383.4019114046505,739.9741186591889,1253.5332760799133,-3266.615768523226,-1999.047195879713,1330.2134316312236,0.2421962357324811
11.9838373,TRACKING,1384.0794358159756,739.3438253879021,1252.6933995792936,-3266.614055991099,-1999.0426892944786,1330.2167471378975,0.3225148518647992
11.9877843,TRACKING,1384.6575723451015,738.703598584044,1251.8200537946118,-3266.6159579729174,-1999.0464449289252,1330.2901529508401,0.3110069226151663
11.9917563,TRACKING,1385.2652212516603,738.2684086453116,1251.035325564528,-3266.60331450877,-1999.0164241107964,1330.2657520586547,0.27283718815448943
11.9966165,TRACKING,1385.7391769508945,737.6017896798668,1250.0690042330814,-3266.627140764965,-1999.035962430221,1330.27678697696,0.2604860140180468
12.0005405,TRACKING,1386.3413186429098,736.8217155336496,1249.1828050169402,-3266.6008742158556,-1999.0264368505225,1330.2643150554507,0.33774395083363046
12.0046282,TRACKING,1386.9072630854873,736.1602492903176,1248.5554197727868,-3266.5949937446208,-1999.0268352693442,1330.272412901322,0.26250779079147735
12.0089069,TRACKING,1387.5262585225134,735.4756430994687,1247.6812959462889,-3266.610105224775,-1999.0674863048912,1330.2394105149,0.2970981165551447
12.0133607,TRACKING,1388.1258735722122,734.8058344067696,1246.7792657393798,-3266.6041003569826,-1999.0277615804778,1330.24147967889,0.2859389674305028
12.0172064,TRACKING,1388.6561724403884,734.2345797519845,1245.6188622390832,-3266.590946091338,-1999.059503480888,1330.2086505603847,0.3634932321797359
12.0212051,TRACKING,1389.2828274213146,733.6914218314413,1244.797538895127,-3266.6050202512283,-1999.0284371672358,1330.235866546374,0.2918877081629168
12.0252889,TRACKING,1389.7536993563056,733.008831344971,1243.7061025156395,-3266.5766804817213,-1999.0514735853178,1330.2242713212288,0.3356490822092163
12.0297038,TRACKING,1390.2298723480067,732.0922727507617,1242.6980685033138,-3266.5962103614647,-1999.062617295047,1330.2148374010262,0.32690296415619724
12.0338741,TRACKING,1390.7663956847323,731.4064457973568,1242.1947255871962,-3266.5924738831536,-1999.0557518221221,1330.2213499786174,0.2411741023556299
12.0380332,TRACKING,1382.1664139893776,710.7961547393058,1249.278584726454,-3266.60726790395,-1999.0451013427453,1330.2155989481928,5.633224774769106
12.0423306,TRACKING,1382.1649669081385,710.5424400485359,1249.3338968984633,-3266.6446104643446,-1999.054141078326,1330.2184881835926,0.06042677462341127
12.0468152,TRACKING,1382.6581818900588,710.455523925717,1248.5876614082326,-3266.644989057956,-1999.0588963396056,1330.2970474966835,0.20039953744527153
12.0505433,TRACKING,1392.7783072744564,727.7904105661631,1238.9543356357108,-3266.62597536841,-1999.0464616568681,1330.2333415859946,5.972126551937643
12.0545865,TRACKING,1393.0943550097345,727.1980999428372,1238.3469433070773,-3266.6188343361423,-1999.0429024985187,1330.2821558424318,0.2239171054331027
12.0585013,TRACKING,1393.5034616952078,726.3311591994807,1237.4650970860223,-3266.604100006342,-1999.0655502528757,1330.3159243335642,0.3327216681412544
12.0629432,TRACKING,1393.845711768088,725.4914882905514,1236.5812974998846,-3266.627008160813,-1999.0313380798348,1330.2991011052175,0.2850601174734257
12.0672451,TRACKING,1394.4632353103977,724.8655236788727,1235.5629982446474,-3266.616283985714,-1999.024034635366,1330.247613436736,0.31274546483572135
12.0710029,TRACKING,1394.770324771986,723.911619031579,1234.8771813794485,-3266.6241654462824,-1999.072617957994,1330.2501002308693,0.3231475873575887
12.0751485,TRACKING,1395.0304304053495,722.9781914530606,1234.1993149882537,-3266.628613166213,-1999.0375927802904,1330.2334359000731,0.28525631859967077
12.0797366,TRACKING,1395.4401688564062,722.3462216646626,1233.3404127219658,-3266.629191941804,-1999.0797373699459,1330.2323644515175,0.24898306230298414
12.0838797,TRACKING,1395.769407457169,721.3750672730241,1232.7088819255973,-3266.6096102931074,-1999.0566557528127,1330.232761000966,0.2906792269592828
12.0879317,TRACKING,1395.9701091849552,720.5735566968089,1231.680299925809,-3266.58787815195,-1999.0359596940257,1330.2231594865311,0.3256043492905452
12.092083,TRACKING,1396.0344461704703,719.313782016797,1230.7424324754502,-3266.6280264809993,-1999.092169986573,1330.2941789290844,0.3786445961515732
12.096864,TRACKING,1396.321759047513,718.3153727663507,1229.8074995749473,-3266.6215925269335,-1999.098982307934,1330.2759972940498,0.2923375115719132
12.1006182,TRACKING,1396.3820717858728,717.3523487201459,1228.9534565450786,-3266.616718314768,-1999.0951689025192,1330.2769572994048,0.3432373235385283
12.1044093,TRACKING,1396.4593045525708,716.2564273971492,1228.1777686689727,-3266.6109556662605,-1999.0978208761378,1330.2562155962855,0.3547464388076808
12.108445,TRACKING,1396.8597364521704,715.5406703671829,1227.4179482866882,-3266.627023807807,-1999.064386313031,1330.2874337575588,0.2770338287195821
12.1130258,TRACKING,1396.8809548047075,714.6882886709109,1226.737560301454,-3266.627044353986,-1999.0455910027651,1330.2460699026715,0.23813314518105716
12.1171845,TRACKING,1397.0972042232518,713.8817370770422,1225.9889264635585,-3266.630777229145,-1999.061492323273,1330.230130500698,0.26967343900402335
12.1210965,TRACKING,1397.1413529170088,712.8031187872132,1225.360880441608,-3266.64900498813,-1999.0827653510235,1330.3094241070917,0.3192543116346565
12.1252408,TRACKING,1397.0051475748564,711.5344267023187,1224.839631453426,-3266.6592865672897,-1999.075632555888,1330.350799835202,0.33258787664719697
12.1299029,TRACKING,1397.1355960105222,710.5210511154405,1223.8869249706925,-3266.630500640096,-1999.046659538801,1330.2634148589223,0.29964941380371296
12.1340106,TRACKING,1397.0748425107963,709.414366276416,1223.0908851300662,-3266.6533938683924,-1999.0990707207459,1330.2038687731558,0.3322043524938103
12.1377877,TRACKING,1397.0652398548475,708.3653080580523,1222.3508094650156,-3266.613893941661,-1999.0487043954445,1330.2284564350853,0.33990945786267696
12.1418421,TRACKING,1397.1731742745862,707.4392389066874,1221.409367566873,-3266.6232974705963,-1999.075270158919,1330.2223067560642,0.32680002523881596
12.1466208,TRACKING,1397.0044524074299,706.38540080867,1220.8619867175366,-3266.6024909239327,-1999.0635897510922,1330.2525144475062,0.25099811761533286
12.1505629,TRACKING,1396.9868418038623,705.4928176464318,1220.4146692619906,-3266.636064332549,-1999.094561494278,1330.3034624339043,0.2533047926974287
12.1544456,TRACKING,1396.768935835238,704.675104982067,1219.4105012838227,-3266.6200265607695,-1999.0866195950996,1330.2078407584004,0.3382178678390276
12.1584047,TRACKING,1396.6333217387662,703.4646605127198,1218.9906670876805,-3266.6129583725206,-1999.059431622224,1330.2437748194989,0.3254131051256847
12.1633834,TRACKING,1396.1380022818068,702.3837592452459,1217.9237386542784,-3266.6031014726177,-1999.0731401605988,1330.2152092128483,0.320868084043373
12.1674874,TRACKING,1396.01670176132,701.2750043115911,1217.1986719080685,-3266.585143057947,-1999.0701497233383,1330.2389096694585,0.3241540435446991
12.1710974,TRACKING,1395.7519925242602,700.1692766578896,1216.2662299198596,-3266.6124242524775,-1999.0719168284675,1330.2255005668608,0.40732022765800147
12.1750796,TRACKING,1395.4583153562105,699.2904103285906,1215.6844035971233,-3266.623312035072,-1999.1057343886291,1330.2928058905243,0.27476132474996573
12.1801001,TRACKING,1395.141469527127,698.1961784017915,1214.9259573144777,-3266.6329365483653,-1999.0604938956096,1330.272792932325,0.27259575151506793
12.1839259,TRACKING,1394.7399975051237,697.4807089027066,1214.432448933305,-3266.6570127907275,-1999.083134486356,1330.3159503017196,0.25024997274773686
12.1876963,TRACKING,1394.3907019070236,696.3779948876343,1213.6245231980913,-3266.616552840833,-1999.0442283139691,1330.2632103296298,0.3742128625060461
12.1918618,TRACKING,1393.8407165920219,695.2728433258629,1213.0628018421598,-3266.6400855225243,-1999.0794183472517,1330.2725169120163,0.32558768202513827
12.1964744,TRACKING,1393.1916172003503,693.9632043996543,1212.2135342100676,-3266.628479406558,-1999.0616245367814,1330.239499160872,0.366492874609472
12.2005617,TRACKING,1392.720599380731,692.9708375854432,1211.591744227144,-3266.63366441046,-1999.0519865891172,1330.2123483728735,0.308822198119536
12.2043954,TRACKING,1392.1760720133962,691.9044874536258,1210.9140890280196,-3266.6276424725506,-1999.0725605435068,1330.214469160172,0.3588703611007114
12.2088201,TRACKING,1391.6322593561429,690.8480799816326,1210.4026689590683,-3266.6276424725506,-1999.0725605435068,1330.214469160172,0.2923481884532749
12.213256,TRACKING,1390.8739227449487,689.8590872219106,1210.1182736956966,-3266.6362227985746,-1999.0861514513008,1330.27040562166,0.2881724682532967
12.2172696,TRACKING,1390.2838651519933,688.8907384696777,1209.6901170586957,-3266.5956536764384,-1999.0884400965986,1330.2119909375797,0.3019980997003266
12.2210288,TRACKING,1389.5754065807762,687.9334834920654,1209.0129425151813,-3266.617077611301,-1999.0678415978105,1330.2240376785123,0.36443108728864504
12.2252455,TRACKING,1388.7422405742861,686.9937071948451,1208.576818946663,-3266.5831336567494,-1999.0389871307193,1330.2146057626796,0.31529204162355917
12.2299495,TRACKING,1388.3480256284029,686.050555155584,1208.17307298213,-3266.6155961495438,-1999.0491591330933,1330.2545632707815,0.23364555593576047
12.2338763,TRACKING,1387.5933761184735,684.8192887386164,1207.4939088136462,-3266.625146440793,-1999.050063468973,1330.2240688547827,0.4064027739278573
12.2380428,TRACKING,1386.9199735640766,683.9179015496273,1207.0733545658522,-3266.616934310154,-1999.0599283728602,1330.2397053199995,0.28829496633585316
12.2419819,TRACKING,1386.1160451575263,682.6882265285095,1206.3993259204105,-3266.624764723412,-1999.0185337954654,1330.2770624547395,0.41034496522286834
12.2469288,TRACKING,1385.4637954551677,681.6446716322849,1205.7449745326912,-3266.633739083683,-1999.0701862017002,1330.2543157617897,0.2817474074099111
12.2506855,TRACKING,1384.8697219875921,680.6944281241601,1205.4964137573158,-3266.6240533063096,-1999.0578242746096,1330.2934965391503,0.3055600426125149
12.254559,TRACKING,1384.3755283440778,679.8925137794803,1205.090647490107,-3266.648309291635,-1999.0604599746096,1330.2424603061622,0.26478414312778137
12.2586554,TRACKING,1383.62399948813,679.010032925729,1204.335151343646,-3266.6037398468784,-1999.064075630119,1330.2565844457947,0.3377594150063889
12.2631235,TRACKING,1382.9819684434026,678.0068185800063,1203.8369351192966,-3266.6229554831107,-1999.0509702785287,1330.2516114021314,0.28895284615442096
12.2670007,TRACKING,1382.0846462242673,676.9949725863684,1203.6381915697318,-3266.638195878427,-1999.1099095532763,1330.2735368852839,0.3525579355714374
12.2710778,TRACKING,1381.6698926490017,676.3919294796815,1203.269520492368,-3266.630616836495,-1999.0767221077267,1330.1821880887164,0.201003648850736
12.2752516,TRACKING,1380.9904290879333,675.3994829206509,1203.3677611878613,-3266.6301379564834,-1999.0712481735688,1330.225021416071,0.28912765608605884
12.2802229,TRACKING,1380.5065463035955,674.7580715013827,1202.8511716818743,-3266.618598769724,-1999.0615827429663,1330.1846736065122,0.19214383056871545
12.2839512,TRACKING,1379.693592189031,673.49345742077,1202.4031162572312,-3266.603994746358,-1999.0295842508076,1330.219303509049,0.4207613621945288
12.2878009,TRACKING,1379.072606688804,672.53983001,1202.3158497744364,-3266.6118648053343,-1999.0804919499583,1330.2140149463148,0.29647353349199607
12.2919588,TRACKING,1378.4945462920593,671.5511738884038,1201.8990591473469,-3266.6220548611927,-1999.042149868946,1330.229636663082,0.29311253529309395
12.2963046,TRACKING,1377.5997549636572,670.3769227035126,1200.891396241593,-3266.6221443144614,-1999.0540233369115,1330.214237251128,0.4113003017251733
12.3005323,TRACKING,1377.1031141288681,669.4876406877253,1200.84439245239,-3266.6215418125666,-1999.0156624084295,1330.2041347978177,0.2411829005601935
12.304549,TRACKING,1376.7237041195717,668.7227078549917,1200.7701049483312,-3266.611036341961,-1999.0602762194799,1330.2262930466866,0.21338011526018136
12.308584,TRACKING,1376.0990197502583,667.8234862806095,1200.3043229046564,-3266.680620521404,-1999.0691681844628,1330.309729353535,0.2948864344086518
12.3133892,TRACKING,1375.7154227147378,667.0009260233793,1200.3077027549311,-3266.639653984103,-1999.0720960864744,1330.2397214741063,0.18888166410027182
12.3172906,TRACKING,1375.124504367123,666.0829391857428,1200.0515907671934,-3266.627902627449,-1999.0650067686854,1330.2185769028881,0.28742839022317185
12.3210876,TRACKING,1374.5651458122056,665.2677910681967,1199.854930664301,-3266.6243761083474,-1999.046102526497,1330.244660645708,0.26546746937939825
12.3253142,TRACKING,1374.079335052489,664.401854271094,1199.6737392035318,-3266.623726518536,-1999.05635656767,1330.2029804680294,0.23879743332446832
12.3298732,TRACKING,1373.4698143171115,663.3641314454776,1199.7915913668444,-3266.6280040320926,-1999.0717073361147,1330.212816113881,0.26524346102613894
12.333935,TRACKING,1372.8919170898334,662.2460758446409,1199.724074526048,-3266.644851638221,-1999.0768910838422,1330.2675431258358,0.3103022495794728
12.3378372,TRACKING,1372.611663588238,661.5826438654176,1199.8845614785107,-3266.62517543713,-1999.0638989077497,1330.2131487775814,0.18908867526338896
12.3421174,TRACKING,1372.2486209249782,660.821352359428,1199.5822063727794,-3266.630243962835,-1999.051612470814,1330.2034010049722,0.20933175452260336
12.3466445,TRACKING,1371.8973799777248,660.0818632069952,1199.8539565485464,-3266.6223811067603,-1999.0269138591118,1330.2274529959066,0.19053933293977565
12.3505465,TRACKING,1371.3805740783928,659.1755410844216,1199.922924730594,-3266.6401224782244,-1999.1225106296154,1330.2718649106355,0.2679633540801627
12.3545707,TRACKING,1371.1339656448172,658.4980485277933,1200.0330374363987,-3266.6326076704604,-1999.0454575520075,1330.2363111996372,0.18123848253116923
12.3584817,TRACKING,1370.8118244192808,657.6024386733691,1199.6670385047685,-3266.6598470264,-1999.0801006752454,1330.2440443636829,0.2607335675941477
12.3633192,TRACKING,1370.391066684245,656.6527611696977,1199.8680964260393,-3266.605091868645,-1999.0540686077252,1330.2471043369958,0.21870651760926416
12.367144,TRACKING,1370.226821588164,656.0295247615543,1199.4900576332848,-3266.6146763249067,-1999.053046667053,1330.2238506303802,0.19535759284559345
12.3709934,TRACKING,1369.9048591468804,654.8835626851363,1199.4705334563553,-3266.603762098216,-1999.0656909130303,1330.2414275338383,0.30926677714987993
12.3753171,TRACKING,1369.6521990639917,654.4559322902942,1199.202071526294,-3266.652877113527,-1999.0769810246538,1330.3417128346755,0.13058332382363472
12.3799422,TRACKING,1369.5526943959126,653.5779380916402,1199.4584578346737,-3266.60711360303,-1999.0600766133557,1330.2540815864627,0.19892741772203687
12.3839739,TRACKING,1369.178095758183,652.561562094417,1199.0639187559284,-3266.643875521001,-1999.0798363553342,1330.2563325775347,0.2859401645621465
12.3877928,TRACKING,1369.129755679179,651.9991752956305,1199.3661603043251,-3266.6586529718516,-1999.0879280277038,1330.278377102045,0.16766230678073119
12.392073,TRACKING,1368.9679413658555,651.3786416940077,1199.532339245953,-3266.6295866086257,-1999.063549805406,1330.2415878797513,0.1547745542179756
12.3967815,TRACKING,1368.4298653260446,650.4769889623127,1200.4255823413598,-3266.628653152357,-1999.0660811198218,1330.206506900781,0.2927779843163656
12.4005706,TRACKING,1368.5143840288567,649.9419259492845,1199.6729887204253,-3266.641333656149,-1999.0891275133413,1330.217036308473,0.24472085808244887
12.4044967,TRACKING,1367.8488151048975,648.9426063023755,1200.203151070723,-3266.60983942456,-1999.0620436075,1330.2232363568141,0.3343048649229732
12.408653,TRACKING,1367.7127828713437,648.2867728230326,1200.477473764087,-3266.6314395775594,-1999.0665195276629,1330.2217645211779,0.17414341547049958
12.4134228,TRACKING,1367.7309792877074,647.8521193267277,1200.3101184282127,-3266.6429112663136,-1999.1371151866017,1330.25558687214,0.09772198877299997
12.4173641,TRACKING,1367.3291715093458,647.1019514173912,1199.900554205887,-3266.603526113788,-1999.038125017913,1330.2240035512684,0.23962347287284766
12.4213918,TRACKING,1366.9315101873071,646.2751074208963,1199.9495256421412,-3266.6401805457385,-1999.0707708960406,1330.2821876685798,0.22812165651678637
12.425702,TRACKING,1366.7674075406865,645.2549322506687,1199.8795904682927,-3266.6069893144295,-1999.056747592199,1330.2529934626323,0.24027966445780263
12.4306514,TRACKING,1366.3310300733265,644.5411470711255,1199.7514002058824,-3266.6148157981575,-1999.0543262524752,1330.2494665504464,0.17100518007891116
12.4341947,TRACKING,1366.0267136952082,643.5553793459178,1200.197660796338,-3266.654059647718,-1999.1343339243886,1330.301811869513,0.31723334916245577
12.4382509,TRACKING,1366.062125367848,643.4546095127956,1199.8370546883075,-3266.6295074963577,-1999.0750344308638,1330.3045904236242,0.0927203189084721
12.4420917,TRACKING,1365.4868542990303,642.2323418022376,1199.7459836671683,-3266.656190130522,-1999.0884312850185,1330.3156217752899,0.3525165977044978
12.4468076,TRACKING,1365.3033008660746,641.7768624121913,1199.7238735978672,-3266.628463857256,-1999.0498757122164,1330.2674396661328,0.10423697430188408
12.4505856,TRACKING,1364.9373784858321,641.1450776147543,1199.7751175254932,-3266.628235972741,-1999.0764545933605,1330.2462790378722,0.19372675800136352
12.4545133,TRACKING,1364.6561922813057,640.4955276892559,1199.5608042300971,-3266.6200942535643,-1999.0620345003626,1330.248250612129,0.18828685914024107
12.4587558,TRACKING,1364.3501347298807,639.8284898463764,1199.7535822861796,-3266.6073690161884,-1999.0667394257873,1330.2044578007174,0.17885628542906862
12.4633889,TRACKING,1363.895543354613,639.0284583505481,1199.4188784524401,-3266.6314548149735,-1999.0656665442261,1330.2282441470556,0.21133750123016956
12.4671317,TRACKING,1363.6306054230267,638.4960976455164,1199.3306670511104,-3266.617028330857,-1999.0561473635962,1330.2118046216049,0.1606150379311767
12.4711846,TRACKING,1363.4173159563725,637.9753960986953,1199.165598648433,-3266.599866964592,-1999.063127018086,1330.1932926760671,0.14468759686880217
12.4752503,TRACKING,1362.9715895690065,637.1710841706407,1199.3173898084394,-3266.62389996503,-1999.0736185483036,1330.2095103614593,0.22923564232299495
12.48001,TRACKING,1362.5895623111546,636.572151327481,1198.6573619304597,-3266.6194420164497,-1999.052951800202,1330.187817637006,0.2037296036241034
12.4837462,TRACKING,1362.281455800844,635.9501595346456,1198.5144482393957,-3266.6244708350796,-1999.0387288433471,1330.2263619039911,0.18967942751866032
12.4877697,TRACKING,1361.9080793296077,635.2907036141853,1198.4782533080272,-3266.612015884138,-1999.0619435629303,1330.2099796429352,0.18856331598320272
12.4919425,TRACKING,1361.547175095363,634.5727190916289,1198.153425702997,-3266.634477892787,-1999.0362565263158,1330.2734333315118,0.2077157724262575
12.4966578,TRACKING,1360.9865160799918,634.0662570989881,1197.7468719474775,-3266.655555960122,-1999.0828029217935,1330.2852501682733,0.18195643102394615
12.5007286,TRACKING,1360.7053415079076,633.4797420582681,1197.9164439561284,-3266.6646918925476,-1999.073204215257,1330.2888369990994,0.1651200956414785
12.5045513,TRACKING,1360.3738121089636,632.5720129383965,1197.4091582703718,-3266.651206889147,-1999.1283256617571,1330.3923263373154,0.2855132432311078
12.5085424,TRACKING,1359.9802886741452,631.9668653807029,1197.4297203496692,-3266.6326480318166,-1999.0640255563537,1330.2506964157592,0.18093773876582117
12.5135332,TRACKING,1359.6130762992582,631.3687428164031,1197.7016037006667,-3266.6109060156805,-1999.0563844788446,1330.2608885905722,0.15081201995638518
12.5172117,TRACKING,1359.2676278208999,630.9980097159747,1197.463297208668,-3266.6414380616493,-1999.0868505270644,1330.2857073887815,0.15222811759655216
12.5211779,TRACKING,1359.0144024661538,630.214357852896,1197.3459320298552,-3266.623849854899,-1999.0852803935688,1330.288031693508,0.2097398333108483
12.525115,TRACKING,1358.698016311377,629.8021255323004,1197.2246846283476,-3266.5921344162844,-1999.0500195573331,1330.2034152902804,0.1355330510334992
12.5303884,TRACKING,1358.4058181410694,629.2701258551533,1197.4385196827075,-3266.6002824631155,-1999.065823692783,1330.2193196355313,0.12203292820076761
12.5341944,TRACKING,1358.1232175437071,628.8801826097742,1197.1359721170445,-3266.59845919919,-1999.0304701951231,1330.238590157311,0.14942985888941657
12.5377835,TRACKING,1357.672284694153,628.2928972751429,1196.8385673400962,-3266.6052257608303,-1999.094908099227,1330.2075645023344,0.22232067583806395
12.5419307,TRACKING,1357.3255073109954,627.9197545055108,1196.7845379242344,-3266.6226583639377,-1999.1183115304348,1330.327664593161,0.12351923594261578
12.5465732,TRACKING,1357.1159776985774,627.4518434753301,1196.88494181104,-3266.629853373999,-1999.0871824859933,1330.2453158896594,0.11253023217145812
12.5505769,TRACKING,1356.6945303608375,626.7610219255872,1196.462182464462,-3266.629563699681,-1999.0603783603203,1330.3135760154146,0.22804025897803196
12.5544553,TRACKING,1356.524151823551,626.398426306136,1196.4460231379983,-3266.6287884156814,-1999.051679262874,1330.2535895241122,0.10338175519941414
12.5583987,TRACKING,1356.312501363839,625.8890781644869,1196.5286063994447,-3266.6405631914636,-1999.0572423665412,1330.2563518925888,0.14143121656434288
12.563366,TRACKING,1356.1609615797477,625.6325562518597,1196.1458402692715,-3266.628326529007,-1999.0503018320155,1330.34915988456,0.09764949476291396
12.5673259,TRACKING,1355.8292741149205,625.1922854951879,1196.2035850957243,-3266.651512667694,-1999.0655787183896,1330.297376712998,0.1399648164265005
12.5712212,TRACKING,1355.4522791196455,624.5249775999716,1196.206278660933,-3266.6481356194677,-1999.0478691313813,1330.2606085490897,0.1967605390287576
12.5752914,TRACKING,1355.17682018809,624.1380875920677,1195.756129924497,-3266.639154775709,-1999.031526514774,1330.2352793361872,0.16077008513123858
12.5799356,TRACKING,1354.9223856301187,623.7481780624634,1195.483745662472,-3266.61594584427,-1999.0443531814183,1330.2435714186872,0.11614630828700331
12.5839242,TRACKING,1354.8837692433476,623.6014483454302,1195.5603544507378,-3266.640763703765,-1999.078313003942,1330.290234668622,0.04261390604173727
12.587914,TRACKING,1354.3998813827834,622.8749307565608,1194.8611695413886,-3266.635423393642,-1999.0794244141432,1330.205220143658,0.28031662314672223
12.5922506,TRACKING,1354.067401971688,622.4833079156923,1194.7728535421052,-3266.6017936595786,-1999.064976313698,1330.221781086605,0.12019987731317246
12.5966513,TRACKING,1353.6713373244938,622.0965428535902,1194.7987066973694,-3266.625514899022,-1999.0985621767438,1330.3005385655188,0.12593146873665237
12.6006845,TRACKING,1353.6822798944786,621.7590942485493,1194.620007427974,-3266.5842012980684,-1999.0463035599446,1330.1863371313257,0.09471411167006528
12.6044989,TRACKING,1353.3161919427878,621.293949560681,1194.1596366961412,-3266.604961041011,-1999.0816265089923,1330.2407852681993,0.19659206612480576
12.60858,TRACKING,1353.1477924128892,620.8919586687871,1194.053285340881,-3266.57736250052,-1999.0583420738753,1330.271386036574,0.10992782527463454
12.6131449,TRACKING,1352.8229518794772,620.436832898441,1193.869052772566,-3266.61695910907,-1999.082919120206,1330.2507913447337,0.12896877169137042
12.6173676,TRACKING,1352.7985212282213,620.1595474615384,1193.9536848961889,-3266.6079609052586,-1999.047736193873,1330.2842855381798,0.06889928290014448
12.6212378,TRACKING,1352.715416035847,619.7108566310291,1193.8303263234254,-3266.6251394686224,-1999.0518821310177,1330.2683937315303,0.12213893243532238
12.6253918,TRACKING,1352.4265747084737,619.4958493012698,1193.5912835468382,-3266.6521356925095,-1999.0568215440014,1330.285900339509,0.10404487205615838
12.6299537,TRACKING,1352.3124018906542,619.0459243169369,1193.6574636692678,-3266.6445018082763,-1999.0391285758749,1330.2997111132372,0.10278156692259055
12.6338364,TRACKING,1352.143263037246,618.7588039921451,1193.9188908760884,-3266.6468643517355,-1999.0131487925846,1330.2839821081384,0.10908512710734426
12.6378179,TRACKING,1352.0479110456818,618.13521652837,1193.708636738222,-3266.641304762028,-1999.038197184283,1330.2583397087085,0.16701022820459857
12.6417993,TRACKING,1351.797243806503,617.6791615072317,1193.4362959887437,-3266.652763072538,-1999.077435434061,1330.3000217146023,0.1475255599901809
12.646615,TRACKING,1351.5671761066583,617.0349015738675,1192.846498698088,-3266.6199573422564,-1999.05956773324,1330.248108849034,0.1875638572879119
12.6504834,TRACKING,1351.2896189463002,616.7850195313604,1192.8200377396274,-3266.638664893472,-1999.0641885387904,1330.2266087471703,0.09678552403247759
12.6546699,TRACKING,1351.2908586191863,616.6194035596064,1192.7808250587525,-3266.621919749116,-1999.0952309232528,1330.2680531296376,0.040654331139259474
12.6586085,TRACKING,1351.1341905251984,616.405933775812,1192.745432017985,-3266.619095420199,-1999.0819967131572,1330.2032436035024,0.06782761756649903
12.6633269,TRACKING,1351.0162718494385,616.024312146856,1192.5981526540363,-3266.603484852185,-1999.083463037159,1330.237081534372,0.0902239007329283
12.667517,TRACKING,1350.8472867890227,615.8686257017795,1192.377640591348,-3266.610943504827,-1999.0661970328404,1330.2383752896314,0.07600409021681877
12.671383,TRACKING,1350.7905907194988,615.4142260661815,1192.2551488143363,-3266.6032530132475,-1999.0584066457295,1330.2270494186862,0.12261326921328825
12.6753429,TRACKING,1350.587674225493,615.2544561435461,1192.0660109031835,-3266.6099805397835,-1999.053777923856,1330.2393410061904,0.08083958383670245
12.6798778,TRACKING,1350.3622020573011,614.9175845368518,1192.2801470950865,-3266.6181549193648,-1999.0705591283825,1330.2733818223944,0.10109327891969776
12.6836291,TRACKING,1350.3045390212437,614.6544835176497,1192.0927681621831,-3266.620421579071,-1999.098839298875,1330.2985909070899,0.08746643594262593
12.6875527,TRACKING,1350.3744941573711,614.474452437135,1191.7815956117954,-3266.628538642399,-1999.068973715542,1330.2783608967197,0.09334338060855751
12.6917141,TRACKING,1350.089501131078,614.1626859037184,1191.8266646056597,-3266.625955682388,-1999.0419715710466,1330.2325621771602,0.1020797775888965
12.6967772,TRACKING,1350.1667501288441,613.981702423762,1191.9214499093632,-3266.675009241236,-1999.090833679207,1330.3383920068877,0.0431393004918485
12.7006243,TRACKING,1350.070111091529,613.7472033754937,1191.834791262526,-3266.657140178339,-1999.0749098981876,1330.3020542652894,0.0696699566192251
12.7043679,TRACKING,1349.984128812545,613.7046428180031,1192.0401918676887,-3266.638965276682,-1999.061987664325,1330.2654333747041,0.0605571971198308
12.708736,TRACKING,1349.9462727021887,613.5453738072099,1192.0319753891267,-3266.6591868148175,-1999.0862225501041,1330.2740036465093,0.03752483059250726
12.7132203,TRACKING,1349.8937252990286,613.2301443930653,1192.1440546482802,-3266.6481052680724,-1999.1078338461002,1330.2661170559495,0.07552191425725048
12.7170929,TRACKING,1349.9246168424359,613.0000722999849,1192.5762167893117,-3266.657031381106,-1999.100470296458,1330.2555493056407,0.12667523248028137
12.7211493,TRACKING,1349.8165454717496,612.8081621736543,1192.2160279439813,-3266.6125816063404,-1999.0795521116863,1330.2141414550292,0.10408012594504501
12.7254104,TRACKING,1349.7293273102184,612.6826054628632,1192.6426420733872,-3266.6565259073673,-1999.1047969015092,1330.2725912772185,0.10635256033572503
12.7297563,TRACKING,1349.703887261011,612.5749088481508,1192.3623656541433,-3266.6010256261407,-1999.0533056021065,1330.2157531372052,0.06933694417494207
12.7339962,TRACKING,1349.5491598351264,612.1016484078477,1192.3492316416803,-3266.606401243394,-1999.0781155707123,1330.2459108950923,0.11747561385420707
12.7378661,TRACKING,1349.5838774045465,611.9199304861521,1192.1071474427513,-3266.5934527328745,-1999.0688427893792,1330.2855471906948,0.0787313821828996
12.7419382,TRACKING,1349.5227102589574,612.0784530556533,1192.0332313309511,-3266.634157501903,-1999.085595992204,1330.324479785584,0.04550366735121926
12.7463916,TRACKING,1349.3214538862792,611.5005686203233,1192.0364443396738,-3266.622021139362,-1999.0358923231124,1330.3182750389094,0.13740857528430672
12.7504581,TRACKING,1349.3714219964277,611.652329363768,1191.8877692501176,-3266.6386652946653,-1999.0355508445225,1330.324913124973,0.05366986903164999
12.7544424,TRACKING,1349.4213443237986,611.1057092022464,1191.9889169166088,-3266.6593743438343,-1999.0818409127453,1330.282602915115,0.1400840304183124
12.7587113,TRACKING,1349.4119644540065,611.1728527720719,1191.6435519466309,-3266.659810929768,-1999.0613343361233,1330.255721466813,0.08244659095575359
12.7635565,TRACKING,1349.3084643361374,610.8721228050831,1191.780286136077,-3266.655488387609,-1999.0860545297796,1330.306206518751,0.07144994884871138
12.7672842,TRACKING,1349.3976286858274,610.6551791264998,1192.1205847561082,-3266.680925610883,-1999.0992530483616,1330.285612898482,0.11087301361184118
12.7711902,TRACKING,1349.7459740223417,610.8868714328178,1192.1665632096317,-3266.6444743664447,-1999.0671281171,1330.1871231398502,0.10775212810477776
12.7752116,TRACKING,1349.8889210329305,610.6322789132806,1192.250025213875,-3266.645760033331,-1999.0816263473764,1330.2025775975235,0.07551417263998961
12.7800117,TRACKING,1349.8032817422843,610.3709538951864,1192.0113909799452,-3266.6517944246743,-1999.0655893473534,1330.1995682729091,0.07585325607182856
12.7839046,TRACKING,1350.1336868132257,610.3971002278932,1192.4617007933584,-3266.6402582325372,-1999.088035270711,1330.1959711269108,0.14362899641013985
12.7878989,TRACKING,1350.147665392251,610.2246025133984,1192.3284796548833,-3266.627524792607,-1999.0764762616816,1330.1792324489918,0.05467801571105656
12.7923838,TRACKING,1350.2884474496389,610.2789315932836,1192.5227746057647,-3266.642488321321,-1999.0822234767386,1330.1754473853098,0.05485333369057875
12.7967584,TRACKING,1350.2914167316387,609.9802196461936,1192.2236739067728,-3266.6589380695505,-1999.0850815841643,1330.3135946340255,0.0966323535167468
12.8005154,TRACKING,1350.3507921885398,609.8599554360263,1192.3424708913656,-3266.6534117147553,-1999.0762687225074,1330.3351399401186,0.047689467560139136
12.8044996,TRACKING,1350.5118368090734,609.8489327688245,1192.4317319763545,-3266.633684285971,-1999.0892807680752,1330.2376204564287,0.04629714094616724
12.8084523,TRACKING,1350.572660480614,609.7092663089659,1192.3390613814765,-3266.6152659069567,-1999.063349663805,1330.2844537629412,0.045110668727970926
12.8132389,TRACKING,1350.6703196512638,609.2871413523559,1192.3829212700834,-3266.6246585733115,-1999.0786672283043,1330.2742834063158,0.0909808184635697
12.817201,TRACKING,1350.8364392247586,609.492917184223,1192.1788192835536,-3266.668344439797,-1999.116229719229,1330.3430084748343,0.08431423018002662
12.8211572,TRACKING,1350.7411230197852,609.4375180198062,1192.2843314339666,-3266.6446971378405,-1999.094319079419,1330.224007603571,0.03857261607692472
12.8253224,TRACKING,1350.8542782682725,609.1989944101871,1192.3031615255134,-3266.6740722634886,-1999.0800264453078,1330.259553304275,0.06354406797194244
12.829857,TRACKING,1350.9976578424826,609.1057672697168,1192.7484810487367,-3266.655111202759,-1999.065338002717,1330.2956430904153,0.10519801090304003
12.8340266,TRACKING,1351.1511323686923,609.2092091513285,1192.9040609638525,-3266.656665232533,-1999.0706904825386,1330.2602416266677,0.05798746606214862
12.8379277,TRACKING,1351.3576470105554,609.2263928635833,1192.8626708302365,-3266.6829041336737,-1999.1032386700933,1330.279381541927,0.054169687437945695
12.842177,TRACKING,1351.3404942949069,609.069859896396,1192.9902822524652,-3266.6520739367606,-1999.0546229253762,1330.2137569171202,0.04769859035550468
12.8470906,TRACKING,1351.6005824124206,609.1714401956481,1193.1263868234157,-3266.6402272545947,-1999.071496774235,1330.2177144127456,0.06321770771953888
12.8507211,TRACKING,1351.6538270370495,608.9983620602544,1193.1506526170986,-3266.6516377486664,-1999.0906791208965,1330.2294827721166,0.05032407636229034
12.854496,TRACKING,1351.6711677873038,608.8796642878013,1192.9493603366366,-3266.644965421614,-1999.0783976909256,1330.265997530131,0.06207462733549475
12.8584887,TRACKING,1351.7638048198799,608.7924395551373,1192.9234571289712,-3266.630754139302,-1999.0498133703634,1330.2301172737737,0.03252158953957339
12.8632221,TRACKING,1352.050345481268,608.9238808808608,1193.2101968559823,-3266.6201922773375,-1999.0647369872174,1330.2207074778612,0.09002998120462395
12.8673857,TRACKING,1352.1517130849431,608.9406067671276,1193.0246005053764,-3266.62179814652,-1999.0400493116529,1330.2473441678173,0.05094983882506877
12.8712273,TRACKING,1352.314068661686,608.9076350423959,1193.2130578373992,-3266.620099153545,-1999.04795875328,1330.2720190738025,0.06531746197305695
12.8751805,TRACKING,1352.400535097181,608.8815213005728,1193.171898769788,-3266.6605628116354,-1999.090755786543,1330.3322363936309,0.02510863658498091
12.8796344,TRACKING,1352.3709809134193,608.6935442115769,1192.898394752087,-3266.6315659588263,-1999.0736895058499,1330.3107286584122,0.07480782225658457
12.8841266,TRACKING,1352.4918191613508,608.591934598659,1193.146893212383,-3266.6269150927606,-1999.0617964840437,1330.287814223564,0.0655382827544907
12.8880038,TRACKING,1352.663696947906,608.6680755925918,1193.2532104484746,-3266.6586566334336,-1999.1189102947433,1330.316803130758,0.05570241257388726
12.8919309,TRACKING,1352.9408338814385,608.7641570485093,1193.4864476980204,-3266.632000341479,-1999.0834226528036,1330.2920897737981,0.095426167646214
12.8967988,TRACKING,1352.9290345142083,608.855463200846,1193.6845163374935,-3266.6225973233013,-1999.0668717400129,1330.2786171822163,0.04486941706425915
12.9005041,TRACKING,1353.2838428355853,609.1600652776327,1193.654309201298,-3266.6340799744985,-1999.0670315803527,1330.2246973299198,0.12646688235625816
12.9045433,TRACKING,1353.3106182441852,608.9814296079805,1193.7962472416266,-3266.602357057502,-1999.0420651688712,1330.2637933760072,0.05687413197981013
12.9086381,TRACKING,1353.4152590593337,608.9968119608612,1194.2022880346212,-3266.6569008025035,-1999.0571886280547,1330.310904798227,0.10246889031519724
12.9132556,TRACKING,1353.4451179958278,608.999920312593,1194.3335194695712,-3266.632145761344,-1999.032684979757,1330.2085216612188,0.029154596307189574
12.9174104,TRACKING,1353.279610440552,608.3744809053645,1193.543825194218,-3266.6327356809256,-1999.0716427670573,1330.1955204220706,0.2457096029687105
12.921333,TRACKING,1353.5990205223068,608.8377207836876,1193.744348082344,-3266.617471461499,-1999.0715845798113,1330.212006757954,0.15228342921776403
12.9253602,TRACKING,1353.6186174038128,608.7392314184191,1194.0144284169955,-3266.6207244050015,-1999.0682083787256,1330.275992614055,0.07154972875274737
12.9301058,TRACKING,1353.7462511423873,608.8754061541556,1193.894900384494,-3266.6309118771637,-1999.0449500881032,1330.2526381577034,0.04670269493473897
12.9340016,TRACKING,1353.8277763185513,608.8349213802633,1194.1081442845027,-3266.615632425831,-1999.045058632055,1330.260489410291,0.05951497286364401
12.9378382,TRACKING,1354.0460292040245,608.8305574648017,1194.2009111101272,-3266.645905206767,-1999.0442233975969,1330.2732981912886,0.06182294276531758
12.941769,TRACKING,1354.163324575117,608.8087284395909,1194.2577042580378,-3266.6601778272898,-1999.079463038691,1330.3498934170502,0.03361578924986167
12.9465822,TRACKING,1354.3078126888026,609.0450082139118,1194.4472622963103,-3266.627810943314,-1999.0409948595618,1330.2827477012816,0.0697279678714985
12.9507087,TRACKING,1354.490444004404,609.1761992939483,1194.5921026331505,-3266.640773271414,-1999.0424135441194,1330.3216941690132,0.06481937220123979
12.954634,TRACKING,1354.503425220541,609.1910121832657,1194.8496931945626,-3266.656638910079,-1999.077091894048,1330.3044292315926,0.06581470675440651
12.9588108,TRACKING,1354.9863486907386,609.2442051978866,1194.9528597122428,-3266.6663246696453,-1999.0636819206,1330.3427789616774,0.11891324985545987
12.9635414,TRACKING,1354.8686088605857,609.2971647238699,1195.1478890777794,-3266.615343016369,-1999.043946757058,1330.261040860949,0.04944161506911383
12.9674179,TRACKING,1355.2125348285579,609.3099182764108,1195.3332465272608,-3266.623639559536,-1999.027086636987,1330.274239727138,0.10083914359881568
12.9710282,TRACKING,1355.2697376809663,609.5851067502048,1195.6463377387256,-3266.6323084165106,-1999.089844680006,1330.3182425477592,0.11654037885529565
12.97531,TRACKING,1355.6388019038268,609.7473837983441,1195.7276273181942,-3266.63661181677,-1999.0449256890456,1330.2079148705486,0.09605277738068445
12.9799642,TRACKING,1355.5294326932224,609.7342418898378,1195.9592261262928,-3266.6298959721275,-1999.0701214297064,1330.2173370122462,0.05510317344585603
12.9838999,TRACKING,1355.8890049580164,609.86731540249,1195.9973499072762,-3266.6170306848626,-1999.060258228742,1330.21823908593,0.09789809747656969
12.9879904,TRACKING,1355.7085190374823,609.9234703647181,1195.8255858508494,-3266.6211200740395,-1999.0583544945082,1330.2277610728866,0.062438445266964675
12.9922328,TRACKING,1355.953252624729,609.8007278545106,1195.8068565069177,-3266.6216512776705,-1999.0281493789341,1330.2435357110287,0.06468710435440678
12.9964518,TRACKING,1356.0907940373054,609.9462146126101,1196.0611586733291,-3266.616689787276,-1999.0366448206726,1330.2434098517288,0.07671406793997888
13.0006296,TRACKING,1356.155248346392,610.0760682168254,1196.0743623288217,-3266.6364457989976,-1999.0652215568698,1330.2530324890574,0.03484372074715006
13.004521,TRACKING,1356.3550015674555,610.278304368187,1196.3236294549483,-3266.643089547354,-1999.0761620338412,1330.3354282010137,0.09715458082306562
13.008627,TRACKING,1356.5318114559445,610.4342982152389,1196.4850268071493,-3266.6524643840257,-1999.0575632629555,1330.2816725035927,0.06958980907105144
13.0132672,TRACKING,1356.4981408656429,610.6476264182384,1196.3849274960214,-3266.635518328518,-1999.0565819346848,1330.2644782661434,0.051299269112837526
13.0172112,TRACKING,1356.7205763242978,610.6352189192239,1196.6086151568943,-3266.6728969974565,-1999.094676095025,1330.3000377194148,0.08004610433067667
13.0211197,TRACKING,1356.827105439893,610.8814118576232,1196.7083849413407,-3266.6149743373926,-1999.0618750430256,1330.25603383574,0.07322635674013767
13.0251209,TRACKING,1356.7688849730953,610.7867244796106,1196.4702604757142,-3266.627322575403,-1999.0973355465308,1330.3435802533036,0.0656777963466695
13.0301491,TRACKING,1356.9888563593372,611.123323585542,1196.6850234702524,-3266.617028365269,-1999.05561049187,1330.2427472136164,0.09066092969439189
13.0340706,TRACKING,1357.0250792523611,611.146231839721,1196.4224465102698,-3266.656500413585,-1999.081901135289,1330.2815682480364,0.06784438943294298
13.0380832,TRACKING,1357.2224761614084,611.3413867777923,1196.2161330371575,-3266.6088396298337,-1999.0525810257316,1330.2214687093503,0.08619244536888816
13.0419395,TRACKING,1357.3120163756403,611.5677329220264,1196.1654482779759,-3266.634497814653,-1999.075485823103,1330.218871733748,0.06447481078393948
13.0464838,TRACKING,1357.389442446864,611.7522420717631,1196.0342327987935,-3266.634497814653,-1999.075485823103,1330.218871733748,0.05265543714225814
13.0505469,TRACKING,1357.426378573449,611.7016906715493,1196.0992869189918,-3266.6153131501633,-1999.0511064729913,1330.2327116600231,0.022221234525634608
13.054687,TRACKING,1357.4414894582237,611.8994044772454,1195.7703068407152,-3266.6060267158214,-1999.072751948724,1330.2294363861483,0.09277999200252844
13.0588113,TRACKING,1357.69573192472,612.057554120013,1195.7431730717456,-3266.649293958695,-1999.0669028608338,1330.2371025521197,0.072895751209772
13.0633002,TRACKING,1357.5768597623855,612.1030505492175,1195.8092161026746,-3266.6428941250815,-1999.0665410380225,1330.252570924488,0.031944407517885264
13.0670352,TRACKING,1357.9001969455157,612.5606384000124,1195.571627801746,-3266.6249326920297,-1999.0413147692097,1330.270107879462,0.16294243373489303
13.071023,TRACKING,1357.9869552219375,612.7338813768679,1195.6114087868045,-3266.661768990162,-1999.0761003691646,1330.3235859040433,0.04959989843333461
13.0752726,TRACKING,1357.8401818440211,612.5972058718121,1195.3100993016901,-3266.6714758314783,-1999.0910618228759,1330.334747372644,0.08517344426197154
13.0797145,TRACKING,1358.0997897821667,613.0729220475505,1195.2475902324134,-3266.6474172922503,-1999.0946435298163,1330.345206476887,0.12281591579347141
13.0841035,TRACKING,1358.157461301862,613.239234626375,1195.2556552453193,-3266.653066093381,-1999.0624582250998,1330.2611396519233,0.04014871712005536
13.0878206,TRACKING,1358.135288798157,613.4376596826568,1194.9923486063076,-3266.639299834585,-1999.0854238140282,1330.237671584513,0.08889885246965183
13.0920391,TRACKING,1358.0790163414254,613.5561653283509,1194.7869278103424,-3266.6320489695663,-1999.112928983125,1330.291020988103,0.057778195896445624
13.0966197,TRACKING,1358.232541870521,613.6675599221,1194.8831370648381,-3266.64259411588,-1999.0868340348788,1330.2604923497372,0.04643176973540609
13.1006579,TRACKING,1358.381461832498,613.9267222921442,1194.6209780352287,-3266.60586937674,-1999.0586038390777,1330.2349929996808,0.09845469152304628
13.1044931,TRACKING,1358.156785346256,614.1372694157731,1194.647000917607,-3266.617643084721,-1999.1000286245344,1330.2584118112163,0.080571911059923
13.1085013,TRACKING,1358.336012968364,614.1378329507913,1194.5402312817853,-3266.6384084564197,-1999.0838280107746,1330.2052727642247,0.05204848564851411
13.1131624,TRACKING,1358.3897968297379,614.3707924510029,1194.582548011972,-3266.615885937589,-1999.098992874988,1330.2194660709927,0.05209145844578381
13.1171833,TRACKING,1358.615047820374,614.6672795901743,1194.6480473098059,-3266.605804732573,-1999.065386842262,1330.200423481497,0.094024853187368
13.1212064,TRACKING,1358.7249189304398,614.7637761631952,1194.564978167683,-3266.614845431397,-1999.041434344187,1330.2303062532321,0.041803007449673815
13.1252956,TRACKING,1358.8069503369295,614.9158863536894,1194.6289738584348,-3266.6479451087357,-1999.08567238498,1330.2324660113604,0.04506703442988786
13.1296207,TRACKING,1358.699212200896,614.9957689052202,1194.4690481864534,-3266.6225423930246,-1999.026050837937,1330.2645085282093,0.048258347855752906
13.1337748,TRACKING,1358.9391503637135,615.3150492889487,1194.4564006789271,-3266.6680548017302,-1999.0887894874386,1330.3279758615383,0.09619113489611716
13.1377961,TRACKING,1359.1389146656568,615.5190158104831,1194.5130969440293,-3266.656246824451,-1999.0465819926224,1330.2435941151396,0.07238242424820215
13.1419584,TRACKING,1359.1769804421808,615.758357259438,1194.0892595795617,-3266.6634822085584,-1999.0545667758324,1330.2514183231458,0.11729884470611901
13.1466012,TRACKING,1359.1780874021943,615.8925350093681,1194.457757026629,-3266.650247730683,-1999.0442355050832,1330.2561845799437,0.08446786224518767
13.150493,TRACKING,1359.2448347528573,616.1757566392766,1194.288005627406,-3266.636652409243,-1999.0515465004028,1330.2506085611865,0.08656038365855367
13.1544014,TRACKING,1359.489989263461,616.4807255457995,1194.2790679613465,-3266.6463272466885,-1999.0740761808336,1330.247862208675,0.10014089179074162
13.1586491,TRACKING,1359.7386242001924,616.6589372384127,1194.4515766630723,-3266.6608659618764,-1999.0830216557497,1330.2683435812492,0.08267888271574919
13.1633348,TRACKING,1359.7553014552584,616.9472996128993,1193.942029292578,-3266.6151507329078,-1999.0783803742945,1330.2553858364229,0.1250018910550204
13.1672461,TRACKING,1359.988506235663,617.0472641115155,1194.4107013279827,-3266.632759594929,-1999.1001054144833,1330.2799900205678,0.13625787973578304
13.1710878,TRACKING,1360.0771394722703,617.4468120503079,1194.1202880792575,-3266.610370759828,-1999.081925485979,1330.300518768981,0.13062730271303563
13.1754409,TRACKING,1360.2087360975186,617.540543197819,1193.8824444459337,-3266.6147358075104,-1999.0616492912966,1330.247293492944,0.06605149668469251
13.1801022,TRACKING,1360.284018631907,617.7326283450542,1193.8056511765574,-3266.6007308515555,-1999.0796062249835,1330.2258129742982,0.04722704676232336
13.1839189,TRACKING,1360.4948587478755,617.8048256742666,1194.1552190142656,-3266.5813631579995,-1999.086704051605,1330.249414306917,0.10861855753835117
13.1877742,TRACKING,1360.53608851154,618.0044403025802,1193.675654116852,-3266.6216542777233,-1999.0621318997378,1330.30569854604,0.13516039092489487
13.1920399,TRACKING,1360.5397770934687,618.2351910035185,1193.607671531393,-3266.613359239069,-1999.0891385813838,1330.2725835879053,0.056399878373953986
13.1966252,TRACKING,1360.660051344419,618.3016833728752,1193.5203637830205,-3266.6522718929114,-1999.096143652255,1330.3477330431165,0.035508739322256615
13.2006207,TRACKING,1360.8947875429615,618.45075628659,1193.5113242884076,-3266.66695281055,-1999.1025650216277,1330.3126276444486,0.06963295993693557
13.204645,TRACKING,1361.0676816529053,618.7730512228669,1193.5564517980754,-3266.639964268768,-1999.0651192610862,1330.2995493784927,0.09157230783754726
13.2087119,TRACKING,1361.1921862205784,618.979178719694,1193.7777729171871,-3266.6761442223547,-1999.084285576594,1330.320211187985,0.08042175259652432
13.213257,TRACKING,1361.3205036393294,619.1993618946964,1193.681154943619,-3266.6413498648653,-1999.0568510119815,1330.238124708111,0.05996467665232594
13.2172699,TRACKING,1361.6659582109787,619.3974466746548,1193.905908869819,-3266.6745443488962,-1999.0654257917931,1330.1975460101535,0.1139486257852978
13.2211385,TRACKING,1361.6974773348659,619.8344263276545,1193.9602883874434,-3266.6433315435766,-1999.046710583642,1330.2354363449697,0.11411798700186665
13.2252038,TRACKING,1362.024071897632,619.7413138854321,1193.8069133884649,-3266.662338804981,-1999.0774144329143,1330.2299483278102,0.09166268619619783
13.2299002,TRACKING,1362.121377252063,620.0717043708216,1194.3226822988088,-3266.6237640363656,-1999.0521771594858,1330.2035533179846,0.13205786571563305
13.2340093,TRACKING,1362.1905421570825,620.1744352925218,1194.300177015324,-3266.6272538640224,-1999.0472183123427,1330.2237136295937,0.030632647241376983
13.2378387,TRACKING,1362.3797618460546,620.3141828943317,1194.1456595458449,-3266.6498791834133,-1999.0889566231242,1330.2790617499327,0.07349484734374473
13.2419702,TRACKING,1362.5107190565539,620.6139428237866,1194.1995929915045,-3266.6335069175348,-1999.0568815320557,1330.2318124077885,0.08024536927344329
13.2466981,TRACKING,1362.742931696697,620.6601694758403,1194.0978251974634,-3266.6355546053296,-1999.1097435233985,1330.2924591045094,0.054509104653157725
13.2506777,TRACKING,1362.7968286448024,620.9058241698089,1193.8437330615677,-3266.6526848251715,-1999.0770201541848,1330.304957521091,0.08983584571265792
13.2548001,TRACKING,1362.9522293318546,620.9874994538253,1194.1109151561209,-3266.620487011081,-1999.0470432343236,1330.2547879725958,0.07755130722713763
13.2586321,TRACKING,1363.228169570777,621.1451703535698,1194.311254629095,-3266.636832987159,-1999.0566690302296,1330.2595702039255,0.09803881824278887
13.2633735,TRACKING,1363.4686314438852,621.3554820739555,1194.046701629527,-3266.627106843265,-1999.0567345045085,1330.29257396307,0.08748017912401716
13.2671725,TRACKING,1363.6311210510198,621.7459491271665,1194.3798617539242,-3266.6431846403198,-1999.0605192833284,1330.2725136757315,0.141718694556667
13.2710285,TRACKING,1363.7492369858765,621.8081627015912,1194.7518452552968,-3266.6660748153195,-1999.0630047179595,1330.3453385419605,0.10249310056507553
13.2751484,TRACKING,1364.0431316461138,621.9565189218083,1194.740079642401,-3266.6259708886946,-1999.0328584843899,1330.265642977371,0.07995992127382316
13.2796444,TRACKING,1364.3452664407957,622.3442387433892,1195.079902804626,-3266.635852897194,-1999.061696229885,1330.2463461457437,0.13291184365744851
13.2839579,TRACKING,1364.6188918341463,622.6070508032047,1195.4566657184264,-3266.6314247402534,-1999.0657325829936,1330.2520267941404,0.12395689485699021
13.287798,TRACKING,1364.8156431648138,622.7318968175757,1195.0781860704712,-3266.6314247402534,-1999.0657325829936,1330.2520267941404,0.11574170893118832
13.2919739,TRACKING,1365.088265289792,622.79733556189,1195.7150276693524,-3266.657090871309,-1999.0937058555053,1330.2838665694596,0.16662872379741195
13.2965995,TRACKING,1365.3238046308452,623.2030318893256,1195.7699114430845,-3266.6231921503577,-1999.0652457581157,1330.2137455410736,0.10210870062533092
13.3007662,TRACKING,1365.5896419566536,623.3531441845134,1196.1257399876943,-3266.625419471582,-1999.0762121558969,1330.2043194401017,0.11252228479098406
13.3047489,TRACKING,1365.7803229496478,623.246429048147,1195.9862642305557,-3266.612795480574,-1999.0497317849004,1330.183537548459,0.06508932734719879
13.3086596,TRACKING,1365.976329473375,623.339067698299,1196.1316690716524,-3266.6281644205746,-1999.0577479016476,1330.2401949900413,0.06675076782501116
13.3135231,TRACKING,1366.1321375244156,623.6504280339768,1196.2050336867708,-3266.5922518118523,-1999.0736717931163,1330.2115538862695,0.0731601194773549
13.3172042,TRACKING,1366.40798886151,623.7003233774998,1196.3359006988462,-3266.6130621593848,-1999.034533098799,1330.2502085516237,0.08404276211005318
13.3211228,TRACKING,1366.2759098415731,623.336737778823,1196.4445759929542,-3266.629337955663,-1999.0685548231188,1330.2474164418202,0.10253866359550211
13.32519,TRACKING,1366.6360588289044,623.737694277695,1196.5242422573926,-3266.643917274988,-1999.041599430206,1330.2152922314447,0.13395259760133532
13.3305278,TRACKING,1366.9301988680118,623.8559825772122,1196.6793831876203,-3266.6629466932013,-1999.0698651658079,1330.3278431025133,0.0661242042450078
13.3341203,TRACKING,1367.2553215225787,624.1811891964959,1196.8191318884399,-3266.640582575084,-1999.019766221612,1330.3392285888156,0.1337837517504432
13.3378327,TRACKING,1367.2130076914552,624.1194771969189,1196.8724906312498,-3266.659143901454,-1999.027736462659,1330.2312078981195,0.024755427515569212
13.3422528,TRACKING,1367.5769914499858,624.3766289606184,1196.9203477436693,-3266.6266029465896,-1999.0225823831652,1330.275360434953,0.10140503161325806
13.3470024,TRACKING,1367.587612781803,624.4693982199326,1197.0449195600208,-3266.6355331901186,-1999.0518305323617,1330.1940070241615,0.03277805369675695
13.3505076,TRACKING,1367.8731760814312,624.6983471392581,1197.0189026358676,-3266.6255150435995,-1999.043524528175,1330.2091885351765,0.1046828836781313
13.3547151,TRACKING,1368.2164198046728,624.9875854538283,1197.128497287955,-3266.6454427089325,-1999.1004450324917,1330.261911572743,0.10981473555419677
13.358735,TRACKING,1368.2257759032846,625.0828140670864,1196.858038039993,-3266.5686134351263,-1999.0544246072204,1330.2039002863019,0.07136673508993627
13.3635733,TRACKING,1368.5041854022809,625.2039805836087,1197.4225485009017,-3266.6092806238958,-1999.056948853555,1330.250601520627,0.13248200859177228
13.3675753,TRACKING,1368.907025693042,625.2196765849687,1197.168606814754,-3266.6200892698303,-1999.0583711300535,1330.2264033931244,0.11905518714676912
13.3711384,TRACKING,1368.8394086106864,625.352000846246,1197.4259155877683,-3266.6115495567115,-1999.0477079742195,1330.2785384354838,0.08339244853397625
13.3754364,TRACKING,1369.0442244932399,625.4755451818454,1197.3248799585801,-3266.6496677671403,-1999.0772441252818,1330.27472009578,0.060413084908881136
13.3802703,TRACKING,1369.1935759767273,625.5887090920821,1197.8461727210763,-3266.5922489383497,-1999.0607225899068,1330.2634352602554,0.11459643839430127
13.3839472,TRACKING,1369.4697161981237,625.7331419158148,1197.7967125208063,-3266.6145903796,-1999.0523994319078,1330.2548969004868,0.08581473722919891
13.3878127,TRACKING,1369.5982039476924,626.1415229311147,1197.7301263208735,-3266.5878362971075,-1999.0603324285519,1330.2749606081538,0.11208490805291241
13.3918177,TRACKING,1369.445393806284,626.1523355158408,1197.4515108082408,-3266.650189810854,-1999.0699708125476,1330.354016510756,0.07938914918731402
13.3968669,TRACKING,1369.8614736025756,626.442096840114,1197.5010633413685,-3266.606798133557,-1999.0265734291554,1330.2505720522709,0.10089720544990687
13.4007354,TRACKING,1369.7057391637557,626.3938292933705,1197.18880534402,-3266.6270227791083,-1999.0568555015207,1330.2175837061548,0.09105888768326367
13.4046141,TRACKING,1370.0902398675657,626.5436947194245,1197.3180283404618,-3266.636439908341,-1999.0769486150082,1330.2448295976976,0.11148937351429684
13.4086472,TRACKING,1370.1754602249357,626.6875523135194,1197.3127158106872,-3266.623322958873,-1999.0515797836852,1330.232130111511,0.04147910762665119
13.4133509,TRACKING,1370.3720202031022,626.9281324821944,1197.7840416808995,-3266.6129408198117,-1999.0648085499856,1330.2028278082466,0.12001237035760881
13.4173537,TRACKING,1370.470626398176,627.0562513280227,1197.1464104868774,-3266.6416558535648,-1999.0598610403854,1330.2158074203053,0.16433692521417007
13.42154,TRACKING,1370.6062861550138,627.1535038505774,1197.2169037862009,-3266.659954639641,-1999.067723630809,1330.1934858574773,0.04328238978333385
13.4253783,TRACKING,1370.8411471798083,627.367826552759,1197.3386433327116,-3266.6318938595914,-1999.011730060287,1330.238575461286,0.08870127296316625
13.4300421,TRACKING,1371.0213720300037,627.3325304550381,1197.469673690619,-3266.6450810488996,-1999.031681725612,1330.2184107276228,0.04837276458178781
13.4340871,TRACKING,1371.1073536858034,627.5010300587895,1197.4071516005924,-3266.647460898978,-1999.047754386941,1330.2653073582565,0.04925425572493075
13.4378369,TRACKING,1371.2668832204113,627.8129780107702,1197.4448411521582,-3266.6163929342993,-1999.0081741771774,1330.2307859103723,0.09397680907758686
13.44203,TRACKING,1371.5706994975124,627.964616252672,1197.453259975655,-3266.598809127414,-1999.0488450001876,1330.2710781704093,0.08100466455232279
13.4466775,TRACKING,1371.6413566272877,627.8502439052481,1197.4652049272963,-3266.6261861341945,-1999.0283731239545,1330.2354225790118,0.029040818151835193
13.450587,TRACKING,1371.840346705508,627.8869037160949,1197.6798989704478,-3266.655254437008,-1999.1020431481058,1330.3453851405297,0.07546134898064187
13.4546904,TRACKING,1371.9437301426842,628.3661244267402,1197.667801139902,-3266.6135966738607,-1999.0539087678721,1330.2687515280843,0.11950936313966898
13.4587845,TRACKING,1372.1658618132492,628.2807012064017,1197.6913493241123,-3266.597685379903,-1999.0676491603356,1330.2603002769047,0.05841404149079634
13.4631121,TRACKING,1372.27548573753,628.341021098959,1197.8655961566933,-3266.618878233096,-1999.0357262845725,1330.2429203817417,0.049569674090228576
13.4672954,TRACKING,1372.320817144063,628.5323578310487,1197.7595104549303,-3266.597705510798,-1999.0395467409153,1330.2550952696458,0.053408860019327334
13.4712378,TRACKING,1372.6016342261744,628.6083360168477,1197.9922521074734,-3266.6275543422134,-1999.077288834015,1330.236246009341,0.0945003492461532
13.4751927,TRACKING,1372.814122281516,628.6224360258549,1197.958213835513,-3266.6379495973865,-1999.0723201874541,1330.2566212940699,0.05452944404846821
13.4799589,TRACKING,1373.0663790684869,628.9014978109306,1198.1491565630733,-3266.6303403973147,-1999.0668996110742,1330.2256827445901,0.08851131834644359
13.483653,TRACKING,1373.1074882987082,628.7699503360245,1198.2456039736226,-3266.6441451789415,-1999.0927881416035,1330.272606214788,0.04553654658808789
13.4877948,TRACKING,1373.1998732241957,628.9472101964204,1198.2644596964547,-3266.641897155865,-1999.0552989055643,1330.2571190259036,0.048475883958983036
13.4918493,TRACKING,1373.4450273240145,629.0920870406932,1198.7001007178526,-3266.628691812439,-1999.0498750743386,1330.2208232672733,0.12836466736363392
13.4968161,TRACKING,1373.647538188073,629.1174410939873,1198.710084756124,-3266.6328639648245,-1999.0318588963366,1330.216955854231,0.04114035147944444
13.5010085,TRACKING,1373.8569016996366,629.2082424697247,1198.8032047086476,-3266.650499660795,-1999.0579109512844,1330.2830907661096,0.05879060238896241
13.5047456,TRACKING,1374.0047675388792,629.2587175154774,1198.761656115378,-3266.62735194908,-1999.0349189281228,1330.2436821616507,0.04326175513925512
13.508691,TRACKING,1374.1427898957159,629.2202975999521,1199.023891509569,-3266.631068776457,-1999.0121099787154,1330.221924522864,0.07573894980231907
13.5132884,TRACKING,1374.25325647621,629.3411591000253,1199.0032718514583,-3266.6420944332795,-1999.078221436592,1330.2316127148513,0.03589679600663023
13.5170712,TRACKING,1374.35355751011,629.3847377639554,1198.9311717776422,-3266.655427101596,-1999.0540711134934,1330.2206778843172,0.03462722173577659
13.5211414,TRACKING,1374.4165894804335,629.3819207189504,1198.8763795235395,-3266.6337656200562,-1999.0341771878527,1330.2271986497956,0.02053100110060595
13.5252542,TRACKING,1374.572567719996,629.4311397437295,1199.0550779404155,-3266.6556814051396,-1999.0863315846518,1330.285414761248,0.05890137057125628
13.531002,TRACKING,1374.774946628296,629.5784699008443,1199.0492644722597,-3266.599346036436,-1999.0520792751568,1330.2340680896082,0.043563463876587744
13.5341105,TRACKING,1374.9375084845303,629.7786551190339,1199.2748873762214,-3266.623235056184,-1999.0652854863197,1330.2514024061961,0.11022867705857028
13.5378301,TRACKING,1375.0188411287195,629.5087063196478,1199.7331647650083,-3266.6390963154827,-1999.0610587489227,1330.324731303894,0.1446545784956937
13.5421021,TRACKING,1375.0986784757072,629.5945734739424,1199.4497655515647,-3266.6429045152295,-1999.0623992532917,1330.306470968246,0.07179207679670803
13.5468228,TRACKING,1375.2499528665219,629.5873020147302,1199.4888957938444,-3266.6178371825877,-1999.0461706706158,1330.2130345206622,0.03313544113237836
13.5505808,TRACKING,1375.2702690896547,629.6584133421833,1199.7908855135242,-3266.6105733305026,-1999.053257753107,1330.2471208309,0.08273383477214753
13.5544939,TRACKING,1375.398450118416,629.5057489004321,1199.4266460871456,-3266.617793711172,-1999.0323242552804,1330.2479827587858,0.10611009712895038
13.5586505,TRACKING,1375.5215973163122,629.6628196225681,1199.7311486489366,-3266.6297404552456,-1999.058272637404,1330.2551897644998,0.08759214358429715
13.5635162,TRACKING,1375.553542725136,629.6682769924549,1199.6882933821155,-3266.6246197192972,-1999.0480191732854,1330.2322330856477,0.01104251451212801
13.5672661,TRACKING,1375.6883692957106,629.9153350302894,1199.9807031980367,-3266.6246197192972,-1999.0480191732854,1330.2322330856477,0.10823124675903839
13.5711394,TRACKING,1375.7399307322983,629.8797731539493,1200.1093210166482,-3266.6349669692872,-1999.043764672951,1330.2205357727903,0.036934560073663435
13.5752585,TRACKING,1375.6786852582636,629.8225976342579,1199.9412766530722,-3266.6358270725686,-1999.0528148358535,1330.2480894963273,0.04558609493569479
13.5798649,TRACKING,1375.9644667264415,629.9113274486132,1200.170021236585,-3266.613810875513,-1999.0490889679802,1330.21050242336,0.0817675051589364
13.5836806,TRACKING,1375.6497129245665,629.5640610167314,1200.1286143731047,-3266.626455625343,-1999.0429457923412,1330.2216182119014,0.12330862579814077
13.5881974,TRACKING,1375.6554330689075,629.5015811779195,1200.2813759596552,-3266.653735231303,-1999.1095570630712,1330.247469634896,0.036562175882274575
13.5922843,TRACKING,1375.7185437901132,629.6131981254097,1199.894813553014,-3266.6193995511912,-1999.096431928372,1330.2496079850703,0.09965343377630129
13.5966731,TRACKING,1375.6543254969097,629.4169462074678,1200.1110608496413,-3266.604362410881,-1999.0586129162582,1330.2107246344597,0.06812822795475484
13.6005479,TRACKING,1375.8357807932018,629.5690396016693,1200.4092702142864,-3266.625321251813,-1999.054676579872,1330.206746990877,0.09826879160602661
13.604651,TRACKING,1375.5298799645163,629.644697413997,1200.1479175453817,-3266.625650562683,-1999.059225643677,1330.2466683147577,0.09977710892787593
13.6086455,TRACKING,1375.8589136010555,629.663758939271,1200.5908041868806,-3266.602389637515,-1999.0198251495804,1330.2687130271624,0.13820612236676652
13.6132059,TRACKING,1375.8299916050773,629.6418857552686,1200.655291749882,-3266.618381523324,-1999.061155025197,1330.2614713818064,0.016223036890743902
13.6171742,TRACKING,1375.734783694861,629.6584143309617,1200.4835559650278,-3266.6393639499793,-1999.091008480612,1330.261164054916,0.04965744175347071
13.6211915,TRACKING,1375.6550213243383,629.5065005763844,1200.6915117776925,-3266.6232627440577,-1999.05459050291,1330.251948734459,0.06711034336792562
13.6251724,TRACKING,1375.8545892309735,629.5994366017894,1200.9374159734068,-3266.6147933907187,-1999.062342021852,1330.2020283224556,0.0829085112842581
13.6297192,TRACKING,1375.8675253426713,629.4266040514942,1200.7260805157491,-3266.62278154344,-1999.0516990568772,1330.2271959197176,0.06011151498686906
13.634061,TRACKING,1375.7847275432712,629.3196313644329,1200.752272842359,-3266.6001491623997,-1999.0733951716975,1330.2266533064103,0.03173450323254842
13.637884,TRACKING,1375.9059560800165,629.4389130039951,1200.819984865578,-3266.6187015280466,-1999.0510387750599,1330.2438153388425,0.04788273353050693
13.641864,TRACKING,1375.7544359387098,629.3676172181177,1200.6464315603885,-3266.623986400927,-1999.0752484511922,1330.199119046916,0.060595072714539046
13.6469048,TRACKING,1375.6843745281399,629.3996476708007,1200.5191992348546,-3266.6209992804406,-1999.0809150042835,1330.2893302779971,0.029506573009539946
13.6504671,TRACKING,1375.6456975634687,629.0881509887089,1200.7743425242445,-3266.606651607899,-1999.062602440601,1330.2241487773713,0.11355160108305251
13.6543491,TRACKING,1375.8990224455486,629.4696052039601,1200.5515837302673,-3266.622490916793,-1999.0879087332933,1330.223434988045,0.13117396580088903
13.6587025,TRACKING,1375.6280942689048,629.4001454602877,1200.3645120208582,-3266.6238084136694,-1999.0934623243384,1330.270842183295,0.0772925983231149
13.6634211,TRACKING,1375.6158354566458,629.2452912211322,1200.3683255673418,-3266.6169480558574,-1999.0625962593938,1330.2602657356379,0.0329304265894548
13.6672789,TRACKING,1375.5837977153935,629.3259191753256,1200.3709162887105,-3266.6540676463774,-1999.0896945842644,1330.2204615864894,0.022499505605711574
13.6712116,TRACKING,1375.8284654583665,629.4112166956254,1200.369964414576,-3266.612235018347,-1999.0792912167915,1330.214295338982,0.06588646693276981
13.6753304,TRACKING,1375.6164807708562,629.2196325217105,1200.4417418955773,-3266.6197262981136,-1999.0392196658581,1330.2437448986589,0.0715276856719623
13.6800939,TRACKING,1375.6935688066706,629.1321201897492,1200.3132581544446,-3266.6557752021395,-1999.1318991507133,1330.242377040312,0.03642690915037418
13.6839631,TRACKING,1375.658057936746,629.1956861638627,1200.6375166745715,-3266.624165933455,-1999.0731428902661,1330.1973560649733,0.08589192339256325
13.6876837,TRACKING,1375.7456045097633,629.3503233251503,1200.434884901612,-3266.6196790222293,-1999.0736136137689,1330.206952408442,0.07243776457556399
13.6919242,TRACKING,1375.701808714182,628.9620653609592,1200.3908423993657,-3266.628255744376,-1999.0698722736888,1330.2046762228154,0.09272366117289026
13.6973892,TRACKING,1375.6761695966695,629.037338190281,1200.3996762417225,-3266.619308065309,-1999.0657539867605,1330.2040448807809,0.014640210287262366
13.7011365,TRACKING,1375.7031589348771,628.9426847327046,1200.062222994382,-3266.6163464036686,-1999.0794527643343,1330.191231775866,0.09380472113101702
13.7045745,TRACKING,1375.5980980821057,628.8489768581634,1200.2328750789688,-3266.6035309983868,-1999.0490011683025,1330.2048746888331,0.06434738660237779
13.7090115,TRACKING,1375.7004157397735,628.9296146219327,1200.1974002534253,-3266.606886925812,-1999.0412688707713,1330.2092108792513,0.030429982675693995
13.7135788,TRACKING,1375.5557807322773,628.7997097521111,1200.265489650336,-3266.6251097285794,-1999.0695975222438,1330.2379780352253,0.04510043132949371
13.7171854,TRACKING,1375.6815699466206,628.932145833494,1199.8520915245558,-3266.643984255761,-1999.0943946044974,1330.2892584784208,0.125312372914146
13.7213849,TRACKING,1375.490984377095,628.8077076694881,1199.8528190097547,-3266.602370336288,-1999.066272096217,1330.2475563144562,0.05420032063211325
13.7255187,TRACKING,1375.3297759297632,628.6116025697761,1199.767537301465,-3266.6124446468957,-1999.0805970470929,1330.3129574020863,0.06478368738635155
13.729993,TRACKING,1375.5762570807526,628.9491514504841,1199.7579922709333,-3266.6275663687984,-1999.0779087027656,1330.2458390444372,0.0934382901614095
13.7340945,TRACKING,1375.3047924490656,628.7133100143011,1199.753274741536,-3266.605587352306,-1999.0779652485028,1330.227369265849,0.08768348648650316
13.7379861,TRACKING,1375.34313030442,628.9281655224686,1199.6592328542026,-3266.6047064919594,-1999.0541636568435,1330.2714592723569,0.061066905356998484
13.7421742,TRACKING,1375.4612615416768,628.8609553466069,1199.7631178100742,-3266.63760196754,-1999.08656316776,1330.2230016557094,0.04084622133886209
13.7466163,TRACKING,1375.3501380381972,628.8290813118338,1199.7397746827903,-3266.6113750992863,-1999.089839685125,1330.2079014478907,0.02654997581104487
13.7506313,TRACKING,1375.360762563121,628.7946930051294,1199.6878363809167,-3266.622759180576,-1999.0825816353588,1330.2496978182337,0.015738573854189766
13.7545484,TRACKING,1375.32991565674,628.5556054812995,1199.5297406721966,-3266.6029407919573,-1999.078180169694,1330.214369714677,0.07359670986380604
13.7587184,TRACKING,1375.29677349436,628.6236513547843,1199.2552872888346,-3266.6285586963486,-1999.0933698707659,1330.2004025907277,0.06827305003730617
13.7633632,TRACKING,1375.1906244275974,628.5213134002115,1199.3909329492358,-3266.627896583311,-1999.0670517441358,1330.2058473230056,0.04313442100559549
13.7671314,TRACKING,1375.3674955406227,628.7619534516369,1199.0976640724075,-3266.630883441761,-1999.0828293562276,1330.2017973794748,0.11107855060597192
13.7710969,TRACKING,1375.1807867826003,628.5602392746654,1198.9614122878802,-3266.620964504172,-1999.0646672622502,1330.207885441098,0.07736198220775935
13.7751555,TRACKING,1375.1885745617458,628.5075479489012,1198.9721652510736,-3266.6500618092796,-1999.0708230577686,1330.2861585564713,0.01338843598934292
13.7798158,TRACKING,1375.1526628141748,628.3929133231507,1198.916558938038,-3266.602626576578,-1999.0502273608633,1330.2121371577357,0.028404558252323256
13.7839052,TRACKING,1375.2206504448231,628.4163064679293,1199.0821033728037,-3266.6579872584466,-1999.084886938545,1330.2233883695067,0.044134620845626006
13.7880346,TRACKING,1375.2851703491338,628.4964711754394,1198.800480009096,-3266.6022930919644,-1999.051472504991,1330.2416444598957,0.07260977788660825
13.7920014,TRACKING,1375.1988724905884,628.3738930513169,1198.5409008485901,-3266.6262444111007,-1999.0961738369383,1330.3366355992146,0.07556636678567799
13.7965975,TRACKING,1375.0567251852058,628.3006842593744,1198.5518508660134,-3266.636979389912,-1999.0652740987027,1330.2446767492918,0.034870063485722906
13.8007001,TRACKING,1375.2254528231933,628.4720882726227,1198.6413754844552,-3266.6198812676607,-1999.0441632644806,1330.2259081506015,0.06255493942498341
13.8044903,TRACKING,1375.3237363034716,628.3793177993913,1198.4340318926304,-3266.615676946895,-1999.072819292152,1330.2433932246663,0.06530058021241475
13.8086637,TRACKING,1375.0305914478295,628.2841022689207,1198.3689835036034,-3266.603870726514,-1999.0376228385367,1330.2660849376111,0.0754803842516076
13.81322,TRACKING,1375.2139574700873,628.1826190213656,1198.5145189574102,-3266.584068486489,-1999.0361214590057,1330.224408643362,0.055999812747934634
13.8173625,TRACKING,1375.3117341631298,628.3719198255523,1198.6627012342597,-3266.6035182299256,-1999.051349272653,1330.2318927402878,0.06264929084917426
13.8211704,TRACKING,1375.4933654371457,628.5184911195255,1198.5300765282848,-3266.5940496836556,-1999.0718804184141,1330.2417244931855,0.07049669476085504
13.8253443,TRACKING,1375.1944261877136,628.0398716550003,1198.5721283230803,-3266.618474243936,-1999.0529592722494,1330.1947822663572,0.13557360607015695
13.8297827,TRACKING,1375.2589535151442,628.4042952671517,1198.3158222146046,-3266.6221110631477,-1999.0663967915195,1330.2160514742184,0.10142822595379568
13.8339847,TRACKING,1375.2758083856836,628.2087009857177,1198.6845241358117,-3266.6002938201314,-1999.0862813962417,1330.2416083403152,0.09940761651960567
13.8378944,TRACKING,1375.1260905707875,628.2176525335806,1197.98169035173,-3266.6194574808655,-1999.065805496954,1330.2396411707784,0.18381438123688976
13.8420071,TRACKING,1375.1356437717666,627.9714901642797,1197.9047360863265,-3266.587534030474,-1999.0440252416715,1330.2184805804648,0.06275377622319231
13.846928,TRACKING,1375.1363488459049,628.1515122353929,1197.7260968757266,-3266.6078982068616,-1999.0519798752086,1330.2348636579075,0.05153827340538512
13.8508437,TRACKING,1375.1610049867468,628.1837529453892,1197.4897429584455,-3266.625984754302,-1999.0333635288343,1330.21118312013,0.06124411989530506
13.8545095,TRACKING,1375.2876567746869,628.0955555036722,1197.6525971886851,-3266.5888553386353,-1999.026938251083,1330.1986095326433,0.06120571825957165
13.8586775,TRACKING,1375.1629196788806,628.0971453366445,1197.2788118825897,-3266.6078844055555,-1999.053423627944,1330.2129330746172,0.09454233212131885
13.8633843,TRACKING,1375.1684501794296,627.9411148676728,1197.4728321183845,-3266.6078844055555,-1999.053423627944,1330.2129330746172,0.052910266089718834
13.8673702,TRACKING,1375.1639970978842,628.014220070603,1197.2375303652223,-3266.594575947548,-1999.0506866929916,1330.23208924983,0.06182715048367545
13.8711546,TRACKING,1375.2601046753964,627.972290680071,1197.5009573252198,-3266.6061750812914,-1999.0525957634648,1330.212300024748,0.0749203742559603
13.8752533,TRACKING,1375.2643916049647,628.1350598439352,1197.390608335146,-3266.669555303268,-1999.10629873195,1330.252113603816,0.04798970262564243
13.8798783,TRACKING,1375.3813408976705,628.235604083867,1197.249161586499,-3266.6339739002633,-1999.0703060933367,1330.1846264767814,0.04524732530943599
13.8837957,TRACKING,1375.294805693452,627.8978339601315,1197.3505418313912,-3266.611112491953,-1999.0738493245778,1330.2120246527725,0.09269371829232549
13.8878142,TRACKING,1375.1492046021945,627.9958185322155,1196.8493248546467,-3266.6200853658706,-1999.0768350460025,1330.2425671448664,0.13215247393351395
13.8919083,TRACKING,1375.302111481291,628.1497285267841,1197.17543440162,-3266.6261180398546,-1999.0939368131844,1330.183046378832,0.09567031775751245
13.8968186,TRACKING,1375.3683725394137,628.1143832831547,1197.1242906395269,-3266.631501809264,-1999.0828057990032,1330.2308753072227,0.01850391496903342
13.9005819,TRACKING,1375.1790541121375,628.0352680606434,1196.8908581945382,-3266.604780488165,-1999.0469306710388,1330.2354641363622,0.08258484752602561
13.9044653,TRACKING,1375.1728397274342,628.1474924655793,1197.144846476216,-3266.6082490104054,-1999.0567366695104,1330.2150969757542,0.071521413263259
13.9086363,TRACKING,1375.1757857036503,628.0462628660102,1197.0993456568374,-3266.623844042791,-1999.0514603362064,1330.2416954784426,0.026618192290414126
13.9133023,TRACKING,1375.243741273641,628.0158688684896,1196.5154106706125,-3266.6272337075916,-1999.0707282246085,1330.2299921054812,0.12615967473097006
13.9172976,TRACKING,1375.0963541333815,627.8314890056314,1196.596755411382,-3266.601510989485,-1999.0626025358952,1330.3027538619535,0.06249130823505186
13.9254361,TRACKING,1375.0395633402848,627.777141273807,1196.1570564760045,-3266.6159436017297,-1999.0610775219595,1330.2276459216425,0.054883569115587706
13.9379263,TRACKING,1375.0574544150402,627.8662447180476,1196.1254650564438,-3266.6113646061453,-1999.0706442557387,1330.2029219079532,0.007703325004746434
13.9420341,TRACKING,1375.0705301036246,627.8514803845018,1195.9407234886128,-3266.6092627460825,-1999.0545813948556,1330.2118978625688,0.0452289052669974
13.9468355,TRACKING,1374.8075730316302,627.2759068857379,1195.4418424021787,-3266.6345554186,-1999.0567019946177,1330.2056157043228,0.16782604719327915
13.9506593,TRACKING,1375.064461075117,627.7244571649748,1196.0397710156672,-3266.5994146931985,-1999.0649338274081,1330.21402679981,0.20670128313288508
13.9544279,TRACKING,1374.8654954854978,627.5378533460087,1195.7694684184166,-3266.607606823232,-1999.0674750429318,1330.2258373883005,0.10190005654007828
13.9587068,TRACKING,1375.1473661240557,627.6016397904142,1195.9584168551355,-3266.6150394022666,-1999.0515989911173,1330.2436957271132,0.08069465173299348
13.9634282,TRACKING,1375.065437519756,627.6347594550172,1195.951555100029,-3266.6625373757865,-1999.0784380997395,1330.2915299133058,0.01877318736409234
13.9673394,TRACKING,1375.0591494550513,627.5271349656756,1195.7542194572047,-3266.6091093093037,-1999.0321086148358,1330.2265461272818,0.05749239106033158
13.9713602,TRACKING,1374.7191614991516,627.3157655256744,1195.4034052118952,-3266.624796655929,-1999.0843274903898,1330.205271780206,0.1323857008329109
13.9753394,TRACKING,1375.0085419055313,627.5067737765492,1195.750295519478,-3266.6411470292087,-1999.097654806668,1330.2981086916232,0.12325773582173145
13.9800952,TRACKING,1374.7326740087742,627.126515913844,1195.3844769586165,-3266.649915866953,-1999.0877385475746,1330.2836768238903,0.12519824241557434
13.9840099,TRACKING,1375.0130278866984,627.4272911967086,1195.3846568099905,-3266.6374906421356,-1999.1009946429015,1330.296238764056,0.1050333488473166
13.9878382,TRACKING,1374.7915384504188,627.3735559809215,1195.4387926659515,-3266.605771172479,-1999.0433848511784,1330.2623293825784,0.06119052939043132
13.9920065,TRACKING,1375.003035960631,627.2705424678633,1195.52591296892,-3266.6147391910727,-1999.0633413243177,1330.2930499393483,0.060183854697137204
13.9965254,TRACKING,1374.8719236589852,627.3043677845978,1195.385088620783,-3266.619569117685,-1999.0619610564856,1330.266978628497,0.043232074346591966
14.0006662,TRACKING,1374.859266999796,627.0743932169714,1195.1831363858605,-3266.6205224358496,-1999.086056657651,1330.2530251585777,0.07397653821243112
14.0048669,TRACKING,1374.9315668356726,627.2026626575589,1195.345672876852,-3266.6438148364296,-1999.0930976598434,1330.3235925011877,0.05220880682536175
14.0087572,TRACKING,1374.9290451724219,627.0466805874652,1195.1012794294236,-3266.61836320593,-1999.0599086108532,1330.2501427617692,0.07452883186196342
14.0134198,TRACKING,1374.960302784935,627.2675322315167,1195.415543910191,-3266.619108643585,-1999.0720184999057,1330.2561568415672,0.08265259434609958
14.0174762,TRACKING,1374.875927471422,627.0780835737825,1195.1217013159403,-3266.628459597927,-1999.081921552027,1330.2998920962013,0.08866418919640619
14.0212607,TRACKING,1374.7994629147456,626.9753675337029,1194.8964801541254,-3266.6361438271333,-1999.091555339092,1330.3080373139715,0.06845794943322471
14.0252745,TRACKING,1375.075065020362,627.3492499460344,1195.3424906004918,-3266.64250453977,-1999.1517998146212,1330.2912487565163,0.16043367279328571
14.0300697,TRACKING,1375.0547268650646,627.2924838849939,1195.237500494822,-3266.6174819637085,-1999.0556203800234,1330.2152012643153,0.025249029192837023
14.0339879,TRACKING,1374.918832436558,626.9589958446315,1194.8392603792859,-3266.624410734477,-1999.0432346989055,1330.2161193562747,0.13703080676951002
14.0378636,TRACKING,1374.931440265059,627.230387188045,1195.2031016393369,-3266.6075003768055,-1999.0541603474894,1330.2193063108487,0.11716191726292442
14.042062,TRACKING,1374.9194749176045,627.0414071642638,1194.9389988968614,-3266.6075003768055,-1999.0541603474894,1330.2193063108487,0.0774038009841514
14.0468693,TRACKING,1374.821490949483,626.8420397991803,1194.5885084232832,-3266.6265098285926,-1999.0531257734826,1330.263860101141,0.08631871727608088
14.0507115,TRACKING,1374.9978975075394,627.099831882997,1194.9281702460128,-3266.624871977026,-1999.0631885709497,1330.2269725647332,0.12010330690286437
14.0548126,TRACKING,1374.8310618208664,626.7967211128102,1194.5013708826907,-3266.6133765184313,-1999.0749600268803,1330.2581095201565,0.13397018791329146
14.0586767,TRACKING,1375.131840447658,627.2025887536684,1194.8177061815932,-3266.6079038946,-1999.0662970722008,1330.2080666245959,0.15425081053224896
14.0631955,TRACKING,1375.100727172464,627.1428866992255,1194.9329424384641,-3266.6083970674595,-1999.05434525315,1330.2271655101208,0.029534550912701487
14.0674078,TRACKING,1374.9785056136836,626.7504010450116,1194.5389685058233,-3266.596386256752,-1999.0357486961602,1330.2794473086608,0.1351718461080722
14.0711552,TRACKING,1375.1828201773799,627.0748324437023,1194.8758838584104,-3266.6167908013313,-1999.0411939305004,1330.2790594637777,0.13620213677005322
14.0753996,TRACKING,1375.3299979238848,627.1532978606193,1194.9117956401992,-3266.6283335653984,-1999.0562216214162,1330.2084748464101,0.04019649053731429
14.0801956,TRACKING,1374.948165821094,626.7161265319269,1194.761697098513,-3266.61832327507,-1999.0484466281455,1330.232950969434,0.12500762489582798
14.0839849,TRACKING,1375.284888064178,627.0502196463977,1195.0138452639067,-3266.6410639062947,-1999.054964467902,1330.3111445415059,0.1417663647970701
14.0878745,TRACKING,1375.0386845033222,626.7344107942548,1194.816303925812,-3266.642257769075,-1999.0646895689613,1330.2247321565399,0.11479667909122326
14.0920184,TRACKING,1375.415094397213,626.9663944614903,1195.25798757842,-3266.6146355839023,-1999.0528715376447,1330.2320961040557,0.1508164343838309
14.0968161,TRACKING,1375.3081687531235,626.9430750307334,1195.068447362717,-3266.6319782275013,-1999.0810744437008,1330.2316342894771,0.045618969373988336
14.100739,TRACKING,1375.2569253176075,626.8024053348094,1195.0878424972198,-3266.613466314761,-1999.0546143783822,1330.3108541058011,0.03848266643869983
14.1045893,TRACKING,1375.1550885386127,626.5591797970054,1194.5822488124695,-3266.6346512537093,-1999.0361959045604,1330.2231519180518,0.14809835189164794
14.1086796,TRACKING,1375.3321979759546,626.7855254314667,1194.8716212784482,-3266.595361313987,-1999.0489833040092,1330.2072353317267,0.09970998420439814
14.1133337,TRACKING,1375.0188956611828,626.5078166680213,1194.7014653008914,-3266.6016745993584,-1999.052623208467,1330.223874169536,0.09710192449032823
14.1175235,TRACKING,1375.251828772915,626.7281718364515,1194.8415004958465,-3266.6043641939937,-1999.0625945084018,1330.2412222462146,0.08351032059418158
14.1211518,TRACKING,1375.0818325413206,626.4802888243865,1194.7367092488334,-3266.6240087839483,-1999.0822201467713,1330.2478068825455,0.0877318064082739
14.1255195,TRACKING,1375.1669980189638,626.4628178677298,1194.705221273434,-3266.615947511261,-1999.0792286908688,1330.2823020171165,0.02117031639444051
14.1300128,TRACKING,1375.238635733622,626.6817204469708,1195.0047094351962,-3266.5906595208967,-1999.0276909999852,1330.2410446759357,0.0840838704999745
14.13398,TRACKING,1375.2667645089743,626.6780187492768,1195.2013226869622,-3266.605592064498,-1999.0384205063554,1330.2468727305632,0.050073022544317475
14.1381035,TRACKING,1375.3693376275996,626.7524961903149,1195.3990920078493,-3266.63663606131,-1999.0380931149773,1330.2332323303385,0.056967629410037315
14.1422378,TRACKING,1375.4957454162595,626.7559124086299,1195.6103252890803,-3266.627209504599,-1999.0698830016202,1330.1880929780555,0.05954845637499536
14.1469124,TRACKING,1375.0941122491424,626.3671678956955,1195.0192137700592,-3266.6283170434162,-1999.0435149976133,1330.2368682765054,0.17403374668661512
14.1507458,TRACKING,1375.4336028677592,626.6014068077372,1195.388211532259,-3266.612570069997,-1999.0532990212996,1330.172616306271,0.14436966812662785
14.1545898,TRACKING,1375.4136811117173,626.5505699706039,1195.3573823498944,-3266.5987692484687,-1999.037921746947,1330.152947323437,0.01631198240169981
14.1587104,TRACKING,1375.2850937137596,626.6550746918581,1195.4273450256069,-3266.6183051413545,-1999.060895311355,1330.1928012921228,0.04364973340375879
14.1671612,TRACKING,1375.4311461569407,626.7206161604038,1195.2658444265048,-3266.606088324079,-1999.0520730350056,1330.216643381519,0.026908352569371297
14.175478,TRACKING,1375.5516283028317,626.4489157795513,1195.4367518384886,-3266.621957489583,-1999.1139154545203,1330.2749684642758,0.04122383453451383
14.1801033,TRACKING,1375.8479148939414,626.6494466096588,1195.732813866443,-3266.622161358339,-1999.0803090586362,1330.2833170305028,0.10040050897092752
14.1879323,TRACKING,1375.9293330231574,626.7420851137999,1195.803081960571,-3266.6184675275153,-1999.0585058743668,1330.2680859362144,0.018130679836120885
14.1920187,TRACKING,1376.0156158288848,626.5306812014056,1195.9349272785594,-3266.62171205126,-1999.0353914509967,1330.2676483386406,0.06452269833409409
14.196495,TRACKING,1376.2529580917137,626.6207595245437,1195.8591978235963,-3266.6159194986412,-1999.039100196652,1330.2446553383038,0.05918187877152515
14.2005805,TRACKING,1376.1868397931253,626.6910200271075,1196.0265256831535,-3266.6467843411074,-1999.0490111214408,1330.2690343084178,0.047276864928679996
14.2045372,TRACKING,1376.4157265253361,626.7232521950908,1196.219208310366,-3266.6502944655044,-1999.0403499172583,1330.2259298478248,0.07605403145754394
14.2086655,TRACKING,1376.4508706116358,626.7122216421849,1196.234827039104,-3266.647462533518,-1999.0936210207124,1330.2989116687763,0.009691412035888235
14.2133144,TRACKING,1376.5469970563272,626.9131177387662,1195.9782843588516,-3266.6560801034375,-1999.0799953879578,1330.2277225508562,0.073076618582317
14.217464,TRACKING,1376.6732906373365,626.7542310270949,1196.5083826033842,-3266.6257378833952,-1999.0665144324114,1330.2061311213324,0.13679051889854552
14.2212254,TRACKING,1376.7109204284466,626.8224438981624,1196.4155895337426,-3266.616153961609,-1999.074782253798,1330.2465726515163,0.03221119684694875
14.2254994,TRACKING,1376.932633267436,626.8382235913758,1196.3580257973235,-3266.611681737495,-1999.0610130729235,1330.1675117683424,0.05372169977934323
14.2302893,TRACKING,1376.9845453513772,626.8563908517247,1196.41851917192,-3266.5944853287774,-1999.048067949265,1330.2005686490243,0.01706882162740713
14.2340069,TRACKING,1377.083502473046,626.9727154594073,1196.3795139275476,-3266.5813645921803,-1999.055834444233,1330.2636653903974,0.04239940598833697
14.2378666,TRACKING,1377.2334333809374,626.8728948070711,1196.1535616166948,-3266.6400940286007,-1999.1014264578098,1330.3101845879753,0.07486592444270809
14.2419443,TRACKING,1377.4292702123983,626.877602888808,1196.6484501077953,-3266.619479689089,-1999.107891164069,1330.273224296796,0.13052673326335693
14.2466155,TRACKING,1377.5125277049262,626.9771872510408,1196.5685958114555,-3266.5999821754353,-1999.0740804534405,1330.2602951219912,0.03262531183632375
14.250743,TRACKING,1377.6632165834344,626.8398792698069,1196.2515012678002,-3266.6160110227925,-1999.0618436734358,1330.2854922750869,0.09133233897900182
14.2546566,TRACKING,1377.9850880279726,627.083260046259,1196.9301990351935,-3266.6032139143526,-1999.0810178005008,1330.2834453712885,0.2017576370438253
14.2584968,TRACKING,1377.9887463329987,626.9758319212315,1196.550021993269,-3266.640656958581,-1999.060156602138,1330.2632954688515,0.10288024355761038
14.2632078,TRACKING,1378.1156881533484,627.0918310859678,1196.804915464955,-3266.634323025762,-1999.0556059169965,1330.2462460676193,0.06526740330730416
14.2671949,TRACKING,1378.3892379900367,627.1616592763005,1197.0044265177164,-3266.6534464674937,-1999.0710758844962,1330.2825348818092,0.08670522439406729
14.2712352,TRACKING,1378.5346401847075,627.4368975083555,1197.16020220619,-3266.6128289398002,-1999.062578062242,1330.2174304666025,0.08615353343172812
14.2753725,TRACKING,1378.6924666861469,627.2134046353442,1197.222316864948,-3266.62343924013,-1999.0575125196046,1330.1942155175734,0.0678134553301771
14.2801087,TRACKING,1378.9417733000837,627.371342522022,1197.1138078211743,-3266.626655868432,-1999.0571226403447,1330.191063486678,0.06639073134686008
14.2840646,TRACKING,1379.0273508095686,627.3575691514042,1197.352112387036,-3266.61394640276,-1999.10583656517,1330.1930297895142,0.06410145510355165
14.2878977,TRACKING,1379.188481738121,627.2967116570635,1197.1176348123763,-3266.6237779508338,-1999.054651286123,1330.18734581684,0.07590221774420866
14.2921086,TRACKING,1379.4304527324846,627.3798941791837,1197.1319032203592,-3266.614862746616,-1999.0684040059562,1330.202165142792,0.06085806059411365
14.2967551,TRACKING,1379.4539694957198,627.342752225892,1197.3590086489519,-3266.609665635407,-1999.0562483099857,1330.2526085260968,0.04978393896824697
14.3004324,TRACKING,1379.5324994298658,627.4368005640645,1197.3464880687088,-3266.6177903583057,-1999.0350656433586,1330.2455644038457,0.03349242767076134
14.3045646,TRACKING,1379.621671458152,627.348201284824,1197.3272115797415,-3266.6104856733796,-1999.042985679552,1330.2558119582372,0.030776189344222864
14.3086202,TRACKING,1379.711413745238,627.4547684247547,1197.1973201844369,-3266.627530168714,-1999.0607530235754,1330.2372846194132,0.046966753666430695
14.3132841,TRACKING,1379.9731477030575,627.4885288164268,1197.6367968711338,-3266.6454832863915,-1999.081625068585,1330.3637104354284,0.10991333460512538
14.3171966,TRACKING,1379.9085902719728,627.2783410632161,1197.7663990014728,-3266.6511162288807,-1999.0960364315983,1330.3111022574224,0.06523496183456563
14.321318,TRACKING,1380.1341732354817,627.5268578734884,1197.6917293469903,-3266.6376703869023,-1999.0586761174993,1330.2836288484027,0.08342721693223863
14.3254451,TRACKING,1380.1750405410776,627.5304469112774,1197.872054050715,-3266.644975317899,-1999.093239850635,1330.3168340325687,0.04480930073359978
14.3297594,TRACKING,1380.2562573733994,627.5279333780617,1197.8570585337015,-3266.6531847053197,-1999.0872069314025,1330.2409508631415,0.01915208112450032
14.3338627,TRACKING,1380.401618834524,627.5873694510419,1197.8266196357713,-3266.637714573082,-1999.1137053247132,1330.1988753985652,0.038984724569397694
14.338139,TRACKING,1380.5540547671358,627.6042574924493,1198.0447894895683,-3266.6219116928833,-1999.0937511738985,1330.2017602321653,0.06236310395346262
14.3423325,TRACKING,1380.653196689232,627.880264293356,1198.5860720702105,-3266.622509381847,-1999.0782858222342,1330.216355984222,0.14680488187849863
14.3467679,TRACKING,1380.6601167652548,627.8451867119869,1198.713899485235,-3266.601140195363,-1999.0620489952419,1330.2294945363592,0.02992592843830899
14.3506772,TRACKING,1380.5708350606865,627.5762073488751,1198.3712574028737,-3266.5999976360954,-1999.0736763757814,1330.1940609856938,0.11374478181325069
14.3547954,TRACKING,1380.6880332955955,627.6568840149257,1198.6855834581872,-3266.6227128546575,-1999.077168229588,1330.2242304483043,0.08378150962184845
14.3587415,TRACKING,1380.8324341312032,627.8555980897878,1198.9363758358004,-3266.638401060037,-1999.1122718213194,1330.2685466796356,0.08896110816114901
14.3631652,TRACKING,1380.7746129794405,627.7724253885033,1198.969494223438,-3266.6337253362226,-1999.074624482735,1330.2476027447021,0.02409137900727972
14.3672061,TRACKING,1380.7666468519283,627.6772665756998,1198.9392082996085,-3266.6412605139017,-1999.0490319720352,1330.2451036089133,0.024791338400450336
14.3711942,TRACKING,1380.8910508769518,627.7865883855094,1199.0737431685586,-3266.627972461839,-1999.0744817621496,1330.2650756148366,0.05350195749506073
14.3752679,TRACKING,1380.9148510566863,627.8542593732395,1198.9941815346929,-3266.635739826011,-1999.059649576754,1330.2756667381234,0.026296846236947016
14.3798393,TRACKING,1380.8794858058252,627.6738722487324,1199.2516937182904,-3266.63254284663,-1999.0436194800172,1330.2474323286622,0.06921078249168323
14.3840045,TRACKING,1380.9265723137744,627.6868984940311,1199.134069492796,-3266.6410646314985,-1999.0482898151577,1330.2738660576194,0.030578775923350274
14.3879028,TRACKING,1381.0566580825846,627.8895684338904,1199.6885758348212,-3266.6505662065315,-1999.0776767679477,1330.2237171627016,0.15507914514106635
14.3920442,TRACKING,1380.8757183377604,627.2669565689877,1199.1843769668271,-3266.648386050248,-1999.1228183585538,1330.258263149172,0.19832450695312748
14.396639,TRACKING,1381.108177226327,627.5418197079638,1199.90740113448,-3266.6298755770754,-1999.0796005608056,1330.205462806666,0.17578183600053984
14.4007604,TRACKING,1381.1441909423022,627.6988135273393,1199.8462822301888,-3266.6134725782504,-1999.098810829647,1330.2275181982175,0.041800744544672114
14.4044593,TRACKING,1381.0830255726726,627.6621204552685,1200.1892963830032,-3266.6313300117044,-1999.0962005454035,1330.2913236958161,0.09471780001731873
14.4085392,TRACKING,1381.1010708808797,627.6313142161619,1200.3382177280016,-3266.6017251815088,-1999.0938827909065,1330.2127526625004,0.03753552573078087
14.4134845,TRACKING,1381.2624996068694,627.7078613655751,1200.4652933692985,-3266.6004874224286,-1999.082962751438,1330.2044892158654,0.04433334462366669
14.4173908,TRACKING,1381.2148825762984,627.6333199383294,1200.461843395452,-3266.6005724500988,-1999.0705374171569,1330.2223078546774,0.022660711219806007
14.4211899,TRACKING,1381.2169612811558,627.6243824884227,1200.616263878908,-3266.620025783593,-1999.073724689904,1330.2298247706788,0.04071829440766621
14.4253509,TRACKING,1381.0805113760016,627.2693423952703,1200.3684334337954,-3266.6084744091163,-1999.0466149950269,1330.2348393670804,0.10910202805863942
14.4300571,TRACKING,1381.312624891278,627.5852141922078,1200.4715672655097,-3266.5995396601634,-1999.0792392211513,1330.24918971241,0.08612572481675884
14.4339889,TRACKING,1381.3522178310918,627.6646995211942,1200.756148332424,-3266.640506051472,-1999.068277988677,1330.2296986799379,0.07582122891535986
14.4380799,TRACKING,1381.2603680070702,627.4438324388813,1200.8013202306583,-3266.6348341047824,-1999.0884779114003,1330.3033316646447,0.05950428771821551
14.4418918,TRACKING,1381.3007016007732,627.6845067382762,1200.9986798768578,-3266.635893013496,-1999.0511606800846,1330.2735896173808,0.08233423749518223
14.447096,TRACKING,1381.4790987471963,627.5308576452572,1200.9657047538885,-3266.652718532147,-1999.0706845855132,1330.3221691889503,0.04568259083359356
14.4507414,TRACKING,1381.3926368395341,627.6685832037618,1201.2956346913275,-3266.6521108578654,-1999.0852980165696,1330.3434323642832,0.10090207682988081
14.4543708,TRACKING,1381.2300371325525,627.1670191555644,1201.0519684759313,-3266.6147875219076,-1999.0803687378154,1330.2991176236098,0.16003824925266957
14.4586494,TRACKING,1381.4735884081722,627.5999936980623,1201.6344752626947,-3266.6272390484673,-1999.0762534100097,1330.2443034456267,0.17893016275167703
14.4633187,TRACKING,1381.388012893075,627.7095682302046,1201.581703120294,-3266.6121812172164,-1999.049712972241,1330.2482267168834,0.031848443830943096
14.4672536,TRACKING,1381.4212036697188,627.863961592827,1201.632084140623,-3266.6554976851676,-1999.0693693985809,1330.2315697058013,0.04212621319272181
14.4712217,TRACKING,1381.3649227309188,627.6822538493977,1201.5695581510806,-3266.622616664869,-1999.0567784474347,1330.2277066973684,0.05046161350658699
14.4753834,TRACKING,1381.3068155291446,627.602032906583,1201.5063545377398,-3266.6147029532926,-1999.0758784866664,1330.1984076621907,0.028233954416026875
14.4801517,TRACKING,1381.0117531781573,627.3186607043187,1201.0434065503612,-3266.634931751186,-1999.07319095244,1330.2150784762312,0.129564945190354
14.4839555,TRACKING,1381.142140898194,627.6664855837438,1201.0876455625366,-3266.6329985006532,-1999.0623582050205,1330.2530173823982,0.09834528935672557
14.4876723,TRACKING,1381.207369632394,627.7433973857649,1201.28014255558,-3266.6065866350004,-1999.0554758214748,1330.2464849085368,0.05846799417798416
14.4919994,TRACKING,1381.0893187313284,627.6815061563981,1200.9307552371695,-3266.62265582009,-1999.052447378,1330.2308908250639,0.08642029186438029
14.4966102,TRACKING,1380.891977147516,627.6220994098417,1200.960621799734,-3266.6567495931695,-1999.086588326577,1330.3277765754642,0.04516403745787077
14.5006196,TRACKING,1381.0338548193847,627.8687093581123,1200.9680700457682,-3266.644785901418,-1999.0734540942644,1330.2207416938695,0.07098496707328096
14.504837,TRACKING,1380.8158873337948,627.4513929956839,1200.6893281350144,-3266.6313467721047,-1999.0653010656358,1330.258538391623,0.12973344887572535
14.5088813,TRACKING,1380.8897007932349,627.814005505794,1200.9161925305104,-3266.6313467721047,-1999.0653010656358,1330.258538391623,0.10732511576152298
14.5136765,TRACKING,1380.8277718121196,627.8077187959694,1200.795632069168,-3266.67552237057,-1999.0938658256666,1330.3306050549986,0.028295333476453677
14.5174259,TRACKING,1380.745078906068,627.9832028374288,1200.5416216243302,-3266.6311753946725,-1999.0430753414562,1330.222430093676,0.08524444068103092
14.5212309,TRACKING,1380.7295561474807,628.0878308311537,1200.5536049213788,-3266.638286757068,-1999.0825625424866,1330.2672361120283,0.027976309895054178
14.5256956,TRACKING,1380.6626099767805,628.1352725567866,1200.3499809886646,-3266.6317627015937,-1999.0801983244742,1330.2641677187269,0.049171071250180665
14.5299911,TRACKING,1380.4744955364424,628.0314484725146,1200.09711923474,-3266.6282533977014,-1999.0964825454728,1330.2270822219364,0.07724864697882293
14.5340432,TRACKING,1380.3834306269919,628.1205358217726,1199.8558661761065,-3266.6228732381373,-1999.0555958886198,1330.232799376572,0.06732880265524639
14.5383041,TRACKING,1380.3261278413042,628.1210995982874,1199.8677998175367,-3266.6141081589494,-1999.0592525596087,1330.2314657035447,0.013737693289965146
14.5421308,TRACKING,1379.99813340899,627.8150791293117,1199.3789320909125,-3266.5951222610856,-1999.0663872708615,1330.1963468426732,0.17338468324753006
14.5467157,TRACKING,1380.2666246703297,628.2764062917586,1199.528895638627,-3266.6043339824296,-1999.0615711489818,1330.2121481702072,0.12092653850049731
14.5506794,TRACKING,1380.0840803932715,628.172822700534,1199.292728925991,-3266.631701821324,-1999.071537051417,1330.1872467261362,0.07971178933947363
14.5545202,TRACKING,1380.0520074923502,628.090574320967,1199.126641312736,-3266.6295411792125,-1999.0501414282387,1330.225557341971,0.04897206265923643
14.5585693,TRACKING,1379.9570513963483,628.3246467002112,1198.9057804821218,-3266.597776228511,-1999.0416712274478,1330.2671626025945,0.08286741275980902
14.5632046,TRACKING,1379.9817104882018,628.2592136417805,1199.024436885029,-3266.6337626262766,-1999.0584484969486,1330.2179104565525,0.02971277417420219
14.567198,TRACKING,1379.817942048357,628.3820484219636,1198.6718727090872,-3266.6528176778975,-1999.0987592155136,1330.3105311587146,0.10209059601860698
14.5712699,TRACKING,1379.7645237769016,628.3917037577945,1198.5904372333264,-3266.653578731813,-1999.0761761821539,1330.3103009817455,0.024035383577092045
14.5754083,TRACKING,1379.7324042181497,628.4002202098417,1198.43690702964,-3266.6609396022404,-1999.0927802809679,1330.2441083936783,0.03795792353429205
14.5798416,TRACKING,1379.615032283938,628.4098845190338,1198.2561848500866,-3266.6161684680333,-1999.0391240809392,1330.2851384077355,0.04865637613062193
14.5840028,TRACKING,1379.6395609590334,628.5532559457843,1198.2758436204879,-3266.6587190648643,-1999.0682323236344,1330.3358917029873,0.03527275903313326
14.5878763,TRACKING,1379.576951219898,628.7137996042038,1198.4327826581532,-3266.630464760687,-1999.0532167360348,1330.271914583335,0.060171763325673366
14.5922217,TRACKING,1379.3981165949135,628.5707187973406,1197.8219371940836,-3266.6123705876985,-1999.0674613912754,1330.23197139566,0.15012878450784145
14.5967453,TRACKING,1379.307989381753,628.6629648956615,1197.6810688873857,-3266.6341204472324,-1999.0579760115038,1330.2189531626423,0.04222019394121123
14.6006193,TRACKING,1379.358213987202,628.7791784581112,1197.5138287755713,-3266.606152442247,-1999.0516268299993,1330.2373829977048,0.05414441717406431
14.6045845,TRACKING,1379.1809593445325,628.5875212270583,1197.6919055979752,-3266.6382300308505,-1999.0774089634067,1330.2284095915716,0.07969614806869933
14.6085009,TRACKING,1379.2332898043862,628.7046653460793,1197.4970947606691,-3266.6174432358653,-1999.0881219438309,1330.2908041685564,0.05956103477002541
14.6136101,TRACKING,1379.0863688771717,628.8847934722216,1197.3451536677105,-3266.603471244016,-1999.0430288676928,1330.250333893789,0.05435318090742019
14.6173964,TRACKING,1379.0351959424816,628.9333803786011,1197.1469911280153,-3266.6291390279994,-1999.0503603776122,1330.208408759813,0.055555948771690976
14.6212114,TRACKING,1378.9415841884472,628.8941310644276,1197.0905532684965,-3266.616232697183,-1999.0492175953777,1330.2652331995987,0.03044344133470819
14.6252175,TRACKING,1378.73485843808,628.8573981325012,1197.007583721392,-3266.6485149939385,-1999.0866670350194,1330.2831219093077,0.05635473026482822
14.6300148,TRACKING,1378.6553389656424,628.9541802150317,1196.594955423386,-3266.599700925355,-1999.061183921043,1330.2823860632823,0.08988843471193741
14.6340944,TRACKING,1378.6589686392392,629.1789910714996,1196.5917169063325,-3266.613087381363,-1999.0515176089139,1330.308876328261,0.05511900135670612
14.6378711,TRACKING,1378.5273203760726,629.22180974558,1196.3452588496884,-3266.632583876866,-1999.0540350666079,1330.2434590739283,0.07484761426360488
14.6420386,TRACKING,1378.4158936166584,629.1719375109758,1196.3788180447632,-3266.6304667912245,-1999.0352569058482,1330.2931460356879,0.03037965110318479
14.6467929,TRACKING,1378.2874841375667,629.2246694225951,1196.0876755114398,-3266.6438081448587,-1999.0486055203153,1330.2375703526056,0.06784225580945825
14.6586964,TRACKING,1377.9510611751093,629.2255226727245,1195.5659875279598,-3266.619271857409,-1999.058836334724,1330.1914257902515,0.05214913182717917
14.6632762,TRACKING,1377.869339743449,629.3601133465033,1195.1316469389315,-3266.6015223957997,-1999.0448921563932,1330.2543187683432,0.10087795406895848
14.6670804,TRACKING,1377.795988462747,629.4598340412759,1195.4147272084836,-3266.6497883372613,-1999.071087858655,1330.272388184804,0.08121668330494324
14.6711127,TRACKING,1377.705726739598,629.5755265447915,1195.1605388069047,-3266.6261563706894,-1999.0383011218044,1330.2478800841682,0.07278784611822503
14.6753857,TRACKING,1377.7365171704744,629.5514005933401,1195.3685126351502,-3266.625050816836,-1999.060887204685,1330.2139587243128,0.04952503508360219
14.6800524,TRACKING,1377.6302084438125,629.5078646137102,1194.922410288952,-3266.650008430158,-1999.0857303059558,1330.3192437155244,0.09871136000481545
14.6840174,TRACKING,1377.4197458051767,629.3563461147986,1194.7871559122032,-3266.6376109384796,-1999.078091153032,1330.3327858074392,0.07376612621293371
14.6877712,TRACKING,1377.4190179526308,629.7191434328867,1194.7166245570754,-3266.630290790862,-1999.0653646807748,1330.2880281852497,0.0984576811176293
14.6921644,TRACKING,1377.4477713615117,629.795200482706,1194.9234147259133,-3266.6071976815642,-1999.05616621652,1330.2662269426285,0.05057855925984625
14.6965929,TRACKING,1377.2149378589008,629.7409110902837,1194.6542267003078,-3266.6351012770087,-1999.05090437444,1330.2484868454198,0.08129821056434826
14.7005907,TRACKING,1376.993544975785,629.7019135948375,1194.438172262022,-3266.623102079975,-1999.042058093284,1330.2801867040478,0.07799124894140215
14.7046245,TRACKING,1376.9162362070304,629.6745854167214,1194.441708761714,-3266.6105673899738,-1999.0403913956939,1330.2896444868773,0.020346330432432416
14.7089471,TRACKING,1376.9643256666443,629.7274315054326,1194.0916807848296,-3266.617308150207,-1999.0330917934891,1330.2569009516785,0.08264615262811828
14.7137263,TRACKING,1376.692177802917,629.7045316271394,1194.0293794406314,-3266.6781467335986,-1999.0786558272973,1330.2870308649683,0.05861348054523483
14.7172223,TRACKING,1376.6684573952448,629.8765728022868,1194.0684549297216,-3266.6402815169486,-1999.04619629257,1330.2785321097983,0.050918318708392106
14.7214219,TRACKING,1376.4978083436108,629.6835043702621,1193.9104626680612,-3266.636990837301,-1999.0533386206641,1330.280813933762,0.07197232596646015
14.7252909,TRACKING,1376.3602395735893,629.6844988073884,1193.9483056048223,-3266.6539865219574,-1999.0765160183153,1330.2751900773626,0.03687834475028254
14.7303143,TRACKING,1376.3569669152182,629.9181137087469,1193.735832633272,-3266.641969521699,-1999.0497784654635,1330.2318994805069,0.06286634158888325
14.7337716,TRACKING,1376.3720774433527,629.9811991141389,1193.734223820929,-3266.610389614956,-1999.0382887421038,1330.2135878118763,0.018768920533053377
14.7380737,TRACKING,1376.1867006104278,629.9768719350885,1193.8159995491276,-3266.6239736195826,-1999.049314439566,1330.229285929457,0.04710693352931603
14.7419531,TRACKING,1375.9970660108484,629.9765224020864,1193.6928949972555,-3266.615086262528,-1999.0514171851244,1330.2075104913506,0.058279315123979124
14.7465331,TRACKING,1375.977445344961,629.9325228229387,1193.5882161293025,-3266.6381878062316,-1999.0578296322556,1330.2175156379128,0.02516000065853936
14.7506736,TRACKING,1375.8867337400786,630.0730483392097,1193.3301435819208,-3266.607545896737,-1999.0277995205518,1330.2708055870535,0.07427472017219286
14.7545732,TRACKING,1375.8158592589702,630.1903516172274,1193.248474374913,-3266.630133802314,-1999.0349837863976,1330.2617282489196,0.040911967865599065
14.7585867,TRACKING,1375.8263387366057,630.1308342207373,1193.139525526344,-3266.638191659632,-1999.0392751890602,1330.2501804832991,0.031042054274009915
14.7634206,TRACKING,1375.4776651027844,630.2558356608084,1192.9982857764298,-3266.6620848816256,-1999.102357303939,1330.4648205857284,0.08200792839891398
14.7671817,TRACKING,1375.4054840842552,630.2443014831088,1192.8078605901605,-3266.631462373988,-1999.0631402170873,1330.2732021933705,0.05423220959748463
14.771193,TRACKING,1375.409915667592,630.3016202165862,1192.8746655210734,-3266.6496470614593,-1999.04723982593,1330.292553409328,0.021971958202537896
14.7751372,TRACKING,1375.2877342467873,630.1650206441113,1192.9883932653984,-3266.6176437337867,-1999.0307682349326,1330.2619148837912,0.0546851060109176
14.7799202,TRACKING,1375.2879330944543,630.2930600371502,1192.7411306846202,-3266.6211933404525,-1999.0606306741602,1330.3425723837513,0.058216039972500994
14.7840967,TRACKING,1375.1236044204265,630.2416600452501,1192.7008522225271,-3266.618100408115,-1999.0518758404294,1330.2404310345844,0.04233885811345679
14.7878813,TRACKING,1375.1607885096516,630.4268169365296,1192.4308901446393,-3266.641490095442,-1999.1051463103424,1330.2427635147542,0.08705333937319838
14.7918858,TRACKING,1375.2248574318362,630.4126942062358,1192.6251912636233,-3266.655413013529,-1999.0917039010892,1330.240954386864,0.05121201877914791
14.7966823,TRACKING,1374.9569160575427,630.4280630971087,1192.410891318369,-3266.611265041699,-1999.0578081385443,1330.219422541301,0.07160288249287625
14.8007235,TRACKING,1374.7299425764822,630.3608355540887,1191.7944810537547,-3266.6185599549935,-1999.0504201081014,1330.2256301303707,0.1633924417596344
14.8046209,TRACKING,1374.728439099344,630.4365532317104,1191.9217787380624,-3266.596934922532,-1999.0760435884458,1330.2179979793195,0.038005337492370235
14.8085481,TRACKING,1374.7763141531127,630.6336418545243,1192.2484070561575,-3266.6167193446213,-1999.0765815308403,1330.2268942341923,0.09790086387423773
14.8132795,TRACKING,1374.7010981700864,630.7246201925963,1191.6352209547597,-3266.599290835737,-1999.0210053049896,1330.2712607817298,0.13197893040483535
14.8172888,TRACKING,1374.481591817623,630.3846637331058,1191.45729895074,-3266.6174452682835,-1999.0394861427749,1330.290421530254,0.11025656919112005
14.8211929,TRACKING,1374.5147129972356,630.5930297607415,1191.677415459971,-3266.6205819379584,-1999.0222556473161,1330.2881386179956,0.07809767111998776
14.8251079,TRACKING,1374.3046098824796,630.5555171104771,1191.448163451507,-3266.6260214405347,-1999.035917724193,1330.2713857954577,0.08000520345729391
14.8296619,TRACKING,1374.2575912459656,630.5848888144782,1191.5523620090598,-3266.6575852165815,-1999.0551753100942,1330.2846615477843,0.0259176024657106
14.8337931,TRACKING,1374.1790131253545,630.577908809086,1191.304032808763,-3266.6261168639026,-1999.0445288637668,1330.2664212784457,0.06307085365558124
14.8379007,TRACKING,1374.136344687257,630.6230381841493,1191.3246910586304,-3266.631194848278,-1999.0401195846787,1330.2853765793516,0.015934468014773676
14.8418121,TRACKING,1374.1868611279754,630.7879555821705,1191.1538112733538,-3266.619188404753,-1999.025119735769,1330.2798392415555,0.06207375995004838
14.8468343,TRACKING,1374.001308428351,630.9114674736326,1191.0490706710366,-3266.6218069637,-1999.0656623159423,1330.2376479132934,0.04903897631322201
14.8504635,TRACKING,1374.0487684168193,630.8434528644111,1191.3065045310475,-3266.609449386476,-1999.0664234235105,1330.1642829007583,0.0745243390067039
14.8544269,TRACKING,1373.8438106981912,630.7789835236213,1191.032962869342,-3266.6119106776514,-1999.0722260231978,1330.2055690763948,0.08776170338743146
14.8587321,TRACKING,1373.8206549670376,630.862273612282,1190.875185358247,-3266.6287135744474,-1999.0679580776468,1330.2124812728503,0.04178871638493479
14.8633549,TRACKING,1373.7508040540513,630.7770125082678,1190.8049073129882,-3266.6268471337585,-1999.0538705673755,1330.1938677565097,0.028277144510762724
14.8672038,TRACKING,1373.808891047113,630.8230454219871,1190.8259890903273,-3266.638866986986,-1999.1241088379481,1330.2708926741418,0.02002016793151967
14.8710708,TRACKING,1373.602849376425,630.740179183475,1190.6650720321888,-3266.663256524493,-1999.1561381978581,1330.26579887915,0.07092118578095674
14.8756654,TRACKING,1373.682202615674,630.778068051316,1190.6285939554143,-3266.6097991194515,-1999.0323759686291,1330.2538281891188,0.020720104760360295
14.8802229,TRACKING,1373.718063164599,630.7112888614882,1190.8010031602155,-3266.6454894655208,-1999.084084125401,1330.2785991001374,0.04132436613875826
14.8840618,TRACKING,1373.655384385326,630.8696113372606,1190.9753653925195,-3266.6384626456606,-1999.057991379775,1330.2406456897434,0.0634855390649565
14.8879851,TRACKING,1373.5753745404775,630.8682769320073,1190.9645898685585,-3266.6393980291477,-1999.0448371385066,1330.2902755616178,0.020580435233764946
14.8920621,TRACKING,1373.6124253064377,630.7735427999008,1190.7669631488354,-3266.6224734920474,-1999.0450562675603,1330.2825463611493,0.0545178527743416
14.8965558,TRACKING,1373.4614922460182,631.0002644553049,1190.4983290566524,-3266.65067731951,-1999.063292730537,1330.2727454067633,0.08513124483034115
14.9006145,TRACKING,1373.3427085627854,630.8234224314668,1190.5347513162412,-3266.63021344699,-1999.0963751641232,1330.3288764397341,0.053249370241769255
14.9044632,TRACKING,1373.3261925882246,630.7984049154588,1190.5219736958277,-3266.648622788193,-1999.1427992089668,1330.3802723220613,0.008467048871763349
14.9087174,TRACKING,1363.7502810735543,610.0466385310143,1199.7729084398975,-3266.6205966844263,-1999.0726120351208,1330.269649523325,5.795662085108747
14.913461,TRACKING,1363.8690914883596,610.0590836236689,1199.582764059817,-3266.638615873871,-1999.0861123869438,1330.2672934094778,0.04733886298123787
14.9173508,TRACKING,1363.6894399422213,610.0745205824448,1199.592147834734,-3266.6381020336353,-1999.1056704533164,1330.2952193681836,0.046418212078300616
14.9214568,TRACKING,1363.6818136419076,610.0651267990268,1199.5813223072946,-3266.592839815036,-1999.0559271024176,1330.2220776063323,0.00395412313097676
14.9257473,TRACKING,1363.437159957987,610.083990567329,1199.6382794488134,-3266.6264363692803,-1999.0824130704702,1330.219192536239,0.05871192606768853
14.9300299,TRACKING,1373.367053782961,631.2650304558367,1191.1108118282082,-3266.6350627980364,-1999.0967380553082,1330.2143312243784,5.813976238486586
14.9339724,TRACKING,1373.3281362474186,631.262510810076,1190.8820401529558,-3266.631394798812,-1999.0977562341463,1330.2705706798745,0.05886416668733882
14.9379257,TRACKING,1363.5429163414801,610.1537004353543,1199.2882600533374,-3266.5999368295797,-1999.0902287368838,1330.2579115319647,6.257701628404031
14.942015,TRACKING,1363.1449911767247,610.1803238554753,1199.5403059119562,-3266.6332242621424,-1999.0645467559184,1330.2534006456829,0.115370412618283
14.9467296,TRACKING,1372.9647292724117,631.1497513155499,1190.2593892450277,-3266.6538441400403,-1999.070666343516,1330.2775999747912,5.291123707922484
14.9506219,TRACKING,1363.2239257369238,610.2728241414204,1199.0830062118284,-3266.641799529394,-1999.0623187025287,1330.3006734190894,6.338033274241732
14.9544291,TRACKING,1363.1039193800675,610.1897477820918,1199.53168245255,-3266.6429258245685,-1999.0551420264999,1330.2916972898784,0.12392819702797762
14.9586158,TRACKING,1362.9019172854598,610.2469773888097,1199.4526981065,-3266.620511100663,-1999.03999732795,1330.28831346015,0.05357873266247095
14.9634871,TRACKING,1372.5612472622527,631.0114982603827,1189.629345820982,-3266.6538756019604,-1999.0570370015564,1330.2399191739328,5.11551209390764
14.9672918,TRACKING,1372.7918295935488,631.3850395053688,1190.0482222056382,-3266.6300560243426,-1999.0615461055943,1330.2162771296787,0.15947665389272642
14.9712298,TRACKING,1362.8400920886245,610.2661728534933,1199.4591096916715,-3266.6170742959757,-1999.0448175096317,1330.2331290231239,6.391970400196118
14.9754021,TRACKING,1362.7705089051776,610.3203222498869,1199.3616584666559,-3266.63293329413,-1999.1022673387893,1330.306167207948,0.031497759757316834
14.9800661,TRACKING,1362.8398125710037,610.2710564218625,1199.4398173714912,-3266.6167965263858,-1999.088988324068,1330.257224007617,0.02476292972653058
14.9837446,TRACKING,1362.7688264928343,610.3043577749776,1199.384695835712,-3266.638928601425,-1999.1375844485146,1330.2721203625579,0.026055631956957502
14.9877404,TRACKING,1372.6813869922607,631.4325424205641,1190.6010419912495,-3266.6241850872993,-1999.055530333791,1330.2120143048642,6.240590320898256
14.9919309,TRACKING,1362.5573918878665,610.3912564433609,1199.1469789612847,-3266.6505949677407,-1999.1000433780039,1330.2804679708565,5.933639343119603
14.9966918,TRACKING,1372.2975760390073,631.2132486747955,1189.9736095167207,-3266.6205256541803,-1999.0500991848012,1330.2368593829954,5.198659512690608
15.0006719,TRACKING,1362.6668394072772,610.3691631824112,1199.17192947848,-3266.6277084234257,-1999.0821295715875,1330.2157074041577,6.214748488445358
15.0044345,TRACKING,1372.2317543568965,631.1240630693097,1189.962395793815,-3266.6643459692996,-1999.0792372064561,1330.3096295339305,6.548336207681347
15.0086919,TRACKING,1362.347363060317,610.4046341676797,1199.2643712539107,-3266.6512657113162,-1999.0645683002915,1330.285542966093,5.8179616278730615
15.01359,TRACKING,1362.3617318355691,610.4488609919756,1199.0055161036341,-3266.631500959429,-1999.0685910715542,1330.27942454645,0.0536940810032359
15.0173792,TRACKING,1371.9301724337402,631.1704603560322,1189.5329721555463,-3266.642269999794,-1999.065454779634,1330.31769719405,6.521617839645409
15.0214199,TRACKING,1362.1944456299054,610.4582437999293,1199.1884025932397,-3266.6243034347794,-1999.0376905967828,1330.2798686118022,6.147360170811247
15.0257348,TRACKING,1362.2596327678004,610.458040270467,1199.0806738032425,-3266.664871653703,-1999.081584285625,1330.2432347485283,0.029181725732733612
15.0303195,TRACKING,1362.2252847603188,610.5207355212349,1198.8968842875265,-3266.6269500708167,-1999.0775560162087,1330.253836336732,0.04301330707260224
15.0340808,TRACKING,1362.0728704802034,610.5039661733107,1199.0667828720595,-3266.61807054804,-1999.0621452812334,1330.2184165316314,0.060845956940345225
15.0381858,TRACKING,1362.1186730931915,610.5226847430869,1198.91401638473,-3266.62476318672,-1999.0349228598643,1330.226060275905,0.03911809357790244
15.0423639,TRACKING,1361.8297979614583,610.5598332954054,1199.0064963240995,-3266.594741898771,-1999.0643556072998,1330.1719693955686,0.07313939278105905
15.0470886,TRACKING,1371.770877263329,631.382867989317,1190.1828134144062,-3266.6259888746176,-1999.1015321723642,1330.2555212528027,5.228664333766886
15.05096,TRACKING,1371.7399658716809,631.4602053784524,1190.1366942989073,-3266.6079349987044,-1999.0709154102008,1330.2083830457295,0.0245912910727156
15.054718,TRACKING,1361.7741558534499,610.6038644648238,1198.7960982844968,-3266.6316995420884,-1999.0946205433547,1330.2660688178303,6.568332175147561
15.0587303,TRACKING,1371.269768421064,631.1867147600118,1189.4477253596779,-3266.6311801685956,-1999.0777247633148,1330.2332056133428,6.1111168623228345
15.0632911,TRACKING,1361.5823571230083,610.636349378236,1198.7569312736387,-3266.6556380747734,-1999.0822385372976,1330.2734338887037,5.383373551189052
15.0672592,TRACKING,1361.4939996181363,610.618204547902,1198.805453202693,-3266.625213935241,-1999.0386551153642,1330.2872840648276,0.02581183148699187
15.0711308,TRACKING,1361.3949545145927,610.756038666519,1198.495318434336,-3266.6578835013624,-1999.0523937875905,1330.2787956292161,0.09131669723794225
15.0753001,TRACKING,1361.3792189704825,610.6998271217252,1198.6083680410352,-3266.6383619282065,-1999.0488933740723,1330.2757267179613,0.0305159948073641
15.0798651,TRACKING,1361.3881031539927,610.7225821681485,1198.5387986896665,-3266.614502562535,-1999.0632306210593,1330.2402526207422,0.016151896677301446
15.0838674,TRACKING,1361.2251758201799,610.7188710797429,1198.6462233063453,-3266.6756413275552,-1999.1148463305924,1330.3168125287123,0.04876945784932489
15.0880763,TRACKING,1370.9474241748978,631.3840394121137,1189.427852045113,-3266.644331864388,-1999.0606913091576,1330.2448828229853,5.851464517162006
15.0924163,TRACKING,1370.906828381501,631.2918988515895,1189.9507007389884,-3266.670079089005,-1999.0680661924896,1330.3299556768714,0.12268555548893917
15.0968217,TRACKING,1370.9504499277612,631.4437135280236,1189.67205205098,-3266.5893419849517,-1999.05648561763,1330.218110680065,0.07270747735195007
15.1004231,TRACKING,1360.937335752021,610.8233314090139,1198.6117070356365,-3266.6369320075632,-1999.0856258786562,1330.2675477755529,6.83191871564087
15.1046282,TRACKING,1370.8119599420656,631.6235703125326,1189.4624067299615,-3266.6063464419026,-1999.0712947707596,1330.222020204938,5.891977936174315
15.1087909,TRACKING,1370.6696234661588,631.621261206139,1189.5244718617448,-3266.620625430443,-1999.0711381105077,1330.2337805245031,0.037306739391611804
15.1134701,TRACKING,1370.5241841577636,631.4511695238994,1189.4216855574819,-3266.6122546159304,-1999.0625858426758,1330.3020044267719,0.05263074135931419
15.1173756,TRACKING,1370.4056786173753,631.6527199195551,1189.3461268465971,-3266.6006260315658,-1999.0408212745776,1330.229603213434,0.06291479804884238
15.1214562,TRACKING,1369.6734772435605,630.8801975741641,1188.296679105094,-3266.6279209698155,-1999.090726652135,1330.2289477641727,0.3663041815223164
15.1254086,TRACKING,1369.9222811280752,631.3172952507425,1188.7314319805894,-3266.639946406638,-1999.1050645497478,1330.2765483772523,0.16820326874158845
15.1297262,TRACKING,1369.926368621548,631.253019439607,1188.5538469927421,-3266.640947060409,-1999.0660919353172,1330.3207800235966,0.04375195832379522
15.1338197,TRACKING,1369.5900810885162,631.2672293460149,1188.4276020684376,-3266.631617889428,-1999.055512297803,1330.2361264036679,0.08781833711433419
15.1377712,TRACKING,1369.6257553621074,631.3025225574257,1188.1765008641678,-3266.626907519969,-1999.0463007042501,1330.259279509304,0.06480236684471427
15.1419697,TRACKING,1369.4873632618055,631.2578854844969,1188.078375173508,-3266.617936972936,-1999.0469077497362,1330.293593950316,0.041782482387958876
15.1468428,TRACKING,1369.065477212169,630.944689750975,1187.6532508436355,-3266.6217422205164,-1999.045324294658,1330.266752027941,0.13869554973335976
15.1507298,TRACKING,1369.1142031979514,631.1844905574154,1187.7151005941305,-3266.645330467422,-1999.0500401164547,1330.2796531029187,0.06493352016401202
15.1545773,TRACKING,1369.0384090154275,631.2465132370543,1187.7092005074833,-3266.649760047324,-1999.0629637801812,1330.2709471071073,0.02550074775764896
15.1585968,TRACKING,1368.940512322598,631.2966303554882,1187.5250583206896,-3266.633912589562,-1999.0600406661542,1330.240787651326,0.05336112486621838
15.1636603,TRACKING,1368.8831330186013,631.3772991973233,1187.3289920199102,-3266.6195266808254,-1999.058197016223,1330.2453708189087,0.04337716071967115
15.1675951,TRACKING,1368.809812361699,631.2659337270029,1187.1624374679009,-3266.628946621935,-1999.0852766048708,1330.2927175957495,0.05422153542542156
15.1712513,TRACKING,1368.5722940375465,631.2817944487663,1187.344350423112,-3266.608293837873,-1999.0411544809003,1330.2357128233853,0.0819423984417314
15.1754025,TRACKING,1368.6997363163794,631.3607060128692,1187.5781370687594,-3266.6033157339757,-1999.0725549168967,1330.211436064362,0.06689956122607177
15.1799845,TRACKING,1368.5173544735364,631.2691096843467,1187.3192209576741,-3266.6033157339757,-1999.0725549168967,1330.211436064362,0.07195166719431412
15.1841176,TRACKING,1368.4299131066916,631.4385028342545,1187.4313028369572,-3266.5941198014266,-1999.0874844606942,1330.2469076380414,0.05350434882389233
15.1879115,TRACKING,1368.4797268176737,631.5222408228813,1187.570778873629,-3266.5912427992253,-1999.051959539363,1330.236045374849,0.044845209908113
15.1918783,TRACKING,1368.2344167755214,631.520238805168,1187.152660590329,-3266.58894113153,-1999.049426003748,1330.2723644819835,0.12220732900502763
15.197012,TRACKING,1368.247822412476,631.5994205636047,1187.2187547030228,-3266.593769056378,-1999.064257715587,1330.2761947288056,0.020260066608471215
15.2006981,TRACKING,1368.0642967019076,631.546922424773,1187.2484640392688,-3266.6075407310286,-1999.0495977620335,1330.2788000078745,0.05240900910874284
15.2045451,TRACKING,1368.0972480334246,631.4871521470151,1187.1674027597808,-3266.6090658230414,-1999.0743046916348,1330.2894250473162,0.02754560814029689
15.2086133,TRACKING,1367.9245022446062,631.3473563313747,1186.7216677878484,-3266.5949196502856,-1999.0343023921664,1330.298222979575,0.12242757945977895
15.2134014,TRACKING,1367.8570890292187,631.4232238549461,1186.9311243580976,-3266.603171174635,-1999.082323075028,1330.3265613520427,0.04861005775448723
15.2173518,TRACKING,1367.686621935394,631.4985360686898,1186.7119857112514,-3266.621103469556,-1999.037757227162,1330.3022013172174,0.07281989189165626
15.2212452,TRACKING,1367.5936181011923,631.4675439215204,1186.8817867795021,-3266.6030268546556,-1999.0356245356645,1330.2247565198409,0.0503590485732919
15.2252745,TRACKING,1367.5429572308776,631.436403138555,1186.7426330950354,-3266.6096328999065,-1999.0533427216135,1330.2476978272296,0.037556778034914966
15.2301449,TRACKING,1367.525336537113,631.4958026677269,1187.0585132345125,-3266.6253291967682,-1999.0807133547303,1330.2097825905703,0.06609295716956903
15.234115,TRACKING,1367.578063548938,631.7588061699945,1187.0270040608873,-3266.6060452691654,-1999.015747138527,1330.2444397221443,0.06802879366979545
15.2377907,TRACKING,1367.4581538856364,631.7880947806732,1187.2385372106685,-3266.6084847469087,-1999.0579884122762,1330.1949146001414,0.06663032723586605
15.2421152,TRACKING,1367.5693992466222,632.1705362846442,1186.94539312146,-3266.6022874047703,-1999.0789943187265,1330.269492935397,0.11435788813560253
15.2464048,TRACKING,1367.4786864515902,631.799864474285,1187.1126498294345,-3266.61944734366,-1999.0630258949993,1330.2261458571757,0.09713138367490139
15.2505275,TRACKING,1367.4096045500407,631.9406735697506,1187.000573231588,-3266.6183980405217,-1999.0826080821114,1330.2761445935162,0.04675844496632535
15.2546089,TRACKING,1367.4820868396112,632.2246149252759,1186.9843623865738,-3266.5737368122223,-1999.0534922070271,1330.2277754284482,0.07191031217761158
15.2589367,TRACKING,1367.4095661843153,632.1000844942341,1187.0344538876382,-3266.6096325506273,-1999.0611065552937,1330.2880544993384,0.03525243802245937
15.2634485,TRACKING,1367.1828873189183,631.8014418888941,1186.9306697207023,-3266.609830635383,-1999.0533725407108,1330.2570527713879,0.08622430526050265
15.2673737,TRACKING,1367.2640605385088,631.8523557692255,1186.9444465326153,-3266.6080306190534,-1999.028578139031,1330.2248888066954,0.02466231561597127
15.2711714,TRACKING,1367.192149454259,631.8183713711142,1187.0333408538518,-3266.5950528833605,-1999.042259906678,1330.2599124489138,0.03140917426844027
15.2753023,TRACKING,1367.055536175658,631.8198750077582,1186.726927619008,-3266.6259996279273,-1999.0533608641983,1330.2819218764503,0.08121510066954644
15.2797067,TRACKING,1366.984769635379,631.8324356345634,1186.7481427639489,-3266.6295641312313,-1999.0565648915065,1330.3521054998516,0.01701442669727646
15.283911,TRACKING,1367.122159272967,631.8770783103547,1186.9111897212683,-3266.63443041963,-1999.059775840169,1330.2874623647342,0.051813032896639244
15.28811,TRACKING,1366.9332831383203,631.716445944354,1186.4913780164832,-3266.605232523627,-1999.0475437476625,1330.269185102634,0.11611435313734168
15.2921854,TRACKING,1366.9841486399373,631.7928544288205,1187.0480407564658,-3266.597841873711,-1999.0555548606196,1330.2321482160137,0.1384354669518294
15.29659,TRACKING,1366.9594767476565,631.9381605887562,1186.8181301723287,-3266.5892219570146,-1999.0422949844526,1330.2703305106338,0.062002466059162466
15.3007162,TRACKING,1366.9405404162112,631.8406673792938,1186.7133584462747,-3266.6180968421804,-1999.0481026961854,1330.2327242289255,0.03498687038395304
15.3045827,TRACKING,1366.7722901975815,631.8957641897185,1186.9725735729944,-3266.647074280598,-1999.091215380008,1330.2883158589498,0.08118579710140232
15.3085237,TRACKING,1367.034468949129,632.1726483777121,1186.9348936592153,-3266.6064664748046,-1999.0755406440035,1330.1959933166527,0.09722761149417922
15.3131239,TRACKING,1366.8840076289655,631.9209351559215,1186.9275929194744,-3266.6279128805963,-1999.043215331184,1330.199282801317,0.0637679414106192
15.3175836,TRACKING,1366.8987381089075,631.9173570974773,1186.9645372987723,-3266.611255921593,-1999.0497653073587,1330.197881790838,0.008954280187417583
15.3212031,TRACKING,1366.7095250791724,631.9017350428938,1186.7989178034989,-3266.606056941902,-1999.0446603375567,1330.173526585156,0.06960721642961394
15.3252597,TRACKING,1366.8648378243442,632.1257787395273,1186.6941924238897,-3266.655917527756,-1999.0659905074247,1330.2327131032748,0.07199033954282988
15.3299241,TRACKING,1366.7318079041738,631.9353929813444,1186.7898839961886,-3266.5895273650485,-1999.0464498101164,1330.2090037121334,0.05385435971374824
15.3339108,TRACKING,1366.6804247976293,631.9272875008025,1186.7769495231964,-3266.6258792732033,-1999.0303577659447,1330.2640425549366,0.013445319115507013
15.3377278,TRACKING,1366.7083233187907,631.8148724184388,1186.6893430924674,-3266.607643191866,-1999.0110934521836,1330.244233347116,0.03804695347153952
15.341874,TRACKING,1366.7968958513316,631.8810541048712,1186.9415173705163,-3266.6229489362445,-1999.0435401092877,1330.2601380930412,0.06640992364092949
15.3466383,TRACKING,1366.6629158413807,631.8330242889675,1187.0585926871456,-3266.6390403747596,-1999.0351374562085,1330.2697741803004,0.03868220172692366
15.3506525,TRACKING,1366.6487550860975,631.8184536034132,1186.8584230177237,-3266.636747742639,-1999.0349840371612,1330.4191542304357,0.05012162614286699
15.3545769,TRACKING,1366.7590056853235,631.8880441128379,1186.9733835055026,-3266.618318266535,-1999.0191949254527,1330.2973245152784,0.04429252788201568
15.3584887,TRACKING,1366.511389752131,631.6592323285164,1186.8901371770144,-3266.6025927020455,-1999.0253864366568,1330.2861526189856,0.08877571775122894
15.3632419,TRACKING,1366.6112872189747,631.6820563998094,1187.1807443269372,-3266.6091775750447,-1999.0522706416682,1330.2613969138501,0.06482882647665758
15.3673587,TRACKING,1366.9802595428523,632.0553742379144,1187.5035700806181,-3266.6025057391234,-1999.050931684733,1330.2429224981784,0.14968346447587796
15.3712493,TRACKING,1366.8199467963257,631.761610543976,1187.5911037688181,-3266.6481065629214,-1999.055483542172,1330.2882318166721,0.08891128449102752
15.3751914,TRACKING,1366.6887331090293,631.8198463239894,1187.5057322321081,-3266.5892738565103,-1999.0304541833323,1330.2053989838419,0.04236908331282436
15.379934,TRACKING,1367.0445122740114,632.0757824770028,1187.6628547479552,-3266.5990501900715,-1999.0492526619935,1330.2153123865414,0.09817088470084934
15.3839956,TRACKING,1366.7457787403316,631.7954627628204,1187.3971931936858,-3266.6103047993074,-1999.0693711042575,1330.1679015971022,0.12021348199794304
15.3877863,TRACKING,1366.7844432398003,631.5833451984006,1187.3621927188608,-3266.6032458609184,-1999.0622440420138,1330.1899058862427,0.057623914860025306
15.3919215,TRACKING,1366.7524299838649,631.5769494936219,1187.6724966378672,-3266.6113305002646,-1999.0532167362492,1330.2162208691157,0.07545377904502286
15.3966753,TRACKING,1366.7176413985933,631.739015796063,1187.6041715263107,-3266.5995618762568,-1999.0241719371622,1330.2526529527152,0.03771459174470963
15.400425,TRACKING,1366.8463369890808,631.8164791281238,1187.6992240352085,-3266.652630047243,-1999.063512591476,1330.2095800730674,0.04740607261674575
15.4042841,TRACKING,1366.55773789436,631.6076405378059,1187.8069965730415,-3266.6189240944786,-1999.045821747366,1330.3671241712243,0.09644216233531074
15.4086974,TRACKING,1366.6418195544504,631.4744817779516,1187.8291139498535,-3266.617798831494,-1999.017678301595,1330.3278955431763,0.03603398818431139
15.4131405,TRACKING,1366.7190721329582,631.5203734224456,1188.0971438387837,-3266.6396079115793,-1999.0405448539238,1330.3658346199754,0.06362465133599633
15.4171313,TRACKING,1366.6196824987192,631.4317335854064,1187.789436983247,-3266.6135487161237,-1999.0149770883124,1330.3361319262794,0.08401552878645671
15.4212403,TRACKING,1366.6858129908667,631.4101627284808,1188.1597002562823,-3266.609407443737,-1998.9995991466408,1330.2963174248798,0.0916866733953526
15.4256509,TRACKING,1366.6613978065607,631.3344320565268,1188.1369747211836,-3266.600672974116,-1999.0374580286434,1330.2856049587174,0.018761788709607298
15.4301206,TRACKING,1366.572371525508,631.2945462232021,1187.904073965891,-3266.5909179569885,-1999.029390168815,1330.2311294268902,0.05649284730472929
15.4340297,TRACKING,1366.6425358218873,631.2416556285157,1188.2311348148428,-3266.6271354458013,-1999.0466644967644,1330.275151820785,0.08663324093385767
15.4377795,TRACKING,1366.724450696741,631.1899762324988,1188.2600968659783,-3266.5878038441733,-1999.0412800331392,1330.199919231074,0.026959323802386366
15.4420034,TRACKING,1366.779515774723,631.2196850349167,1188.7190519840926,-3266.585260411533,-1999.0316344852363,1330.2037235841203,0.10966177298404339
15.4467583,TRACKING,1366.8057062770993,631.2409355543294,1188.5540083927056,-3266.573420471739,-1999.0442834144264,1330.176934988895,0.03542755611625254
15.4508228,TRACKING,1367.1672964414647,631.3617841410983,1189.360523112141,-3266.5841700887686,-1999.0333590108798,1330.1933758977061,0.21948240081639578
15.4547463,TRACKING,1367.0910680195898,631.1994711098527,1189.0998628604016,-3266.5745447728577,-1999.0241469095297,1330.2252135120316,0.08063869861795844
15.4588481,TRACKING,1367.1239473359658,631.0728767907808,1189.341624174646,-3266.6040397008346,-1999.0309576160644,1330.2362794961114,0.0670130134665656
15.463276,TRACKING,1367.0801384013937,631.1212136187489,1189.505129761153,-3266.611940884002,-1999.0236077878014,1330.301435346657,0.039756781752269175
15.4672155,TRACKING,1367.3711268718966,631.1083972977291,1189.441926567804,-3266.635362178254,-1999.0516387339273,1330.359889871166,0.0756565491400868
15.4710296,TRACKING,1367.472221975824,631.1747964887734,1189.9928474481762,-3266.58808550273,-1999.0120295568156,1330.3102955673223,0.14788326650210315
15.4752544,TRACKING,1367.5451090887973,631.0175141542177,1189.9196786761574,-3266.6147784419168,-1999.0310166780243,1330.3327102003373,0.04453686074890417
15.479854,TRACKING,1367.6606482377967,630.9823488909022,1189.90010422361,-3266.5894580248682,-1999.0180292364132,1330.2674122796702,0.026599719234635964
15.4839702,TRACKING,1367.97129556593,631.2122025306866,1189.98909274617,-3266.603036564363,-1999.0288058029835,1330.2695448059976,0.09633931964066235
15.4879421,TRACKING,1367.7561982010059,630.9661482887402,1189.9630748287432,-3266.5917094101724,-1999.0366707945561,1330.2687123985188,0.08254269639924622
15.4921045,TRACKING,1367.8746170186598,630.8620416241191,1189.6748688163389,-3266.6299173161055,-1999.0558966330568,1330.2368851047481,0.07892508202869326
15.4963477,TRACKING,1368.2879595279437,631.0404027581799,1190.0326905140323,-3266.6161451368357,-1999.0697806959386,1330.2697394032245,0.135526527782018
15.5004878,TRACKING,1368.3268438133466,631.0575019981366,1190.002468977267,-3266.60920450834,-1999.1012909921144,1330.2597181801634,0.012591891130915243
15.5048829,TRACKING,1368.393030289618,631.020610324101,1190.2075151189306,-3266.6299239142563,-1999.051760395586,1330.1983001801389,0.049737002021851065
15.5088027,TRACKING,1368.5350063188573,631.0345835921703,1190.5822878582617,-3266.601656879612,-1999.048543894419,1330.2202812741054,0.10230306268738634
15.513395,TRACKING,1368.6628852508818,630.8719337053748,1190.5668292304385,-3266.601656879612,-1999.048543894419,1330.2202812741054,0.045179463898362
15.5174702,TRACKING,1368.8401216636519,631.2270969114066,1190.8877184323067,-3266.621659936568,-1999.0608418527977,1330.265153691688,0.1252490811313204
15.5213099,TRACKING,1368.8679548535965,631.157444321229,1190.9036908970788,-3266.6016213653147,-1999.0245108944116,1330.2821533252852,0.019972801314772644
15.5252859,TRACKING,1368.9969480234963,631.1062744572416,1191.1081948785975,-3266.6085665033725,-1999.0320497323605,1330.2507097368855,0.06215860495957348
15.5298357,TRACKING,1369.0663387579098,631.1263339669225,1191.1298724478324,-3266.6202577173995,-1999.0372866853133,1330.2533980714618,0.016575384989837176
15.5339887,TRACKING,1369.180762756658,631.1472273655587,1191.0308070495341,-3266.6014816341885,-1999.022449061269,1330.2939213119307,0.036789133162362965
15.5377358,TRACKING,1369.1124591484393,631.0287485589699,1190.9429218656132,-3266.6319796216303,-1999.0735717143277,1330.315827381512,0.04338342653542427
15.5420853,TRACKING,1369.2892926925526,631.2495927058703,1191.2272791951743,-3266.625392260019,-1999.04874333559,1330.3598339545529,0.09222326261991161
15.5467083,TRACKING,1369.4037196699794,631.1341077121936,1191.0168103446915,-3266.6216679685563,-1999.073705118323,1330.3535362107386,0.057526787064730536
15.5505913,TRACKING,1369.2628986267023,631.0489528327762,1190.9138291589607,-3266.60881175098,-1999.0872373663651,1330.311431789982,0.04999523898590042
15.5545688,TRACKING,1369.4946031303764,631.1516518777819,1191.1051242144617,-3266.5798547068343,-1999.0820030647535,1330.2827406802007,0.07983256921290037
15.5587576,TRACKING,1369.4047594770436,631.2137249040921,1190.9229939534853,-3266.5892914879514,-1999.1027407716563,1330.2959379230792,0.05069687499527244
15.5633421,TRACKING,1369.4721003901404,631.2890123246787,1191.0433755532938,-3266.5840026432916,-1999.0583311070382,1330.2365821900921,0.034277576591140134
15.5673347,TRACKING,1369.5671059458637,631.2667575552429,1190.9699211776315,-3266.5636781021453,-1999.0846097363133,1330.2194507187871,0.03059025749991881
15.5712716,TRACKING,1369.7274743879702,631.2963467530031,1191.718113354656,-3266.5753628459984,-1999.0607300742008,1330.2180244112362,0.19450782453752824
15.575318,TRACKING,1369.8087492836503,631.5804123968907,1191.5415728460152,-3266.6171785710785,-1999.0784185837456,1330.273713393502,0.08506032584290463
15.5805892,TRACKING,1369.6848719029633,631.3806035485717,1192.0138522285488,-3266.589687196972,-1999.050133203142,1330.2425241071376,0.10008301268370005
15.5838283,TRACKING,1369.9644745388766,631.704551971368,1191.8521283829666,-3266.6133614681603,-1999.033412245093,1330.246777809172,0.14123233168612598
15.5876782,TRACKING,1370.0220603611392,631.6751865604128,1192.0527165303938,-3266.6183837435947,-1999.0297623896643,1330.2575142361857,0.054740755178405695
15.5920606,TRACKING,1370.0224653895805,631.6859198095475,1192.0102883795007,-3266.6217521811186,-1999.0360702592402,1330.271727722949,0.009986900583895144
15.5966594,TRACKING,1370.1235036375313,631.7615116511191,1192.097812677388,-3266.6382977357443,-1999.0455832102284,1330.2676906704403,0.03339321917509792
15.6005727,TRACKING,1370.166753262477,631.6309459067194,1192.0026240558486,-3266.6281346737997,-1999.046131194537,1330.243088219309,0.04274364296770942
15.6045986,TRACKING,1370.0250574445147,631.6544941377832,1191.982310782688,-3266.6070765306035,-1999.0437878679259,1330.2173247507678,0.03603379188404773
15.6085714,TRACKING,1370.206837215869,631.6963194988869,1191.744773063545,-3266.6095216174485,-1999.0463916704857,1330.2034821943494,0.07602250503236592
15.6133953,TRACKING,1370.1100157937055,631.5197259637529,1191.8684168484829,-3266.6414965282356,-1999.0797416808912,1330.3281123122445,0.04898954182305465
15.6173366,TRACKING,1370.3024475862794,631.7492276846601,1191.9231927344777,-3266.6121147368035,-1999.0541606540153,1330.2297401915705,0.07725093223526239
15.6211557,TRACKING,1370.3696985188578,631.649732220047,1192.1224622975712,-3266.6077666752235,-1999.0664234960138,1330.2622928626522,0.060919953713095436
15.6253751,TRACKING,1370.1642943269908,631.582125037,1191.8293154780597,-3266.6070385526164,-1999.0860845107895,1330.3314959515549,0.08633349355893742
15.6299413,TRACKING,1370.4666853557917,631.6318429781583,1192.0989332717627,-3266.6093062869095,-1999.0780778730798,1330.211424512488,0.089390288809968
15.6339901,TRACKING,1370.6108909598659,631.8272191869876,1192.396700012037,-3266.581038440893,-1999.057684169415,1330.2321442212374,0.09489954915283359
15.6379897,TRACKING,1370.583593328419,631.7343488552863,1192.2638415088784,-3266.583378328497,-1999.0661747599618,1330.2785625581678,0.041099609299700204
15.6419216,TRACKING,1370.6294029531427,631.7483565726994,1192.4962453773082,-3266.578961256427,-1999.0469184212961,1330.260082079234,0.06034982503743103
15.6467375,TRACKING,1370.8275733823784,631.9503661286102,1192.3994296129795,-3266.6124007219814,-1999.1193147392833,1330.3152965136248,0.06210394639006038
15.6507498,TRACKING,1370.8498996875758,631.7609256874543,1192.4044391521456,-3266.6053753167835,-1999.1104550978514,1330.2258389845208,0.04755808268546589
15.6546039,TRACKING,1370.8554467684123,631.5605797992257,1192.4625539705908,-3266.59533581907,-1999.0541338986573,1330.2689307682165,0.05414446082461695
15.6586199,TRACKING,1371.1764684698173,631.9789003951369,1192.5231860138701,-3266.6049642043004,-1999.0401288067817,1330.2357473200939,0.1321653706009629
15.6632485,TRACKING,1371.1622340188273,631.6931879190796,1192.6549333749242,-3266.620444830275,-1999.0578559292378,1330.2658806092118,0.06804368248215974
15.6673027,TRACKING,1371.1079787149824,631.6220815197706,1192.606074427046,-3266.608417234552,-1999.0511245595892,1330.214839135591,0.025138476364153586
15.6715674,TRACKING,1371.2554258533407,631.6354383796989,1192.6773295179657,-3266.605722062705,-1999.053200377479,1330.2132506505188,0.03852689926055731
15.6756541,TRACKING,1371.242577957648,631.419263900005,1192.8803128819598,-3266.611755236251,-1999.0557814732224,1330.2398569976424,0.07262933066491799
15.6804032,TRACKING,1371.5349926727179,631.6440135557795,1192.694216718874,-3266.6341710045403,-1999.0676767091754,1330.2050646400464,0.08698463359384923
15.6840585,TRACKING,1371.4637212755222,631.4283501665449,1192.85479920226,-3266.6139797128185,-1999.0577836959344,1330.2099405759168,0.0760997165923953
15.6878225,TRACKING,1371.3156248548676,631.0184070957598,1192.5446288390842,-3266.5918703383363,-1999.0572844027129,1330.226002891424,0.14212771368433885
15.6920992,TRACKING,1371.5544494507872,631.1980998867624,1193.2651338383941,-3266.6372941176637,-1999.0923453027708,1330.2910900663087,0.1823917284025888
15.6965069,TRACKING,1371.477664746841,630.9564214448153,1192.824003827715,-3266.617333742302,-1999.086966268542,1330.243524420163,0.11543939354041319
15.700737,TRACKING,1371.746157996102,631.1704705254153,1193.0971906269835,-3266.6050708510775,-1999.0446783960003,1330.2794707849293,0.10373040745619751
15.7046358,TRACKING,1371.8914984362464,631.1118242438097,1193.3215396649734,-3266.625816992789,-1999.0661045459651,1330.2902191251676,0.07019360457281762
15.7086679,TRACKING,1372.0383857515378,631.115241755421,1193.2317804453269,-3266.6029918531854,-1999.0527398813879,1330.2031290594844,0.0427011096525997
15.713513,TRACKING,1372.1231430711225,631.2115700440285,1193.1892352350226,-3266.639133279778,-1999.0715725403181,1330.2065373771202,0.027899898650245537
15.7173308,TRACKING,1372.175063090712,631.2350069803715,1193.396830620337,-3266.637551407917,-1999.0527779055947,1330.244217934761,0.056385663460196786
15.7211603,TRACKING,1372.2126336627239,631.1441237798563,1193.2355627256668,-3266.6145208406583,-1999.0371670320967,1330.2756979848477,0.049324428155953434
15.7253294,TRACKING,1372.2098062225878,631.2635939924502,1193.3425921734324,-3266.622315402553,-1999.080697036987,1330.225882258161,0.03847971348799207
15.729982,TRACKING,1372.177419293409,630.7979735621533,1193.297057090583,-3266.621516978697,-1999.0919773513483,1330.273213189041,0.10079554311318159
15.7341042,TRACKING,1372.352924136207,631.039406841267,1193.1249101590688,-3266.619540261293,-1999.0559701776208,1330.216988549153,0.0835881771338406
15.7379369,TRACKING,1372.3487888678194,630.8791638880987,1193.13897877128,-3266.5888199959436,-1999.0499050373319,1330.243238682714,0.041984108535788704
15.7417516,TRACKING,1372.4389661605162,630.9125407909362,1192.9641307525605,-3266.600068183934,-1999.077039520735,1330.2680215444839,0.05230921398636516
15.7467605,TRACKING,1372.4250201044854,630.8682764616182,1192.7022921904106,-3266.59294808163,-1999.0445356560422,1330.2661576169464,0.05308942919952583
15.7508329,TRACKING,1372.513722837462,630.7626404868819,1192.7747771859658,-3266.609004116867,-1999.0546090525875,1330.2474763160005,0.038263502481492274
15.7548288,TRACKING,1372.5140233841832,630.9806837358192,1192.4320105056304,-3266.6179984608743,-1999.085257534977,1330.3328827250682,0.10166451637758253
15.7586774,TRACKING,1372.412419130999,630.7546953725446,1192.2636425030983,-3266.617245387218,-1999.0571865914008,1330.2826512790439,0.07783859223197763
15.7634021,TRACKING,1372.6040243898362,630.9246374999943,1192.295599660177,-3266.6243444659094,-1999.0767171946602,1330.2665897379247,0.05462721325236801
15.7673357,TRACKING,1372.4365277800223,630.4842477144975,1191.469756352852,-3266.595035504798,-1999.0584691106508,1330.2533576067365,0.24171173186548137
15.7712164,TRACKING,1372.5514202528816,630.6435552795618,1191.3890566268576,-3266.599004910829,-1999.056376649318,1330.260664870785,0.05471896564723542
15.7754705,TRACKING,1372.643690840909,630.7794342145587,1190.897968860678,-3266.6103905945974,-1999.0666481607077,1330.2334295181447,0.12172406885684568
15.7799155,TRACKING,1372.4670288327666,630.5405109056264,1190.8395193053043,-3266.6198084927346,-1999.062602265554,1330.2390442909013,0.06812977706270429
15.7839871,TRACKING,1372.4934354451768,630.689952335869,1190.4723651762872,-3266.6234704841822,-1999.0453802219106,1330.2261397089865,0.09757368473868383
15.7878688,TRACKING,1372.587703360828,630.7378972239658,1190.0673544227518,-3266.5938840129224,-1999.0410336851908,1330.2458106212048,0.10783716476892542
15.792174,TRACKING,1372.4417905420667,630.6557846639639,1189.9238277642867,-3266.620440932805,-1999.0813258622588,1330.2204247882275,0.05122380826666593
15.7966853,TRACKING,1372.289901162527,630.4846233717277,1189.3414145344889,-3266.60701620864,-1999.0664656272388,1330.2133785109058,0.13870878352040877
15.8006627,TRACKING,1372.2760422352853,630.74675052924,1189.102899253046,-3266.6221366319423,-1999.0471094229401,1330.2206466700381,0.08917183087751042
15.8046214,TRACKING,1372.3192875747488,630.4414840943176,1188.4680035334818,-3266.5902220662088,-1999.0348030974656,1330.20360790624,0.17829026079774107
15.8087853,TRACKING,1372.3525493410018,630.636754890538,1188.8061732236272,-3266.609732001146,-1999.0558092753026,1330.2306213760166,0.09412160716793869
15.8132682,TRACKING,1372.21656813967,630.5054123139771,1188.7275789417833,-3266.609732001146,-1999.0558092753026,1330.2306213760166,0.045671521167684664
15.817358,TRACKING,1372.2031382514303,630.7897759412907,1188.708989904963,-3266.6359697770445,-1999.0699785223305,1330.294676204969,0.06975569707612055
15.8212957,TRACKING,1371.9848012610325,630.591858159673,1188.5562980053394,-3266.609105541439,-1999.0499405147693,1330.245878982848,0.08428766585320391
15.8255203,TRACKING,1372.0252454688805,630.7059865339896,1188.439568119803,-3266.5992499631284,-1999.0731064882011,1330.2638501746062,0.03981135644275006
15.8297078,TRACKING,1372.0336549123024,630.7461897434767,1188.3575807119573,-3266.581021197759,-1999.0532928684443,1330.2717097880222,0.02189858798075607
15.8340383,TRACKING,1371.9511183389436,630.6722966226694,1188.2700039812912,-3266.5871227420525,-1999.0581054932043,1330.2955716909328,0.03260979644591449
15.8380426,TRACKING,1371.5943510683355,630.1637606671108,1187.5729813014223,-3266.607028649294,-1999.0527205138558,1330.2731343078553,0.2331658627857954
15.8422643,TRACKING,1371.5772991582396,630.4651325567437,1187.5477489999798,-3266.586896995394,-1999.0193663912667,1330.3237665422323,0.07174992845974787
15.8468141,TRACKING,1371.5227060515697,630.3912534099823,1187.1970256100724,-3266.5832424795003,-1999.047434223022,1330.2483885439094,0.0796857092407122
15.8507249,TRACKING,1371.4536902671216,630.3387410688035,1187.1069807924848,-3266.596570345578,-1999.0608447228583,1330.3076208009168,0.0319666497117661
15.8546067,TRACKING,1371.3653971496108,630.3354129653794,1186.936986592769,-3266.591005574403,-1999.0163488175058,1330.293930028195,0.04935465835209258
15.858786,TRACKING,1371.1680150999832,630.0975896813859,1186.6477624663771,-3266.582982348378,-1999.0635611931464,1330.2505866796123,0.1012813127878941
15.8633822,TRACKING,1371.1131240623104,630.2021143055658,1186.7479963566689,-3266.5896231516335,-1999.0207009637747,1330.273802998524,0.03369560505743251
15.8672211,TRACKING,1371.0274530165757,630.0862740951072,1186.2808220860045,-3266.6063935950556,-1999.0526652137603,1330.225491394288,0.12735074576096414
15.8712013,TRACKING,1370.8782207739519,629.8417019897063,1186.105999592371,-3266.6183107316015,-1999.0580214056406,1330.3114440545073,0.08432535158468195
15.8753415,TRACKING,1370.8795769165522,629.9005803101882,1186.0988805156055,-3266.6048663522183,-1999.0306675458082,1330.2586881939549,0.014328450716418908
15.8796161,TRACKING,1370.7524123338974,629.8356984521461,1186.0366880695633,-3266.6264819287544,-1999.050799858003,1330.2617376569226,0.036428890581698875
15.8838054,TRACKING,1370.7627360802878,629.6877108963259,1186.1152870247372,-3266.5795056061133,-1999.044693096625,1330.3037351531168,0.04007422997985034
15.8879339,TRACKING,1370.5925141648233,629.5649790183961,1186.0242753569237,-3266.611002423879,-1999.0427126826487,1330.2363116031995,0.05540497868359458
15.8920339,TRACKING,1370.492841790209,629.4282852788277,1186.057661498194,-3266.6036443692865,-1999.0315666608865,1330.2649616546857,0.04205771729445277
15.8964494,TRACKING,1370.2691185532524,629.2432363579094,1185.792853441033,-3266.643806479083,-1999.0604523233262,1330.325885796115,0.08899585329569645
15.900492,TRACKING,1370.1808553383676,629.2585812506193,1185.8172976357678,-3266.6352547184088,-1999.040441003308,1330.294367503086,0.022970898224983168
15.9044609,TRACKING,1370.0294723346874,628.9394005836467,1185.7940020741419,-3266.608807722348,-1999.051815394375,1330.2868271921993,0.08920052361277898
15.9084829,TRACKING,1369.9465107026476,628.9931122554715,1185.528645470904,-3266.5945485616407,-1999.0367961542815,1330.2508614846743,0.07040371426787588
15.9133548,TRACKING,1369.8167660074528,628.8304130572727,1185.5095518885207,-3266.583797526262,-1999.04960447151,1330.3113305035238,0.042893318753580725
15.9173493,TRACKING,1369.725078395203,628.7409462652087,1185.3549042952668,-3266.5767230201714,-1999.0356450276568,1330.2912635360406,0.05027296184273852
15.921091,TRACKING,1369.5249472068556,628.8167546337166,1185.2671066765442,-3266.6035535655265,-1999.0424353419507,1330.292305673218,0.06182151981579528
15.92532,TRACKING,1369.4415017868,628.4535783927284,1185.4286217266026,-3266.5926078670764,-1999.0860792581177,1330.3245405738803,0.09603616967512525
15.9299339,TRACKING,1369.3955917419278,628.4405007753114,1185.3376519834753,-3266.5805998280844,-1999.0345748251,1330.3096063014113,0.022266170000026436
15.9340063,TRACKING,1369.0161777023052,628.39884989058,1184.669574083881,-3266.5805998280844,-1999.0345748251,1330.3096063014113,0.188936987481962
15.937775,TRACKING,1369.0136002799989,628.2771141977838,1185.1314367955629,-3266.5805998280844,-1999.0345748251,1330.3096063014113,0.12673961227738206
15.9419593,TRACKING,1368.9329841605609,628.187963039954,1184.9492072526596,-3266.5976242801494,-1999.0435983971452,1330.259924027327,0.05217099464743542
15.9468031,TRACKING,1368.8557083512055,628.2466211515924,1184.581657041049,-3266.596093177309,-1999.074041187314,1330.2272047150664,0.07847945164054511
15.9505806,TRACKING,1368.6770086946428,628.0987166971499,1184.605419079658,-3266.6047201541614,-1999.0397239980095,1330.2575070153555,0.06172923379543537
15.9544708,TRACKING,1368.6068510288922,627.6569485817632,1184.3032648533035,-3266.641931613403,-1999.0447371734356,1330.2913577547179,0.13875757606509279
15.9584974,TRACKING,1368.3659526705217,627.6737896622117,1183.9793583481098,-3266.638824497473,-1999.042165960145,1330.1969925650208,0.10033741731819083
15.9634877,TRACKING,1368.3347356296576,627.5776805327025,1183.7408017555615,-3266.6053014343997,-1999.0446919987908,1330.2486912818413,0.05191604933133678
15.9672581,TRACKING,1368.329141542801,627.5002276641027,1183.6658540324258,-3266.6601224277174,-1999.0692633749188,1330.2966745091246,0.028623787775041983
15.9711166,TRACKING,1368.153010049762,627.322317738151,1183.8126410755197,-3266.621865453265,-1999.0399619865018,1330.2426517622046,0.07521264621786755
15.9754588,TRACKING,1367.9799275887945,627.2076386601018,1183.3063045908252,-3266.629277191545,-1999.0471816491663,1330.2703562583515,0.12603119429358306
15.9801068,TRACKING,1368.0345297554732,627.2499155884863,1183.3741665474374,-3266.6279582340026,-1999.0646105028202,1330.2672894035566,0.020830318093880165
15.9838295,TRACKING,1367.9814783442914,627.1513329589512,1183.2392840688212,-3266.625593269228,-1999.0619803902864,1330.272030719028,0.047086551259423605
15.9879072,TRACKING,1367.9418578922705,627.0983073109362,1183.1652190467885,-3266.609532546724,-1999.0627651140965,1330.2809782184613,0.02436015733994698
15.9921462,TRACKING,1367.7052536614867,626.923357854456,1183.2829115358857,-3266.6248398642874,-1999.0533748169498,1330.3413787701402,0.074763701061469
15.9965409,TRACKING,1367.6780482977354,626.6989969138668,1182.7482063826424,-3266.615596718542,-1999.0464403887504,1330.3007733261597,0.13209236126200996
16.0008102,TRACKING,1367.5510897612753,626.6103170219851,1182.6188775219512,-3266.581956960898,-1999.026275058333,1330.3470160419783,0.04725917430963919
16.0043344,TRACKING,1367.5629701476307,626.4624993222977,1182.519551871959,-3266.5854232079305,-1999.05338478526,1330.3113992106178,0.05064546141241887
16.0089101,TRACKING,1367.4051578755095,626.4137718707334,1182.2501952080006,-3266.6336306302933,-1999.1022729963029,1330.3486455185307,0.0690522031060148
16.0132496,TRACKING,1367.42399807932,626.4580968718373,1182.2668068609928,-3266.6071025168167,-1999.0551784263134,1330.2993413338663,0.011740313486418895
16.0173653,TRACKING,1367.3447610324843,626.0480150488183,1182.574818925826,-3266.6153503273886,-1999.045070595349,1330.2743944869965,0.12609219591410678
16.021293,TRACKING,1367.3072467860713,625.9703723340915,1182.2391716627653,-3266.626870933861,-1999.0912673861249,1330.3262367902325,0.08823152464533048
16.0253336,TRACKING,1367.2069921226953,626.0249594023511,1181.643460430627,-3266.6246173219056,-1999.0657622899164,1330.2256368087294,0.15011378636455544
16.0297073,TRACKING,1367.1120071396515,625.9207547313985,1181.5262255208092,-3266.60239752745,-1999.0663563749881,1330.2452796032092,0.04192574266408248
16.0339808,TRACKING,1367.173059895522,625.6777842238542,1182.2730235658996,-3266.6133373856765,-1999.0446021482296,1330.2884378812969,0.18432170755663757
16.0381488,TRACKING,1367.1189137175513,625.7964378132064,1181.6579980235038,-3266.607185675086,-1999.0508202956669,1330.2320297682736,0.15084034390645482
16.0421144,TRACKING,1367.1247051738533,625.6521066871373,1181.67863448655,-3266.6549690431157,-1999.0798956857234,1330.2397835814184,0.03679492187568896
16.0465748,TRACKING,1367.2596624132295,625.781869954979,1182.130039679427,-3266.623282531993,-1999.0442322942497,1330.2589145574757,0.10956208193504503
16.0505197,TRACKING,1367.1842967345567,625.5501783518623,1181.6570300797787,-3266.638444549614,-1999.054070095691,1330.2539055180418,0.13487554714197303
16.0546282,TRACKING,1367.2414221026736,625.6008048073,1181.7702105373642,-3266.61694406834,-1999.0483489293117,1330.285732173004,0.03322729162550854
16.0586671,TRACKING,1367.068417059601,625.4857801058548,1181.938310326936,-3266.6119302226602,-1999.0207096603747,1330.2874034461786,0.06616734047169154
16.0631407,TRACKING,1367.0715664168617,625.2846058981395,1181.2548664641542,-3266.6166070546096,-1999.0478686869992,1330.2489548826957,0.15925519237102587
16.0672585,TRACKING,1366.9880944811146,625.3358989658266,1181.488018630079,-3266.603087183,-1999.0324934669993,1330.2660826999722,0.06141632161663052
16.0710118,TRACKING,1366.9299662623828,625.2715978341963,1181.685196703936,-3266.600115794154,-1999.0561617767396,1330.2642369766872,0.05738675007498397
16.0754558,TRACKING,1367.1476245108008,625.2571425491439,1181.1359529649985,-3266.6134385476457,-1999.0583752236844,1330.277338778879,0.13298292124163497
16.0797112,TRACKING,1367.1291645986498,625.0503188605134,1181.3761068576791,-3266.654053589088,-1999.1094013713023,1330.3119199801436,0.07460532707317559
16.084127,TRACKING,1366.959931516246,625.043665754035,1181.4704174722524,-3266.620271074298,-1999.0969412515096,1330.2616283227312,0.04389962970273712
16.0880696,TRACKING,1367.0563856198762,624.8899156139752,1181.2883458590186,-3266.6276675978106,-1999.0593022565333,1330.2839795141447,0.06520690825672455
16.0921607,TRACKING,1367.0258153022298,624.9473029858253,1181.4351252414422,-3266.6236342560874,-1999.0552017416253,1330.3072202730784,0.039240480703363535
16.0966162,TRACKING,1366.97949062517,624.8689760505014,1181.6744275716003,-3266.6111033522457,-1999.0388276878286,1330.2869073819818,0.057461761308535905
16.1005132,TRACKING,1367.0436391457226,624.9428934824034,1181.6758989073242,-3266.621309259868,-1999.084779834363,1330.3291457703378,0.025117398589151057
16.1046241,TRACKING,1366.923714268008,624.551225207532,1181.168555409596,-3266.6542895733287,-1999.0658500830336,1330.2958577624852,0.15861755729093677
16.1086404,TRACKING,1366.915574703739,624.4597326379803,1181.2108227121075,-3266.615398726439,-1999.041210345755,1330.2829161955608,0.025175448503759076
16.1131439,TRACKING,1366.9587178134202,624.555365258404,1181.6328641780267,-3266.618720406239,-1999.0545776012034,1330.2769899768211,0.09656624974577707
16.1172248,TRACKING,1366.8861457077157,624.4156721056107,1180.7682346316737,-3266.631319723898,-1999.0568428768004,1330.26237653764,0.21535520815950565
16.1211494,TRACKING,1367.0038081399293,624.3992101962367,1181.158664933482,-3266.6129521876246,-1999.0663376500697,1330.255486119015,0.10398688424830943
16.1251439,TRACKING,1367.0192833090907,624.1252426373178,1181.1809377522552,-3266.6228390593237,-1999.0527482340358,1330.2679869824847,0.06892144361576075
16.1298815,TRACKING,1367.0343505426156,624.3959431282958,1180.580410085931,-3266.6255562137258,-1999.067654950276,1330.2393025255328,0.13907726401027146
16.1340879,TRACKING,1366.9848600934251,624.1497872381412,1181.0009731429527,-3266.624063337994,-1999.0809016834853,1330.2486671104325,0.1164443482187522
16.1379412,TRACKING,1366.9964590240977,624.1803537838255,1180.7189366623531,-3266.624063337994,-1999.0809016834853,1330.2486671104325,0.07368360486924237
16.1417569,TRACKING,1366.9534139139068,624.1404210362485,1180.649176796401,-3266.626574475572,-1999.0573931496663,1330.2657971927663,0.023896227524709074
16.1467037,TRACKING,1366.8406191017737,624.042191561465,1181.0010739687245,-3266.6053517873174,-1999.070456654314,1330.296588873131,0.07729550948621984
16.1504652,TRACKING,1367.0634017919426,624.2064815988497,1180.9955251680685,-3266.6075811123055,-1999.064153075497,1330.281535618854,0.07360489893082778
16.154369,TRACKING,1366.6925923589727,623.8502129214671,1180.7760051523082,-3266.6084234860155,-1999.0378639251023,1330.3176626380346,0.1432247495000156
16.1586851,TRACKING,1367.0248031184212,624.167095299774,1180.9828300409772,-3266.5984337398195,-1999.037118839578,1330.2680488703998,0.1166660680324653
16.1634539,TRACKING,1366.6086484935327,623.673039333257,1180.8328650473813,-3266.615002079708,-1999.0525895470262,1330.2943219958208,0.1390597530287413
16.1673658,TRACKING,1366.6659728177262,623.780709846131,1180.5399470396155,-3266.624203375756,-1999.0346549196925,1330.3111772339212,0.08111175699590228
16.1710142,TRACKING,1366.775175232863,623.9118427014879,1180.6645343864607,-3266.608704505788,-1999.0403652171435,1330.263216302619,0.05791275689709901
16.1752997,TRACKING,1366.7151648163644,623.7669771100212,1180.792839905318,-3266.63782657544,-1999.0838845827263,1330.287022514049,0.04727733018740963
16.180248,TRACKING,1366.7567063503325,623.7151550776769,1180.527357809475,-3266.607581229186,-1999.066724881134,1330.298608745149,0.055304642844196006
16.1841315,TRACKING,1366.6207953516457,623.6682700818938,1180.6541914301913,-3266.6191685989534,-1999.0522799196376,1330.2555797995424,0.04936798021407148
16.1880626,TRACKING,1366.5157579735917,623.6480301437758,1180.6189702690417,-3266.607256955711,-1999.037328345167,1330.2417244619414,0.028648212028266624
16.1920498,TRACKING,1366.5876604409123,623.5579257163471,1180.4256851362452,-3266.651549713736,-1999.0693990670266,1330.312155470916,0.05644334794489959
16.1968545,TRACKING,1366.5954047510422,623.6463097942274,1180.405328887997,-3266.640550902806,-1999.0612032881875,1330.3156648697163,0.018945615317819214
16.2006726,TRACKING,1366.5254743431922,623.313208432473,1180.7644095422409,-3266.6065378472667,-1999.0425005143984,1330.2661397920147,0.12958231034550888
16.2045456,TRACKING,1366.445374432779,623.2557740525272,1180.9559023256609,-3266.604866826241,-1999.054475036669,1330.2766400303142,0.05560802750761614
16.2088014,TRACKING,1366.7257891569723,623.4983638383932,1180.8170718251508,-3266.618369174366,-1999.0220016186738,1330.3154547204988,0.09303172115061532
16.2132327,TRACKING,1366.567023243824,623.1613641808323,1181.1500162085265,-3266.598171937995,-1999.0440431734705,1330.3137163156932,0.11274957863862473
16.2173883,TRACKING,1366.5071124449532,623.1546005894382,1180.9646201542205,-3266.619583262328,-1999.0375066695874,1330.3229893475311,0.04691336790582413
16.2211368,TRACKING,1366.4952829739648,623.2505280694294,1181.0505714763715,-3266.62656793868,-1999.0559217154296,1330.371206657629,0.0345053058293217
16.2252829,TRACKING,1366.6951191367407,623.3017442555672,1180.9256248531801,-3266.6449211838103,-1999.1088003072032,1330.4010989121898,0.05817105673107714
16.2299168,TRACKING,1366.4961923626938,623.2769122286106,1180.7363644941531,-3266.6148532154575,-1999.0666910687576,1330.234574631079,0.05949533609448404
16.2341168,TRACKING,1366.4497205587672,622.802216093482,1180.8981947032512,-3266.6001853671496,-1999.0516635944346,1330.2530952298187,0.1199218060249152
16.2379436,TRACKING,1366.5113316153163,622.9722268183358,1180.7138015629473,-3266.6095967974297,-1999.0674958090403,1330.2649328552225,0.06748829412480889
16.2420667,TRACKING,1366.6431545595942,623.0757011665968,1180.688067055908,-3266.605415772796,-1999.0767983239552,1330.2439783809573,0.04112146475636377
16.2466301,TRACKING,1366.6467818727972,623.0299037830456,1180.7260773207688,-3266.6514307429156,-1999.0871648113111,1330.3407212069064,0.013066278413453022
16.2507141,TRACKING,1366.6279365702496,622.8415574990628,1180.6848142485776,-3266.58793590403,-1999.0483548856218,1330.2142132683102,0.04743684017750322
16.254932,TRACKING,1366.672849387899,622.8837037744757,1180.7695210895206,-3266.609464910629,-1999.060658909789,1330.241765741355,0.02483028296805381
16.2587206,TRACKING,1366.6508485655916,622.8970119498183,1180.8006370370308,-3266.609245154384,-1999.0561355142106,1330.2313802209308,0.010654372865148611
16.2633883,TRACKING,1366.6173688792294,622.7809408062775,1180.6821604163333,-3266.6190104582297,-1999.051158718237,1330.275603286288,0.036250046528981214
16.2674038,TRACKING,1366.7299053106606,622.8028345473039,1180.6153814616318,-3266.6106026857474,-1999.052592865455,1330.290192367686,0.0330412404025895
16.2711354,TRACKING,1366.6996851841386,622.664222553578,1180.746569362157,-3266.6063671721263,-1999.0315576882097,1330.3496072875057,0.051781365375118064
16.275266,TRACKING,1366.4929517206122,622.4323747213291,1180.7112479886491,-3266.5698676153374,-1999.0297219895826,1330.2971993643434,0.075687202381792
16.2798285,TRACKING,1366.661914798605,622.389203062758,1180.6860883490974,-3266.6095919595627,-1999.0474415533663,1330.3290652629762,0.038618482285614736
16.2839523,TRACKING,1366.7208233025822,622.4766003802978,1180.6614886009188,-3266.602488628867,-1999.0447469065039,1330.263097009321,0.026245118489299116
16.2878394,TRACKING,1366.6072488810603,622.2730460372325,1180.6243929562536,-3266.614232229927,-1999.064688075438,1330.3626541380668,0.06072105834802784
16.2921239,TRACKING,1366.7556676104841,622.5437609885581,1180.2800551790526,-3266.594446854519,-1999.046671185183,1330.2773172718867,0.10794143775385578
16.2964947,TRACKING,1366.7531272203112,622.268787278126,1180.4030342848182,-3266.581379987507,-1999.0824881577032,1330.2418841448946,0.06891924326552147
16.3007067,TRACKING,1366.7176199964117,622.3350309796124,1180.371136451461,-3266.6050215989053,-1999.062415927857,1330.2723683894292,0.01938471251185516
16.3046898,TRACKING,1366.711582953956,622.2494720566528,1180.3973958412805,-3266.581765369951,-1999.060801377124,1330.2605866044978,0.022520484514603426
16.3090629,TRACKING,1366.8091543982205,622.148221065197,1180.2919152935592,-3266.5914432779878,-1999.0344924545175,1330.2488881177803,0.04019540883126145
16.3136523,TRACKING,1366.8195343982,622.1494914750303,1180.416446522932,-3266.59897600411,-1999.0732526751349,1330.2412640695848,0.027230038350854864
16.3175022,TRACKING,1366.8581981248583,621.9964552360725,1180.3737189038397,-3266.609944055571,-1999.0526089919836,1330.2165183516545,0.04247528647921151
16.3213491,TRACKING,1366.8978363776916,621.983824673127,1180.4880214142797,-3266.601126872255,-1999.0396978396514,1330.3256255823542,0.031619727664965964
16.3256003,TRACKING,1366.9588923167298,622.0281568937781,1180.2520131401693,-3266.600358265755,-1999.034276517378,1330.3156975138475,0.05828384171231709
16.3302906,TRACKING,1367.0591494674375,621.9602065243876,1180.2921759656442,-3266.6103428151264,-1999.0325463658967,1330.3193412149944,0.027205117516958536
16.3338766,TRACKING,1366.857167014957,621.7232245058935,1180.5442465606582,-3266.596892656216,-1999.0448137833182,1330.2654459807538,0.1117179962907065
16.3379635,TRACKING,1366.9570490650233,621.6364274622057,1180.3251538694033,-3266.578086692914,-1999.0219286911108,1330.283794602815,0.06262757790014235
16.3421188,TRACKING,1366.932826948315,621.729919475465,1180.2294770454623,-3266.6246935191625,-1999.0858902654475,1330.2595420416226,0.032716473439165866
16.3472192,TRACKING,1366.9993242747353,621.5507790437022,1180.228413251922,-3266.578728634798,-1999.039198265885,1330.2507595634238,0.03746514120285016
16.350772,TRACKING,1367.1168879386105,621.6091923320236,1179.9948053554672,-3266.6220439419976,-1999.0970851901247,1330.2391349178868,0.0754239957634506
16.3547128,TRACKING,1367.1467910771678,621.6628260917936,1179.8302843766414,-3266.6049448012627,-1999.0909713956116,1330.294258435434,0.04456133745176866
16.3588028,TRACKING,1367.0725677786402,621.516727743125,1179.9387354871126,-3266.5826474442006,-1999.0566642653482,1330.2212114897638,0.048046012320370514
16.3634594,TRACKING,1367.207902007406,621.3506712228686,1179.9809050317097,-3266.590830574173,-1999.0298585377861,1330.257460799825,0.04688633829029888
16.3673936,TRACKING,1367.2467526522603,621.445589988826,1179.6462238423246,-3266.618097913005,-1999.0465871071258,1330.218141462163,0.08897450248498023
16.3712345,TRACKING,1367.1654839235703,621.4709563151289,1179.6391494753448,-3266.5927711682066,-1999.046025895808,1330.2769847588468,0.022241906313912176
16.3753778,TRACKING,1367.369746305418,621.5141518048614,1179.68012240685,-3266.5727406819396,-1999.033392316691,1330.3070837272653,0.05135090292658184
16.3801554,TRACKING,1367.2397630848423,621.3810234736292,1179.4907316647725,-3266.602750899432,-1999.065547919816,1330.235963214314,0.055570807746425005
16.3840609,TRACKING,1367.3420217705095,621.2734433486802,1179.402750884198,-3266.5999948896374,-1999.0946388415985,1330.335499832569,0.044179381375107976
16.3879519,TRACKING,1367.321473798383,621.4126498241887,1179.0232634117142,-3266.598197310876,-1999.0554565002044,1330.3468792818603,0.10401855950315694
16.3921459,TRACKING,1367.3080238516277,621.5061334338177,1178.261580005161,-3266.5956847060447,-1999.076489510189,1330.3294428255851,0.18300347601911132
16.3967999,TRACKING,1367.2572609135007,621.3227117631694,1178.3345443881324,-3266.6045415392387,-1999.0523936830512,1330.2476404101644,0.043795425464388034
16.4006943,TRACKING,1367.1507080021138,621.3076667327825,1177.8055689798666,-3266.616611708378,-1999.0540994581702,1330.2677628355334,0.13861185822427857
16.4046037,TRACKING,1367.25185078455,621.2217059761188,1177.6801917187618,-3266.602915017914,-1999.034161238672,1330.2640067087434,0.04670500107543547
16.4087315,TRACKING,1367.2701543567653,621.2874723330517,1177.3999264409292,-3266.613722507715,-1999.0400206741197,1330.25534151669,0.06988213106633709
16.4131851,TRACKING,1367.3000601350823,621.3852593697147,1176.9336273108593,-3266.608035769938,-1999.0399538970248,1330.2602018676857,0.10718965970663441
16.4175151,TRACKING,1367.1466576335224,621.2985247086015,1176.909255919925,-3266.6161884142402,-1999.0385391545483,1330.2348124256364,0.0410859589841998
16.4215448,TRACKING,1367.3453626673659,621.4941391084988,1176.749018445125,-3266.5972432594745,-1999.023058473201,1330.2746202003102,0.07980672465436087
16.4256013,TRACKING,1367.1802191996085,621.3239089313771,1176.1806216941432,-3266.590735600362,-1999.0404844186392,1330.2945806337198,0.15182894165730235
16.4300135,TRACKING,1367.2906627589823,621.4441278688148,1176.160968682913,-3266.573451147257,-1999.0607527858126,1330.3084405474528,0.03726670166162868
16.4342513,TRACKING,1367.2546813362214,621.4685284022389,1176.1994497419635,-3266.5778956497884,-1999.0145509183926,1330.2666336922562,0.01370025526986031
16.4379959,TRACKING,1367.2601171367762,621.3951734084866,1175.5843016713536,-3266.567249579686,-1999.0472020039447,1330.258597950994,0.16544629235691571
16.4417696,TRACKING,1367.2597108856949,621.4626224867776,1175.7684666456603,-3266.606752959262,-1999.0405101288961,1330.232583060742,0.05197239468448118
16.4467438,TRACKING,1367.2321747198393,621.2728697704852,1175.2153430064977,-3266.5952562475695,-1999.028824741606,1330.2521534739549,0.11769017397995162
16.4506144,TRACKING,1367.2322580008756,621.4069798846714,1175.079044377706,-3266.6031356577837,-1999.0929850951272,1330.3145511070736,0.04940167833809404
16.4544966,TRACKING,1367.2782857317725,621.3784625182012,1174.8055336759157,-3266.5854557854336,-1999.0566401168742,1330.2950248429722,0.07181978041156055
16.4587215,TRACKING,1367.3757805036132,621.2734640207611,1174.6866127981427,-3266.593873866693,-1999.0478951905216,1330.2362819932596,0.04407309785480594
16.463481,TRACKING,1367.414442448946,621.3188534548723,1175.001802751036,-3266.592481798102,-1999.0379200066832,1330.3119397191072,0.0673977850640841
16.4674169,TRACKING,1367.4870249681721,621.2637262384154,1174.7700133451185,-3266.5958151121395,-1999.0401499725324,1330.2922213283236,0.06328041223726863
16.4713704,TRACKING,1367.5856967273824,621.3530559569289,1174.8492136950138,-3266.6206900803404,-1999.037860454022,1330.257934627292,0.03917606392762829
16.4753662,TRACKING,1367.5840836021573,621.3334623696506,1174.8698117188478,-3266.6271376374043,-1999.0527334441385,1330.3499526466094,0.007126073447733806
16.4803821,TRACKING,1367.8587042655704,621.3031217939592,1174.616683224541,-3266.639325477456,-1999.043082300083,1330.2666124024097,0.07470537358697334
16.4839506,TRACKING,1367.77474170945,621.2132928130912,1174.4687048495207,-3266.627473045802,-1999.0288326107443,1330.2840025842647,0.05391533455411858
16.4878049,TRACKING,1367.953279820588,621.3383255224345,1174.6831992331347,-3266.631989799448,-1999.039201685728,1330.2475776848246,0.07934133077787257
16.4920117,TRACKING,1368.099119945265,621.3588311126692,1174.5047183031731,-3266.6243733466745,-1999.0299849056776,1330.2344013144666,0.05500582275074192
16.496929,TRACKING,1368.2796447747667,621.3260465308238,1174.4815463751934,-3266.6300036834214,-1999.0442354282652,1330.2353547121759,0.037609068536328616
16.5009689,TRACKING,1368.3609422187633,621.282500008607,1174.6804588068794,-3266.5826468145156,-1999.0335169976065,1330.2385415699086,0.05427180407349941
16.504761,TRACKING,1368.4683251733136,621.2567705303371,1174.3585768754645,-3266.631044568526,-1999.0696091238995,1330.26975394172,0.08973802944167775
16.5089218,TRACKING,1368.6744070940056,621.0719064663209,1174.1772137993494,-3266.5968749535245,-1999.0596421734156,1330.2172889066246,0.07954331212633611
16.5135265,TRACKING,1368.9240920619786,621.1635729302855,1174.5308273065245,-3266.620631920334,-1999.069208840346,1330.2492072317991,0.09609294700517336
16.5172734,TRACKING,1368.9338857596158,621.0963518577637,1174.2888567390642,-3266.5810502695917,-1999.058432238341,1330.2670329823106,0.06707549629148245
16.5211466,TRACKING,1369.0802481590906,621.0504898691686,1174.2097337645196,-3266.610392172207,-1999.0607748515936,1330.2765054079946,0.044558865145496736
16.5254822,TRACKING,1369.2391304852906,621.0056281902529,1174.5606039300617,-3266.606869432484,-1999.0801271821556,1330.2671225235088,0.08943873933679398
16.5310539,TRACKING,1369.3671597465027,620.9604751494302,1174.2472560494614,-3266.590928993039,-1999.0470949510136,1330.2990867616963,0.061290554287398685
16.5341725,TRACKING,1369.5214677925665,620.8928563695041,1174.3588467594413,-3266.6085175227854,-1999.047096362164,1330.2887605698902,0.0647978567870699
16.5379755,TRACKING,1369.7338353757991,620.8638784043405,1174.645311260534,-3266.624726089184,-1999.0265401432612,1330.294273896679,0.0940765566570164
16.5419379,TRACKING,1369.8867443125039,620.8222253455089,1174.5418463233996,-3266.649671311834,-1999.0627152351415,1330.3172304935927,0.04776515876412531
16.5468885,TRACKING,1369.8186927098307,620.5151477480063,1173.8215349126428,-3266.6161589281905,-1999.028046635219,1330.2284435315594,0.15876608986119398
16.5507032,TRACKING,1370.1492272984976,620.6216062444706,1174.4617032000588,-3266.6433184059433,-1999.0156265838805,1330.2613525289134,0.19091593185065092
16.5547298,TRACKING,1370.2450368342002,620.4757075818776,1174.5063930600563,-3266.6180230589953,-1999.0184871484319,1330.2496589840316,0.04474621530769639
16.5587507,TRACKING,1370.372176490698,620.548259824688,1174.57565555791,-3266.620222189571,-1999.0594480320044,1330.2110941460946,0.04027537181399487
16.5634992,TRACKING,1370.2905707856946,620.2227032506072,1174.6787366832782,-3266.615275327913,-1999.0411981198956,1330.2157654439904,0.07393946329817223
16.5671962,TRACKING,1370.3869946540249,620.2748441127559,1174.5968924588365,-3266.6464565572333,-1999.0635509144197,1330.2270618907542,0.03700343901496323
16.5710813,TRACKING,1370.4663330207638,620.1037245004001,1174.7068998465209,-3266.604345891704,-1999.0427824837232,1330.2174883827745,0.05620272532557441
16.5755019,TRACKING,1370.5324171035616,619.9227510522118,1173.9530893939507,-3266.648358860972,-1999.070719908159,1330.2329997417391,0.17600361389717406
16.5801653,TRACKING,1370.709389619458,619.8591738541805,1174.4552789517898,-3266.6740202434717,-1999.1566156442652,1330.2487063964236,0.11498953281954374
16.583963,TRACKING,1370.920823175827,619.7989499955089,1174.4155824512604,-3266.6139047745946,-1999.0576789272204,1330.269611417611,0.05882467408716157
16.5880051,TRACKING,1370.911843426564,619.6824571387789,1174.1923880103316,-3266.6185162425536,-1999.061661777554,1330.3109725183701,0.06232565670460032
16.5923867,TRACKING,1371.0782062254907,619.5931162453132,1174.709889106799,-3266.637289629295,-1999.0911253841941,1330.3193325960292,0.12572513804908844
16.5968947,TRACKING,1371.2277636020133,619.6154041399174,1174.7961622510645,-3266.6153860790423,-1999.0642924374379,1330.289416246003,0.03861794007221304
16.6006987,TRACKING,1371.2897261751043,619.4816434047057,1174.3904740372618,-3266.623950249132,-1999.0592927972898,1330.3075703570255,0.11347037624544559
16.604651,TRACKING,1371.4189356644818,619.4047779181561,1174.6446461894384,-3266.643875849298,-1999.0504394929515,1330.3090731000457,0.07471803939079517
16.6086024,TRACKING,1371.4165740850317,619.3010315856784,1174.7098611891852,-3266.6152102838046,-1999.0512201228703,1330.283649497232,0.03101780581720318
16.613272,TRACKING,1371.55307486514,619.2016549514108,1174.1224898995088,-3266.6396391032586,-1999.0588594428837,1330.3025950698773,0.13088000500405805
16.6174018,TRACKING,1371.5826731897982,619.1778311924462,1175.2136116942127,-3266.6360582027314,-1999.1007399150565,1330.325566345855,0.26436707107103397
16.6216447,TRACKING,1371.5409967069725,619.0018464654232,1174.0183959194221,-3266.6239024538627,-1999.11265579671,1330.2569686719294,0.2849044375077281
16.6254748,TRACKING,1371.6966210536382,619.0260639631638,1174.4599905514922,-3266.652257657055,-1999.1213565115656,1330.2641621267667,0.12240941953137995
16.6298485,TRACKING,1371.7238619546797,618.9242707120426,1174.1866440495567,-3266.6145285074244,-1999.069234479731,1330.2606343783887,0.06698089390284602
16.6341339,TRACKING,1371.7985095938182,618.8528784632862,1174.1905818898697,-3266.6325746151256,-1999.0847411931413,1330.2905570649027,0.024120614867134283
16.6379787,TRACKING,1371.9301164964552,618.7730756429461,1175.0680088249505,-3266.6202079781146,-1999.048942961047,1330.2537470643508,0.23169572310882006
16.6419966,TRACKING,1371.9047813164793,618.6995496673625,1174.4388685146218,-3266.6202079781146,-1999.048942961047,1330.2537470643508,0.1577761020641332
16.6464666,TRACKING,1371.9383960841626,618.6635822129999,1174.1695450492791,-3266.628814751965,-1999.0689230779076,1330.22219189576,0.061249650362095336
16.6506639,TRACKING,1371.996915981694,618.5244746757369,1173.9821294378341,-3266.687356013288,-1999.141522905779,1330.2705973662264,0.05732837522617998
16.6546007,TRACKING,1371.9275929222185,618.4576652560927,1173.9567717381565,-3266.625735307417,-1999.0638556764081,1330.2671848264058,0.025289580980613093
16.6588314,TRACKING,1371.9292250581134,618.5999050728285,1173.7256962454358,-3266.6535009560193,-1999.041255253638,1330.339270969577,0.0641382744275288
16.6634821,TRACKING,1371.932590408529,618.445322077604,1173.7574632734634,-3266.6735082224204,-1999.0505925058872,1330.3127015559796,0.03394095657241212
16.6672951,TRACKING,1371.9214348217263,618.4817917348081,1173.553427783057,-3266.641586104362,-1999.068717377075,1330.3800963770161,0.05443723569209916
16.6712742,TRACKING,1371.922712810487,618.3767325115003,1173.3928960461428,-3266.6440830248994,-1999.0866457001084,1330.2986856588554,0.04821644398286816
16.6753146,TRACKING,1372.0308345595215,618.270268249353,1173.9855205008723,-3266.617832213232,-1999.0797854196576,1330.2891076992448,0.15140638167373038
16.6801955,TRACKING,1371.7838172995655,618.0658288530273,1173.8211801624357,-3266.606947108435,-1999.0671716050517,1330.2692506939159,0.07381967533595395
16.6838515,TRACKING,1371.6661969604238,618.0901287146249,1172.885079709999,-3266.631173472949,-1999.1353359735358,1330.314396712734,0.25814383271797936
16.6878324,TRACKING,1371.728866550273,618.1457870813719,1173.610305947088,-3266.609585959274,-1999.0702327684864,1330.2888543517852,0.183389111665253
16.6920293,TRACKING,1371.6071344598838,617.9584354293053,1173.3385288995003,-3266.630809630677,-1999.0925511361127,1330.32542812795,0.08383016366132658
16.6967299,TRACKING,1371.7835752027968,618.1519648573895,1173.1537606072152,-3266.611716931095,-1999.0935281613608,1330.2756352672898,0.06818412834754263
16.7009046,TRACKING,1371.5079741087577,617.9192727016792,1172.9833772058623,-3266.6115264879213,-1999.0742913475099,1330.2534784841207,0.09555504757237522
16.7046097,TRACKING,1371.48127532774,618.0163030073979,1172.7095300403587,-3266.638426854473,-1999.0864973149348,1330.3290384094448,0.07874369867007223
16.7090408,TRACKING,1371.4058045669697,617.8878980886153,1172.6858166200175,-3266.6109538308306,-1999.0435148087292,1330.2681996373162,0.034036181034180095
16.713427,TRACKING,1371.2344116898764,617.8351314044103,1172.527542264273,-3266.630416990713,-1999.0555414520913,1330.2777242626198,0.05453180460405759
16.7172213,TRACKING,1371.2720813830379,617.7418233781332,1172.3795946737903,-3266.6430019259797,-1999.0800661789888,1330.256843886844,0.0471560599797478
16.7212556,TRACKING,1371.0854135735115,617.8956006268354,1172.156399743442,-3266.6362571005825,-1999.04810799028,1330.3146172904148,0.0815760476294428
16.7254001,TRACKING,1371.111627098399,617.8064483662549,1172.0404033315683,-3266.647307688403,-1999.1030079571194,1330.318225289267,0.03586163277478801
16.7301171,TRACKING,1370.9703607233103,617.8946187013066,1171.963320105949,-3266.626313130323,-1999.0599859094987,1330.286427409782,0.038901711754703874
16.7340462,TRACKING,1370.8764536241981,617.7735997514661,1171.6450297736012,-3266.6349156306414,-1999.042778374517,1330.2959741920542,0.08990151112370529
16.7381457,TRACKING,1370.7442199046784,617.785343209977,1171.7388590021592,-3266.6366725323846,-1999.0641745653236,1330.2889666428082,0.039654993737030575
16.7421889,TRACKING,1370.4672645986434,617.6448069766171,1171.5721358358094,-3266.6366725323846,-1999.0641745653236,1330.2889666428082,0.08718167850204121
16.7466827,TRACKING,1370.4066338989555,617.7301091949388,1171.1083098450258,-3266.636051170609,-1999.0618324524694,1330.2370686138452,0.10580937562114334
16.7506852,TRACKING,1370.4284670290901,617.947556259493,1171.4091675145771,-3266.6317800320057,-1999.0813331341903,1330.2033938917903,0.09290538420486706
16.7546581,TRACKING,1370.0895657895273,617.5910127488315,1171.0808701332426,-3266.6081064198347,-1999.1115378372756,1330.2673675085964,0.1488590560700414
16.758991,TRACKING,1369.94289294892,617.7944321635307,1170.6525996317052,-3266.657504799298,-1999.1054220706087,1330.288311944665,0.11454090112953602
16.7635591,TRACKING,1369.7523761400964,617.7286766953183,1170.1940437495798,-3266.5858061393087,-1999.0855864224084,1330.2366491234634,0.10965021242650641
16.7673911,TRACKING,1369.5908604662156,617.6811260994843,1170.0361213035178,-3266.629549587929,-1999.1103911210903,1330.3069070494532,0.06024051616556301
16.7711763,TRACKING,1369.463893321306,617.6438508213001,1169.7399918122933,-3266.6272552725027,-1999.0852825326638,1330.3019842191961,0.08568894033977609
16.7754184,TRACKING,1369.2459009815532,617.5410528636093,1169.736456088522,-3266.6380906079003,-1999.064995760689,1330.2419647921024,0.05682106088570834
16.7798353,TRACKING,1369.2258030487671,617.7259715922673,1169.0759941546253,-3266.6285995653807,-1999.0408710178067,1330.2695702427484,0.15534766596845734
16.7838872,TRACKING,1368.9372580002034,617.6668117316548,1168.9984611083098,-3266.6061125261563,-1999.0277583233096,1330.2930366725677,0.07516988862977433
16.7882407,TRACKING,1369.0184234455696,617.693048876461,1168.6242398569068,-3266.6198975694138,-1999.0293682223694,1330.3109881197615,0.08816353756213732
16.7926326,TRACKING,1368.7824922945215,617.6861003678714,1168.287882228658,-3266.6354748416197,-1999.0527523802036,1330.2574049139114,0.0935612102692671
16.7976853,TRACKING,1368.5960268092392,617.9290270880598,1167.7713719887734,-3266.6234256522134,-1999.0438322668572,1330.28316235311,0.11884163821828807
16.8011263,TRACKING,1368.49248607884,617.7910835251064,1167.9322266553156,-3266.6691666659394,-1999.050076525433,1330.2758075967256,0.06853995773958374
16.804894,TRACKING,1368.332703400552,617.804767750873,1168.0055972600549,-3266.6432634823723,-1999.0480516125092,1330.287451121497,0.046807011879423314
16.8092408,TRACKING,1368.2104685307092,618.040121725501,1166.8306536238827,-3266.6462453754884,-1999.088817967851,1330.3098675853275,0.2771008879804758
16.8140039,TRACKING,1368.285318047896,617.9057324104001,1166.9461323905464,-3266.633005908215,-1999.0772834830905,1330.2575598843944,0.04038323349931814
16.8176107,TRACKING,1368.0931033534966,617.8546963522033,1167.0577662235287,-3266.6331442201626,-1999.064333493948,1330.2445962572804,0.0632317297611905
16.8216577,TRACKING,1368.2689005330965,618.125100687727,1167.1570605959716,-3266.6309029112863,-1999.06853009961,1330.2556987500661,0.0833864222015951
16.8255822,TRACKING,1367.9124206470126,617.9602385022854,1166.9766691730752,-3266.6175809080737,-1999.0773009644868,1330.2284462657237,0.11012917251985524
16.8298049,TRACKING,1368.1451008657355,618.0162449826537,1166.8867185004058,-3266.6330380172494,-1999.092432903501,1330.3014989406097,0.060546933117920566
16.8339978,TRACKING,1368.183043863352,618.1914405914965,1166.5425220223585,-3266.62705959241,-1999.0466039392793,1330.2622387383608,0.0925559425910466
16.8379651,TRACKING,1368.220677917495,618.2021960383681,1166.5764085533447,-3266.617079309333,-1999.0713463132142,1330.241654277038,0.01304958052449068
16.8419806,TRACKING,1368.2201569939687,618.2888543822434,1166.6437229640776,-3266.6171982812602,-1999.028808305125,1330.3088814599823,0.027327173265437602
16.8466782,TRACKING,1368.2203163607085,618.2021630769749,1166.644562548129,-3266.6482917314165,-1999.0583236983236,1330.242678848356,0.018455278702515055
16.850761,TRACKING,1368.307337434429,618.3552865602308,1166.5253116389674,-3266.6193674526585,-1999.041160602635,1330.284999209214,0.05209600026844036
16.8545905,TRACKING,1368.496178661125,618.4804686129766,1166.3978271204357,-3266.624167987494,-1999.0215480755487,1330.268755018622,0.06788587420084731
16.8587125,TRACKING,1368.3183624122187,618.3601865459235,1166.7127006671649,-3266.63512434517,-1999.0157598102962,1330.3312754450822,0.09245337923079298
16.8632692,TRACKING,1368.507997364735,618.443704017281,1166.5254011902268,-3266.6524311464127,-1999.078955373728,1330.3315328822257,0.06129796706485599
16.8672696,TRACKING,1368.4550284545987,618.4035574099327,1166.5935455327215,-3266.634492249571,-1999.058877507968,1330.2905842493967,0.023795082195501534
16.8713547,TRACKING,1368.4378511910306,618.2808477502778,1166.619657526582,-3266.606058470486,-1999.0559293546019,1330.272779813896,0.030997435577617114
16.8753906,TRACKING,1368.5485128704672,618.4311187570498,1166.4208083919798,-3266.602920479123,-1999.04707371407,1330.271354626371,0.06756996725946926
16.8800853,TRACKING,1368.621253705319,618.5566470605006,1166.458568839877,-3266.5980215115856,-1999.0423899349541,1330.2490688928176,0.031932766866041934
16.884191,TRACKING,1368.7428318888512,618.54939306871,1166.373707004197,-3266.5741464882385,-1999.076450875629,1330.2200376167973,0.03615541229185513
16.8879505,TRACKING,1368.6969777196196,618.5498455068299,1166.530290197547,-3266.5804706801755,-1999.0703289651165,1330.2370015069685,0.04339932331254695
16.892044,TRACKING,1368.7885183467727,618.631026938982,1166.3371519764967,-3266.6219392024677,-1999.0981582877196,1330.2656231176588,0.05585239149455755
16.8968881,TRACKING,1368.8738055660585,618.5739755356808,1166.5421067756076,-3266.6068892542585,-1999.0553267613677,1330.2710295586605,0.04731646257286465
16.9007747,TRACKING,1368.9224038305495,618.6743316729168,1166.510501080092,-3266.599762337226,-1999.0421165743453,1330.2438083290158,0.02981958227926073
16.9046274,TRACKING,1368.985969482608,618.7925606371149,1166.4853941501701,-3266.623268598353,-1999.0974152584074,1330.37341111434,0.035445656489990866
16.908982,TRACKING,1369.1144360678563,618.8516440771598,1166.537672363237,-3266.6228311060795,-1999.0402018084144,1330.2765570871645,0.03462006127895307
16.9133406,TRACKING,1369.1206866904215,618.9366324197468,1166.2959891928936,-3266.632284036506,-1999.0697647737982,1330.2999326487343,0.05879574474771866
16.917482,TRACKING,1369.392084819349,619.1153445644524,1166.448096687721,-3266.6686719180075,-1999.066735483884,1330.354765677267,0.08663542577328694
16.9211197,TRACKING,1369.2957471059215,618.8385111924678,1166.3176496501044,-3266.6527268048344,-1999.0629175321812,1330.283398202435,0.08819678551287942
16.9255856,TRACKING,1369.386623556762,619.0010102843568,1166.152340644589,-3266.6532121993455,-1999.0420430660913,1330.2531254131618,0.05575159012931321
16.9301832,TRACKING,1369.4856610286108,618.9491565311583,1166.4365573300213,-3266.651475370717,-1999.0344648883213,1330.2639420235591,0.06642852409969327
16.9340692,TRACKING,1369.7435111489722,619.27422338606,1166.2908093536053,-3266.6504410857674,-1999.0540573040785,1330.242860794832,0.11316777138114985
16.9378959,TRACKING,1369.7127225145696,618.976594422545,1166.273787640521,-3266.641503673533,-1999.0599721014332,1330.2454713165669,0.0783183897509495
16.9420348,TRACKING,1369.7352044611357,618.9072664098181,1166.4847902482277,-3266.6472584736894,-1999.0469379432013,1330.2262163808969,0.05393585352618524
16.9467312,TRACKING,1369.8979753512533,619.1929381024983,1166.2160934424896,-3266.6119623353957,-1999.043729880294,1330.2244228542716,0.09041355990912178
16.9506934,TRACKING,1370.0988679234958,619.387921867541,1166.4645283255056,-3266.6257646683434,-1999.064311150488,1330.2540779648957,0.09446633607762525
16.9545689,TRACKING,1370.1414040683171,619.2387630594646,1166.613559471932,-3266.645819517618,-1999.0873782816502,1330.3048273394134,0.055502483564336805
16.9591792,TRACKING,1370.3103908242415,619.3252687417619,1166.8054460661444,-3266.6535572302664,-1999.0823450256753,1330.2516154547104,0.0585485384008428
16.9636854,TRACKING,1370.6674667631007,619.8167349399855,1166.720843648194,-3266.6204987243277,-1999.0755056480702,1330.3214214652585,0.13611275612421367
16.9673489,TRACKING,1370.5615838126175,619.3643928468736,1166.8932087464455,-3266.641631938809,-1999.0889676668526,1330.3370948326756,0.13525704185989865
16.9712132,TRACKING,1370.8059196254612,619.5272686481301,1166.9852844469062,-3266.6015990889036,-1999.0523304323688,1330.3011744564642,0.07963774340767715
16.9754266,TRACKING,1370.80436651082,619.4648756612186,1167.0769848007064,-3266.605674640253,-1999.0521638749447,1330.3164220454128,0.026326608513028687
16.9799109,TRACKING,1371.174228175192,619.7770901499985,1166.9515133852804,-3266.6641158017787,-1999.09552666811,1330.3496762131367,0.11150427346931494
16.9840627,TRACKING,1371.2999667107813,619.7257703275576,1166.780864699198,-3266.6447473729568,-1999.0963111813182,1330.2395573942742,0.05252992334417059
16.9878296,TRACKING,1371.38215797919,619.6946955123968,1166.8680984345933,-3266.6233355523573,-1999.0596417454863,1330.279595871449,0.03286986649488199
16.9920017,TRACKING,1371.6514811933735,619.8640275348616,1166.8440907370093,-3266.6233355523573,-1999.0596417454863,1330.279595871449,0.07646919790665616
16.9967283,TRACKING,1371.602282188129,619.7840440463017,1166.8322379777637,-3266.6600672471172,-1999.0937748714764,1330.284739621108,0.02002470351895984
17.0006366,TRACKING,1371.7588105732834,619.7162495253477,1166.1306708805162,-3266.656655819571,-1999.0664249028885,1330.2500955729338,0.18473675640204862
17.0047,TRACKING,1371.7194339617001,619.9066671162394,1166.4462436214183,-3266.64854860477,-1999.0828938418654,1330.2197082742487,0.09122139882107781
17.0088771,TRACKING,1372.1114778366057,619.9445315745106,1166.5272537912665,-3266.668060749472,-1999.1292117134371,1330.270979511882,0.09626603996401928
17.0136859,TRACKING,1372.0883741361652,619.827955053243,1166.8462211602537,-3266.653026555677,-1999.0641456296405,1330.2266157401343,0.07078441305925343
17.0174384,TRACKING,1372.1891527274731,620.0224522317126,1167.494870407555,-3266.626112879587,-1999.0789208565911,1330.2646895391024,0.1824489159059545
17.021201,TRACKING,1372.4460134561689,619.9851200171154,1167.6022008159869,-3266.6240202914955,-1999.052057637101,1330.230802561808,0.07464926351446868
17.0253414,TRACKING,1372.5602784418004,620.0235291964636,1167.8397092661037,-3266.6371191373914,-1999.0988137608974,1330.2985066314113,0.06432939435728763
17.0300875,TRACKING,1372.7857359696695,620.1875989410106,1168.1258821152821,-3266.6365446717577,-1999.0470738522997,1330.260402909333,0.08418614238175762
17.0342546,TRACKING,1372.8515426815127,620.2743056207917,1168.130997480177,-3266.617990601826,-1999.0270150603183,1330.2837448055589,0.02615038616728643
17.0379204,TRACKING,1373.0186131043204,620.3423854749667,1167.987077775462,-3266.6489687205167,-1999.0669382290648,1330.3165096974922,0.06295539190529374
17.0418809,TRACKING,1373.1031589727406,620.241430015534,1167.9997713353507,-3266.6375240363554,-1999.0390682587822,1330.265605268473,0.03340281677306718
17.0467344,TRACKING,1373.249608596782,620.3316007391018,1167.8759511244134,-3266.6584745966798,-1999.081684133625,1330.265581186619,0.0436631461535836
17.050858,TRACKING,1373.3171728236389,620.3406227963453,1167.8187159468139,-3266.6226716630795,-1999.0647603951963,1330.2873052546486,0.021584700967590062
17.0546967,TRACKING,1373.5322278206022,620.3945383322636,1167.8635481684469,-3266.6614585068537,-1999.0692367518318,1330.339451363007,0.05892563743947518
17.0587424,TRACKING,1373.559446949971,620.4963642931439,1167.76385465948,-3266.648646819623,-1999.0745828361912,1330.3463310751065,0.0358602932570961
17.0634403,TRACKING,1373.7275981225316,620.6147513346257,1167.9885062089616,-3266.623663717108,-1999.061142583322,1330.2656796547192,0.06482960686254667
17.0672709,TRACKING,1373.8034336593441,620.571815290169,1168.5375193384425,-3266.634275044736,-1999.07785849298,1330.2748285187197,0.14511737929731638
17.0710122,TRACKING,1374.0039763278587,620.8323740634146,1168.7106643041875,-3266.6563069166623,-1999.076006120495,1330.2531181150162,0.09932407209551344
17.0754008,TRACKING,1374.1870271633106,620.9351263882647,1168.7589818495992,-3266.6565092737283,-1999.0779894587617,1330.3008828280394,0.049083337514744196
17.0801686,TRACKING,1374.3589589261462,621.0849940855363,1169.0142373662159,-3266.644893966766,-1999.0500783084942,1330.2997180579005,0.07179624704907961
17.0840471,TRACKING,1374.3491489806167,620.8934151837682,1169.1502341751905,-3266.6371420984997,-1999.0651835978274,1330.2876801618581,0.06062818826321152
17.0881201,TRACKING,1374.7410632846413,621.2289008556033,1169.3680513149818,-3266.6188187743787,-1999.0550512781788,1330.2269451461714,0.13748898759213243
17.0920289,TRACKING,1374.7510741019714,621.3741457617549,1169.5957706849492,-3266.648353589488,-1999.0540281898766,1330.2510399737992,0.069147077016932
17.0965259,TRACKING,1374.9065559736923,621.341542708684,1169.6727850031339,-3266.649932825109,-1999.06315780908,1330.24694569926,0.0392587973458436
17.100488,TRACKING,1374.9652362030718,621.3932502190085,1169.4080220925077,-3266.627990633957,-1999.0825591319162,1330.2483365282308,0.06967851435050602
17.1045643,TRACKING,1375.077091999241,621.3617503622291,1169.5271538443308,-3266.616839723519,-1999.0477683244073,1330.2263751017374,0.04082676868661437
17.1085321,TRACKING,1375.1066894797575,621.5999668640679,1169.4299481505152,-3266.6284290082176,-1999.0365448814812,1330.263340349178,0.06527111744399126
17.1135335,TRACKING,1375.1171174810654,621.6445752475458,1169.4812940187007,-3266.6389236091495,-1999.0562229750008,1330.2476904173004,0.01375848647664224
17.1173869,TRACKING,1375.292128358823,621.5310245888943,1169.5096953342077,-3266.641632316111,-1999.0404994804846,1330.2657398945353,0.054638758794750046
17.1212216,TRACKING,1375.4527398152914,621.7994746476298,1169.2601478223544,-3266.6726397257676,-1999.0777474132267,1330.2560903389806,0.10435477547401506
17.1254229,TRACKING,1375.4940918979487,621.823078744216,1169.2158411570142,-3266.6485744095758,-1999.0400276112764,1330.2438521527524,0.015480972176367732
17.1299013,TRACKING,1375.6546261703354,622.0673378247646,1169.506421462891,-3266.668175005827,-1999.101788032312,1330.2756787102676,0.09203146017379252
17.1340529,TRACKING,1375.6968719855354,622.0764669307617,1169.381557599446,-3266.629845523289,-1999.0837824076352,1330.203394343551,0.031826919121294144
17.1379954,TRACKING,1375.817095363985,622.1785699547238,1169.4514681461658,-3266.6218093926477,-1999.0832893371903,1330.3164876449741,0.04376125789642924
17.1420207,TRACKING,1375.875040217234,622.1288830425846,1169.5310320474039,-3266.634315506457,-1999.04927966169,1330.241610438563,0.02739123127111817
17.1466814,TRACKING,1375.9781105547577,622.2038353046408,1169.5054274089036,-3266.5860891931643,-1999.0540348395914,1330.2356091805138,0.027890275180033026
17.1505719,TRACKING,1375.9339255880448,622.2921491326928,1169.436486280265,-3266.629141334981,-1999.0481879507765,1330.2610078990726,0.030956104337155753
17.1545119,TRACKING,1376.0811303378248,622.3876248232541,1169.6524953681446,-3266.6340272583952,-1999.1087522592863,1330.2978471270126,0.07063172788182219
17.1587776,TRACKING,1376.2629139227756,622.5632944387633,1169.4598731749252,-3266.6365444923,-1999.0740185340105,1330.241362308818,0.07450551585480043
17.1631983,TRACKING,1376.2610971652737,622.7482744951578,1169.6051191338245,-3266.6288270172367,-1999.0468510968813,1330.2487494815566,0.05320341194896944
17.1672239,TRACKING,1376.3448927079537,622.6831431631045,1169.7315677140891,-3266.6627741155985,-1999.0862995293448,1330.2981738792419,0.04100877085868586
17.1714574,TRACKING,1376.4162127817538,622.5729360702015,1169.7880940836642,-3266.634844289966,-1999.0814531558162,1330.2796388427942,0.0337603422884174
17.1755628,TRACKING,1376.5454441317006,622.8541156115185,1169.7442990263207,-3266.6605116694095,-1999.0976573182209,1330.297309032425,0.07612877937698685
17.1806097,TRACKING,1376.6106379885841,622.9766195693568,1169.9001556746973,-3266.627896664021,-1999.1061834339555,1330.3374716061383,0.0413488242282502
17.1840034,TRACKING,1376.8289085790752,623.0729964807285,1169.2408102029376,-3266.6532829902767,-1999.0642455573611,1330.256989677964,0.20661511360052637
17.1880192,TRACKING,1376.881813487881,623.115470724721,1169.464967909132,-3266.6463819098544,-1999.0568623387137,1330.257899713123,0.058319652331035726
17.1919791,TRACKING,1377.0104296828174,623.1778265173365,1169.4209051503803,-3266.647802162331,-1999.0872398936242,1330.3179903336868,0.037771757134848934
17.1967444,TRACKING,1377.0504051888279,623.2570635636243,1169.5402463327014,-3266.6287114490924,-1999.0819794494264,1330.319668510893,0.03120981578770883
17.2005432,TRACKING,1377.0688791714272,623.2974157151563,1169.0673114458289,-3266.644367917493,-1999.0422156067848,1330.2731176384602,0.12504280887269337
17.2045742,TRACKING,1377.131417747386,623.4243327856229,1169.124439065861,-3266.637469418196,-1999.0512829913282,1330.2461634949404,0.037853214457087316
17.2086313,TRACKING,1377.038526384499,623.4404953251882,1169.2064524358734,-3266.641699820959,-1999.0711625781623,1330.2283189583652,0.030801532733112674
17.2133682,TRACKING,1377.1978891926965,623.5823369162817,1169.4110804555307,-3266.6444177626922,-1999.0558300568453,1330.2286653000906,0.0624068268668972
17.2173213,TRACKING,1377.469456366854,623.680184825652,1169.3526949428006,-3266.6747249509094,-1999.1054080686274,1330.2554575967079,0.07449916550756178
17.2211458,TRACKING,1377.394527353605,623.7079666576236,1169.2763721455262,-3266.6318236720085,-1999.053849997212,1330.2760195680212,0.02889397492928113
17.2253676,TRACKING,1377.6678373122143,623.9455833709437,1169.0150417671841,-3266.6405805593295,-1999.0430130715888,1330.2301076505842,0.10578480429974528
17.2300298,TRACKING,1377.5601162155817,623.8545398078137,1168.6731729251749,-3266.6203859447073,-1999.0867355000655,1330.2764723172174,0.07932313531930499
17.23397,TRACKING,1377.7375605834009,624.0623755481288,1168.7998701228557,-3266.614636672288,-1999.0465749998395,1330.3067884025909,0.07644827103359592
17.2378825,TRACKING,1377.7726056026052,624.1522241201118,1168.8553919305639,-3266.6630959183517,-1999.055248397023,1330.2600713947447,0.02844257675090614
17.2420241,TRACKING,1377.794564020299,624.2410456582604,1168.255225913414,-3266.6261534523137,-1999.0591270197683,1330.3059259761737,0.14658591539948052
17.2467852,TRACKING,1377.843540512232,624.3571860682106,1168.3657831532537,-3266.603506675437,-1999.0553355830714,1330.2791072016898,0.03521475123852902
17.2508077,TRACKING,1378.0346308982148,624.6901250537464,1168.2284740475907,-3266.636314013904,-1999.0610205273215,1330.3177514507934,0.1013543922740856
17.2546894,TRACKING,1377.873485159166,624.6057897438117,1168.0493344870572,-3266.6199202601492,-1999.1103918318897,1330.3139852029337,0.06576676460257047
17.2588291,TRACKING,1378.0492524300607,624.8515119132846,1168.1353402487946,-3266.6124130598723,-1999.040369475147,1330.2864377698993,0.07587956197824204
17.2633597,TRACKING,1378.1710407862454,624.944084292914,1168.1719940404855,-3266.6361008580275,-1999.095182569394,1330.3241130808437,0.03472104850269494
17.2674391,TRACKING,1378.069570420905,624.7763989847799,1167.746952349441,-3266.6213074344337,-1999.0594805520577,1330.239940244064,0.11473611885256041
17.2711685,TRACKING,1378.305767639619,625.1359541883375,1167.840038806485,-3266.6737568520157,-1999.084986424725,1330.334912939789,0.11802231646586457
17.275509,TRACKING,1378.2370590726216,625.2544807338236,1167.8094059696864,-3266.646794176536,-1999.0751789815909,1330.2685914360986,0.03234290987744443
17.2800538,TRACKING,1378.2012522901414,625.3337530350026,1167.7832407848948,-3266.665300663517,-1999.1187146781278,1330.2314766535949,0.019986388006019467
17.2840332,TRACKING,1378.3484899362668,625.5772030236535,1167.809646125969,-3266.6446926691115,-1999.0798471826904,1330.2223437054458,0.07180335055369999
17.28789,TRACKING,1378.216860513665,625.5859339099875,1167.8364013964376,-3266.6541757810655,-1999.074916618951,1330.2548933556725,0.034900571349563474
17.2919222,TRACKING,1378.3160827759327,625.5954697328358,1167.502472036981,-3266.6469210441805,-1999.0720858964362,1330.2411202605163,0.0864265959741607
17.296812,TRACKING,1378.4810474867984,625.9938951770391,1167.5925898759444,-3266.6548411651875,-1999.094497694251,1330.3031467578353,0.09009411087555455
17.3006809,TRACKING,1378.5724242803688,626.1393393691815,1167.522879886891,-3266.6498569088294,-1999.0658821673628,1330.2403168316039,0.047913664087358344
17.3045057,TRACKING,1378.588153379263,626.2183105263891,1167.4596911259428,-3266.6498569088294,-1999.0658821673628,1330.2403168316039,0.02676103182818126
17.3087643,TRACKING,1378.7267568279244,626.3239943354458,1167.353006003152,-3266.6603374543997,-1999.074853561003,1330.3092292616554,0.047986848527676186
17.3134572,TRACKING,1378.649290109109,626.343066288141,1167.0969970709139,-3266.6294311414713,-1999.0380669532929,1330.2720004491423,0.05713989910935463
17.3174472,TRACKING,1378.6891380789273,626.4405312090895,1167.1985160478225,-3266.627449960638,-1999.0451132770993,1330.240912994784,0.036657829590582426
17.3213131,TRACKING,1378.6609131434077,626.4560613924868,1167.0329318817596,-3266.6380034789354,-1999.0747368300345,1330.2651450918502,0.043635095004963216
17.3254042,TRACKING,1378.7280125926761,626.5171616753132,1166.732643245399,-3266.6229181687513,-1999.0790288068226,1330.279362908583,0.07667909417273648
17.3298941,TRACKING,1378.8690559598608,626.7076392641644,1166.889486442244,-3266.6546030739382,-1999.0969579253324,1330.3402975716988,0.06329961864901797
17.3339095,TRACKING,1379.0329938200375,626.8639996718617,1166.857230158601,-3266.6124298198347,-1999.0770848856937,1330.3062682066163,0.05698891099574054
17.3381203,TRACKING,1378.9569870892074,626.9276966600519,1166.8483824984855,-3266.632098313777,-1999.0651773028176,1330.3012846269487,0.023644460391946186
17.342495,TRACKING,1379.0597781598167,626.9964924313166,1166.9068619180644,-3266.6177989063203,-1999.095008667467,1330.2471736790503,0.03127444577730314
17.3468982,TRACKING,1378.9878900443634,627.0961902154452,1167.002994085526,-3266.627445640344,-1999.0763942358885,1330.2994519390716,0.03543819908658601
17.350681,TRACKING,1379.0294564586038,627.2155260009777,1166.9634346141534,-3266.629303662577,-1999.0660215241319,1330.276803097042,0.03500451004847985
17.3545917,TRACKING,1379.2192374249128,627.392367246046,1166.9078050987546,-3266.634321865869,-1999.083950231383,1330.260102958678,0.0678396107700555
17.358857,TRACKING,1379.2420041859896,627.3563970325869,1166.8647407621609,-3266.644987389307,-1999.0700288243975,1330.2533986829299,0.014196759234957177
17.3632973,TRACKING,1379.1927799362184,627.4160349466322,1166.6865186086509,-3266.649628659878,-1999.1288823564319,1330.3085994663084,0.04375271374448335
17.367392,TRACKING,1379.2553204251215,627.4134011410559,1166.6648189009375,-3266.6318481201283,-1999.0459616318092,1330.2081001262318,0.016179570367149634
17.3716233,TRACKING,1379.1628198497447,627.4628331752593,1166.8222820517947,-3266.6371083364697,-1999.0724870352608,1330.2064760683452,0.04471307023955323
17.3754844,TRACKING,1379.4099121040726,627.4560146778683,1166.6008701431379,-3266.6457513450077,-1999.0643476349023,1330.222167879228,0.08594696498502087
17.3802571,TRACKING,1379.4474894870252,627.5975426561289,1166.761504199785,-3266.61260047394,-1999.0427457346655,1330.2256868263626,0.0455424320637704
17.3841243,TRACKING,1379.429891348549,627.615589136127,1166.4500463478228,-3266.670125417305,-1999.0890407412219,1330.2972059116764,0.08080166028123002
17.3880487,TRACKING,1379.544964255786,627.9278809613741,1166.5105135257388,-3266.631078653098,-1999.0918590921035,1330.2493610045249,0.08619572896268918
17.3921748,TRACKING,1379.591628756708,627.9144409544936,1166.5807422358982,-3266.64225525792,-1999.0735315692834,1330.2649441900296,0.02069342558646812
17.3965435,TRACKING,1379.6558699514464,627.7594930949654,1166.5680889286239,-3266.6432427984114,-1999.079620090771,1330.271311800895,0.03850431066724366
17.4007502,TRACKING,1379.7909538293886,628.0063332898847,1166.5898483941417,-3266.617902874441,-1999.0930314211519,1330.2689866112726,0.06708951433565832
17.4046362,TRACKING,1379.8341697796895,627.911058282694,1166.8738644429343,-3266.627993336018,-1999.0810517475131,1330.2775650009755,0.07788768407948797
17.4087652,TRACKING,1379.950612140665,628.0542279427821,1166.7999994723539,-3266.6404699355944,-1999.046796199491,1330.282387854175,0.04814174972461622
17.4131568,TRACKING,1380.0052904726092,628.0750994087688,1166.6516159238,-3266.6402499348637,-1999.0732969911649,1330.259457089973,0.036321310963109185
17.4174136,TRACKING,1380.155361076192,628.2322264965717,1166.64846553773,-3266.6236306248375,-1999.0877065689758,1330.3143974445245,0.051048136852137486
17.4212222,TRACKING,1380.1799094778582,628.2745875067957,1166.8765016559419,-3266.670633254752,-1999.0893005149583,1330.2919491440155,0.061238466757428806
17.4252183,TRACKING,1380.3533145535457,628.4034074640597,1166.8997380694436,-3266.6199855846753,-1999.072732473828,1330.2590474355798,0.05436911740836129
17.4301103,TRACKING,1380.427772517136,628.3482326686133,1166.754529966502,-3266.617103684679,-1999.0774374689274,1330.2619521887696,0.03521267027987584
17.4340355,TRACKING,1380.5654088120205,628.3638086114337,1166.7085543845742,-3266.617103684679,-1999.0774374689274,1330.2619521887696,0.03718169394115615
17.4378497,TRACKING,1380.6435554697325,628.3653171928129,1166.5557875937113,-3266.6687414680114,-1999.08875982089,1330.279063554768,0.04499001058297318
17.4420264,TRACKING,1380.765221906314,628.5965783484797,1166.3807780995187,-3266.6465903333665,-1999.0827387586664,1330.2734550383768,0.07529963883310213
17.446815,TRACKING,1380.8201710588835,628.5016292867367,1166.4329985470201,-3266.6501372573734,-1999.0672727989975,1330.2630912461564,0.025372295231919556
17.4507897,TRACKING,1380.7819473502916,628.4873946206596,1166.4062934035985,-3266.627066961311,-1999.0548941985533,1330.2457965397994,0.012265798596060853
17.4545068,TRACKING,1380.9957342723649,628.5396460464228,1166.455421550199,-3266.646177085531,-1999.0764394263601,1330.2811814266774,0.06066460885090483
17.458865,TRACKING,1381.1269996138976,628.8205750899033,1166.2767714561312,-3266.65993636399,-1999.0504483944405,1330.2597610894206,0.08211309731849191
17.4635878,TRACKING,1381.1327138315592,628.7618795993013,1166.333456581137,-3266.6434154235667,-1999.0619932833015,1330.2693795059288,0.017319944230816967
17.4676218,TRACKING,1381.0839136212483,628.6729305341207,1166.4197357268104,-3266.6640634602295,-1999.1243116951987,1330.3227553991055,0.03301491319909476
17.4713936,TRACKING,1381.2541335899573,628.8998057690216,1166.2246431106526,-3266.6568980435486,-1999.0842334832253,1330.268281557364,0.09126952684715485
17.4754882,TRACKING,1381.375224952949,628.9105189237919,1166.5334361386988,-3266.6258315517257,-1999.0412622726744,1330.281850248517,0.08104819675488258
17.4801204,TRACKING,1381.3179998939459,628.8608035900949,1166.6632182211615,-3266.6181531923394,-1999.054371325272,1330.2592451566927,0.03244651315168571
17.4839026,TRACKING,1381.4131998668552,628.9990462408896,1166.8877108037145,-3266.632447647538,-1999.0529174504738,1330.2712036723567,0.07411167151249333
17.487834,TRACKING,1381.3520504766952,628.853952708253,1166.92427416108,-3266.637281992582,-1999.1164150314432,1330.3133778533613,0.0411157307251173
17.4921283,TRACKING,1381.427496229351,629.1956726480547,1166.6414136114868,-3266.612725205672,-1999.0956330298452,1330.2717427881255,0.10478351628273082
17.4966901,TRACKING,1381.446960274843,629.0045217769671,1166.6719872813858,-3266.6172715213897,-1999.0643105025933,1330.2574317655613,0.04264907646325335
17.5007475,TRACKING,1381.5406644436437,629.1709767597625,1166.4220371904073,-3266.6764593674648,-1999.1029648438714,1330.2929518563515,0.07753327334443805
17.5047321,TRACKING,1381.3157320460223,628.7884342237439,1166.763206014449,-3266.6257039624766,-1999.078683058635,1330.2563666371307,0.14048046665452488
17.5090911,TRACKING,1381.5177310094202,629.1801668971636,1166.0831208621887,-3266.6299895606357,-1999.0587449749921,1330.255224131671,0.18591784133506417
17.5135408,TRACKING,1381.5304483545444,629.2950600419487,1165.920116795272,-3266.6746227017234,-1999.0823064658632,1330.3507163204001,0.04490890560548807
17.5172112,TRACKING,1381.5797863040254,629.4774799290233,1165.4797176496459,-3266.660224216614,-1999.0906212138837,1330.3376139904376,0.13056650985345333
17.5212344,TRACKING,1381.6099358354122,629.5342216099767,1165.3241417080014,-3266.6301200295447,-1999.0763943092506,1330.2644822530287,0.041837981204526
17.5259291,TRACKING,1381.7474394075666,629.509677036294,1165.0356337151998,-3266.657043308505,-1999.10603843624,1330.3126368863695,0.06827720544108573
17.530119,TRACKING,1381.5723110541128,629.7653752566301,1164.4138859528318,-3266.6858654935545,-1999.1529211115749,1330.3858475150462,0.16580583487753597
17.5341566,TRACKING,1381.54382995063,629.7893232816177,1164.6936944544125,-3266.6368610869417,-1999.0830444049168,1330.2923772230042,0.06991083668672098
17.5380663,TRACKING,1381.7012873239591,630.1064960170328,1164.0961993436322,-3266.6471217217004,-1999.0646247220752,1330.2828126770635,0.17764644184998307
17.5422714,TRACKING,1381.7935385328094,630.4365822305559,1163.837144110175,-3266.6483716042744,-1999.0835103006036,1330.2926519307352,0.1021673755293732
17.5468936,TRACKING,1381.587950063417,630.1636093676441,1163.7390960203493,-3266.6346818170477,-1999.0733059230097,1330.2712302624473,0.0769156814243406
17.5507498,TRACKING,1381.7811173996033,630.617829315778,1162.997156493082,-3266.6549170628114,-1999.082384837497,1330.3150514424556,0.23108887798725225
17.5546858,TRACKING,1381.7824860252465,630.5557319640361,1162.792534276859,-3266.6094538529087,-1999.0447034332612,1330.2331524004308,0.054329660367808744
17.5586917,TRACKING,1381.831723208913,631.1491156562939,1162.3188360319434,-3266.6226639649153,-1999.032229108603,1330.243140703973,0.18993658401658242
17.5632737,TRACKING,1381.7818328033536,631.0412442364915,1161.8798619275851,-3266.6238476713625,-1999.0666424439644,1330.2626199072736,0.09925329191846734
17.5675808,TRACKING,1381.8310782671485,631.1819107647968,1161.3696917987165,-3266.668271420499,-1999.0860921261499,1330.3370205959438,0.12339947611540698
17.571399,TRACKING,1381.7686927676534,631.1666518751964,1161.0693190375912,-3266.6371792166337,-1999.0714413724927,1330.2479180826556,0.08044684390741633
17.5755442,TRACKING,1381.7286526305936,631.1644963431476,1160.7994950598238,-3266.6417007815567,-1999.0717015077278,1330.2895415163052,0.06580796243522724
17.580028,TRACKING,1381.833949457612,631.5046214062592,1160.0392956350433,-3266.6668041663797,-1999.1016531184323,1330.2508943536754,0.18721834355574488
17.5840045,TRACKING,1381.9910361872046,631.6688001252713,1159.241193658684,-3266.6670667711824,-1999.0636892548898,1330.2646088503598,0.20868045912488903
17.588032,TRACKING,1382.211692402851,631.9807573475457,1158.504756914101,-3266.6512638124113,-1999.0549750736325,1330.267145233937,0.20600023052372
17.5922957,TRACKING,1382.320550066832,632.1581876801833,1158.0502443838204,-3266.6537948896444,-1999.0444503325139,1330.2747018920072,0.11724866819561268
17.597039,TRACKING,1382.5512750997189,632.4450613713299,1157.5796625889434,-3266.6329783803235,-1999.0785947450943,1330.2491099295064,0.12596213105084494
17.6006356,TRACKING,1382.751114455198,632.6210685751453,1157.1572099383127,-3266.6899841678182,-1999.0871702527104,1330.3504400312154,0.13884784563706562
17.604882,TRACKING,1382.8359471389756,632.4173850968336,1156.8925846239113,-3266.665661591364,-1999.1025875473351,1330.3138885124708,0.08113774533693648
17.6090361,TRACKING,1383.2098159182947,633.0769798081343,1156.0274339184173,-3266.6344058640516,-1999.0781569289259,1330.2585341098707,0.2769216646869111
17.6140551,TRACKING,1383.4406895208401,633.2378526934482,1155.8794649753331,-3266.6312796026514,-1999.0842799857214,1330.2607284100193,0.06334467023904067
17.6178315,TRACKING,1383.873359348722,633.6255045051345,1154.9682492868028,-3266.6281554958427,-1999.059250715549,1330.227391469019,0.28615714794265057
17.6217777,TRACKING,1384.0902080155656,633.7837423901444,1154.6978406649991,-3266.634911777831,-1999.0950052556063,1330.230554496339,0.09655602580643222
17.6258472,TRACKING,1384.2684920662787,634.1025655184063,1154.0822317758295,-3266.64996821056,-1999.1285077158395,1330.3240830532789,0.1759003762496571
17.6303384,TRACKING,1384.7547918189493,634.5592900844673,1153.3802886006997,-3266.6339108935754,-1999.070731534858,1330.2510176836145,0.21562286030849645
17.6342017,TRACKING,1385.0334827690936,634.5833224845451,1153.1041173900278,-3266.6474022901493,-1999.0746061015639,1330.3259851825017,0.10174880883850455
17.6381102,TRACKING,1385.4250140609345,635.0859379782411,1152.4155643804331,-3266.6346133726715,-1999.0716703439268,1330.2433469005598,0.2400143589481047
17.6421606,TRACKING,1385.8325020630327,635.1881693577068,1152.199027849465,-3266.6308382409234,-1999.0811190993222,1330.2738590878382,0.11668898525616735
17.6468606,TRACKING,1386.4051843133475,635.7457010750558,1151.212795842786,-3266.639763505384,-1999.0777664809275,1330.2608962683755,0.27009212809410515
17.6508797,TRACKING,1386.688849584925,635.8522275126293,1150.891016350853,-3266.6663348144098,-1999.0949915345432,1330.2526051142233,0.1099725928448404
17.6547039,TRACKING,1387.4153875727275,636.3444923241769,1149.9987608576664,-3266.656501976321,-1999.0823679740326,1330.2546925854697,0.32726318158653644
17.6587163,TRACKING,1387.922733294671,636.5754240977441,1149.315972641932,-3266.658395762892,-1999.0445178747107,1330.23220092317,0.21967792625492882
17.6635559,TRACKING,1388.5099926312246,636.8487394516777,1148.877757275328,-3266.661447832012,-1999.0522778916911,1330.2370990767834,0.16159463567480933
17.6675743,TRACKING,1389.0993961160273,637.2808442033619,1148.1485609446631,-3266.6360196488185,-1999.0541590570742,1330.2573115204261,0.2569167919383335
17.6714184,TRACKING,1389.4884615952676,637.7447991744604,1147.3943839837218,-3266.664233676366,-1999.0877024037472,1330.1995944001005,0.2515973757896728
17.6754203,TRACKING,1390.083808371549,637.9598731580422,1146.9088274716705,-3266.6401655455506,-1999.0535451956941,1330.2425141125877,0.1993513736199784
17.6803882,TRACKING,1390.5796301078574,638.2883451524206,1146.2931754354831,-3266.653487967227,-1999.0751647050774,1330.2229529318886,0.17230908351523153
17.6841243,TRACKING,1391.2943652286021,638.6410511824436,1145.5582947535513,-3266.632769072866,-1999.067406105801,1330.2448622780182,0.2901719348098484
17.688085,TRACKING,1391.7379163841817,639.1533054467515,1144.9436647159885,-3266.6361806548234,-1999.0856267029778,1330.1862955938448,0.23097660094567976
17.6919113,TRACKING,1392.5069931171506,639.6496230636155,1144.0785352442758,-3266.6717149056462,-1999.0984586768484,1330.2988332290684,0.3291607622120155
17.6969195,TRACKING,1392.993265760626,640.0985370033961,1143.509724614805,-3266.61132669928,-1999.0468041008505,1330.2752203925493,0.17424564878686033
17.7008274,TRACKING,1393.5392391506489,640.5824007726836,1142.9709126926873,-3266.6532591749547,-1999.091019471477,1330.3233548432802,0.23207708831411367
17.7046424,TRACKING,1394.0352702791854,641.0549340494043,1142.2582312004463,-3266.637576430481,-1999.0949689213996,1330.3265283391847,0.259124324748024
17.7089542,TRACKING,1394.5274978331342,641.600400272932,1141.5707182350889,-3266.6347720649433,-1999.0453421191937,1330.286538444789,0.2333661871341155
17.7135862,TRACKING,1395.0660386543777,642.388377098868,1140.7200570842936,-3266.6210517389704,-1999.0590932980406,1330.286441128389,0.2760143290681336
17.7174007,TRACKING,1395.6886390944271,643.0712493169603,1139.8237998024892,-3266.6625243691683,-1999.0923070174895,1330.3077006708224,0.3374837314493368
17.7212506,TRACKING,1396.2914809314916,643.8327868625464,1138.8824482101556,-3266.631505704306,-1999.052382708871,1330.2610736060915,0.3513312827324371
17.7255481,TRACKING,1396.6520831485489,644.5224184229224,1137.961995826704,-3266.644804057517,-1999.042487400504,1330.257607645803,0.2804760191766429
17.7300184,TRACKING,1397.1098941490634,645.4050352425385,1137.0417613604466,-3266.641406679493,-1999.0496520743482,1330.2632252552903,0.3030629285649774
17.7341821,TRACKING,1397.542153748447,645.9719738886387,1136.144992498303,-3266.64771067006,-1999.0740174909097,1330.3096801412923,0.2751464847151693
17.7379007,TRACKING,1397.8687993161284,646.6863180948993,1135.2443565195886,-3266.6394123056875,-1999.0726357221756,1330.2225504749401,0.3213693298580955
17.7420571,TRACKING,1398.3036884227772,647.2370127963311,1134.436881991141,-3266.680329114692,-1999.0762246334114,1330.230381524113,0.2573790324655892
17.7468324,TRACKING,1398.6526891259994,647.7974131094265,1133.5651500750457,-3266.6553310824274,-1999.1025362792734,1330.2849300792425,0.22899317411185968
17.7508247,TRACKING,1398.6585670212287,648.1639702633543,1133.0074127815783,-3266.6401838873776,-1999.0799964279884,1330.197070387375,0.16718059250153297
17.7550997,TRACKING,1399.0225545161354,648.6739339334954,1131.9435467982742,-3266.6478894000343,-1999.0612343074624,1330.2280601248756,0.2888070222087808
17.7591444,TRACKING,1399.0803719920293,649.2276023250355,1131.0274346262556,-3266.6462830515475,-1999.0702457706816,1330.2426849402393,0.2650346302435913
17.763863,TRACKING,1399.2704911324272,649.8978332605582,1129.876997784136,-3266.6578688556133,-1999.0764629281691,1330.2742011987514,0.2850291520851558
17.7674464,TRACKING,1399.2363761849597,650.462067229006,1128.6857228340273,-3266.660111189183,-1999.1184904436845,1330.2877428184174,0.36796966549451876
17.7713599,TRACKING,1399.473181628234,651.1813871492055,1127.2630385654113,-3266.5953589231567,-1999.0445740614466,1330.2803257608437,0.411827005464504
17.7755145,TRACKING,1399.5245982455974,651.920722485243,1125.9270162384425,-3266.6337241687515,-1999.0939208701432,1330.2529816250092,0.36774037124123066
17.7800056,TRACKING,1399.2523540292202,652.5877403627022,1124.9340414774992,-3266.6348782017267,-1999.0682019011315,1330.2610768023944,0.2731616055286612
17.7841962,TRACKING,1399.2748410927243,653.2383232481202,1123.5981931541285,-3266.615565796907,-1999.0940180186915,1330.2566457201924,0.3546078566828686
17.7880935,TRACKING,1398.9445694286692,653.8986955683749,1122.2744970031183,-3266.6161594267614,-1999.078576633537,1330.2883011287797,0.3889099312548032
17.7922375,TRACKING,1398.5681261949042,654.560019733758,1120.935736868301,-3266.6333799060403,-1999.0670620609005,1330.342991262444,0.3716010827184469
17.7964538,TRACKING,1398.247603745714,655.2135307938452,1119.409474972512,-3266.62391422689,-1999.0690397521034,1330.3013935584077,0.4010489182249004
17.8008614,TRACKING,1398.0928334693358,655.7641706675528,1117.8865508097801,-3266.6168111852726,-1999.0697698008714,1330.258171717576,0.3690882111900529
17.8047716,TRACKING,1397.7009480578583,656.6137282290166,1116.059402911631,-3266.648258248316,-1999.1051037806399,1330.329251539866,0.5249737143367015
17.8088577,TRACKING,1397.2370670247974,657.2937045349777,1114.617188993845,-3266.642600712942,-1999.0570128808922,1330.2640159777654,0.4063979199243216
17.8134864,TRACKING,1396.8610559930744,658.2250012430826,1112.9446369456036,-3266.6647543853232,-1999.0897222201347,1330.298718715743,0.42148553332085614
17.8175821,TRACKING,1396.483863288776,658.8188591677975,1111.4450121613766,-3266.6465414376958,-1999.0653277429979,1330.2368205676664,0.4044355834325777
17.8215044,TRACKING,1396.3674329161772,659.7934510389064,1109.6025435163513,-3266.6465414376958,-1999.0653277429979,1330.2368205676664,0.5322388776039021
17.8255989,TRACKING,1395.8355349436658,660.5536410955649,1107.9228765312512,-3266.653328418883,-1999.0619618407438,1330.2370330622625,0.4686472384911216
17.8301461,TRACKING,1395.4487660432264,661.6094520298352,1106.2587765445498,-3266.6653741412424,-1999.0583204877437,1330.2496167452555,0.4416721057290864
17.8345693,TRACKING,1395.0830314958775,662.3911063822105,1104.754780937601,-3266.6653741412424,-1999.0583204877437,1330.2496167452555,0.39202335725085946
17.8381327,TRACKING,1394.5077923821423,662.9915054046231,1103.2143036332131,-3266.6626913521714,-1999.0626262202131,1330.2225773365788,0.4912602762462171
17.8423182,TRACKING,1394.061571817661,663.8410449650139,1101.528722710522,-3266.6810891048776,-1999.0768071111545,1330.2984316790437,0.46340724275773787
17.8468929,TRACKING,1394.0442071660607,664.585697127594,1099.7183730633924,-3266.643758227686,-1999.0892170215284,1330.2323488222028,0.4279174562984275
17.8508588,TRACKING,1393.846196911583,665.4914403198536,1098.1521957550976,-3266.6395175580474,-1999.0964671706188,1330.2239364836498,0.4589184717024197
17.854759,TRACKING,1393.7067851021936,666.2747309934524,1096.6597449777012,-3266.6446421897103,-1999.096413257074,1330.3434783226846,0.43363636075981904
17.8590298,TRACKING,1393.575850143892,667.09027538555,1094.9915196238226,-3266.613781171586,-1999.0445066234356,1330.2544833387713,0.4358699737126234
17.8634533,TRACKING,1393.3065228440678,667.8277727142413,1093.6133647431566,-3266.640468219216,-1999.0617598644228,1330.2402710844162,0.35856487332990455
17.8672437,TRACKING,1393.521523151084,669.03396382718,1091.7130346978286,-3266.606787728049,-1999.0625486789922,1330.2807997994857,0.5965218662548296
17.8712166,TRACKING,1393.4496700916343,669.7886088769042,1090.0833987806557,-3266.646350142706,-1999.112631451832,1330.3109807693104,0.4523953998330013
17.8754912,TRACKING,1393.7210142169968,670.8446014610639,1088.3794698502072,-3266.6227924408367,-1999.0709662426227,1330.2563190325259,0.47323710944014885
17.8801755,TRACKING,1393.9992097832933,672.0069241295416,1086.624578935514,-3266.6217694909315,-1999.0608948037516,1330.2501828331028,0.45326130385608776
17.8842606,TRACKING,1393.9112187949129,672.811413769084,1085.3307134913757,-3266.6345932058566,-1999.0617019370588,1330.2364294961403,0.3735813625375172
17.8881155,TRACKING,1394.272697422642,673.920260458945,1083.854573984669,-3266.6135493052043,-1999.060369482736,1330.2716450215441,0.4880217383979494
17.8921442,TRACKING,1394.735870075785,675.1480549973909,1082.1677040824825,-3266.627220354981,-1999.1121942839525,1330.2265297612025,0.5304887461568026
17.8967,TRACKING,1395.233228982517,676.2270646511599,1080.4759294134035,-3266.6425059575604,-1999.0740116878815,1330.2514240231758,0.45377320983173997
17.9005979,TRACKING,1395.7560933517623,677.6359953066391,1078.7319149929056,-3266.6177212869156,-1999.0657877995966,1330.2334619969924,0.5906220552510564
17.9045462,TRACKING,1396.4929050117596,679.0024118803756,1076.9644923558726,-3266.6222571174067,-1999.0487978791323,1330.2647396840337,0.5957997926840917
17.9090914,TRACKING,1396.654698214702,680.0166466297445,1075.6692140387554,-3266.648555225451,-1999.0411155320367,1330.2766323237372,0.36369274981065
17.9134871,TRACKING,1397.175627915534,681.336903226377,1074.1323179453414,-3266.629883572523,-1999.0702513787683,1330.2442452171665,0.47592132538496684
17.9174181,TRACKING,1397.6777105261338,683.0663632519065,1072.1676690132315,-3266.6280547607894,-1999.0483839985027,1330.247114455168,0.6779798300695538
17.9215382,TRACKING,1398.2803338720896,686.1012352261832,1070.102147560557,-3266.647847494048,-1999.0483793169942,1330.2358666020984,0.9029423032977267
17.9257706,TRACKING,1398.7690974266416,687.7806224406294,1068.0948288968038,-3266.646558386273,-1999.083335206245,1330.330019651934,0.6290603137040821
17.930447,TRACKING,1398.8248062429468,687.7837399767475,1066.3716973087248,-3266.6409781291595,-1999.0536663333176,1330.2403595905507,0.3686670738474587
17.9341494,TRACKING,1399.1698604455541,690.10270159723,1064.2824025527398,-3266.655728770887,-1999.079868097132,1330.2606618922778,0.8481930577188276
17.9379965,TRACKING,1399.52323244148,692.1669807684978,1062.1562338765573,-3266.6442193010002,-1999.0703875412078,1330.2575216473551,0.7757562194260532
17.9425023,TRACKING,1400.158941108509,695.3277420526919,1059.5280255570601,-3266.6182298616063,-1999.0585292764586,1330.239107548222,0.9231588738116879
17.946881,TRACKING,1400.655270779993,697.4237843314869,1056.9586630453916,-3266.6425908856113,-1999.0897235795208,1330.2600848386846,0.7657098585597383
17.9507857,TRACKING,1400.8540977733946,699.2795146979615,1054.569197361084,-3266.646801609871,-1999.100844425077,1330.2890109884036,0.7764912303119788
17.9549097,TRACKING,1401.1340062323538,701.0080093400908,1052.232025683759,-3266.626715135148,-1999.0599759261463,1330.3404027504541,0.7081340517437692
17.9590107,TRACKING,1413.2486486148366,701.8124945730717,1041.2484254981186,-3266.6412852917215,-1999.1102060765766,1330.3219578369576,3.9922628972013157
17.9637259,TRACKING,1401.7243997095447,704.5173498640519,1046.9771705300575,-3266.6556016682416,-1999.0973620462473,1330.3125593710924,2.789018977258612
17.9673879,TRACKING,1411.75657351005,705.8920410484053,1036.7479473537403,-3266.6310799502003,-1999.0581429502713,1330.2397550811888,3.930487769043147
17.9715759,TRACKING,1412.4189021075995,707.9336737422195,1033.784152767336,-3266.626385519566,-1999.1051404037946,1330.320121802373,0.8737761411307862
17.9757162,TRACKING,1412.725333422402,710.1290190957095,1031.1632955890136,-3266.6420994904606,-1999.0615511839478,1330.3118273149369,0.8290559664668886
17.9804245,TRACKING,1412.836262999583,712.1861066436147,1028.5908729773384,-3266.6494741941947,-1999.0501686487578,1330.2566070902863,0.6999648484552127
17.9841547,TRACKING,1412.998658524038,714.3655703810258,1026.1103606986833,-3266.6253494007115,-1999.074523099913,1330.285425623445,0.8862690003039999
17.9881444,TRACKING,1411.5805319729802,716.3226049571118,1024.1068215668552,-3266.631950417555,-1999.1076466315894,1330.2834532049415,0.7868524115462803
17.9920984,TRACKING,1412.5689067392793,718.4111062256123,1021.3886989068964,-3266.608595659743,-1999.0672140236184,1330.250854858602,0.902245808272431
17.9974166,TRACKING,1412.4247408836993,720.4584121135571,1019.0954160515372,-3266.624455687908,-1999.0633516232117,1330.267473445709,0.5786850028596408
18.0009721,TRACKING,1411.5151557360002,722.3686263452134,1017.0354553224622,-3266.6246312486783,-1999.0640877396318,1330.2478420396767,0.8305200710776754
18.0048631,TRACKING,1410.5451887104714,724.2223171345881,1015.0993095311195,-3266.616890013959,-1999.0701788942065,1330.2562501256914,0.7326022620837276
18.0089131,TRACKING,1404.2414644082096,727.035847410727,1015.8058810796172,-3266.60560758765,-1999.0619408796183,1330.2181596714288,1.7133763006473255
18.0135669,TRACKING,1404.4234726397638,728.9100362173807,1013.4335376254462,-3266.618729582694,-1999.0705128702284,1330.2435829102026,0.6508263427426164
18.0174227,TRACKING,1404.6157802358168,730.810566545909,1011.0939731432034,-3266.6225789147215,-1999.0731845754585,1330.2593734678153,0.7833283744849242
18.0213364,TRACKING,1404.9720218257007,733.1070585171594,1009.0225881991421,-3266.6368749485937,-1999.074169327206,1330.2202747385456,0.7954376687297093
18.0254062,TRACKING,1405.3909730647865,735.0614221876841,1006.6979003471777,-3266.629146230466,-1999.1026251344772,1330.3025155790062,0.75330889677088
18.0303348,TRACKING,1405.6895472639128,737.0200262980592,1004.4381861342987,-3266.626595485827,-1999.0545231377494,1330.2572554948879,0.6097592715520745
18.0342499,TRACKING,1405.9278186076074,738.9356187953675,1002.1166964388583,-3266.6386979013773,-1999.06560852293,1330.2487554355364,0.77116861759245
18.0380539,TRACKING,1406.1411164150184,741.0744255433094,1000.0884444315194,-3266.655456564823,-1999.1168041075202,1330.392566028565,0.7768926722034677
18.0424707,TRACKING,1406.4141859238762,743.0936450033937,997.7892004496223,-3266.685038051522,-1999.0997423123827,1330.3040267255328,0.695568662584115
18.0467751,TRACKING,1406.901583305608,745.1568392215456,995.5640475550755,-3266.6385208425436,-1999.0701586444181,1330.2446056961446,0.7140076878039069
18.0507276,TRACKING,1407.1889799847786,747.314275850299,993.3462596438203,-3266.642614028898,-1999.089278052127,1330.2133604329144,0.7861769253731499
18.0547052,TRACKING,1407.3635091306526,749.4153274178531,991.2399965067752,-3266.63480926201,-1999.0958889074307,1330.3118573242875,0.7492301897209868
18.0588872,TRACKING,1407.660032889416,751.3271847721556,989.293107259673,-3266.6400894594967,-1999.0564316824118,1330.2391682567697,0.656318193693807
18.0634996,TRACKING,1408.0080293405683,753.6780121211372,987.2885266701454,-3266.6406922453534,-1999.076826986066,1330.3303005168011,0.6740509185048864
18.0675223,TRACKING,1408.1855598631244,755.6607923938291,985.1811345913287,-3266.620131319739,-1999.0818791923423,1330.2319200457748,0.7206531816584196
18.0713568,TRACKING,1408.401084332708,757.5912771965932,983.4357228209974,-3266.6345062704468,-1999.0675399043791,1330.2537149544057,0.6810412277668726
18.075962,TRACKING,1408.775572155776,759.494325148391,981.6489102377087,-3266.6345062704468,-1999.0675399043791,1330.2537149544057,0.5726449749153982
18.080144,TRACKING,1408.9478153539405,761.4195755895482,979.8531095212654,-3266.6199701725454,-1999.0576260732928,1330.2608964096394,0.63089442828866
18.0839023,TRACKING,1409.3818539684646,763.3276629475087,978.1240560108964,-3266.6536356740785,-1999.1308380343216,1330.3661728643333,0.6948050141102511
18.0879542,TRACKING,1409.4638663697997,765.0615635816114,976.67712291434,-3266.640690330058,-1999.1098969798984,1330.273112203861,0.5577167662025644
18.0927758,TRACKING,1409.7757677039885,767.6845699767404,974.7423884781068,-3266.6291186639755,-1999.0913614830704,1330.2285937530344,0.6790773184501048
18.097119,TRACKING,1410.0335003455034,769.6939671494342,973.141890495638,-3266.6601556374158,-1999.0861849872742,1330.3027200905506,0.5944467436249793
18.1009316,TRACKING,1410.2516307483688,771.8001305115394,971.5299507828762,-3266.651473379183,-1999.121861592735,1330.2490892738674,0.6979949169578927
18.1046024,TRACKING,1410.3883341377266,773.8204106019483,969.8913277514329,-3266.6557167319256,-1999.0656861758139,1330.2342463802634,0.7096169176399003
18.1087547,TRACKING,1410.3607362222401,775.9795773371238,968.6331205932722,-3266.646231406331,-1999.0566607604605,1330.2257891277477,0.6018759337355641
18.1134959,TRACKING,1410.6253053512223,777.9312313926841,966.8734271623905,-3266.6360781864005,-1999.0627342030327,1330.232885867715,0.557055547856326
18.1175226,TRACKING,1410.5339330944016,780.2042977020715,965.6032043600085,-3266.6265207877855,-1999.0227436315863,1330.213784665243,0.6470566192822158
18.1215835,TRACKING,1410.525423739547,782.3257080397693,964.1092154504664,-3266.635451652737,-1999.0636996558767,1330.201039702834,0.6389465095545313
18.1258611,TRACKING,1410.7243809835313,784.2634132212796,962.4097157862387,-3266.642339130199,-1999.0794263614198,1330.3108155936275,0.604327082453367
18.1303172,TRACKING,1410.7149743213731,786.3983411569868,960.7239613567535,-3266.663182595799,-1999.0859877708988,1330.2836702305551,0.6104558964084741
18.1344349,TRACKING,1410.7831487941976,788.4012515758515,959.0090750870341,-3266.5898045881977,-1999.0325636038558,1330.2319350036764,0.6405609285102499
18.1380251,TRACKING,1410.7635001972158,790.3466567803504,957.4401840997407,-3266.632964073835,-1999.1005039093852,1330.2282966783093,0.6961398189713943
18.1422257,TRACKING,1410.672707224333,792.4189665889534,955.8647150691774,-3266.6275125322786,-1999.0911859249927,1330.2472468689473,0.6200941643646141
18.1467977,TRACKING,1410.8058482916206,794.3667449311499,954.3757927149715,-3266.6105495883057,-1999.074411814326,1330.2572364623225,0.5370279067822282
18.1507262,TRACKING,1410.7649416806566,796.3304831399765,952.8265155757738,-3266.6548370948685,-1999.1446602337153,1330.354048917838,0.6367925706672198
18.154728,TRACKING,1410.9913614576838,798.2102540623548,951.1500089916206,-3266.6315449804306,-1999.0512973782356,1330.2368075552379,0.6319477289807142
18.1587677,TRACKING,1410.9916765834228,800.0714764848937,949.7454982357747,-3266.6345419613663,-1999.0713221374217,1330.2720478280446,0.5771949770447399
18.1634598,TRACKING,1411.0421790062755,801.9334435668791,948.3237850483905,-3266.6029062374337,-1999.0639134827936,1330.2472724326904,0.49939960206012973
18.1675963,TRACKING,1411.2637274685535,803.7341556322164,946.9423996121691,-3266.6251984894916,-1999.0609101581667,1330.2583292662214,0.5512687267609222
18.171389,TRACKING,1411.5275241333734,805.4721425672839,945.6227753012403,-3266.6382562982417,-1999.0625718571941,1330.2730445130808,0.5795578549939973
18.1754598,TRACKING,1411.6510363587063,807.1787656920945,944.5343009092594,-3266.654300701661,-1999.0843389616675,1330.3055975056907,0.49817068386115776
18.180472,TRACKING,1412.150169161759,809.0690945904247,943.3692611171322,-3266.625662976533,-1999.078242597836,1330.2832467382273,0.45407529920312073
18.1843414,TRACKING,1412.5731591703734,810.857926434645,942.152996110814,-3266.619645930611,-1999.0713579535982,1330.2201285063452,0.5696281026586538
18.1880114,TRACKING,1412.8194476263857,812.6277843062949,941.0535508545569,-3266.6343424975526,-1999.0484020438173,1330.2155527400728,0.5716771102807516
18.1922255,TRACKING,1413.2583878626165,814.5404790629208,939.84069113593,-3266.6517585510096,-1999.0674381931283,1330.2191277558074,0.5474401112925824
18.1969191,TRACKING,1413.7270000612932,816.3977948670894,938.6637890284484,-3266.6269861293617,-1999.0737061940677,1330.2356575570545,0.4789886299604172
18.2007981,TRACKING,1414.204467776152,818.1874459582466,937.3069834463657,-3266.6443092445234,-1999.0774020718281,1330.2084320616596,0.5919125314251015
18.2046223,TRACKING,1414.6955381335097,820.0032750510628,936.1583335027373,-3266.6157157310035,-1999.0401315258036,1330.2318582697785,0.5763395422186673
18.2088029,TRACKING,1415.0483463866944,821.7056571274355,934.972537114347,-3266.637991220681,-1999.067802689091,1330.2229895933076,0.5033836398760121
18.2133601,TRACKING,1415.4434511996888,823.4378852438194,933.664677098551,-3266.623255554493,-1999.055165041949,1330.2364973436545,0.4841081504311196
18.2172218,TRACKING,1415.7634663678023,825.0521840372747,932.5679573778207,-3266.635346809339,-1999.0441076558575,1330.282876314666,0.5121232656072063
18.2214087,TRACKING,1416.217952565992,826.6842964926452,931.4875929072217,-3266.6129666878496,-1999.0604132306898,1330.2512373742313,0.4799164364574537
18.2254012,TRACKING,1416.5101556283878,828.1125246606013,930.5377818216009,-3266.647685366148,-1999.0980714736627,1330.3201812986683,0.43579984187357
18.2303209,TRACKING,1416.8237660683837,829.663814530674,929.3958383437086,-3266.6264759692144,-1999.049376772327,1330.2924210422345,0.39669836008625475
18.2341066,TRACKING,1417.379940190508,830.9661117892002,928.3611258313099,-3266.6405881075616,-1999.03233680491,1330.2923286238438,0.46327896169454563
18.2380779,TRACKING,1417.7112357214085,832.3799409683949,927.5647798386201,-3266.6205469159186,-1999.063112098185,1330.2778150690929,0.41702997646132145
18.2423563,TRACKING,1418.0454105808428,833.7907474449974,926.768629307802,-3266.6176160408722,-1999.0676355879423,1330.290221947535,0.386606361084495
18.2470654,TRACKING,1418.1749422976625,835.167270053453,926.1120797113001,-3266.662033917647,-1999.1110506060163,1330.2492727542683,0.32502429261586974
18.2507367,TRACKING,1418.6355709416234,836.2718733473937,925.1704510880932,-3266.637295258589,-1999.0709556306367,1330.2304629858343,0.41479137571313196
18.2545789,TRACKING,1418.7208283929604,837.5355008478438,924.6923440888892,-3266.660483048317,-1999.0943135505847,1330.2809923784757,0.3523343700272006
18.2590507,TRACKING,1418.9243004055838,838.6519631186068,924.0455963117472,-3266.613017963301,-1999.0626514303358,1330.2346428614683,0.29209826424624724
18.2635297,TRACKING,1418.9500171162388,839.7259064615228,923.3955877139526,-3266.6383485766364,-1999.076035349564,1330.2286918673196,0.2803300281676371
18.2672507,TRACKING,1419.0592891724325,840.6335265411901,922.6147043990867,-3266.610508873878,-1999.030365270589,1330.2558674901484,0.3231084961091801
18.2712447,TRACKING,1419.0529266310837,841.6439298047086,922.1268866974542,-3266.633895614081,-1999.0703663923393,1330.254317823299,0.2809255490422583
18.2756861,TRACKING,1418.9290995625088,842.6351497587973,921.4689291588081,-3266.6249426316713,-1999.0783158019024,1330.2370070558236,0.2693166744634204
18.2801069,TRACKING,1418.921032379592,843.4254362332073,920.6220215861359,-3266.6156260517737,-1999.1049064856293,1330.2480973051224,0.26203203581947576
18.2841486,TRACKING,1418.5934914354918,844.4508372919136,919.8166410338982,-3266.6191967371224,-1999.0696170137792,1330.2448663441826,0.3326283398613239
18.2879771,TRACKING,1418.3903752724789,845.1401254979564,919.3294900002867,-3266.6175120015087,-1999.0395373679444,1330.2796315623302,0.22676074731895443
18.2920897,TRACKING,1418.3105448158171,845.7814981814258,918.6444196644785,-3266.6329171005914,-1999.0771663995738,1330.2413607490996,0.229012062909787
18.296735,TRACKING,1418.1390808491983,846.4733848973426,918.0417373737972,-3266.6741755898115,-1999.0731533588717,1330.3469734513928,0.2009455209703506
18.3006482,TRACKING,1418.104463152368,847.1377996288815,917.3802294565688,-3266.6091847548932,-1999.032560055432,1330.2325402858455,0.239755193137047
18.3047209,TRACKING,1417.9184132935193,847.7339362555141,916.698657031792,-3266.6103380811996,-1999.053592624295,1330.2735090336796,0.22697726258471893
18.3088417,TRACKING,1417.683112572518,848.3624839503422,916.1390766655279,-3266.5982912623936,-1999.0466327836841,1330.2471712212105,0.21205208945537024
18.3135547,TRACKING,1417.4232941116827,849.0060279766474,915.4616867863238,-3266.6326068097947,-1999.0663420996584,1330.2137969259688,0.20577122225423305
18.3174935,TRACKING,1417.3002259291243,849.3788523529573,915.1004173691477,-3266.6045852332204,-1999.047974746256,1330.2333108149196,0.13545618004784707
18.3214724,TRACKING,1417.0607198640964,850.0153596777491,914.6533288253485,-3266.6590522069,-1999.0744971753638,1330.2790393408675,0.20454779800804804
18.3254861,TRACKING,1416.7605960445226,850.5287272230344,914.163887878397,-3266.606512512062,-1999.0747875333714,1330.2565918788018,0.19188709720610675
18.3297672,TRACKING,1416.6948824466272,850.9951192030192,913.7839976399204,-3266.6395121246624,-1999.073043426137,1330.2151190773975,0.1413441740084645
18.3340101,TRACKING,1416.5814471275448,851.4001651522727,913.4049676627794,-3266.6029718193804,-1999.051960339801,1330.2428422819005,0.13344876878605025
18.3384047,TRACKING,1416.5098382889948,851.8879425072192,913.0452225450749,-3266.616425048556,-1999.0739492645873,1330.2188138337629,0.13887592130167295
18.3422311,TRACKING,1416.260627176631,852.3650694784645,912.7570099345771,-3266.63819772778,-1999.1061608185469,1330.2678268703069,0.15957354157430445
18.3469518,TRACKING,1416.2565910952733,852.9080724376087,912.4692326560763,-3266.621828434801,-1999.0446350354223,1330.2160664024893,0.13018412974926427
18.3507223,TRACKING,1416.1473970666148,853.2883555612392,912.1927862625743,-3266.616126597875,-1999.058807273383,1330.2526984412332,0.1280096914674611
18.3546036,TRACKING,1416.139297367937,853.729167252766,911.9634551700342,-3266.618809513766,-1999.0869715613426,1330.288385229297,0.12804062704136807
18.3586697,TRACKING,1416.1353516998834,854.1592631462905,911.7240936977047,-3266.6180201527886,-1999.0538376172037,1330.2791880424636,0.12105742911259483
18.3635096,TRACKING,1416.1994088375461,854.6612834481658,911.5858797121018,-3266.638822125124,-1999.0473485134444,1330.3133501375282,0.10839571954037595
18.3675465,TRACKING,1416.29989397491,855.226322187976,911.506161419491,-3266.6391412092275,-1999.0769095441817,1330.2601960087811,0.1435295399009867
18.3714247,TRACKING,1416.2995031697785,855.6878624566892,911.1856559212358,-3266.6387925264066,-1999.0556164507675,1330.3304633772227,0.14488949609105692
18.375387,TRACKING,1416.4138160126322,856.2405240847412,910.9464511623564,-3266.6464190196452,-1999.0550401991027,1330.2091704428065,0.1546982875414748
18.380219,TRACKING,1416.449703529182,856.7586357439303,910.7380477960129,-3266.6317794124093,-1999.0597292526804,1330.2159536465754,0.1158126281609732
18.3842188,TRACKING,1416.5512500726156,857.2539229259802,910.4479581234937,-3266.616180057972,-1999.0512201163117,1330.2350203584056,0.1457324370096426
18.3881096,TRACKING,1416.6201384124754,857.7657029520632,910.0927906237376,-3266.6205364651087,-1999.0556788565846,1330.223183393457,0.16108364530704142
18.3921811,TRACKING,1416.4958499793247,858.3226972156015,909.8131362854372,-3266.6197705364975,-1999.0561559140422,1330.1742898430273,0.15609203858961446
18.3970881,TRACKING,1416.8116630738177,858.8873367535268,909.5600296427843,-3266.6412130377653,-1999.0581270918785,1330.1970992946563,0.14157481758051493
18.4007585,TRACKING,1416.5593299850125,859.4327804062536,908.8715372167335,-3266.64766176875,-1999.0745457641901,1330.1942509830378,0.2489903519868167
18.4047305,TRACKING,1416.4297751713807,860.0038412901054,908.4235330537292,-3266.6336264190627,-1999.051459070143,1330.1975853383915,0.18562290619234367
18.4087691,TRACKING,1416.337097171143,860.6213878422018,907.8842882501235,-3266.6415512912995,-1999.063375170756,1330.2145295527464,0.2042956543997327
18.4135204,TRACKING,1416.2058503397152,861.2462913901417,907.408230865837,-3266.670842153112,-1999.0779428272026,1330.3133860837388,0.1676315338732393
18.417449,TRACKING,1416.1291954732187,861.8987163746982,906.893947701583,-3266.626474878342,-1999.0541662585988,1330.2851120823782,0.21236039080061614
18.421262,TRACKING,1416.1138879704354,862.5923450947292,906.408493040875,-3266.6471779334547,-1999.052386610715,1330.3393544387409,0.22207477868332728
18.4254686,TRACKING,1416.0078463207483,863.3037151736133,905.8017534696686,-3266.6549594317607,-1999.08602715954,1330.2477852276343,0.2236890391040194
18.4301639,TRACKING,1416.0410545206475,864.0492259893791,905.2316564624105,-3266.631599620678,-1999.0488341640619,1330.3137371827352,0.20000749277465024
18.4341998,TRACKING,1415.9354358169405,864.8355645283474,904.7557995681238,-3266.6321874012588,-1999.051518005868,1330.2416434430372,0.22923295400395866
18.4379308,TRACKING,1415.9159595427973,865.6139998699745,904.2354490401085,-3266.6428865364733,-1999.071114756226,1330.2603957519236,0.25101558547229436
18.4421591,TRACKING,1415.9748227716566,866.4783356156022,903.659469717021,-3266.633083430091,-1999.0486685727064,1330.2431584351161,0.24604055621862653
18.4470793,TRACKING,1416.0665084743657,867.363750176309,903.2226640366904,-3266.624658232849,-1999.0753889837893,1330.237728797515,0.2015256445572428
18.4508828,TRACKING,1415.9969349866753,868.2648573824963,902.6960516626825,-3266.5961082684057,-1999.047509349716,1330.212881013144,0.27501479332560697
18.4545691,TRACKING,1415.8891733616103,869.2343354507742,902.1468955650937,-3266.6260574774706,-1999.08189492805,1330.1858680857165,0.3036669028538229
18.4589197,TRACKING,1415.902975688522,870.2207383662407,901.5387381321468,-3266.6127947057544,-1999.0569361029322,1330.1960388841853,0.2663758087662681
18.4636257,TRACKING,1416.030837302697,871.2250888013763,900.9561750818548,-3266.6155719240182,-1999.0336201042137,1330.2392924802612,0.2482141792991785
18.4674765,TRACKING,1415.9927439164783,872.4189905385109,900.3600297749131,-3266.661863707818,-1999.0766913132197,1330.2431516333045,0.3466828324750602
18.4714353,TRACKING,1416.0018412914458,873.5510960548708,899.7812546297812,-3266.666267463157,-1999.0696364829562,1330.234793057952,0.3211845855206664
18.4756267,TRACKING,1415.9039317619486,874.7583752355469,899.0976048918112,-3266.6422038694977,-1999.0517549217939,1330.1958413472432,0.331836165037796
18.480278,TRACKING,1415.7269975299891,875.9143205938468,898.2673944488919,-3266.6673900297337,-1999.0651707734576,1330.2528935348862,0.3083315464448042
18.4841289,TRACKING,1415.6246317012847,877.1669491125557,897.4220592395566,-3266.6577503355866,-1999.0525385243134,1330.2615977341263,0.3933222638429333
18.4880785,TRACKING,1415.5154235432422,878.4722534424161,896.5544972123133,-3266.6486554176145,-1999.0240435595565,1330.2691559602895,0.39779150722751094
18.4921064,TRACKING,1415.178195681603,879.8143600271974,895.4823415065183,-3266.666078631724,-1999.05422059675,1330.332120555342,0.43461075070613575
18.4968606,TRACKING,1415.0792833762969,881.2132694279055,894.6549746599125,-3266.65013260384,-1999.0331652014713,1330.2264184514331,0.34249109960980184
18.5007769,TRACKING,1414.651171971498,882.5821327631714,893.4503011665296,-3266.6555337231225,-1999.0502621257065,1330.263574266067,0.47826949698059873
18.5051001,TRACKING,1414.3562716552958,883.9767520257315,892.4368308249074,-3266.6295640224575,-1999.041775446766,1330.2367842171295,0.4045647566521997
18.5089831,TRACKING,1414.0221780250306,885.3247567820429,891.1814634452519,-3266.6364679620087,-1999.064238661577,1330.2568889988918,0.48212200923253296
18.5136215,TRACKING,1413.33512864517,886.7367834138611,889.9168576211243,-3266.6216168298665,-1999.0516341873401,1330.209710915789,0.4346769002721272
18.517468,TRACKING,1413.1739163710647,888.1724713382586,888.8353337748725,-3266.624211561088,-1999.034075300214,1330.2247890398785,0.4691755208269966
18.5217971,TRACKING,1413.0806424760194,889.632660021063,887.8828588301176,-3266.633380020299,-1999.0676367627143,1330.2868607012874,0.40328689014170754
18.5256576,TRACKING,1412.6752883402612,891.1574775777093,886.8268148829246,-3266.6142793987433,-1999.0509879594565,1330.203753950018,0.4917966285353255
18.530244,TRACKING,1412.2784834691868,892.5671700891095,885.6007042714558,-3266.616027092413,-1999.0530568992938,1330.2076342846294,0.4164448815246108
18.5341308,TRACKING,1412.033806415824,894.0178606550285,884.3933090310879,-3266.6443864671355,-1999.0654037110785,1330.245815183119,0.4896575047460482
18.537996,TRACKING,1411.745376125616,895.6237716681836,883.3983020137703,-3266.6334961111893,-1999.0548624982096,1330.2114953908924,0.49442928511617035
18.5421418,TRACKING,1411.5170501168993,897.1239523856439,882.2929736298786,-3266.635332890009,-1999.0436811182162,1330.2363371851084,0.4528306743586873
18.5468621,TRACKING,1411.2310187297917,898.683720880575,881.2569461763144,-3266.683384985018,-1999.0583342118462,1330.2541944064692,0.4012909032642849
18.5506398,TRACKING,1410.9542953901025,900.2181743700772,880.0975573201046,-3266.6581502496047,-1999.0346758702851,1330.233851052233,0.5143379903951277
18.554758,TRACKING,1410.843291280344,901.8171566438042,879.0796081825941,-3266.645469413452,-1999.0512971853075,1330.228307405762,0.46106533073727735
18.5589138,TRACKING,1410.5213883781014,903.4603359414785,877.9332953331408,-3266.643870887431,-1999.0339353807617,1330.253150251803,0.4882838209941853
18.5635911,TRACKING,1410.3396312106918,905.0958842408442,876.8882812210816,-3266.66995158245,-1999.0563054447962,1330.2965514011319,0.41677606167125203
18.5675844,TRACKING,1410.1210175210406,906.8462355141355,875.7884264306338,-3266.636634479424,-1999.0184073586877,1330.2389626270467,0.5205594685460122
18.5714846,TRACKING,1409.7632141549884,908.6959067108638,874.6357866355263,-3266.6562039389332,-1999.1018471236198,1330.2574807655678,0.5662769877567683
18.5754514,TRACKING,1409.4495106970319,910.4149579083324,873.4645761374495,-3266.6369282718742,-1999.0464294790584,1330.211114539707,0.5303103674447461
18.5804529,TRACKING,1409.16127305688,912.1531271592917,872.3844656704752,-3266.6369282718742,-1999.0464294790584,1330.211114539707,0.41320166914465506
18.5842486,TRACKING,1408.597070690504,913.8533480611829,871.0710215571507,-3266.6622879742135,-1999.0683406479673,1330.2553701307324,0.5852170528942873
18.5880407,TRACKING,1408.2369360854489,915.4654425635458,869.9376487691346,-3266.6694114394445,-1999.0904895117678,1330.310239658874,0.5282738337787396
18.5923357,TRACKING,1407.7453082542943,917.2120344137626,868.6467031074827,-3266.638378356247,-1999.0952950861133,1330.2647464327683,0.5184729213191605
18.5969276,TRACKING,1407.389318568485,918.905587272088,867.4585303405676,-3266.6396780251516,-1999.0491984057128,1330.3011360971564,0.457150936095589
18.6007029,TRACKING,1407.0054953625252,920.5336445300377,866.2016798363907,-3266.6463894466065,-1999.0553190200164,1330.287239217288,0.5541977752079892
18.604591,TRACKING,1406.4066311276513,922.2322740446715,865.0082784752544,-3266.629316684331,-1999.0475213320738,1330.2568298340993,0.5556952892549674
18.6087737,TRACKING,1405.756670150953,923.8267988900249,863.6486132416263,-3266.6225454131677,-1999.0326235842956,1330.2569502931658,0.524542234292263
18.6139392,TRACKING,1404.98269406124,925.4494967077502,862.3685891642876,-3266.6207013539915,-1999.028077062762,1330.2620988786086,0.4272489887666792
18.6173805,TRACKING,1404.272351591419,927.1060727673392,861.110082776221,-3266.619851532795,-1999.0213918185382,1330.282543109948,0.6388089474857683
18.6214125,TRACKING,1403.5265279642783,928.6401559149176,859.8350026767389,-3266.6300882996393,-1999.0790205392607,1330.3180996871695,0.5281919024279264
18.6254547,TRACKING,1402.6242299554642,930.2482916878732,858.4962962144937,-3266.6278496216173,-1999.0245916387746,1330.245357171721,0.5637224435509451
18.6304979,TRACKING,1401.8121130726968,931.7842936720206,857.2465885328243,-3266.655748147801,-1999.037590235568,1330.3105771549338,0.42438032414165094
18.6341282,TRACKING,1401.1179852527914,933.2971850188122,856.0362488380727,-3266.6337445664503,-1999.0541598968923,1330.233596702204,0.5669094745355083
18.6381333,TRACKING,1400.230792055316,934.8096313983317,854.6317939731979,-3266.631554354756,-1999.0256330038092,1330.2067287174857,0.5609285692686159
18.642298,TRACKING,1399.173410765487,936.359787442748,853.278635824668,-3266.644534072401,-1999.044218297981,1330.245049885323,0.5554914901236931
18.6467695,TRACKING,1398.2828113971075,937.805300158073,851.7289505868713,-3266.620300116886,-1999.0252889621936,1330.2051703913087,0.5140866546059323
18.6507512,TRACKING,1397.3099939328388,939.2272599830005,850.4002145828726,-3266.6065537071477,-1999.0451203200757,1330.199126807825,0.5464371551625011
18.6547237,TRACKING,1396.1076575384213,940.6215646421102,848.8973102301522,-3266.6333621127246,-1999.0560165697166,1330.2283703534179,0.5982732385216232
18.6587511,TRACKING,1395.0205188455286,941.9279224896086,847.3512749663666,-3266.6458903427038,-1999.0342679512946,1330.2877122960292,0.5704759529412614
18.6633627,TRACKING,1393.8710768118626,943.2619332171361,845.7813573755391,-3266.6448857145256,-1999.0429157518677,1330.2749019066148,0.5115619489711658
18.6673818,TRACKING,1393.0230640171937,944.4918691422384,844.2987906291793,-3266.6290392932383,-1999.0199222569468,1330.2589254087482,0.523680965090341
18.6715103,TRACKING,1392.1264980755914,945.7186781196089,842.8245696621317,-3266.6679554154434,-1999.058761921636,1330.2624061452464,0.5128073120682933
18.675632,TRACKING,1390.444202217527,946.8062544734831,841.2738956153189,-3266.614162602364,-1999.0223307598312,1330.3038799925137,0.6146213360376293
18.6800512,TRACKING,1389.1516585116651,947.902003735947,839.7699329704924,-3266.6171757264156,-1999.0211407416723,1330.2730648815627,0.5126867564126069
18.6839202,TRACKING,1387.7716811573018,948.9017513113071,838.0033454007925,-3266.616280976787,-1999.003449825487,1330.3211881972686,0.634406608864983
18.6879542,TRACKING,1386.3806013448632,949.7779283759455,836.3865407300862,-3266.621859044596,-1999.0142216197676,1330.2450322180462,0.5715986215548446
18.692248,TRACKING,1385.0013118246195,950.5822027407986,834.9429817257168,-3266.6239197807704,-1999.016869409966,1330.2463670692541,0.5012989684235113
18.6967294,TRACKING,1383.3910441444657,951.291128571798,833.3291971556191,-3266.6321085643103,-1999.025882590553,1330.28674033551,0.5327427699348654
18.7011567,TRACKING,1381.403363752393,951.9588560953008,831.5084395932303,-3266.6199851176843,-1999.0140737569945,1330.257087459862,0.6272512040788437
18.7051103,TRACKING,1380.0343067958197,952.536239553151,830.0527267403262,-3266.625004411623,-1999.0476856245682,1330.2457024942905,0.526126414310029
18.7091496,TRACKING,1378.2310569861643,953.0910632819528,828.3286792340276,-3266.617558976242,-1999.0245201534722,1330.2184558011925,0.6327220325161691
18.7134114,TRACKING,1376.5142715211123,953.3189369706445,826.7907974225342,-3266.6162422116918,-1999.0295318434466,1330.237053655382,0.5434578433363032
18.7174694,TRACKING,1374.6041129135162,953.5783773607417,825.332540646265,-3266.614198873183,-1999.0398953068222,1330.2324010241307,0.595646179132661
18.7214895,TRACKING,1372.4467915055034,953.6223856714478,823.6595840014808,-3266.619067922348,-1999.0512492958005,1330.2238313935477,0.6791721511778267
18.7254639,TRACKING,1370.6033401649195,953.5729444218612,822.2672786020752,-3266.580711676413,-1999.0120431988787,1330.2412161527784,0.5813925103529493
18.7303944,TRACKING,1368.6348931010605,953.3666335192556,820.5332174415095,-3266.590964414001,-1999.0486353952895,1330.2057586802816,0.5337003417288075
18.7342952,TRACKING,1366.2237971328093,953.0533676889933,819.0523322375465,-3266.62148171682,-1999.0347972276907,1330.228418033196,0.729811172206692
18.738242,TRACKING,1364.1342354625394,952.5203402667024,817.6696457762872,-3266.6146301591666,-1999.0442141869912,1330.2133719566614,0.6490525766194294
18.742166,TRACKING,1362.15414777157,951.8868154038256,816.2253409382035,-3266.627570520779,-1999.0186065187174,1330.2470265297898,0.6451136538755307
18.7467017,TRACKING,1359.865640728879,951.0085683297698,815.0475864611706,-3266.628846811671,-1999.088744448865,1330.2725362717324,0.5995770063678173
18.7512182,TRACKING,1357.7635644027478,949.9795396401058,813.7584833984712,-3266.6369118388234,-1999.0289516179857,1330.2396664112093,0.5916014048890781
18.754763,TRACKING,1355.812969283146,948.6702386883329,812.5343218564217,-3266.6278142838482,-1999.0290555607455,1330.272731819185,0.7473163427448954
18.7588409,TRACKING,1353.7185349753436,947.2525344780631,811.3983287636017,-3266.6106997661773,-1999.0153264878013,1330.2757182404343,0.6798959449651975
18.7635947,TRACKING,1351.4952191625464,945.5043217003304,810.4115870092814,-3266.6024491996727,-1999.0410600042653,1330.2573827961583,0.6301281848085005
18.7675246,TRACKING,1349.5245346371196,943.7690411394603,809.4857207296626,-3266.6614011710253,-1999.0665778459168,1330.308317654578,0.708477510131064
18.771396,TRACKING,1347.6615803610955,941.7054622490439,808.5493587848136,-3266.6592955472083,-1999.0405343469683,1330.2490842353754,0.757749775732349
18.7755921,TRACKING,1345.7973274387139,939.5636995553356,807.7715670226909,-3266.62590463868,-1999.0425570678276,1330.2239039866652,0.701620481794206
18.7800684,TRACKING,1344.1208117107826,937.0193829544693,807.0245854958445,-3266.6053983495985,-1999.0395609587729,1330.2755535555175,0.700854141037012
18.7842583,TRACKING,1342.0285388521977,934.1731040694577,806.4108078271007,-3266.6098579697436,-1999.0434533759587,1330.2353040916237,0.8557424223247532
18.7881727,TRACKING,1340.156680774803,931.2680815468781,805.7512016157485,-3266.634058326417,-1999.038256237277,1330.2416704563757,0.8987969614034086
18.7923347,TRACKING,1338.5450175889096,928.0404405177989,805.294952274533,-3266.6100770485004,-1999.065006331285,1330.290045574287,0.8737107061984932
18.7967763,TRACKING,1336.95785301154,924.3152780940976,805.1103176027092,-3266.622747106363,-1999.0671889343087,1330.2325986771632,0.9125980880567075
18.8007705,TRACKING,1335.4977581258322,920.3684707864422,805.0306183058425,-3266.6062518359113,-1999.0502083322851,1330.249972874528,1.0537730997840515
18.8046808,TRACKING,1334.2504679397225,915.9895679283828,805.2155931732821,-3266.6399601701833,-1999.1150806940364,1330.3682732968032,1.1653413524308192
18.8088061,TRACKING,1332.976970133762,911.3065102813889,805.6295053153058,-3266.6332801824824,-1999.0534804407205,1330.2953038075375,1.1807005982751073
18.8138148,TRACKING,1331.8547198452175,906.2493228976289,806.4278373049657,-3266.6247734307913,-1999.034914155295,1330.307484355676,1.0464524940863444
18.817445,TRACKING,1330.7562040530224,900.704146299564,807.6194974845005,-3266.6272299675825,-1999.03773772271,1330.313735646444,1.5914211420133484
18.821436,TRACKING,1329.6732359515756,894.5519106396728,808.7320738528837,-3266.651364764034,-1999.072954026401,1330.3460087916635,1.5898591903235721
18.8255913,TRACKING,1329.3913474824087,888.2514906112278,810.5746438121736,-3266.631704709412,-1999.0197411690879,1330.3005762389505,1.581203341138062
18.8302265,TRACKING,1329.1415766253942,881.5772609596752,812.6507253979512,-3266.609887116009,-1999.0319664870606,1330.3033916512516,1.5089163544471973
18.8344271,TRACKING,1329.1693102864072,874.3681199911359,814.9906655339739,-3266.6259951079,-1999.0447285157588,1330.265048260166,1.8043691047454178
18.8381362,TRACKING,1329.1673077668436,866.7038211905549,817.8837728410663,-3266.622567298586,-1999.0440237368168,1330.201064986365,2.208666236847741
18.8423896,TRACKING,1329.271844814504,858.589087383342,820.8991515059819,-3266.6314688148404,-1999.0676812920121,1330.2538284457332,2.0354309543697977
18.8471058,TRACKING,1329.9440827968158,849.9573910176159,824.4447423394467,-3266.6438337436016,-1999.051153645938,1330.1949877706165,1.983738923033784
18.8510681,TRACKING,1330.9003015948986,840.8862535102163,828.5540223690527,-3266.613785128134,-1999.0673928847955,1330.1495494778164,2.524872598195488
18.8546867,TRACKING,1331.943180119658,831.2899310263081,833.160438485504,-3266.6430874983057,-1999.101544559953,1330.2999342230207,2.955731459592434
18.8591557,TRACKING,1333.0502066067031,821.1230135374155,838.3405235630968,-3266.6487396520215,-1999.0684321890556,1330.2181693490152,2.565243752871473
18.8635662,TRACKING,1334.163045994471,810.4569374828942,844.0379671059526,-3266.6287808587426,-1999.0498074490677,1330.24561230686,2.7533146489929323
18.8675951,TRACKING,1335.72390388218,799.275783291925,850.4885496275081,-3266.6234551055536,-1999.034144737102,1330.2897576538999,3.227302881891167
18.8716653,TRACKING,1336.8621739477205,787.4403748957685,857.6941993796725,-3266.639750614812,-1999.0447836682188,1330.299505581127,3.415807346199738
18.8755018,TRACKING,1338.6033199124017,775.0304129839402,865.3834985516285,-3266.6265860630715,-1999.0441833435236,1330.3023364899855,3.832273954114962
18.8803189,TRACKING,1340.41914416986,762.1500269370298,873.9639806030907,-3266.6118154172145,-1999.0539676002677,1330.3189410514929,3.234909540254804
18.8840934,TRACKING,1341.9468307642574,748.6907314796508,883.4900029255148,-3266.6395043449525,-1999.0883900424046,1330.3633297537722,4.387319767078386
18.8879768,TRACKING,1344.11098248464,735.2743590644228,893.7665597287076,-3266.6147598348575,-1999.0883311003572,1330.3166491277716,4.387368136784441
18.8921747,TRACKING,1345.7682719862112,721.2899198144355,904.7782742841346,-3266.6168462551977,-1999.0619829060258,1330.2570095222645,4.258437109658039
18.8970834,TRACKING,1347.7543540665042,707.1254271638874,916.6060760852426,-3266.6390639199776,-1999.0777398410937,1330.333117560194,3.781045498141766
18.9008615,TRACKING,1349.132465960307,692.8460358622721,929.2942353918834,-3266.6282711111485,-1999.0647049514241,1330.2570733360778,5.069148975846602
18.9050317,TRACKING,1351.472382954654,678.5576625914617,943.2375159418688,-3266.6086839334057,-1999.0457823948975,1330.2567390109862,4.820138754419947
18.9091751,TRACKING,1352.527790960011,664.4349471986818,957.477398968849,-3266.60462397293,-1999.0587295141138,1330.254001588468,4.847059809495864
18.9136746,TRACKING,1353.7504410320919,650.440997914686,972.4257332980244,-3266.6131592170154,-1999.0499595500703,1330.2059181349803,4.558924016596297
18.917966,TRACKING,1356.3227802568988,636.7185983331846,988.9518747601375,-3266.644351378209,-1999.0586355284247,1330.226000211628,5.041269920258878
18.9217263,TRACKING,1356.6047702768005,623.1222171575616,1004.7671910619493,-3266.6366963985483,-1999.0213517232448,1330.2395311832056,5.546956280830607
18.9258182,TRACKING,1357.348966649149,609.602031038923,1021.4283454622695,-3266.671450673291,-1999.0649247076292,1330.283783600431,5.24685127880092
18.9304799,TRACKING,1358.4611242536,596.0984546952847,1038.3855765214025,-3266.66572224757,-1999.0396605540593,1330.272867664027,4.656146004224336
18.9342899,TRACKING,1359.1050762592895,582.7001111871449,1055.416336410349,-3266.644508166427,-1999.0238403417334,1330.3035489800093,5.690014287089272
18.9382226,TRACKING,1359.4461001751504,569.3971579624666,1072.489121296408,-3266.6575957002137,-1999.0539235183287,1330.3157462140807,5.504197806593901
18.9423207,TRACKING,1360.163951495095,556.4456436079081,1089.7251464752178,-3266.6586033964727,-1999.0490755528022,1330.2708556759515,5.263825946585329
18.947193,TRACKING,1360.460956157682,543.5085136427704,1106.8442410620767,-3266.629145149384,-1999.0626303912982,1330.2385165459264,4.404439730497192
18.9510541,TRACKING,1361.6168827801282,530.6359179199176,1124.1487981509867,-3266.640360671324,-1999.114504037499,1330.2307576591754,5.593826530395035
18.9547282,TRACKING,1362.0421572503558,517.7426746488007,1140.8950666355886,-3266.649658664382,-1999.0517817368338,1330.2789329636416,5.753497058756909
18.9586828,TRACKING,1362.3057992065158,504.850631946147,1157.359290119052,-3266.6327961127704,-1999.0464378670467,1330.2441513704212,5.2882196384203155
18.9634859,TRACKING,1362.4432821658722,491.73304763040375,1173.7202859574597,-3266.621600274234,-1999.0602654675095,1330.2491824119222,4.36608524036871
18.9672972,TRACKING,1362.884483915998,478.9531552374121,1189.9110131164964,-3266.6305981046785,-1999.0690220132185,1330.2556962637736,5.413252214946962
18.9713616,TRACKING,1363.1514004618643,466.0757729543923,1205.890392756582,-3266.6311454064844,-1999.1104944864328,1330.3501834516585,5.04972510655315
18.9754665,TRACKING,1362.9655226449304,453.06266401757773,1221.5521556341969,-3266.619178021724,-1999.0741100134267,1330.2432384447184,4.960744121462389
18.9800974,TRACKING,1362.1937517061672,440.05412954676086,1236.6058293887995,-3266.629621418086,-1999.0565979011042,1330.266553618897,4.299502768226328
18.9840134,TRACKING,1363.9392682826901,427.4488349098703,1252.771953937124,-3266.63596875898,-1999.0561613445473,1330.2710148547633,5.253795610755658
18.9879483,TRACKING,1364.4536287730523,414.6903936027003,1268.1913519133125,-3266.6341221776634,-1999.0441639456178,1330.2546358972422,5.087802901122118
18.9922096,TRACKING,1363.7668379325,401.7299841828044,1282.7964092738941,-3266.6540420107794,-1999.0609056493552,1330.252988362126,4.585094803615458
18.9969117,TRACKING,1363.710755006855,388.7694161368686,1297.5163955014782,-3266.640017796434,-1999.0345199976323,1330.2383059329204,4.171048318869013
19.0006487,TRACKING,1363.5272972621701,375.94724612263,1312.0818455454632,-3266.659648948969,-1999.0106679497972,1330.2425162337304,5.1929437805691805
19.0046469,TRACKING,1363.8764735611605,363.10446449252623,1326.644413433986,-3266.6792461548253,-1999.0675154372082,1330.3387202756967,4.8571274397083055
19.008978,TRACKING,1364.2880487015473,350.292315959705,1341.1481744822345,-3266.6780316926006,-1999.0863310059376,1330.2680753401946,4.469220985739206
19.0134786,TRACKING,1364.2426844020683,337.5295142645808,1355.1665582746573,-3266.6574308151617,-1999.0539571240433,1330.2354291123756,4.212330088474154
19.0175841,TRACKING,1364.8206208838542,324.7481314728121,1369.39288990305,-3266.6527325699335,-1999.0489849498576,1330.2383765514792,4.660426499483948
19.0214276,TRACKING,1364.755245704628,311.8999735312578,1383.152406939138,-3266.6771728301997,-1999.0871089054244,1330.3023130714107,4.89803930780328
19.0258279,TRACKING,1365.3911902371262,299.1366378608414,1397.0162456002247,-3266.6321634220176,-1999.0548163192343,1330.260110976922,4.284948136997456
19.0299989,TRACKING,1365.3922755931828,286.4187873739649,1410.359633662493,-3266.6712358427867,-1999.072411648708,1330.304044997376,4.419416497229172
19.0341869,TRACKING,1365.3185648368617,273.7366339476093,1423.6529191625445,-3266.6712358427867,-1999.072411648708,1330.304044997376,4.386972221374115
19.0381144,TRACKING,1365.6691791396224,260.8635409135093,1436.8581950814403,-3266.655949102146,-1999.0470291268405,1330.2114179106156,4.696376857291724
19.0423736,TRACKING,1366.260117128024,248.06700996909464,1449.8839599353123,-3266.6357900289076,-1999.042489879939,1330.2877842461842,4.28939697725206
19.0471775,TRACKING,1366.5046121162745,235.31886692116052,1462.7799881658575,-3266.652417803595,-1999.055566942247,1330.2158161524317,3.775082146542439
19.0508244,TRACKING,1366.629929844917,222.662017488281,1475.3521653670102,-3266.631160203155,-1999.030743968007,1330.233150025,4.891868830088009
19.0547792,TRACKING,1366.9914418243825,209.8705031071173,1487.8292725180431,-3266.663684020623,-1999.038437530418,1330.2488301966512,4.519230616639886
19.0589386,TRACKING,1367.1358096019758,197.19267392366405,1500.144682658732,-3266.655972564322,-1999.026337246898,1330.218694497877,4.249491883382019
19.0634528,TRACKING,1367.1596080510449,184.4530698949783,1512.0778765503594,-3266.649913426275,-1999.0226490608075,1330.2630243616181,3.866828011778085
19.0673935,TRACKING,1367.493742682312,171.70323210134674,1524.0102472453186,-3266.6565491792135,-1999.0420724741682,1330.247099048013,4.43213718523647
19.0713979,TRACKING,1367.6869224986294,159.01263378103005,1535.7842539677729,-3266.6617113530883,-1999.064231699671,1330.2814843108918,4.323320121734427
19.0756044,TRACKING,1367.6904181117552,146.33240191012632,1547.1885198924956,-3266.648820013558,-1999.0363742394227,1330.2568309335118,4.0542482340484485
19.0800928,TRACKING,1367.5322283034013,133.54909385335085,1558.487085127634,-3266.6429516746516,-1999.0666939767498,1330.220688171699,3.8012483171629112
19.0843265,TRACKING,1368.2771131576376,120.85613020547187,1569.8504121324804,-3266.636162937017,-1999.0466077964247,1330.202970502691,4.027825840093753
19.0884676,TRACKING,1368.2495930979862,108.15390893568889,1580.8937347385022,-3266.6223127039266,-1999.0724328616022,1330.188842053193,4.064519601490637
19.0923298,TRACKING,1367.5486730311113,95.19663308065654,1591.4811267786927,-3266.650773465858,-1999.0939905892699,1330.2869405836673,4.336231302222117
19.0968791,TRACKING,1367.9747524278723,82.46948430490573,1602.183969666889,-3266.642661766852,-1999.039041887874,1330.241132469701,3.65653700817885
19.1007392,TRACKING,1368.5690253883683,69.98497045826886,1612.8745181571826,-3266.6591401833116,-1999.0529409830513,1330.2526468348724,4.260772528373021
19.1047991,TRACKING,1368.87781218955,57.35953199961945,1623.1506213916746,-3266.6549189741568,-1999.0419508199964,1330.2403211123624,4.010381727951725
19.1088758,TRACKING,1368.4252111505239,44.50227953223047,1633.1185698138831,-3266.65954066825,-1999.0578419963804,1330.279975335133,3.9921857028609544
19.1135448,TRACKING,1368.4840266077163,31.83183813514778,1643.1176542277217,-3266.660685516881,-1999.0486720008894,1330.361493081295,3.457013082276151
19.1176081,TRACKING,1368.778580923423,19.168420908062007,1652.9071927685093,-3266.683118758965,-1999.0676949831056,1330.2597106191856,3.939869412269743
19.121272,TRACKING,1368.434493368668,6.344623253239759,1662.3636956705652,-3266.6467424852685,-1999.0674926673555,1330.2881769065054,4.349785090845715
19.1254624,TRACKING,1368.5533609475144,-6.3618976682479795,1671.7082919975073,-3266.653311072775,-1999.0464848360702,1330.284316464075,3.7641082069188085
19.1297761,TRACKING,1368.7753491171995,-18.961291723529516,1681.0008527133593,-3266.666326049744,-1999.05294966386,1330.2444896318236,3.629628665371309
19.1339689,TRACKING,1368.496466419102,-31.724240254327757,1689.867690805192,-3266.6411345217375,-1999.038366393428,1330.267312890974,3.7071198952694364
19.137998,TRACKING,1368.8224033221534,-44.367524484328975,1698.8625426769268,-3266.6572439407128,-1999.0546577062041,1330.2635786595174,3.851943534447801
19.1422324,TRACKING,1368.720678498296,-57.14010783239183,1707.6015299692624,-3266.6470896558444,-1999.0544756966965,1330.2563034064851,3.65492293173017
19.1468518,TRACKING,1368.6556725940115,-69.75528579556268,1716.0803213824017,-3266.6603720114026,-1999.071136336147,1330.2881518608117,3.2904481544858295
19.1507206,TRACKING,1368.782876577682,-82.34443088832701,1724.4622210580924,-3266.6562457363084,-1999.0564447930362,1330.2386342563168,3.909424342786786
19.1546676,TRACKING,1368.6866958189912,-95.05029185238949,1732.559077908056,-3266.6549139649524,-1999.065646880647,1330.229839681893,3.8172687068902915
19.1588145,TRACKING,1368.8255857684787,-107.69340192842333,1740.6507498898695,-3266.6317163590934,-1999.0597166778298,1330.2251440640696,3.6199132516455617
19.1636088,TRACKING,1368.6828255894293,-120.38586887355629,1748.4040913043943,-3266.63790392037,-1999.0713159450906,1330.2284762291365,3.102416784769632
19.1674604,TRACKING,1368.4048677838132,-132.92027426800595,1756.0230787466755,-3266.665283397877,-1999.0766222465663,1330.247631346796,3.8090602369224262
19.1715148,TRACKING,1368.7934311294807,-145.42515779055472,1763.6379134103868,-3266.632399685844,-1999.067697094202,1330.206869662439,3.6124010831455844
19.175572,TRACKING,1368.6189304626112,-158.054878918321,1770.9131032928597,-3266.6492387791454,-1999.0640018083275,1330.2505565123147,3.592700856049123
19.1803367,TRACKING,1368.380980946735,-170.76886175489068,1777.988338608678,-3266.6333247680427,-1999.047751644083,1330.2736541625522,3.0541288881783504
19.1839529,TRACKING,1368.3759900856846,-183.35035684915042,1784.9350155670545,-3266.6414053033745,-1999.0591218869984,1330.3156576544616,3.974299032335681
19.1880991,TRACKING,1368.1646019120326,-195.94405774230475,1791.690489242499,-3266.661227514768,-1999.072071662505,1330.2380110038177,3.447190156223117
19.1922791,TRACKING,1367.9984699393992,-208.69722119917924,1798.2545065735558,-3266.642881991008,-1999.0428620709981,1330.2625052831618,3.431635365742565
19.1969328,TRACKING,1368.176158504698,-221.11992574989705,1804.7691735443525,-3266.6793871903974,-1999.1309570158585,1330.3844213681639,3.014461923374681
19.2007421,TRACKING,1367.9606210516827,-233.71589671640672,1810.9654973317636,-3266.6604341156444,-1999.0696509301035,1330.2922731881938,3.6855087002398204
19.2047717,TRACKING,1367.9365720377202,-246.24834603512915,1817.1415375808442,-3266.6268294073616,-1999.0622196243612,1330.285911449571,3.467248897132135
19.2089066,TRACKING,1367.787476809139,-258.72932413615274,1823.0549906060262,-3266.660982167017,-1999.0652402011478,1330.2524102974426,3.3402997589029173
19.2137694,TRACKING,1367.6755938026126,-271.34537952349507,1828.650248308326,-3266.6499630436565,-1999.0589547893953,1330.241184716292,2.8382010895272156
19.217582,TRACKING,1367.5624004597146,-283.98436498515804,1834.2018462861147,-3266.6366588180636,-1999.0912605568712,1330.2840682377625,3.6208789553972727
19.2212915,TRACKING,1367.4471269724645,-296.46220587341486,1839.7295102249968,-3266.629119227562,-1999.0768702872156,1330.2381125413797,3.6791720829037433
19.225617,TRACKING,1367.160895110031,-308.9364143434887,1844.785839133501,-3266.659786343248,-1999.1124986303964,1330.2516639460548,3.112488848456446
19.2303674,TRACKING,1367.1040255872126,-321.4722284472115,1849.8786474263588,-3266.6374488850306,-1999.0656034066908,1330.2390223198347,2.848380860618742
19.2344186,TRACKING,1366.942154740144,-334.0494384482321,1854.7431991956457,-3266.6175647938676,-1999.0515523800702,1330.2358255140298,3.3289275579147874
19.2381722,TRACKING,1366.5260235125154,-346.27926623343154,1859.314941815107,-3266.640007346779,-1999.0846133892767,1330.2553728976477,3.4801330311268655
19.242313,TRACKING,1366.25415694359,-358.8858813412396,1863.7727085811186,-3266.6526712937466,-1999.099793019391,1330.279319029149,3.2298870865242275
19.2470822,TRACKING,1365.9260372186982,-371.34653230460583,1868.0746247147515,-3266.669135511704,-1999.087210995105,1330.3015507448072,2.7649146995989566
19.2507175,TRACKING,1365.9829888482197,-383.81758885137015,1872.2545054287227,-3266.6510462739607,-1999.0486719971661,1330.2612099287176,3.618138413919623
19.2550197,TRACKING,1365.7343970925979,-396.3277838932126,1876.2561537125753,-3266.6632074615295,-1999.0906326645993,1330.3247211403798,3.0535468990663657
19.2591801,TRACKING,1365.36000373918,-408.7845280529821,1879.9707936689465,-3266.655564944684,-1999.0404791850826,1330.2851996782229,3.125708861367574
19.2635664,TRACKING,1365.1270945294943,-421.3737012872575,1883.5798576843874,-3266.6712249939687,-1999.0688051136271,1330.2894818057782,2.9861965229013934
19.2674491,TRACKING,1364.9963436409212,-433.86070849267594,1887.1642217639223,-3266.6686716857494,-1999.0665544589338,1330.3405657208584,3.346105756987502
19.2714351,TRACKING,1364.8465476647368,-446.2765071647857,1890.470894376551,-3266.657341081952,-1999.0646313810869,1330.2403854680138,3.2236473471786065
19.2756209,TRACKING,1364.7308746083372,-458.91992615989017,1893.5953199570163,-3266.644607044683,-1999.047188102765,1330.2418105828544,3.111535251011086
19.2803266,TRACKING,1364.3379858923445,-471.50175542994776,1896.5313231713983,-3266.6883544635425,-1999.1128456310228,1330.2739774697209,2.746843860346465
19.2842138,TRACKING,1364.0740024215427,-483.84993503530126,1899.3207485161147,-3266.656314266484,-1999.0809685563895,1330.2288645213596,3.257376544326751
19.2879713,TRACKING,1363.8372393424581,-496.3922287128887,1901.9493468738542,-3266.6719770723676,-1999.1298479091136,1330.3158771623553,3.4110365602151003
19.2920852,TRACKING,1363.5748319763925,-509.0705024502771,1904.3338842281069,-3266.637943807411,-1999.089352620788,1330.2817407216717,3.1364972571492857
19.2965184,TRACKING,1363.3688155157463,-521.5987021947248,1906.6700933848692,-3266.6469592719277,-1999.0790843750917,1330.1836484493306,2.8750850306741884
19.3007562,TRACKING,1363.1019282805623,-533.9638945734794,1908.8241061294723,-3266.6376900728937,-1999.06042534656,1330.2315207538554,2.9624431555267394
19.3047805,TRACKING,1362.927496463658,-546.4225413206526,1910.776848731781,-3266.6529327297053,-1999.0852592066547,1330.2711596159415,3.1339509886524
19.3087445,TRACKING,1362.7375503296469,-558.9835510579736,1912.5210595690428,-3266.6525578627948,-1999.1543623685884,1330.322576889284,3.1995342534198987
19.3137266,TRACKING,1362.582682806117,-571.5891578574937,1914.095450395313,-3266.6521017310024,-1999.0712889617523,1330.2736151250724,2.550026678710104
19.3174331,TRACKING,1362.254512831753,-584.1434092161437,1915.4512522461698,-3266.6414373132466,-1999.045320403661,1330.2605043978883,3.407935526136319
19.3214538,TRACKING,1361.9191296973013,-596.65927277665,1916.6870993627306,-3266.6502923470316,-1999.0988347588777,1330.356287346149,3.1291073381554457
19.3254621,TRACKING,1361.649162102546,-608.9591236900792,1917.7871427391656,-3266.633527260677,-1999.0264377394487,1330.2969215007195,3.081579475966437
19.3304217,TRACKING,1361.3526461852587,-621.4451143404366,1918.667836056234,-3266.644368825155,-1999.0442039169152,1330.283815277533,2.5245026511890987
19.3342603,TRACKING,1361.2339944268165,-633.9785805421757,1919.3757244947271,-3266.6497522869145,-1999.0605764499478,1330.2278066309593,3.270463639085383
19.3382944,TRACKING,1360.8306067244212,-646.5221761563193,1919.874184983182,-3266.6555938850097,-1999.0604792941438,1330.205937920107,3.1134516091449727
19.3422944,TRACKING,1360.4599311263075,-658.9142704826946,1920.258088869145,-3266.643249315921,-1999.069300146425,1330.202297718158,3.1008948747334837
19.3470765,TRACKING,1360.1475640572064,-671.452410423006,1920.4131432036902,-3266.6509652800682,-1999.0779926967334,1330.2105676335707,2.622903913827721
19.3507265,TRACKING,1359.804072001645,-683.9388606828423,1920.388930439449,-3266.687555302341,-1999.0910651005363,1330.2827217086783,3.4222458702051193
19.3545898,TRACKING,1359.6084152017506,-696.4939556034992,1920.2703194533415,-3266.6206141258476,-1999.0670237884694,1330.2248804342,3.2503765083069234
19.3587525,TRACKING,1359.3405444181324,-708.9115422556074,1919.983312015768,-3266.641712181433,-1999.0710459967124,1330.243281282144,2.9845511662916304
19.3636673,TRACKING,1359.0246557634089,-721.3900522762334,1919.4817567516875,-3266.6362944254097,-1999.0678041377175,1330.2312544233598,2.5418287670224795
19.3675886,TRACKING,1358.7197631368222,-733.8654472916854,1918.8207935463604,-3266.6465105250704,-1999.0573360423398,1330.201005235801,3.186854371619034
19.3713041,TRACKING,1358.3485141441051,-746.3606171406651,1917.9836264578373,-3266.63501970599,-1999.0685404392727,1330.2409144435662,3.372005073696549
19.3755104,TRACKING,1357.8978726440025,-758.8196534421423,1916.958168392111,-3266.6537910447896,-1999.061937553399,1330.3081211346732,2.97394043548342
19.380468,TRACKING,1358.581776209911,-772.8542244197905,1915.940271731699,-3266.6315056819913,-1999.0456148079256,1330.2325913005877,2.8417067320261182
19.3842881,TRACKING,1358.185442184964,-784.9851110793073,1914.605106079133,-3266.65598327838,-1999.0755000795275,1330.2706308865238,3.1964021120345203
19.3881555,TRACKING,1357.8177277278794,-797.562452849547,1913.0063686015978,-3266.6272440138214,-1999.0547357201374,1330.2017775580412,3.279690657242756
19.3921702,TRACKING,1357.5216152172045,-810.3451276507236,1911.2747280319631,-3266.6464740162282,-1999.0467843298904,1330.2448264773373,3.2138965729429314
19.3972235,TRACKING,1356.9594223431513,-822.4198551126108,1909.4828764314102,-3266.671532785342,-1999.0679156740325,1330.2147062270546,2.4182009974480514
19.4008975,TRACKING,1356.5279850160966,-834.7971671292975,1907.3930299586316,-3266.647349146161,-1999.066942705638,1330.2359281096872,3.4185940062336804
19.404851,TRACKING,1356.2010655612041,-846.9076462199401,1905.3227461805695,-3266.6417141697016,-1999.060345265643,1330.204139391408,3.1087671108654424
19.4091379,TRACKING,1355.9572635736706,-859.585597966595,1902.926651132213,-3266.6387843368952,-1999.0656533815547,1330.2132988636695,3.010262826399282
19.4137274,TRACKING,1355.6816339099257,-872.0355861904196,1900.505122224883,-3266.6524695032626,-1999.0479570028062,1330.226885640575,2.7641989443458437
19.417563,TRACKING,1355.2325376829501,-884.3481568719021,1897.8255959393884,-3266.643436512461,-1999.0551372276293,1330.2595219664986,3.2872991508897074
19.4215574,TRACKING,1354.8384404457772,-896.3821199565172,1895.1263804853045,-3266.6192193516767,-1999.0433041173546,1330.2449588038874,3.0891398654491358
19.4258608,TRACKING,1354.3238137174878,-908.6276628391271,1892.15091518285,-3266.646380617151,-1999.060728195517,1330.2400625419482,2.9307889648017813
19.4303818,TRACKING,1353.8184344010715,-921.0542699981814,1888.9689778086863,-3266.6412894912587,-1999.0640173596846,1330.2131314965557,2.8395205620873574
19.4344932,TRACKING,1353.4059919066792,-933.2885353012938,1885.5571374492038,-3266.6491765739884,-1999.0522199915222,1330.2280966388148,3.09086766449074
19.4382159,TRACKING,1353.014544249158,-945.6834088919767,1882.0638607739165,-3266.6234921733258,-1999.026634361194,1330.2171433351377,3.460841833469228
19.4421608,TRACKING,1352.5351597968133,-957.9568455042281,1878.4941116940863,-3266.613086267554,-1999.0264362572955,1330.2034809706395,3.2424190446115944
19.4468919,TRACKING,1352.0953036399012,-970.3911113883097,1874.510280084512,-3266.646778584855,-1999.0487973380452,1330.2031073051562,2.7613615972043446
19.4508282,TRACKING,1351.4218956951358,-982.2721070039693,1870.4193699986356,-3266.625699963648,-1999.0386038693184,1330.182019124236,3.196810109418453
19.4550192,TRACKING,1350.857578901482,-994.5874458322337,1866.2207984073516,-3266.681153389557,-1999.0700241019208,1330.2835832225521,3.107514918237972
19.4589579,TRACKING,1349.8995955999455,-1006.4649867400987,1861.696209174449,-3266.6434916252947,-1999.0338684252058,1330.1846746323026,3.2361439383184196
19.4634207,TRACKING,1349.615449057234,-1018.932904041141,1857.303202664562,-3266.644154807232,-1999.0419215820973,1330.253672196574,2.962772655393474
19.4673246,TRACKING,1348.879880435791,-1030.9727371671113,1852.4866732611831,-3266.624457856141,-1999.02201569194,1330.2192481999987,3.3270227109596178
19.4715263,TRACKING,1348.1406545398793,-1043.139379326931,1847.5440426110038,-3266.6520594668073,-1999.0458561489631,1330.2486707426103,3.1304161125198737
19.4756572,TRACKING,1347.6216475249166,-1055.4262447344322,1842.4890364758055,-3266.6507085089365,-1999.0447074724807,1330.2357556188113,3.2187227726094685
19.4805783,TRACKING,1347.0258203227281,-1067.669734670731,1837.2357567198176,-3266.628264030939,-1999.0526755959945,1330.2425839167317,2.7100097549019
19.4843839,TRACKING,1346.4579916666612,-1079.896269010618,1831.8622338284438,-3266.6526687341893,-1999.0593318957356,1330.2679377950342,3.5125401589420715
19.4885396,TRACKING,1345.7238550397162,-1091.970934063517,1826.2557095811246,-3266.6201176553413,-1999.0386665828835,1330.2159820120253,3.208370893109469
19.4922335,TRACKING,1345.1833480875273,-1104.162976084363,1820.4969052846561,-3266.6484377115817,-1999.0312649877774,1330.2452865431444,3.653188321626206
19.4971419,TRACKING,1344.5818736569772,-1116.4413970486446,1814.5579623803872,-3266.597918816861,-1999.0170605329188,1330.2242713206863,2.781468809884446
19.5006454,TRACKING,1343.9376845599031,-1128.7072331875233,1808.4294033536262,-3266.6300413363088,-1999.0140321818194,1330.258727169684,3.9180239307336917
19.5048391,TRACKING,1343.3536281915187,-1140.8678377888289,1802.2380027737236,-3266.6346569233324,-1999.0222076557575,1330.2446001481044,3.2569113119255584
19.5091935,TRACKING,1342.769661178195,-1153.0601006918207,1795.856426602071,-3266.620301424993,-1999.0091179075578,1330.242582926049,3.1631849203762465
19.5136661,TRACKING,1342.1817106529534,-1165.2872723836892,1789.317843578515,-3266.62119115303,-1999.0166005190335,1330.272524284931,3.102922149513279
19.5175774,TRACKING,1341.6163127725872,-1177.4841754069805,1782.5716787916028,-3266.6198639602503,-1999.0038917550241,1330.2776664990413,3.5665190782997893
19.5214594,TRACKING,1341.475351837774,-1190.2816288867327,1775.998364861462,-3266.6233549298554,-1999.0324505309457,1330.233374298516,3.7062348652306167
19.52548,TRACKING,1340.7823939053883,-1202.505222876024,1768.8600874933597,-3266.618047781192,-1999.0039610059414,1330.237127925631,3.5248984633267866
19.5306012,TRACKING,1340.2679690506861,-1214.7733019768225,1761.6790383674993,-3266.619438215708,-1999.0511215695713,1330.2853328020851,2.7775817117609907
19.5345786,TRACKING,1339.626504043655,-1226.9773756484867,1754.2632046921049,-3266.639809208756,-1999.028622643362,1330.299497299567,3.5940428376328
19.5383616,TRACKING,1339.0214360909179,-1239.016756071467,1746.7060797181832,-3266.6217952929514,-1999.0251264487185,1330.265225751069,3.760914911735555
19.5423771,TRACKING,1338.5094374456646,-1251.2626673002685,1739.0000513913342,-3266.6333204289913,-1999.0383915203347,1330.2356049244001,3.605484482018102
19.547191,TRACKING,1337.9565569595688,-1263.4845797327284,1731.0646472734857,-3266.6186291477006,-1999.0185835858383,1330.268613427988,3.0292639663325653
19.5510614,TRACKING,1337.5470198397352,-1275.7308601236587,1723.117145653866,-3266.6185074712976,-1999.0157572052908,1330.24829941879,3.773475171382524
19.5548641,TRACKING,1336.864763684192,-1287.949491866268,1714.8706191514127,-3266.6153543101177,-1999.0356130356927,1330.2091494577226,3.8806333152678603
19.5590998,TRACKING,1336.296179583791,-1300.1137181307088,1706.5347238725615,-3266.6386167363476,-1999.036807360655,1330.1978865487465,3.484036095433856
19.5638439,TRACKING,1335.6961064360528,-1312.2054089618857,1697.9673842785385,-3266.6259330719354,-1999.0092100818738,1330.237253888129,3.1262686527556416
19.5676797,TRACKING,1335.3786620374087,-1324.5763181094958,1689.448271505525,-3266.5861244828848,-1999.0139295137799,1330.2410286812055,3.9167394779777993
19.5715684,TRACKING,1334.665792183323,-1336.6962705261699,1680.55767881304,-3266.6073066014606,-1999.0156121738728,1330.2677164759261,3.8696887460527396
19.5757571,TRACKING,1334.2203309368338,-1348.851082564458,1671.5518979067,-3266.595495770876,-1999.0074038853238,1330.272580139205,3.6130859175410666
19.5804002,TRACKING,1333.776810502424,-1361.0265481369445,1662.5005005370374,-3266.594662773432,-1999.0148565127793,1330.2935456881319,3.268899684720162
19.5842181,TRACKING,1333.060552700702,-1373.1605474612409,1653.1033517924334,-3266.594662773432,-1999.0148565127793,1330.2935456881319,4.024209230870193
19.5882235,TRACKING,1332.5155221117436,-1385.3255071336841,1643.554469599465,-3266.5979739773643,-1999.0221591719219,1330.298160161506,3.8634441095789493
19.5926392,TRACKING,1331.758002290582,-1397.4287757197862,1633.7835270564492,-3266.637290529067,-1999.0387095523838,1330.364490290674,3.5268500224198926
19.5970678,TRACKING,1331.1945397309573,-1409.5219409515432,1623.959926577964,-3266.5872096018425,-1999.0484130578345,1330.2951189109867,3.520424151845552
19.6008604,TRACKING,1330.5624885699804,-1421.6895994258543,1613.9252740488887,-3266.602201751226,-1999.0408198999587,1330.2745300147112,4.161880596116318
19.6050017,TRACKING,1329.9657898833593,-1433.8822289184554,1603.7313282619489,-3266.603582184853,-1999.0179749030567,1330.291879457534,3.8403064199474106
19.6091709,TRACKING,1329.3470634285295,-1446.0561071187149,1593.3648570163168,-3266.6274892943015,-1999.027252806174,1330.3467269777855,3.83804039533805
19.6136799,TRACKING,1328.7111354530261,-1458.1860208201956,1582.8548150115791,-3266.5921836855387,-1999.0041280457797,1330.2101380419083,3.5622941749747574
19.6175038,TRACKING,1328.0154082494073,-1470.2750109134506,1572.1096411944786,-3266.6362150116215,-1999.0375145243197,1330.3058779268863,4.233658086150882
19.6217676,TRACKING,1327.396673522008,-1482.4074380000352,1561.2286379750858,-3266.620819028908,-1999.0225478714694,1330.2168940556708,3.8249297368285067
19.6257915,TRACKING,1326.7175052299376,-1494.5417313705123,1550.2439137169426,-3266.6293829938227,-1999.0362853386619,1330.2147185323454,4.071148852356927
19.630541,TRACKING,1326.0118035675068,-1506.599529870455,1539.0272873901283,-3266.6220049355134,-1999.0357547830715,1330.2268635565385,3.4705468124968664
19.6341571,TRACKING,1325.2698216688852,-1518.7401596156255,1527.7384225181088,-3266.628625650743,-1999.038798469669,1330.203394584748,4.589113926753772
19.6382641,TRACKING,1324.5605301868761,-1530.7981773620052,1516.2422717213635,-3266.6557880804266,-1999.0596763401907,1330.3252886614289,4.060175861664222
19.6425578,TRACKING,1323.7908215304878,-1542.8993398274933,1504.5338636315332,-3266.611581453759,-1999.0184399518835,1330.286857633794,3.925701032217981
19.6475448,TRACKING,1323.0548203344385,-1555.0023010332186,1492.6328058809092,-3266.6175999662423,-1999.0490248384656,1330.2798416900441,3.4068486439638983
19.6520378,TRACKING,1322.2541872497354,-1567.0284391875161,1480.6200543334792,-3266.6362390441955,-1999.0619940835218,1330.3463956781425,3.787427017508431
19.6549297,TRACKING,1321.4268185412186,-1579.1526826651507,1468.382037034928,-3266.626671948877,-1999.032741731254,1330.27971877824,5.963817737957204
19.6589644,TRACKING,1320.7384712491098,-1591.1663506594166,1456.0695330094536,-3266.593504182689,-1999.0368606118352,1330.3223704617856,4.267049706324621
19.6635071,TRACKING,1319.8004240753405,-1603.1932000151153,1443.5012751451254,-3266.5934243946235,-1999.0360269731382,1330.2680518682914,3.8349117707357
19.6675602,TRACKING,1319.0633050702386,-1615.302567863865,1430.8686572668998,-3266.6053723344994,-1999.0668977555451,1330.3197532710008,4.321298715185391
19.6714907,TRACKING,1318.188430386461,-1627.232349865842,1417.9284304970856,-3266.6320216404083,-1999.0796991811899,1330.3665447149547,4.4833968148954275
19.6754965,TRACKING,1317.3893995984272,-1639.2486806167517,1404.912221668671,-3266.6024002251143,-1999.0573819557328,1330.2498392370126,4.4267822325719495
19.6802066,TRACKING,1316.6952479563768,-1651.316576880686,1391.7915562286537,-3266.6061473623254,-1999.0397230605424,1330.2862153258718,3.787618618082578
19.6841817,TRACKING,1315.847538591253,-1663.2734887556492,1378.5158111823641,-3266.6095552362485,-1999.0277951689566,1330.2971848722866,4.499669525900179
19.6881405,TRACKING,1315.0340027951092,-1675.3027708843392,1365.016539698934,-3266.615070940067,-1999.0329606005282,1330.2337814616217,4.571993462587182
19.6922904,TRACKING,1314.2290599062585,-1687.2373802492407,1351.324466405372,-3266.616481430387,-1999.0360082280001,1330.2621101670586,4.3811154395831995
19.6970429,TRACKING,1313.3868656931022,-1699.2703962311439,1337.5661331591823,-3266.618062332027,-1999.0323521734438,1330.2242267106822,3.850055861408753
19.7008686,TRACKING,1312.523688452813,-1711.140381209778,1323.503352650917,-3266.649559102585,-1999.0691411541159,1330.230084497853,4.815564367759891
19.7048834,TRACKING,1311.6510632996544,-1723.1276384773166,1309.362012653691,-3266.624032179711,-1999.0222385185193,1330.2444429843583,4.622624919230242
19.7089802,TRACKING,1311.0546795597945,-1735.2528924480127,1295.1014889722908,-3266.6123726121673,-1999.0304965613277,1330.217836470629,4.571385871536647
19.7139629,TRACKING,1309.9928398080915,-1747.0831919626553,1280.5577945086827,-3266.607933617977,-1999.0440077182,1330.2183805124914,3.7685820718654823
19.7175289,TRACKING,1309.4614827059443,-1759.2649650619649,1266.014866241189,-3266.621390003266,-1999.118400639544,1330.2718509488195,5.3220048010067735
19.7214781,TRACKING,1308.1816043038857,-1770.891352593904,1250.9212323313384,-3266.6259444890175,-1999.042260379608,1330.2345432356274,4.835221036589753
19.7255439,TRACKING,1307.5272975020046,-1782.8936116551104,1236.1095693006575,-3266.6504353992063,-1999.1325120969739,1330.363858103673,4.691651472188207
19.7304923,TRACKING,1306.4447240982645,-1794.6917176959932,1220.7922732958177,-3266.5961399891166,-1999.0226385610238,1330.3389390295677,3.913300588941034
19.7341397,TRACKING,1305.8268530643074,-1806.756237119217,1205.6067202209329,-3266.5896903752637,-1999.04130180268,1330.295808322333,5.320096643361886
19.7380897,TRACKING,1305.03218781087,-1818.7136549151164,1190.0339866131537,-3266.609084272746,-1999.049366321302,1330.3716893466813,4.97467623428218
19.7423298,TRACKING,1304.049150721608,-1830.5919298536312,1174.5066018955993,-3266.603136618119,-1999.0461720099681,1330.279473617474,4.61650885970764
19.7469927,TRACKING,1303.2646024712787,-1842.5183173747105,1158.6420275074236,-3266.6426438483536,-1999.0425088824736,1330.35256371066,4.259796414604181
19.7509258,TRACKING,1302.5365769345585,-1854.507433652645,1142.714913426935,-3266.610099971556,-1999.0459760698184,1330.2480681437112,5.071948584009814
19.754805,TRACKING,1301.6885397899193,-1866.4609183728862,1126.7959376036495,-3266.6018174832034,-1999.0365826818647,1330.2409888720563,5.136453260548228
19.7590223,TRACKING,1300.562076758377,-1878.1565430814414,1110.308573114257,-3266.618110196314,-1999.018687698669,1330.2445452511115,4.800638790846454
19.7638064,TRACKING,1299.8676396862759,-1890.28291176807,1093.9500064569231,-3266.613294655804,-1999.0568406308655,1330.217560267469,4.258864074288582
19.7676033,TRACKING,1299.1478447001905,-1902.162884686714,1077.5376241436268,-3266.625245083788,-1999.0583037166912,1330.1956540358626,5.3395092515343725
19.7714203,TRACKING,1298.088701723235,-1914.03597608491,1060.706423364488,-3266.64623645431,-1999.0618485929003,1330.2722269159856,5.403399641563357
19.7755593,TRACKING,1297.0412642151807,-1925.7706195837027,1043.7238268463693,-3266.6468634003277,-1999.0701610906085,1330.2675469036044,4.993718329616632
19.7804488,TRACKING,1296.128549713761,-1937.5355367847276,1026.731169937087,-3266.646387372965,-1999.0445456186203,1330.2308785017901,4.231124129705427
19.7841701,TRACKING,1295.3169624320583,-1949.5746100110657,1009.5603448344733,-3266.6195118925166,-1999.0459135284664,1330.2701359630225,5.639574315491271
19.7882015,TRACKING,1294.0506823555975,-1960.9061574354043,992.1132957677574,-3266.6385432595,-1999.083128559071,1330.2379253139688,5.170023208208053
19.7923747,TRACKING,1293.3689011596227,-1973.148950315001,974.762814260715,-3266.6220848566695,-1999.1002588820893,1330.3231837957248,5.091043099345762
19.7969367,TRACKING,1292.5562991155798,-1985.018005719054,957.1191505421584,-3266.607372947165,-1999.061298773293,1330.249380025788,4.664596406834653
19.8007984,TRACKING,1291.6352796818971,-1996.7953788531445,939.2852575241914,-3266.5857910277177,-1999.0432386990094,1330.2974181585398,5.539437652209398
19.8048143,TRACKING,1290.6068774289083,-2008.6511474690976,921.2277883770529,-3266.6266829334304,-1999.0795821928061,1330.3778268179492,5.3851240533641835
19.8090292,TRACKING,1289.7877933152806,-2020.7298973848422,903.2718560450375,-3266.6012234516384,-1999.0330613261167,1330.272099334724,5.137964410266616
19.8137083,TRACKING,1288.5145405283995,-2032.5045829158287,884.8593473326134,-3266.589123518689,-1999.0349065322764,1330.2746426452525,4.678800551728756
19.8175895,TRACKING,1287.5894472544421,-2044.143554956705,866.5390198221813,-3266.610201161531,-1999.0408179511937,1330.2551160611888,5.597378461456169
19.8216233,TRACKING,1286.5355640966818,-2055.856492070774,847.8605445115879,-3266.6293119871766,-1999.0462064641315,1330.2289500923578,5.471852447605625
19.8256917,TRACKING,1285.5249883967335,-2067.8996931922384,828.9674976547255,-3266.621449045915,-1999.1080668820355,1330.268705575593,5.512688396710179
19.8304704,TRACKING,1284.3929558177383,-2079.52005459252,809.9968318022219,-3266.6313983446544,-1999.041838595463,1330.2155884444262,4.661426214300211
19.8344412,TRACKING,1283.5998571890125,-2090.937355697175,791.2157990554458,-3266.660600371183,-1999.1206694355415,1330.2705798857107,5.538790659421076
19.8385091,TRACKING,1283.44443942933,-2102.7298366135033,772.2675291030038,-3266.6214029675275,-1999.029084268659,1330.213676284638,5.486537251610702
19.8425111,TRACKING,1280.9589240234811,-2114.761044920507,752.1079589085481,-3266.6405935525318,-1999.0678205648683,1330.2910064838713,5.899041830444835
19.8471662,TRACKING,1280.654552469127,-2126.026736265539,733.0247694562588,-3266.6457999127783,-1999.0587144159585,1330.3171891995567,4.7609081525230685
19.8514164,TRACKING,1280.3650268003696,-2137.866663098269,713.3963423903689,-3266.6269959241595,-1999.0543630730813,1330.2346451817964,5.39379821869523
19.8548854,TRACKING,1278.7685043245533,-2149.3864930524273,693.4260544236681,-3266.6258103059126,-1999.052151317627,1330.2787172322207,6.661835187901966
19.8590136,TRACKING,1277.8782260643527,-2160.9998726641406,673.6164448196673,-3266.6623574092887,-1999.0760097690027,1330.30008617773,5.566608759976453
19.8632476,TRACKING,1276.310441064432,-2172.9744058270435,653.1040626778143,-3266.619379546784,-1999.0149392123362,1330.2811013907528,5.621981733323741
19.8675457,TRACKING,1274.555638968433,-2184.7793025609317,632.4400645861605,-3266.6339280710245,-1999.049229201983,1330.2503412188146,5.551953794592116
19.871482,TRACKING,1274.0536746344203,-2196.4455769886945,612.2076181724238,-3266.6550119208746,-1999.0681283668055,1330.2535899706997,5.934595195292145
19.8756709,TRACKING,1273.1321361944822,-2208.0780266998963,591.5825935804163,-3266.594194174351,-1999.0590689371577,1330.3326219517428,5.657128754179955
19.8802161,TRACKING,1271.578380096469,-2219.603367769415,570.6829184315937,-3266.586231102431,-1999.0596948857706,1330.2770400404706,5.262132077073884
19.8843058,TRACKING,1271.052336164488,-2231.457373956059,549.6928795309087,-3266.600174847988,-1999.0795136423476,1330.3128315699796,5.895722957077565
19.8882212,TRACKING,1269.6699896594946,-2243.0450173919717,528.4610526300961,-3266.5857904365007,-1999.0727080505496,1330.286064212706,6.187762056197903
19.8924227,TRACKING,1268.7194209310023,-2254.6977513521388,507.2370679108209,-3266.5923856684267,-1999.0676512840619,1330.2585423357286,5.767255242288201
19.8971571,TRACKING,1267.5317839969857,-2266.0585003766314,485.7938286445579,-3266.6041233701617,-1999.0556868423512,1330.2344290114497,5.131775177731755
19.9006592,TRACKING,1266.4808114181708,-2277.7438449949473,464.0765311106532,-3266.59498362365,-1999.0602702510125,1330.2695939163846,7.048301810210825
19.9048181,TRACKING,1264.7596051199132,-2289.6464465215104,442.0746657964104,-3266.5959174610084,-1999.042834785909,1330.2385951540628,6.029051156757255
19.9088505,TRACKING,1263.7756231812173,-2301.01009179429,420.26217097175993,-3266.631941162827,-1999.0572539433006,1330.253361870925,6.104241454450404
19.9139737,TRACKING,1262.6971369663283,-2312.750141900941,398.1948101735821,-3266.6157175495728,-1999.0534329267025,1330.2158811753222,4.8835101226399384
19.9176871,TRACKING,1261.4552994501184,-2324.0277312060275,375.97399454492086,-3266.6289732972346,-1999.0281481044715,1330.2629884532923,6.718846904233039
19.9214834,TRACKING,1260.0033629612803,-2335.8616794724567,353.4200825080832,-3266.6503524036734,-1999.0620359092147,1330.2363605176863,6.720058541497836
19.9257401,TRACKING,1259.1220308232814,-2347.620253424837,330.6938353223963,-3266.615905082339,-1999.046404293036,1330.2235691176427,6.014796841998185
19.9305226,TRACKING,1257.547076873305,-2358.746435362024,308.268514839829,-3266.6514519815473,-1999.041685454055,1330.2301140031534,5.24479029526037
19.934546,TRACKING,1256.7813647568335,-2370.5318404570858,285.23718209771545,-3266.6530420815943,-1999.081939757105,1330.2762548703279,6.433090761120564
19.9380487,TRACKING,1255.4186856231597,-2381.752241134325,262.362985527659,-3266.6516357081327,-1999.0414982019734,1330.2377535097112,7.284201195852985
19.942254,TRACKING,1254.4252246376852,-2393.4044831093825,239.1791212944467,-3266.629272235678,-1999.0513406857654,1330.234638077149,6.174681303010655
19.9471385,TRACKING,1253.234317262406,-2404.943288516733,215.6675522019725,-3266.6284438576854,-1999.0755388644866,1330.2179069681126,5.367484566389541
19.9508555,TRACKING,1252.4103473135654,-2416.32520105533,192.44375589388395,-3266.5908707145272,-1999.0378555487723,1330.2411338691368,6.961549939911913
19.9549856,TRACKING,1250.8270572115825,-2427.3237418719427,168.90764716603414,-3266.6043624352674,-1999.054532588603,1330.2397047060817,6.301870011927076
19.9592073,TRACKING,1250.2921793564458,-2439.1651056724527,144.93206715422167,-3266.585667468605,-1999.040799590134,1330.2537071514096,6.335291290427532
19.9640314,TRACKING,1248.9417878030579,-2450.2986553025476,121.19767848346528,-3266.60648773761,-1999.0943738741064,1330.2521056884004,5.44158027900987
19.9678321,TRACKING,1247.5540940682863,-2462.046125403079,96.73253654590111,-3266.59348950661,-1999.0497151950112,1330.263094101256,7.149956532067469
19.9715197,TRACKING,1246.6526549523048,-2473.69732332228,72.4153244938093,-3266.5872998488767,-1999.063946178323,1330.2758525527202,7.316258011925234
19.97583,TRACKING,1245.2855245484473,-2484.79446116579,48.078672633529195,-3266.5698618009765,-1999.0384885522535,1330.271652929419,6.213543253606326
19.9806868,TRACKING,1243.8960397741694,-2495.4563229644027,23.959285629375486,-3266.5960842752593,-1999.0478857311207,1330.2414560758573,5.437201526103835
19.9841791,TRACKING,1243.1723215534553,-2506.7288983157428,0.3781076619297533,-3266.5868544660716,-1999.0122551959412,1330.2903592567504,7.487048773458508
19.9881571,TRACKING,1244.520747414935,-2511.2784874189147,13.494778384504603,-3266.662881077506,-1999.055089189562,1330.360564468146,3.5064410012957263
19.9924247,TRACKING,1243.213779083289,-2518.8677626455683,27.329523921293475,-3266.6392354317913,-1999.0707394829162,1330.23183831261,3.71020733761581
19.9969467,TRACKING,1243.838276667119,-2524.4512766744197,43.48324867288361,-3266.634188814121,-1999.1004836245845,1330.270773309971,3.7821491370830373
20.0007907,TRACKING,1244.2620223191002,-2529.7283692736105,59.061947364484595,-3266.64304068118,-1999.0557148585235,1330.2937767882966,4.280350114679092
20.0050301,TRACKING,1244.5632956305105,-2534.963257177729,74.87311367896201,-3266.660197134226,-1999.0706377712588,1330.2811045222732,3.929321360990079
20.0092503,TRACKING,1244.9873713114002,-2540.6837074503783,90.34892474423194,-3266.6365151560235,-1999.0528071716437,1330.2179849487186,3.9108738048256906
20.0138357,TRACKING,1245.210574474056,-2546.2697358467426,105.25608593548544,-3266.6471512388944,-1999.0796742886728,1330.2064993333402,3.4720985386928005
20.0177386,TRACKING,1246.03648403473,-2552.421772165858,119.6871341418852,-3266.629309507648,-1999.1097252812992,1330.2245731274413,4.025054876717
20.021521,TRACKING,1247.002058773831,-2557.4531671255477,135.1800541199078,-3266.6081015874415,-1999.0664433737463,1330.2119703429482,4.314197841677092
20.0258044,TRACKING,1247.1476329447837,-2562.948162595726,149.96964074998684,-3266.6119471196557,-1999.052296459481,1330.2015787507578,3.68354282310444
20.0304253,TRACKING,1247.13988985266,-2568.366035062879,164.19413307190052,-3266.5921981832394,-1999.0414365812305,1330.2129630232355,3.2940234351117716
20.0342322,TRACKING,1247.3521389436419,-2573.6999459235635,178.4750528042494,-3266.6166180454043,-1999.0328986234806,1330.265142658972,4.004831667583912
20.0382562,TRACKING,1247.8708562129002,-2579.180213769509,192.50949671077638,-3266.597532992155,-1999.0639672832044,1330.3069536600078,3.746374521242976
20.0423798,TRACKING,1248.30472271835,-2584.5693351168457,206.458940097257,-3266.625209677027,-1999.0659388980328,1330.3296158880532,3.6280295773931766
20.0470957,TRACKING,1248.8036469216559,-2589.7379376694244,220.25000713564452,-3266.6353366960584,-1999.0927935558714,1330.2239489086444,3.1248000799030007
20.0508748,TRACKING,1249.1739318381944,-2595.0236864182275,233.8445437413434,-3266.650193307088,-1999.0931367300489,1330.325513389536,3.8608850955480887
20.0550296,TRACKING,1249.6000084677826,-2600.1653748044782,247.44001502346384,-3266.650193307088,-1999.0931367300489,1330.325513389536,3.499928769980098
20.058968,TRACKING,1250.185384875965,-2605.619407085983,260.5205856698185,-3266.6353688827767,-1999.030938768216,1330.2908631648172,3.60150374992088
20.0636112,TRACKING,1250.731669563264,-2610.939302958491,273.22104639207265,-3266.6353688827767,-1999.030938768216,1330.2908631648172,2.9678825969529115
20.0678528,TRACKING,1250.8508710773099,-2616.5110859881097,286.4158786698438,-3266.614103967105,-1999.053243725918,1330.2082373319995,3.3769090124900405
20.0718068,TRACKING,1250.7530300615151,-2621.3194483844914,299.8732969031626,-3266.619564435566,-1999.0527855106452,1330.2470853806738,3.6143088338758336
20.075712,TRACKING,1251.4016301233423,-2627.6431919809206,311.9880954355018,-3266.65364387486,-1999.072594535069,1330.3229988766057,3.5033618845130317
20.0806268,TRACKING,1251.894454612205,-2633.5326375223294,324.3328148086645,-3266.624368629663,-1999.0518823104276,1330.2030103171628,2.7847541016390194
20.0843151,TRACKING,1252.411348197105,-2638.779240141023,336.9636276495203,-3266.6308527088618,-1999.0793627800892,1330.2876706162058,3.7108987923861143
20.0882979,TRACKING,1252.775210497469,-2644.0618828185006,349.2505241335196,-3266.612946780806,-1999.0706291346569,1330.254336370441,3.3592779875961325
20.0923374,TRACKING,1252.8706695443723,-2649.4037842938324,361.2897106409957,-3266.625369353873,-1999.0878324658984,1330.258864481264,3.2606628889332225
20.0971304,TRACKING,1253.4420937272637,-2654.9081864345,373.258225140749,-3266.6428276276815,-1999.0585430384556,1330.2134303413852,2.7510930677611825
20.1008129,TRACKING,1253.0342928895482,-2660.878678680853,384.1400593346633,-3266.6311954345224,-1999.0508500366604,1330.229290122138,3.372391651413274
20.1047716,TRACKING,1253.234362718939,-2666.6162712087007,395.06740556388564,-3266.653256061381,-1999.0793279749532,1330.3147771202189,3.1181191946136635
20.1086566,TRACKING,1253.787004992938,-2671.985379446669,406.5711060537753,-3266.6214933841634,-1999.036723359955,1330.2824153456238,3.2707851995670967
20.1140175,TRACKING,1254.9539684815538,-2676.920881641629,418.2979721072573,-3266.6302015676542,-1999.0470302118827,1330.3250761801369,2.38328556871951
20.1175624,TRACKING,1253.991704321054,-2683.534956039931,427.90110939539,-3266.619986435099,-1999.0229434244623,1330.2649916656324,3.3005424938970513
20.1215417,TRACKING,1254.049223753771,-2689.371128390194,437.99728349892786,-3266.5970130544415,-1999.006862193966,1330.2924940217836,2.930609133103612
20.1256615,TRACKING,1254.3224686999524,-2694.408591696258,448.4103366790387,-3266.641115736138,-1999.0466301880363,1330.2651631848507,2.808572066544089
20.1303221,TRACKING,1254.4473661406184,-2699.8066117974113,458.9819744134996,-3266.64935043287,-1999.0551364051435,1330.3136411157257,2.547034615950728
20.1344271,TRACKING,1254.5661343890931,-2705.251664781721,469.469563243241,-3266.6638438331784,-1999.0958112986507,1330.248649671149,2.878795213631163
20.1385144,TRACKING,1255.4642733362525,-2711.76452054128,478.5082875907011,-3266.629461536785,-1999.0441467362118,1330.2381649356864,2.7345368872018345
20.1423278,TRACKING,1255.817761126679,-2716.984623544221,488.81342593479326,-3266.637873293669,-1999.0665190435814,1330.294382394131,3.0306975440350015
20.1471873,TRACKING,1255.5544619978361,-2722.537925084616,497.8434328157487,-3266.610750841306,-1999.0512135583758,1330.1654198953836,2.182163034873064
20.150931,TRACKING,1255.4916373190724,-2728.045681941326,507.28708347751314,-3266.607464649409,-1999.049007680702,1330.2355586506137,2.9202676057092716
20.1549053,TRACKING,1255.8363336704274,-2733.426683413847,516.3431426841039,-3266.620032649042,-1999.0639286176756,1330.2226344462042,2.6519749054374335
20.1589141,TRACKING,1255.559867127195,-2738.6342113762844,525.3917129455201,-3266.625583555645,-1999.0515702734017,1330.221262539445,2.605199967214237
20.1637718,TRACKING,1255.8212535864736,-2744.0774285630296,534.0317104453287,-3266.625583555645,-1999.0515702734017,1330.221262539445,2.1028497270170345
20.1674637,TRACKING,1256.228772441789,-2749.542538853782,542.6134108737417,-3266.5945864291825,-1999.061787189993,1330.2256654708976,2.7580087993589357
20.1715716,TRACKING,1256.3316260740148,-2754.821666097974,551.1605819619779,-3266.625633727322,-1999.0564444593,1330.305534373202,2.445674513196025
20.1759756,TRACKING,1256.4155806521087,-2759.963474290089,559.4669723570867,-3266.630183163995,-1999.0933661258018,1330.319708884929,2.2183036927310087
20.1806089,TRACKING,1256.6865079099412,-2765.3736521028095,567.6605556130277,-3266.617933984076,-1999.0382277079461,1330.3290329248105,2.1199433090027626
20.18426,TRACKING,1257.0580768931125,-2770.942798594201,575.5423021404837,-3266.621975553476,-1999.0405072777633,1330.2627069504288,2.6452078077205847
20.1883457,TRACKING,1257.104151051292,-2776.3720608476888,583.1320360973125,-3266.5980757785787,-1999.0369712832585,1330.250280302584,2.284022608058233
20.1923235,TRACKING,1257.009771508338,-2781.832966728968,591.0232974492599,-3266.614973214566,-1999.0248853520404,1330.2650156559266,2.412640117052581
20.1972156,TRACKING,1257.201810723745,-2787.389602789141,598.2959206549926,-3266.625193754869,-1999.0600216446837,1330.2240515513665,1.8712740253745972
20.201028,TRACKING,1257.4593747911185,-2793.0295516629303,605.3972650651785,-3266.6114328757817,-1999.0501190543907,1330.2343605196338,2.379650686464543
20.2048875,TRACKING,1257.4115240613396,-2798.5095119692287,612.8353140864848,-3266.6345053321766,-1999.0296441217101,1330.201402219877,2.393801243665699
20.2090335,TRACKING,1257.6798769366478,-2803.7884795390823,620.3679556232361,-3266.6362042282585,-1999.0723168133666,1330.285169501346,2.2195331752221086
20.2138295,TRACKING,1257.590751004574,-2809.2217270647284,627.2005276570416,-3266.6268073894266,-1999.0668057550238,1330.204546546944,1.8202580842724403
20.2177586,TRACKING,1257.6980271198213,-2814.8240788129383,633.9235815907657,-3266.647711609848,-1999.0708304409357,1330.2790046603452,2.2274792630242346
20.2218777,TRACKING,1257.3560442356277,-2820.1698243520586,640.4018699256382,-3266.647711609848,-1999.0708304409357,1330.2790046603452,2.0407562801981323
20.2258633,TRACKING,1257.1649764666402,-2825.8108458569995,646.342056526911,-3266.6321605284393,-1999.045305716768,1330.2256085865736,2.0559289766884827
20.2306062,TRACKING,1257.119874626423,-2831.2802794471795,652.2972359881254,-3266.6483367852857,-1999.061835965575,1330.2975102365808,1.7048315759816732
20.234459,TRACKING,1257.6018994569004,-2836.813259630476,658.4464006088285,-3266.6411717440747,-1999.0240701132166,1330.2680148382356,2.1506538238247805
20.2384957,TRACKING,1257.5243145614822,-2842.8768194905674,663.7158808414855,-3266.656278196146,-1999.0705359874137,1330.3017683353248,1.9901631344356285
20.2423598,TRACKING,1257.4105198534974,-2848.928982025924,668.7424126634229,-3266.6225235113056,-1999.0270413262404,1330.3018020661966,2.036215676843621
20.2475567,TRACKING,1257.258202534066,-2854.4417102290595,673.8839534554527,-3266.663216768038,-1999.0732617294339,1330.209594325401,1.450829395301598
20.2509507,TRACKING,1257.4790527513178,-2859.623178895518,679.3076321710502,-3266.6509994487787,-1999.0674713607575,1330.2531501780356,2.211012879918943
20.2547039,TRACKING,1257.1761584832727,-2864.906694088944,684.4521400097473,-3266.617575224391,-1999.0306172032635,1330.2361335607216,1.9664816155557625
20.2590476,TRACKING,1257.4990330194553,-2870.193414301072,690.0756009366665,-3266.6182540337463,-1999.0466152885924,1330.2688212373146,1.7784577992982542
20.263968,TRACKING,1257.6672829699596,-2876.5635561062554,693.7830862951088,-3266.597342205732,-1999.0357076250248,1330.2712773500343,1.4983359579501938
20.2673705,TRACKING,1257.5148814414913,-2881.648039249681,698.7649424235633,-3266.600594126085,-1999.0582413445445,1330.2107531084616,2.0925724959710608
20.2714877,TRACKING,1257.1422729416622,-2887.4366963741927,703.1752901521209,-3266.608623893301,-1999.05015628402,1330.2752671841101,1.7698619362806343
20.2756746,TRACKING,1256.59176758614,-2892.937273016635,706.9310691963807,-3266.614431838985,-1999.0464371803016,1330.2222230280854,1.596218800083555
20.280364,TRACKING,1256.642736575527,-2898.2954382031467,711.0052917493634,-3266.5893645263727,-1999.0326005954428,1330.246297930255,1.4354513593860518
20.2843507,TRACKING,1256.9976430345932,-2903.629430723256,714.457826775218,-3266.5759880737387,-1999.0340263178743,1330.2672730714874,1.596247356804138
20.2882048,TRACKING,1257.061661258142,-2909.1551020632414,717.9214407038728,-3266.6056401794763,-1999.0239851326735,1330.263451396584,1.6921697507071236
20.2921806,TRACKING,1257.0978653152672,-2914.2236345002357,721.6401134455534,-3266.5841408008773,-1999.010238438666,1330.2622816597545,1.5811867358649556
20.2974056,TRACKING,1257.1727894135988,-2919.7597196203633,724.8012083085399,-3266.618661490771,-1999.041038835114,1330.2733376254596,1.2201819699011036
20.3006893,TRACKING,1257.1300809527343,-2925.0346328510614,727.9018244261941,-3266.609787623026,-1999.0137091311042,1330.2357749606285,1.8634017529845741
20.3047651,TRACKING,1257.1236451675559,-2930.404185620118,730.94316274018,-3266.622560706068,-1999.0241619584895,1330.2346528102,1.5140712348911658
20.308811,TRACKING,1257.3161074191166,-2936.1691388446484,733.3740046424169,-3266.6292800775586,-1999.0634011948728,1330.3110484220792,1.547109527023135
20.3137049,TRACKING,1257.1077286388002,-2941.5788058575713,736.0435265642581,-3266.6287920204877,-1999.0474561514338,1330.3086405659108,1.233388579065358
20.3173396,TRACKING,1257.1328331872608,-2947.15217549761,738.5934007183401,-3266.6262525458524,-1999.0289577193103,1330.2535875352369,1.6862531144615989
20.3213508,TRACKING,1256.912691019591,-2952.6302046786072,740.8443464073889,-3266.608390271632,-1999.015879779256,1330.295129307789,1.4775010848754226
20.3256674,TRACKING,1256.87349481717,-2958.155986432364,742.9616036389269,-3266.6558752931505,-1999.0854052357884,1330.3129430029464,1.3709052833368562
20.3300384,TRACKING,1256.6824738330201,-2963.757948355809,745.2104458718777,-3266.6092912430577,-1999.0884797006988,1330.2888895754681,1.3817241717104054
20.3339862,TRACKING,1256.721504935377,-2968.934874520651,747.5023508580846,-3266.5949790578616,-1999.0253798702731,1330.237703160676,1.4341420891147114
20.3381911,TRACKING,1256.6652480635253,-2974.2991354825454,749.4120105188011,-3266.5928579104343,-1999.0169238274027,1330.242953407895,1.354210151660726
20.3426708,TRACKING,1256.284307708201,-2979.813632111404,750.7964167026511,-3266.608581802719,-1999.0551875582444,1330.220935414748,1.2720417609850914
20.3472832,TRACKING,1256.4299579139408,-2985.1540690835927,752.2563575248021,-3266.6072816816495,-1999.040878835317,1330.246256457698,1.200744246199553
20.3510814,TRACKING,1256.066225855605,-2990.5783692995988,753.3968303655179,-3266.5910405976733,-1999.0353434304236,1330.2584656963934,1.462487183899735
20.354925,TRACKING,1256.0963486406986,-2995.9596919767905,754.5602577208899,-3266.6111156274064,-1999.0359856531327,1330.2591363106192,1.43244192171521
20.359359,TRACKING,1256.491279168899,-3001.65963391228,755.2971207632521,-3266.6014787182603,-1999.0137935724629,1330.3173315572274,1.299261750947956
20.3639708,TRACKING,1256.4669663808556,-3007.177053043279,755.7400631229277,-3266.6120171797966,-1999.0317129538519,1330.27966429295,1.2002306769230986
20.3676216,TRACKING,1255.3465548175973,-3013.6385577513543,754.9111173210423,-3266.633876798987,-1999.04192034006,1330.3780262987252,1.8105914135862793
20.3715618,TRACKING,1255.1346750126354,-3019.211221685621,754.8920188142921,-3266.624887728779,-1999.0167244493853,1330.274393549106,1.4153401231766156
20.3758681,TRACKING,1254.8698686952987,-3024.4914809700745,755.0947948230126,-3266.6182676484036,-1999.0482593134375,1330.2813349344851,1.2286144530377459
20.3804792,TRACKING,1254.6601485656413,-3029.7335389371715,755.2635824754935,-3266.62403457763,-1999.0193084045668,1330.2537000600169,1.1383327078360426
20.3842783,TRACKING,1254.4726980700214,-3034.895440388185,755.3383671788662,-3266.635267264888,-1999.0407221036915,1330.2306508423126,1.359755004789684
20.3883043,TRACKING,1254.6516509874682,-3040.7339891723987,754.8445108682015,-3266.6120100693493,-1999.0151991001485,1330.236946466746,1.4560680993808974
20.3923477,TRACKING,1254.2747965747565,-3046.506638143401,753.8721937228535,-3266.6120100693493,-1999.0151991001485,1330.236946466746,1.4507790780204086
20.3969249,TRACKING,1253.738986074436,-3051.754187350957,753.1854674808008,-3266.633908787663,-1999.051019377339,1330.2922045388545,1.162140077835769
20.4010062,TRACKING,1253.389248717199,-3057.098398288275,752.0647181620319,-3266.616569393106,-1999.02395828411,1330.216542198837,1.340664232224366
20.4049405,TRACKING,1253.053992798817,-3062.969156307432,750.5300966954574,-3266.6384344126395,-1999.0317135620141,1330.3165465765119,1.54469003432706
20.4091508,TRACKING,1252.9834528682761,-3068.3968426940105,749.1428234166915,-3266.6116325693724,-1999.0249298642095,1330.2307650502767,1.3306923266057873
20.4136133,TRACKING,1253.0859525789472,-3073.907790328239,747.6277874676292,-3266.6366049861513,-1999.0413494900379,1330.2893701044418,1.2809694314936684
20.4177364,TRACKING,1252.7896749371869,-3078.9370886611728,746.0554882946287,-3266.608309333318,-1999.033559997823,1330.2511776551287,1.2800235030074605
20.421578,TRACKING,1252.7393571327193,-3084.261945288964,744.4196839366198,-3266.6171050814705,-1999.0834126467807,1330.2355802101424,1.450093949810864
20.4256802,TRACKING,1252.5226553760565,-3089.7673571322666,742.0790916585955,-3266.6331583402616,-1999.046705333677,1330.2593923207266,1.459271888273917
20.4304864,TRACKING,1252.3558619582352,-3095.059718150945,740.0614014128105,-3266.589044338763,-1999.0325362171197,1330.2796683654344,1.1789751379759168
20.4342832,TRACKING,1252.1368837354917,-3100.615402392731,737.5480155642231,-3266.609614620521,-1999.0310624381882,1330.2896723799931,1.6070626430414579
20.4381752,TRACKING,1251.7312169787442,-3106.1607500110836,735.2603026317444,-3266.612300091035,-1999.0669975642732,1330.3401169878298,1.544812482329595
20.4421497,TRACKING,1251.3363958140692,-3111.5950637241854,732.787196345677,-3266.62861201808,-1999.0506725981345,1330.2722049919103,1.505506693035655
20.4473833,TRACKING,1251.040579287435,-3117.3017451803653,729.9988807455013,-3266.614608644311,-1999.0320602161198,1330.2800952138257,1.214906573891301
20.450996,TRACKING,1250.7748929291658,-3122.9237550938633,726.9385437093014,-3266.62664140812,-1999.013522956283,1330.3082891642205,1.7733275413003478
20.4549372,TRACKING,1250.5372826241278,-3128.53379120232,723.9478393590541,-3266.6237995817532,-1999.0617738296319,1330.26507408466,1.6141939187313215
20.45889,TRACKING,1250.316182912255,-3133.822065161804,720.9023593293201,-3266.613221675719,-1999.0583060204922,1330.343172432645,1.5448611766288065
20.4637281,TRACKING,1250.1644382176037,-3139.185820043705,717.5638184075162,-3266.631821085736,-1999.033211533237,1330.2487764336925,1.3062382130956902
20.4677693,TRACKING,1249.9577512757362,-3144.3972261570266,714.0105549969816,-3266.5885729927445,-1999.0306143492899,1330.2337047608944,1.5616341317440825
20.4716658,TRACKING,1249.6317629908197,-3149.877993919119,710.089243487324,-3266.636469149087,-1999.0660832749495,1330.237401842779,1.731549367133997
20.4756748,TRACKING,1249.3641916858123,-3155.3344020755435,706.261876696128,-3266.6123498402835,-1999.049907955204,1330.2411658005017,1.6638279920604786
20.480504,TRACKING,1248.6921214006177,-3160.933845123596,701.855102929203,-3266.601632747793,-1999.0324347721153,1330.2022160923955,1.4820614068470246
20.4843196,TRACKING,1248.756381205631,-3166.2488887850245,697.9321427878406,-3266.600780714366,-1999.0409240434115,1330.215165378098,1.731396841390395
20.488274,TRACKING,1248.2282979555034,-3172.064253285642,693.0203858924124,-3266.6165827002233,-1999.052444132838,1330.2271409224284,1.9295922376460872
20.4924117,TRACKING,1247.5399540768944,-3177.998468946673,687.7562489420926,-3266.622313169811,-1999.0298045770767,1330.2539454211037,1.9243549729787925
20.4969947,TRACKING,1247.1516769395548,-3183.5677130988856,682.7734099021958,-3266.639664762734,-1999.083652326933,1330.2855027554504,1.6327825573027823
20.5008614,TRACKING,1246.5751155985906,-3188.9231126006284,677.7425812656099,-3266.632269104956,-1999.0169791794774,1330.2606135361423,1.9061068916724215
20.5048728,TRACKING,1246.05479488472,-3193.9583192268997,672.7175141538631,-3266.611822141168,-1999.0123556772965,1330.2930512552603,1.7781061637153786
20.5090954,TRACKING,1246.2751795934141,-3199.351207115678,667.7074241355875,-3266.6073311463256,-1999.0209886176408,1330.2494002673163,1.7440186109431017
20.5139162,TRACKING,1245.9586276703778,-3204.752903215128,662.0590236154904,-3266.647689041008,-1999.0405971554137,1330.3738295723242,1.6225425979456571
20.5174821,TRACKING,1245.655312321864,-3210.1777406006413,656.3807333458559,-3266.6148052671238,-1999.0368378587107,1330.2446582599268,2.203930976979199
20.5217704,TRACKING,1244.909902490846,-3215.603458322235,650.4014427898543,-3266.6176454305923,-1999.04106824093,1330.27745049809,1.8908165254206692
20.5259481,TRACKING,1243.6836495095754,-3221.787883749122,643.9281272829849,-3266.6202252163475,-1999.0539020979988,1330.2494055135187,2.162983227839659
20.5302112,TRACKING,1243.5294230504012,-3227.417706247938,637.6024556253592,-3266.6478903346288,-1999.0695312579912,1330.2006740046759,1.9867050655315988
20.5343687,TRACKING,1243.2002237820907,-3232.5651073393724,631.2243123846439,-3266.624580882741,-1999.061660499201,1330.340237767271,1.9729964050648319
20.5382574,TRACKING,1242.9734187869226,-3237.82875360003,624.6085401930258,-3266.5974517038007,-1999.046782258224,1330.2470238666128,2.174838869720189
20.5425297,TRACKING,1242.5220301407933,-3243.0897526357976,618.0137578674149,-3266.6194829171777,-1999.055293515773,1330.2358484428075,1.977448969703614
20.5472054,TRACKING,1242.1636418640528,-3248.387614482144,611.1065663566853,-3266.6194829171777,-1999.055293515773,1330.2358484428075,1.863325699029715
20.5510238,TRACKING,1241.8226530728873,-3253.648516588704,604.1324440077124,-3266.6265450741375,-1999.075709307713,1330.2976978762902,2.2895781478601336
20.5549553,TRACKING,1241.5067856895894,-3259.041866913353,596.7909024843051,-3266.645001210871,-1999.0559737362707,1330.2710352449174,2.3184954697092595
20.5589198,TRACKING,1241.0827980266322,-3264.4167753355973,589.3356785573378,-3266.610247400589,-1999.0299313658368,1330.2793296151751,2.320729210946519
20.5636721,TRACKING,1240.4238216301526,-3269.7775794273375,582.0758780721455,-3266.6131370937,-1999.0354833403628,1330.266804590092,1.9040465957306472
20.5675103,TRACKING,1239.9710887361725,-3275.4617052470307,574.4667108254647,-3266.61447177627,-1999.002998458337,1330.2859148673535,2.4773619960205195
20.5715201,TRACKING,1239.4518521905484,-3281.0678321018495,566.4813372236484,-3266.6318578075125,-1999.0564816162441,1330.3282142383407,2.4366779909353693
20.575748,TRACKING,1239.0601099612609,-3286.6612485091273,558.5335247608734,-3266.603003062754,-1999.0318396791442,1330.2910058574528,2.300583805045867
20.5802242,TRACKING,1238.6309285059058,-3292.142187899524,550.5750287462391,-3266.6283295755798,-1999.0416578894162,1330.2470598270643,2.1609342201325603
20.5843888,TRACKING,1238.3506289352629,-3297.358281656075,542.4642406474258,-3266.6002807182667,-1999.0149488405752,1330.2384872686755,2.316509549295965
20.5884869,TRACKING,1237.8057961961474,-3302.6417478990925,533.9206051914952,-3266.6094815826677,-1999.0271214735403,1330.239121821075,2.4548199571633966
20.5926971,TRACKING,1237.6034969671748,-3307.9291795691033,525.4086980173712,-3266.61068729685,-1999.0246518963227,1330.2025334097757,2.3805272471886316
20.5971866,TRACKING,1236.8970151065237,-3313.1771806951024,516.6556766396529,-3266.6052481431752,-1999.0308024089131,1330.217138900091,2.2786841029572478
20.601251,TRACKING,1236.5106250244414,-3318.460067715021,507.92789154272225,-3266.596856597064,-1999.0589587062298,1330.2258775027644,2.511915228147465
20.6049047,TRACKING,1236.0208163528282,-3324.053269424612,498.5272380903295,-3266.630233865141,-1999.0566142298892,1330.2139940471961,2.996882039083844
20.6090147,TRACKING,1236.0175958323048,-3329.413633187842,489.3322590508039,-3266.624727064357,-1999.0621367351193,1330.2019859687784,2.5896257326909606
20.6139038,TRACKING,1235.1962403282919,-3335.1065081381857,479.4566220292901,-3266.60337084869,-1999.0228089451828,1330.229582175517,2.3375561335363084
20.6176041,TRACKING,1234.0530942002379,-3340.986101691905,469.05535392963657,-3266.628925912073,-1999.014812162274,1330.2645937816092,3.243687163499291
20.6215235,TRACKING,1233.3705197403838,-3346.489135733833,458.8736550145194,-3266.6194952568453,-1999.0127246048778,1330.246266080574,2.9580557496933477
20.6255065,TRACKING,1232.5261313974443,-3351.4622119374467,448.74349497772596,-3266.6546102080683,-1999.0718960950062,1330.270270239326,2.841216170996507
20.6304527,TRACKING,1232.3139721179678,-3356.5396046569776,439.0641321141963,-3266.616057828034,-1999.0734090430685,1330.3019489244884,2.2102404542772054
20.6344904,TRACKING,1232.2798638849058,-3361.860097767932,428.8334006349258,-3266.6079950839253,-1999.0025819292543,1330.260811192655,2.855970321323702
20.6382497,TRACKING,1231.9090723650115,-3367.139499559728,418.35318135183405,-3266.625364539119,-1999.063241064866,1330.2791174175281,3.12311402225782
20.6423541,TRACKING,1231.0885638928746,-3372.6869120203896,407.36884324947226,-3266.605363631368,-1999.0211991523656,1330.2751996794905,3.00482225110608
20.6471083,TRACKING,1229.664524276584,-3378.665678524707,396.1283523603064,-3266.6195290615506,-1999.070077743059,1330.2305205616235,2.6946736880574114
20.6510079,TRACKING,1228.9935791485455,-3383.954634189112,385.0810590617868,-3266.6140613223524,-1999.0421060380347,1330.261086411057,3.1455673931422927
20.6548671,TRACKING,1228.4927710005118,-3389.5730134324676,373.6487391757906,-3266.6148024259423,-1999.07475544441,1330.2730132053575,3.303310130502774
20.6590286,TRACKING,1228.1462959769262,-3394.8862193271107,362.26904735454787,-3266.620710773013,-1999.0514819484813,1330.2642258874873,3.0190414499874674
20.6639167,TRACKING,1227.693148481226,-3399.7451834429853,350.7970804760936,-3266.622653413568,-1999.0738069608105,1330.2971968176482,2.55043715317685
20.6674505,TRACKING,1227.1458458738744,-3404.8820838938095,339.11455466389174,-3266.6073259513023,-1999.0819756701196,1330.2845058153887,3.614734920288883
20.6715661,TRACKING,1226.5596739503526,-3409.993306042475,327.3994125772342,-3266.6047432702935,-1999.0560655985855,1330.218165714573,3.1089095336911248
20.6755907,TRACKING,1225.9084437005915,-3415.1968621928336,315.12300112064645,-3266.6249019195425,-1999.075798678191,1330.227594400236,3.3169963109450835
20.6803754,TRACKING,1225.3255333859165,-3420.488261285527,302.8434440602526,-3266.637229745802,-1999.0209814659418,1330.2782553772354,2.7972086093090915
20.684158,TRACKING,1224.6603232858897,-3425.5739618321786,290.6740025378493,-3266.620956486602,-1999.0148524721758,1330.2396079728935,3.49128669495778
20.6881983,TRACKING,1223.9769404776632,-3431.1267286085263,278.2347919545697,-3266.6301523965235,-1999.01844153554,1330.2274412051152,3.375847124596667
20.6922416,TRACKING,1223.3088138972944,-3436.6511477812205,265.6060521707819,-3266.6601447430494,-1999.037822928818,1330.2932812552651,3.4131492956526293
20.6967388,TRACKING,1222.8100155928062,-3442.138797433027,252.75484540691852,-3266.638586835253,-1999.0266216199334,1330.2056348828537,3.1092069615573465
20.7009221,TRACKING,1222.342450819043,-3447.589449008076,239.97104101495046,-3266.6322548877124,-1999.0416606773504,1330.2190679058367,3.3239725493658407
20.7047643,TRACKING,1221.6268268830727,-3452.772425946497,226.85955954802384,-3266.652763583097,-1999.0306500732015,1330.2430010871997,3.674165961263845
20.7093204,TRACKING,1221.2385987656517,-3457.729763701681,213.855667966453,-3266.61399368498,-1999.0341172976298,1330.2411581498304,3.055723246301834
20.7141638,TRACKING,1220.6448997804948,-3462.8655509559308,200.50935138747352,-3266.6349866853507,-1999.0417259209016,1330.263151187545,2.955090457750049
20.7176471,TRACKING,1219.9919158558798,-3467.8283327509257,187.1569363792739,-3266.6313252604364,-1999.0525879978698,1330.2279088837727,4.0937685245317095
20.7215966,TRACKING,1219.2206592567056,-3473.081977479601,173.42573929746402,-3266.636296055433,-1999.0528913947132,1330.339269605534,3.727595784677502
20.7257303,TRACKING,1218.709854914813,-3478.309821003967,159.66911697584933,-3266.634281326326,-1999.1093623100298,1330.311703355385,3.5622686209907037
20.7305748,TRACKING,1218.3161994575357,-3483.669160624455,145.50976598987165,-3266.591154088335,-1999.0499482990276,1330.2583515693673,3.126182554686034
20.7343168,TRACKING,1217.5063590603932,-3489.094941950068,130.94471995207562,-3266.6183656099874,-1999.0900668438492,1330.3345774630448,4.159250919554123
20.7381664,TRACKING,1216.4896556283907,-3494.750826891447,116.0010689776299,-3266.584205917971,-1999.041232367174,1330.2496994104151,4.158997972058696
20.7423642,TRACKING,1215.3822429417287,-3500.3076952930583,100.81275978961314,-3266.5900397680007,-1999.016040266913,1330.2810980835995,3.8617359882734816
20.7469396,TRACKING,1214.4089522690292,-3505.3211696482535,85.80253144104864,-3266.6340133940853,-1999.0759634764515,1330.2972599098212,3.465326968593202
20.7507358,TRACKING,1213.4431882841102,-3510.151724118001,70.8491025325736,-3266.6338970375937,-1999.0245736953384,1330.2730322629413,4.147292288863781
20.754965,TRACKING,1213.2157042517854,-3515.105970149637,56.15327524902929,-3266.597776728927,-1999.0114485142904,1330.2842395484695,3.667387258309347
20.7593115,TRACKING,1213.1915987686782,-3520.141373666631,41.19364349457561,-3266.615314978621,-1999.0104664898488,1330.2695496950312,3.6315135537513568
20.7639754,TRACKING,1212.6321822355146,-3525.527065230037,25.609250008097977,-3266.6083886407228,-1999.021203891441,1330.2503791748989,3.5374344511993443
20.7676409,TRACKING,1210.8705220906124,-3532.1073450828553,12.644269302675754,-3266.6154053481505,-1999.0287315297694,1330.2349685628417,3.9955319472796784
20.7715644,TRACKING,1210.6374669363886,-3536.5876898406577,21.155278897035526,-3266.614521625355,-1999.0224467045437,1330.2225298937503,2.452166486191498
20.7755322,TRACKING,1210.3371172642658,-3540.8246060011184,31.63406202156351,-3266.661224886478,-1999.080071125627,1330.274498546973,2.8496712282163807
20.7804845,TRACKING,1210.2823969733595,-3545.1813192216305,41.949700816660474,-3266.6513122423294,-1999.0606229880555,1330.295966631862,2.261181892655057
20.784296,TRACKING,1210.2946427162576,-3549.6861236180866,52.03567018471609,-3266.6397238256936,-1999.0374302923553,1330.2055677024505,2.8981437674147337
20.7881957,TRACKING,1210.343564267535,-3554.1004972157466,61.86346351277191,-3266.6616807392106,-1999.083204913914,1330.2966265491757,2.7627234675072843
20.7922935,TRACKING,1210.2524009427607,-3558.3497248928184,71.60834552114449,-3266.6285234801203,-1999.0615162481183,1330.235425055179,2.5944200281476637
20.7970639,TRACKING,1210.1853226465398,-3562.3433477919934,81.35565428741049,-3266.6036594581255,-1999.0383311088815,1330.2532241364404,2.2081846058263874
20.8008401,TRACKING,1209.9933022011508,-3566.7294861372725,90.7351647380938,-3266.627004199792,-1999.0554960399088,1330.2476797548265,2.7424850281061177
20.8047542,TRACKING,1209.8076743763852,-3571.0724855064577,99.96911608883772,-3266.625046737401,-1999.0308476955233,1330.240527943768,2.6074900026831105
20.809142,TRACKING,1209.6030790578843,-3575.3213751249928,109.01776448956124,-3266.577543531548,-1999.021770042122,1330.283447941787,2.278738300362717
20.8138877,TRACKING,1209.4797992900058,-3579.5601755073353,117.90269442993947,-3266.6326981066522,-1999.0982107815237,1330.298101551182,2.0745157804363963
20.8176099,TRACKING,1209.4495471436155,-3583.7975468706472,126.84808900927081,-3266.62546305491,-1999.0338981582627,1330.2629386445071,2.6592602798182265
20.8215065,TRACKING,1209.2383934790244,-3588.1966188237157,135.4417260822444,-3266.59548428347,-1999.0267041623829,1330.2886311611094,2.4781731657583146
20.8255671,TRACKING,1209.0235563200117,-3592.7223802682965,143.93845617268548,-3266.6106805214754,-1999.0917557104979,1330.2422046255854,2.3713941646736316
20.8304779,TRACKING,1208.9225056777216,-3597.1942231585385,152.41165774487942,-3266.606413802153,-1999.0281171541294,1330.2574307631753,1.951082181497794
20.8343911,TRACKING,1208.8766253390559,-3601.8821188050983,160.55413111099776,-3266.5975474759803,-1999.0345796614256,1330.2645501470554,2.4010159319220197
20.8382129,TRACKING,1208.876135025646,-3606.4170995499057,168.5879839024886,-3266.592848277726,-1999.0326032377372,1330.2524679974185,2.413900600666811
20.8422772,TRACKING,1208.65024297377,-3610.949620029711,176.37164226763258,-3266.5840028798166,-1999.053859205961,1330.2771100065124,2.2168640035964566
20.8472776,TRACKING,1208.4090833708706,-3615.496545181827,183.92269091450194,-3266.6086342080116,-1999.0370803794237,1330.2540166884978,1.7633897276501143
20.8508613,TRACKING,1208.087452451897,-3620.116805891858,191.17256433708164,-3266.6187583632677,-1999.0463951648821,1330.1981171917323,2.4005803953249245
20.8548751,TRACKING,1207.9318637584686,-3624.2670474510946,198.61742273438156,-3266.594327645409,-1999.064118515624,1330.2214088571297,2.1239079193480017
20.8589457,TRACKING,1207.5973100987594,-3628.5733516595506,205.5951752880592,-3266.609656532625,-1999.0558510212466,1330.2595416245329,2.016020465341976
20.8637147,TRACKING,1207.5074264759123,-3632.770677283696,212.66297758581382,-3266.6179739735635,-1999.0223339962047,1330.2296317454675,1.7237727324677496
20.8676441,TRACKING,1207.3292887075206,-3637.114193171711,219.41753023817859,-3266.606049870839,-1999.040042145045,1330.2159942027683,2.044217714923438
20.8716448,TRACKING,1207.466056168211,-3641.268862332331,226.37359558681564,-3266.6506724393103,-1999.056073003274,1330.3080401009654,2.0255222929775063
20.8757164,TRACKING,1207.4278505069622,-3645.5713260339376,232.84130470570886,-3266.629184775211,-1999.084102746538,1330.2876092598888,1.9078825469228595
20.8809048,TRACKING,1207.8120275100728,-3649.86362525287,239.26660257067695,-3266.626814898956,-1999.0410570951162,1330.2895004887687,1.4911452495710797
20.8844378,TRACKING,1207.4475532616761,-3654.482640913093,245.03945007019038,-3266.6085741418665,-1999.0464314878056,1330.2143039613964,2.0951857419622897
20.8881903,TRACKING,1206.7549954762928,-3659.2484396288946,250.50005968930535,-3266.599728012821,-1999.0404308515924,1330.2662100632162,1.9402656540473766
20.8922864,TRACKING,1205.8964688409321,-3663.9851968524476,255.62809119450037,-3266.6111780633846,-1999.0427674466976,1330.2367202111295,1.717130220731535
20.8970219,TRACKING,1205.6837024920687,-3668.4627607000352,261.08141798342194,-3266.6245112090933,-1999.01601042935,1330.2772422880519,1.4907026457465427
20.9009527,TRACKING,1205.092133824313,-3672.8544488498046,266.2020924637214,-3266.6227074323647,-1999.0161091701323,1330.2533004857492,1.7227707346731487
20.9047837,TRACKING,1204.630456795695,-3677.0549681158386,271.42506203155915,-3266.6389215754903,-1999.0553369225738,1330.2418895907547,1.7536939475293742
20.9090652,TRACKING,1204.203165527293,-3681.2639428683274,276.4450014007134,-3266.6259816845236,-1999.0368360530179,1330.2942487796245,1.5333164381826174
20.9136254,TRACKING,1203.5913272947248,-3685.455911421897,281.2598809711639,-3266.6255348694076,-1999.028952137919,1330.2972123452057,1.4063568278987195
20.9175994,TRACKING,1204.3356671637277,-3689.425585995323,286.6972723480542,-3266.6027803186466,-1999.0434123067648,1330.2450418662654,1.7044034406765052
20.92183,TRACKING,1203.8654308939024,-3693.884328536365,290.93346925943206,-3266.580011569157,-1999.0294957213273,1330.2469604281764,1.4579999549686289
20.9260341,TRACKING,1203.4663427346877,-3698.5791803640195,295.2206035351988,-3266.57886059667,-1999.0402324216675,1330.2074123828806,1.5152533736943865
20.930469,TRACKING,1203.1479091917918,-3702.6460025584947,299.3446843975687,-3266.5778140816096,-1999.0426388878147,1330.2080525526387,1.3079734548116506
20.934384,TRACKING,1201.999706447859,-3708.265294498174,302.86868797714516,-3266.5798826230707,-1999.032659948086,1330.2214121456802,1.719418595210586
20.9382333,TRACKING,1201.530587104658,-3712.5404394971433,306.65382018795685,-3266.5737681734363,-1999.0408557949304,1330.2141654739546,1.488384279847971
20.942374,TRACKING,1201.242365176842,-3716.8907662947045,310.3028417398652,-3266.6111949270403,-1999.0275626719924,1330.2588922632006,1.3730528707998695
20.9471563,TRACKING,1201.0892272931408,-3721.3128479865845,313.50159088865803,-3266.579112795607,-1999.0062407634855,1330.2565476837963,1.1416842778304979
20.9510194,TRACKING,1200.9404313059595,-3725.6026346632234,316.60492018457404,-3266.6209118408397,-1999.1100977503393,1330.3750161206144,1.37110170650816
20.9548903,TRACKING,1200.7229629842957,-3729.8412687337063,319.77437673633585,-3266.5960799473883,-1999.036519238469,1330.2635957316113,1.3684291986274653
20.9589076,TRACKING,1200.4408656920482,-3734.0881625786824,322.7274720939912,-3266.5904049709643,-1999.028622894585,1330.2918810939339,1.2895207535020619
20.9635218,TRACKING,1200.0440824618681,-3738.255490825733,325.4838165691049,-3266.646979594053,-1999.0508785372963,1330.261885560246,1.0862413692404258
20.9674245,TRACKING,1199.5961964200555,-3742.5157815741904,327.9827208323468,-3266.6470715802243,-1999.0911563023487,1330.3667787793654,1.2707497288015053
20.9715635,TRACKING,1199.2767337133382,-3746.758221381547,330.44208903507956,-3266.616567289261,-1999.0252162311324,1330.2584175541917,1.1872788889644685
20.9756488,TRACKING,1198.9362486684888,-3751.1997025087694,332.8051615358237,-3266.61904544687,-1999.021256445565,1330.2434788053592,1.2343032371371476
20.9803324,TRACKING,1198.5059462130982,-3755.516439139887,335.01614056353014,-3266.611572670634,-1999.0378541920852,1330.2764653210345,1.0395990240684083
20.9842157,TRACKING,1198.0839867993805,-3759.946953494678,336.9690045189128,-3266.602905119074,-1999.012817835137,1330.2901130844812,1.251554874696192
20.9882084,TRACKING,1197.675884476356,-3764.363333816814,338.7699465552869,-3266.606742320298,-1999.0220758740227,1330.2599917762464,1.1989115320060846
20.9922054,TRACKING,1197.2934586153588,-3768.7429454846465,340.44383191582216,-3266.6016702705606,-1999.0551917110681,1330.2837401931522,1.1769231918136707
20.9970838,TRACKING,1196.8710002954413,-3773.1669344888037,341.99076183714976,-3266.6021538433824,-1999.0313713574685,1330.2466060898103,0.964588799605958
21.0009767,TRACKING,1196.5478706027204,-3777.824225718896,343.47103875404036,-3266.6242963666123,-1999.0575888880708,1330.3311746080476,1.2580723396350568
21.0048291,TRACKING,1196.2355861707877,-3782.4011477902704,344.70488287172213,-3266.586003341075,-1999.0319840735488,1330.2694010498058,1.2331508498355876
21.008955,TRACKING,1195.7563050851966,-3787.0293533181866,345.63629407503373,-3266.6077152471426,-1999.039915280687,1330.280956884207,1.1501159213940806
21.0139322,TRACKING,1195.1540180016536,-3791.5699030766914,346.23053416182614,-3266.6195656668765,-1999.050256586272,1330.2176276573978,0.9279731474185687
21.0175286,TRACKING,1194.696302801816,-3795.897745801891,346.9784895990635,-3266.58967245613,-1999.0222906757404,1330.2366962018934,1.2278349690141663
21.0215163,TRACKING,1194.1804338811796,-3800.159360245774,347.3632693796891,-3266.615588876155,-1999.0807834736095,1330.286583636011,1.080807063124633
21.0256946,TRACKING,1193.5797477986648,-3804.310317061464,347.5709186872487,-3266.60069039161,-1999.0232335185742,1330.2664237015013,1.0050334905906126
21.0305324,TRACKING,1193.489159346495,-3808.5406615496477,347.9916149299558,-3266.6163758852003,-1999.0524587710383,1330.2714550228966,0.878948412314476
21.0344404,TRACKING,1193.0897107675728,-3812.64247685281,348.13290821395185,-3266.64294834999,-1999.0488839947423,1330.3285712162854,1.0551792715037114
21.0381164,TRACKING,1192.9048095352864,-3817.007921531838,347.90005129527094,-3266.6304469103693,-1999.06744928593,1330.3305885469952,1.190304453389497
21.0424052,TRACKING,1192.8950683319142,-3821.6134636671127,347.4325129678994,-3266.617006787274,-1999.0289474023464,1330.2771811256068,1.0793748772384961
21.0469585,TRACKING,1192.2062797457936,-3826.115155452118,346.603231190157,-3266.623052946495,-1999.0374808313666,1330.2954313262744,1.016618802672741
21.050851,TRACKING,1191.2251057270275,-3830.665429958679,345.43169321035265,-3266.621716263886,-1999.0431649709947,1330.2475470641646,1.2331460548546918
21.0548708,TRACKING,1190.2914263514015,-3835.2841115230167,344.04810167288286,-3266.665464166847,-1999.0580512952758,1330.3223601580844,1.221712224911662
21.0591069,TRACKING,1189.506782533584,-3839.650893040175,342.7345861877843,-3266.612393104984,-1999.0389368461983,1330.2854339838254,1.0922946179412147
21.0637151,TRACKING,1188.9313258776185,-3844.1253166348747,341.29874181046364,-3266.630812226218,-1999.0342775833626,1330.2247170457426,1.0273566881050897
21.067664,TRACKING,1188.1131774787068,-3848.2296656500553,339.7432123422717,-3266.60252551949,-1999.041467263723,1330.243804431217,1.1306519322712067
21.0716786,TRACKING,1187.6052183738482,-3852.803260165238,338.33913032925847,-3266.5985050757695,-1999.0408508314758,1330.233054585215,1.1984151351007668
21.0759331,TRACKING,1187.4695123127337,-3856.8177252564738,337.09335431047174,-3266.6269531758894,-1999.0960783292194,1330.3163871306874,0.9884848436731942
21.0803577,TRACKING,1187.2704536722742,-3861.0816920015664,335.3143710846968,-3266.6052383521783,-1999.042270290714,1330.2423335348626,1.0451747733030354
21.0841119,TRACKING,1185.3892302490794,-3866.6267591736528,332.25435450107886,-3266.614952035141,-1999.0287415263363,1330.2642415552482,1.7598557509357506
21.088059,TRACKING,1185.1335558427722,-3871.0033691982017,330.1182477026025,-3266.6138546178004,-1999.056015586766,1330.2513184841184,1.235536347047084
21.0926203,TRACKING,1184.611907278531,-3875.063591329535,327.7229064942609,-3266.5742174470274,-1999.0125406121822,1330.2854920382044,1.0398150618310196
21.0971885,TRACKING,1183.7186779710041,-3879.46444721213,324.96570196439825,-3266.618674337364,-1999.0191069310233,1330.2632052025097,1.1535165021820204
21.1009924,TRACKING,1183.1646806249614,-3883.8774678091177,322.1183630969153,-3266.61564222367,-1999.0261370279734,1330.2668558177043,1.3883130278998208
21.1050358,TRACKING,1182.8233880913742,-3888.2734130060035,319.05840847421985,-3266.6257630725977,-1999.0498094765055,1330.3454346219569,1.3273355542386114
21.1090574,TRACKING,1182.5344090442861,-3892.777062775515,315.73903202509655,-3266.6094826971157,-1999.0147223296467,1330.2887221964702,1.3930273246081686
21.1136447,TRACKING,1182.1075549389502,-3896.8627618957566,312.22389872638155,-3266.662534245358,-1999.1102891312,1330.3314291402019,1.1786013942727451
21.1177385,TRACKING,1181.6227504585515,-3900.927202966739,308.6629264734979,-3266.6520987632507,-1999.0557662935917,1330.3028386687631,1.3252785499970325
21.1217749,TRACKING,1181.049982794345,-3905.2769450162978,305.0368070502843,-3266.632270103282,-1999.0666157156109,1330.3041624039597,1.41012823235703
21.1260334,TRACKING,1180.3824583951587,-3909.528759238023,301.1193386951107,-3266.629832767738,-1999.0612647767355,1330.232462104292,1.3666314283359653
21.1303459,TRACKING,1179.769922697965,-3913.802384318439,297.09380776812645,-3266.6411297234094,-1999.0624674824714,1330.2890500365786,1.3687833410689905
21.1341776,TRACKING,1179.065518635066,-3917.999154844464,292.8493489922141,-3266.5891988222543,-1999.0450719586206,1330.2435335414605,1.5685898943997498
21.1384114,TRACKING,1178.3507578730798,-3922.297187773967,288.5106975979889,-3266.588597160645,-1999.035444478276,1330.2179364630247,1.452314734554087
21.1422691,TRACKING,1177.7821080733304,-3926.676167000246,284.2289182050284,-3266.5984033965956,-1999.0371866515366,1330.232915465195,1.5944239864427254
21.1469816,TRACKING,1177.007408418242,-3931.3004599346486,279.6142714598507,-3266.6286749757537,-1999.054062750434,1330.209266518201,1.396009248745334
21.1509451,TRACKING,1176.5297981018136,-3935.45829858576,274.9330431745881,-3266.6042055275407,-1999.0352175232922,1330.2270390492579,1.5842820440819174
21.1548956,TRACKING,1175.9173895764525,-3939.8858308852978,270.07990332709295,-3266.605232563302,-1999.0577817816397,1330.3233831648831,1.6701193948227637
21.1589181,TRACKING,1175.3249621097953,-3944.316620638913,265.0284174944826,-3266.5901321973142,-1999.0590916693864,1330.3344082101576,1.6769165310144272
21.1638887,TRACKING,1174.711182788989,-3948.836840527827,259.82858362702837,-3266.5892307332474,-1999.0223227301499,1330.263177706865,1.3916188052504816
21.167824,TRACKING,1174.1171177633069,-3953.46920974048,254.48088970947117,-3266.597979734639,-1999.0367189331323,1330.2953000628272,1.8041752818771573
21.1714667,TRACKING,1173.275289109002,-3958.014448330723,248.71247923688,-3266.61067307078,-1999.0000100479263,1330.2708174686165,2.0292782071113495
21.1757244,TRACKING,1172.6235584499857,-3962.6510062186294,242.83741513367963,-3266.6381834210656,-1999.0446889835507,1330.2543746555166,1.764468170725343
21.1804188,TRACKING,1171.7854645262025,-3966.74076632788,236.8568471398744,-3266.617257297772,-1999.0484701078792,1330.2707140000878,1.5536683022406699
21.1844128,TRACKING,1171.0879025902873,-3970.9721562815616,230.74687897273705,-3266.659885390583,-1999.1199186170968,1330.3819783460374,1.8689989027468206
21.1882725,TRACKING,1170.2631564584894,-3975.1875473740056,224.41955421067237,-3266.62583402477,-1999.0173422539567,1330.2617754016503,1.9813802590677818
21.1923533,TRACKING,1169.8670181778893,-3979.2740023470014,218.36091523002236,-3266.6483436739218,-1999.0604655994405,1330.313356654644,1.7934436197479695
21.1972995,TRACKING,1169.1130817112746,-3983.414415922922,211.66304925644573,-3266.6085488568815,-1999.0605550424568,1330.2472856127972,1.599268218126942
21.201281,TRACKING,1169.053687625959,-3987.8100083133904,204.98875128004545,-3266.6031796662714,-1999.0682685111292,1330.1956816416987,2.0072671816912226
21.2047961,TRACKING,1168.4866346392917,-3992.4713693630183,197.72136729779174,-3266.6504695309136,-1999.0821154637724,1330.278949502407,2.461505875149966
21.2089756,TRACKING,1167.389439499235,-3996.8991776117887,190.34034344552288,-3266.609022276339,-1999.0552672120298,1330.2879293398494,2.0760650741452666
21.2140549,TRACKING,1166.3506045284948,-4001.390011104219,182.79091862664868,-3266.578792167799,-1999.056081344758,1330.2093730463562,1.7414546225266894
21.2178045,TRACKING,1165.2553562508172,-4005.8846756042544,174.90337409135802,-3266.6025690412744,-1999.0463422819507,1330.2559791639019,2.4386922143581238
21.2217235,TRACKING,1164.2201837333057,-4010.296499957727,166.92596131220756,-3266.59294406282,-1999.0782109409035,1330.3012050387097,2.341078721747789
21.2259001,TRACKING,1163.3597366292536,-4014.713292800502,159.05026743125302,-3266.613498478638,-1999.0520726578113,1330.3399945703472,2.17175592350251
21.2308128,TRACKING,1162.3855087029374,-4018.898234315683,151.02265614275095,-3266.587331648131,-1999.0354262960275,1330.3221092135502,1.85340854705427
21.2345451,TRACKING,1161.5481811224054,-4023.444080881215,142.8738162995674,-3266.6118149131007,-1999.0345522727305,1330.3160152866121,2.5101235156899118
21.2382185,TRACKING,1160.5754481795464,-4028.0431809951474,134.78692385990172,-3266.617036292374,-1999.038855602457,1330.3344281147236,2.5463921317999136
21.2425031,TRACKING,1159.5661627350523,-4032.515863091031,125.89968823689294,-3266.6111783324304,-1999.034821627192,1330.3195355960786,2.3340160009393736
21.2470199,TRACKING,1158.7909090490823,-4036.665128436072,117.21292645125894,-3266.6356701573504,-1999.0509835490257,1330.3695811472535,2.1382427568408575
21.2510552,TRACKING,1158.550681257018,-4041.188123819794,108.51253789648435,-3266.6152654218145,-1999.0572451472408,1330.3106961683127,2.430741066397344
21.2550199,TRACKING,1157.773535886316,-4045.0993917424976,99.4456264945054,-3266.618888459646,-1999.0498828149748,1330.2694698522532,2.4983207631825763
21.259181,TRACKING,1156.718140172372,-4048.845085872047,89.94338161298157,-3266.6078362552594,-1999.0478038164708,1330.1975045699057,2.4676742926702078
21.2639004,TRACKING,1156.0659230070505,-4053.2338754743137,80.78934427167684,-3266.61494509304,-1999.0281642336035,1330.2147967089668,2.155501179577809
21.2676386,TRACKING,1155.3308335970887,-4057.8229683634167,71.18916195025685,-3266.613792560006,-1999.0513149952894,1330.181129648077,2.8532458125889533
21.2717622,TRACKING,1154.6090668697489,-4062.0730282432937,61.342127035858915,-3266.606114423886,-1999.035234505069,1330.2087998596207,2.606782427017444
21.2758696,TRACKING,1153.7857612735752,-4066.5805401012494,51.33916979660204,-3266.621588190715,-1999.050279677612,1330.1873069061783,2.6786979001949525
21.2804863,TRACKING,1153.1004030722695,-4070.705071856549,41.34435369638261,-3266.6146627596104,-1999.0457189951692,1330.2920350963975,2.346720559217945
21.2843413,TRACKING,1152.292412099733,-4074.974093569185,31.08227337100317,-3266.6103435668197,-1999.055178606493,1330.2232147554935,2.8907789875458034
21.2884525,TRACKING,1151.3753334016442,-4079.2758223688397,21.227953436851468,-3266.6202227229496,-1999.0439479064328,1330.2678744736636,2.6248694935793138
21.2926762,TRACKING,1151.0755944244488,-4083.560508261167,24.306172280794208,-3266.6245555301816,-1999.0862471131802,1330.3220509616717,1.2511064330237507
21.2973154,TRACKING,1150.9029193016802,-4087.865842003308,31.64078698454181,-3266.58819290676,-1999.0139672446448,1330.3046254948224,1.8336356748508025
21.3009922,TRACKING,1150.6535337867256,-4092.478206426223,38.6302382258912,-3266.6346921553645,-1999.0645521172755,1330.3563695027701,2.278573584169566
21.3050113,TRACKING,1150.2837656630093,-4096.843011576962,45.449676742984686,-3266.601552969688,-1999.0463359246025,1330.3278852054261,2.016650861397707
21.3090462,TRACKING,1150.075864892535,-4101.450407947816,52.35789298330124,-3266.626964398349,-1999.1071165577075,1330.41636641308,2.0586159234037407
21.3137308,TRACKING,1149.6162173128928,-4106.088151072963,58.898104639063526,-3266.598397666758,-1999.0318388292278,1330.3116854443913,1.7143053157811363
21.3176096,TRACKING,1149.4914726640468,-4110.22452753006,65.4196326161328,-3266.604937545501,-1999.0422902048524,1330.2859712906425,1.991259464035311
21.3216946,TRACKING,1149.262514818906,-4114.658945882797,71.62066934160033,-3266.621421803443,-1999.0397351643742,1330.2459155314857,1.8670460219812433
21.325681,TRACKING,1149.0847781263458,-4119.018646859058,77.77573031266154,-3266.6161493195204,-1999.0551123570644,1330.301043107564,1.8926241772187236
21.3301738,TRACKING,1148.8664421561382,-4123.579837687082,83.70047873331566,-3266.5977103003306,-1999.0479490632538,1330.2237678000881,1.6649511489323756
21.3345432,TRACKING,1148.6497248539783,-4128.226118647228,89.36414548096457,-3266.6123317975243,-1999.0376139815608,1330.2336257528507,1.67731223506488
21.3386348,TRACKING,1148.345690977027,-4132.741949683673,95.04119726147964,-3266.6122980456485,-1999.0482502763332,1330.2223353639106,1.7744761232795372
21.3425053,TRACKING,1148.1273405722907,-4137.371344599718,100.50789805038856,-3266.6152030543367,-1999.0502557609427,1330.2090263086855,1.851660943624346
21.3474438,TRACKING,1147.8300576879353,-4141.994699841122,105.61395438266207,-3266.60253479501,-1999.0676163841051,1330.2762433510636,1.3960932951036142
21.3511043,TRACKING,1147.582348382262,-4146.681838994664,110.74281266013641,-3266.6091463646717,-1999.0143681801492,1330.2773544878876,1.8993024861134964
21.3548931,TRACKING,1147.1692196753102,-4151.225653633004,115.4099524815225,-3266.603796681563,-1999.0217706341296,1330.3134232717036,1.7226563039537806
21.358897,TRACKING,1146.5977720943226,-4155.533377113155,119.92686672995724,-3266.6112613365594,-1999.0306513949547,1330.281605549098,1.5654283223759995
21.3638594,TRACKING,1146.2617480067966,-4160.150958926956,124.40097904581513,-3266.6256897628778,-1999.0395003943136,1330.2818048365173,1.297431410360787
21.3677221,TRACKING,1145.925695677584,-4164.388563938039,128.93300270064202,-3266.599425228014,-1999.023533171466,1330.2968703635893,1.6086290852979055
21.371616,TRACKING,1145.5082079356864,-4168.724355825928,133.03581142236223,-3266.5851970304093,-1999.0089638500874,1330.2995288690208,1.5367233750701363
21.3756121,TRACKING,1145.300818589205,-4172.979732845296,137.2103163819557,-3266.623329491777,-1999.064128709462,1330.3309928765755,1.4926321917029288
21.3804942,TRACKING,1145.0128248453823,-4177.193579582716,141.13553091808032,-3266.5865920882466,-1999.0620401109238,1330.299583443436,1.181049100991686
21.3844278,TRACKING,1144.6750597330172,-4181.46577069818,144.94457363272454,-3266.5848210393756,-1999.0445506904446,1330.2582262455755,1.4576036247528745
21.3884743,TRACKING,1144.6291608754045,-4185.799884669904,148.57574252312335,-3266.593592117174,-1999.0276509595824,1330.2625216427414,1.3973513422378292
21.3925955,TRACKING,1144.059786496183,-4190.172337941034,151.8270588834149,-3266.6237583164234,-1999.065300361085,1330.2945067475066,1.3293376414166325
21.3975225,TRACKING,1144.200938672076,-4194.8659638050385,155.03224601212472,-3266.5843850133265,-1999.0681176672565,1330.2143824298917,1.1539183975458192
21.4010181,TRACKING,1143.950813717418,-4199.44990472973,157.92867210194692,-3266.5945396041193,-1999.0472220900338,1330.216526412739,1.5528402612142251
21.404879,TRACKING,1143.5793601329806,-4204.108522823594,160.55744349306622,-3266.6186106019177,-1999.0183804677758,1330.233878105301,1.3887976611720287
21.4089247,TRACKING,1142.9716804155623,-4208.734624020617,162.98777923700712,-3266.617889574694,-1999.0138197642254,1330.2410824985666,1.3003577195539053
21.4138293,TRACKING,1142.0911856429864,-4213.47951842404,164.9286710647739,-3266.621552452961,-1999.028803016772,1330.24372411177,1.0605497617414195
21.4176405,TRACKING,1141.5812252198884,-4218.044464947018,167.0384383467343,-3266.6436746434415,-1999.0309632127178,1330.2591003199773,1.3262731718549285
21.4215796,TRACKING,1140.882415291044,-4222.568132185126,169.0002226397571,-3266.652229719359,-1999.0275117801239,1330.2485652994762,1.264250681740794
21.4255808,TRACKING,1140.3219789643172,-4226.974592455021,170.825526879984,-3266.6091523709474,-1999.018450013913,1330.2758610296235,1.2002313618216
21.4304766,TRACKING,1139.8785884268414,-4231.647279349134,172.56647688532803,-3266.6091523709474,-1999.018450013913,1330.2758610296235,1.022539056296881
21.4343077,TRACKING,1139.2996945852108,-4236.085420927979,174.16137479347503,-3266.6267635862378,-1999.10895029325,1330.2742221379067,1.240221403960097
21.4383164,TRACKING,1138.7234388018503,-4240.419949085813,175.53924185828424,-3266.595430417201,-1999.0381204665591,1330.2317681197587,1.1436670384040686
21.442523,TRACKING,1138.0569294922768,-4244.855585710766,176.73829942894162,-3266.61058021489,-1999.0300204798323,1330.2225983841902,1.1037263019037389
21.4472949,TRACKING,1137.4598156253724,-4249.813225007849,177.81645310556652,-3266.6007326668423,-1999.0361301620553,1330.230766159428,1.070545642081615
21.4509598,TRACKING,1136.7944238121104,-4254.190555070807,178.57604189079555,-3266.589857131084,-1999.0397026904814,1330.2342801638006,1.2257627324856475
21.4550137,TRACKING,1136.4001893258508,-4258.915121418872,179.3928172902351,-3266.602644867625,-1999.0523883709634,1330.2331550953977,1.186716104809298
21.4591167,TRACKING,1135.849974423459,-4263.40282147109,179.78292925451026,-3266.6013644686636,-1999.0390353287976,1330.1991673797509,1.1060450004392235
21.4636381,TRACKING,1135.432423702181,-4267.598296991358,180.3321956806206,-3266.6007051008687,-1999.0749048070413,1330.3299045762217,0.9403790524150744
21.4674915,TRACKING,1135.257061439234,-4272.061413640845,180.68410766798917,-3266.6244532411483,-1999.0545955296445,1330.2960203478478,1.1627140281507822
21.4717092,TRACKING,1134.9464306992281,-4276.433104843487,180.6416326366188,-3266.6135641119445,-1999.0562137347013,1330.2632895490297,1.0391727880006254
21.4758281,TRACKING,1134.4736724500879,-4280.7319917830755,180.57475793316738,-3266.6128913843963,-1999.0447300376604,1330.2517638046236,1.0501155579424362
21.4805279,TRACKING,1133.8037757239852,-4284.831362522188,180.37164872766886,-3266.6291635282587,-1999.0784063429362,1330.3365340389637,0.8848692252412612
21.4842774,TRACKING,1133.231633393706,-4289.310459073942,179.93394574667673,-3266.6182217078176,-1999.087023987091,1330.236000818526,1.2099359349276895
21.4882393,TRACKING,1132.7613542324038,-4294.059201644471,179.3102662128836,-3266.6036581343033,-1999.0312526494515,1330.227764939224,1.214709088442641
21.4925373,TRACKING,1132.31661626285,-4298.596289838295,178.43688902069138,-3266.630678471009,-1999.005472897178,1330.2671253310448,1.0799766990879622
21.4972362,TRACKING,1131.9690071275597,-4303.211722441711,177.38434289579305,-3266.6405158772786,-1999.0307558753686,1330.231851846593,1.0101668252258518
21.5009632,TRACKING,1131.4955031853715,-4307.528411987063,176.21600332036394,-3266.6544741910834,-1999.0468523297093,1330.3093134664393,1.206601168441799
21.5053051,TRACKING,1131.0965399124746,-4311.891850199807,174.8281762689,-3266.6298689367923,-1999.0443538005234,1330.2302100772283,1.0585631722801268
21.5093463,TRACKING,1130.6205541966458,-4316.3920027434,173.32982882516518,-3266.6480057796966,-1999.0452341194402,1330.2686860380766,1.1795661535509803
21.514125,TRACKING,1130.1615577764003,-4320.753355993556,171.70127584655154,-3266.6213947388455,-1999.0459183509488,1330.225861017029,0.9789403113204984
21.5178269,TRACKING,1129.5062098740063,-4325.13097682327,169.8380646264457,-3266.6181674009986,-1999.0620322499847,1330.2434056727589,1.2973235165610284
21.5222102,TRACKING,1128.8871104034909,-4329.916676299156,167.71941874490022,-3266.649627573397,-1999.070365676913,1330.3003654841991,1.2023330217866242
21.5260613,TRACKING,1128.2307219135007,-4334.307350131478,165.51319093880065,-3266.6031650480104,-1999.0537281549196,1330.2327765292036,1.287281377347559
21.5306889,TRACKING,1127.6302237445625,-4338.693534544127,163.1408565543808,-3266.6152821246183,-1999.0838240335468,1330.2993334266343,1.0853718644330097
21.5344075,TRACKING,1126.864240701841,-4343.2416745375185,160.62045828345606,-3266.582170289755,-1999.065129980848,1330.2338151008607,1.4134141573144727
21.5385172,TRACKING,1126.0149961933932,-4347.895536736351,157.86947888994348,-3266.593756847153,-1999.0821219342206,1330.2446170894898,1.3315897280012559
21.5425332,TRACKING,1125.2523432339972,-4352.272331455725,155.25335764911574,-3266.581155709306,-1999.0486365093989,1330.290401930691,1.2838096279084503
21.5468601,TRACKING,1124.6777559504912,-4356.816220079197,152.55306014885355,-3266.603190176405,-1999.056060782245,1330.3028156589319,1.2287850361044712
21.5510113,TRACKING,1124.0888088521112,-4361.163571368419,149.53573509351656,-3266.5866944213085,-1999.0327944581852,1330.2873117434206,1.2826473205117728
21.5550315,TRACKING,1123.456406277275,-4365.64842630432,146.40112856190234,-3266.6270264956133,-1999.0977719134785,1330.3108303690556,1.3701161101977115
21.5591221,TRACKING,1122.9882997354587,-4369.901449844921,142.9943642030107,-3266.5997880597834,-1999.028251252061,1330.2897751375783,1.3370440128747856
21.5638308,TRACKING,1122.6276066009107,-4374.073601615021,139.53790067986674,-3266.6412452757777,-1999.037809470682,1330.3179162522003,1.153168691019758
21.5675366,TRACKING,1122.1347431446682,-4378.533865282591,135.76862738876096,-3266.6413701251627,-1999.0308287572675,1330.2570259409695,1.5814129054099313
21.571572,TRACKING,1121.5437711995457,-4382.97533947916,131.74373448858066,-3266.6329263212215,-1999.0467687393623,1330.282353663381,1.4925240348621225
21.5757313,TRACKING,1121.1226826684938,-4387.504287753385,127.85654569118824,-3266.650393770497,-1999.0682800798445,1330.221686606785,1.4385161607465586
21.5805603,TRACKING,1120.4723211966455,-4392.074938625292,123.48394289029461,-3266.6257035654744,-1999.0370292423063,1330.188999291029,1.3167803190488638
21.584168,TRACKING,1119.884674382994,-4396.621005033191,119.0632096437031,-3266.6360771709424,-1999.0717203257434,1330.2581637527737,1.7651898315378574
21.5883764,TRACKING,1119.1727902255625,-4401.14624245873,114.4222986750513,-3266.6321198315836,-1999.112620653358,1330.2280726478093,1.549504820218835
21.5924126,TRACKING,1118.3412594084912,-4405.669640351643,109.45281466995696,-3266.6275973284214,-1999.070234535995,1330.2557583195012,1.677602812230369
21.5971755,TRACKING,1117.7293456300247,-4410.202061753373,104.5180916688802,-3266.602035375656,-1999.0627954548784,1330.2093686201838,1.4126282915136807
21.601075,TRACKING,1116.9240709206956,-4414.26601062745,99.47217843839225,-3266.6177132306498,-1999.0776866124093,1330.216725734146,1.6742690482596232
21.6049182,TRACKING,1116.1786116955182,-4418.73612368199,94.1560748527488,-3266.6036107704713,-1999.033494310762,1330.250852721211,1.8176514007776412
21.6090372,TRACKING,1115.5578240462662,-4422.951143063173,88.82875878496293,-3266.601004275087,-1999.0697762555428,1330.3493176935667,1.656091613533489
21.6137374,TRACKING,1114.8656072725646,-4427.162622833253,83.30707124890274,-3266.6025214845595,-1999.0269221009899,1330.3011289447304,1.48480479685016
21.6177742,TRACKING,1114.4014966953275,-4431.506445852942,77.66655599855224,-3266.6409969829115,-1999.0612405237473,1330.3833308873557,1.7673395299199304
21.6215666,TRACKING,1113.6199780011893,-4435.981674907069,71.60800043578054,-3266.6162816100828,-1999.0648121596578,1330.3037139477647,1.9967877632803537
21.6257423,TRACKING,1113.021381315934,-4440.274038905908,65.51289046576512,-3266.58488067894,-1999.0479060088223,1330.3225865340062,1.7910390203713307
21.6307192,TRACKING,1112.627743480328,-4444.794991527722,59.17708381361293,-3266.627395395574,-1999.0607149893967,1330.2881428567919,1.5659058330874052
21.6344195,TRACKING,1112.0230910035357,-4449.243245482309,52.663824026702024,-3266.6257610824687,-1999.0922251342934,1330.3136510403579,2.1377844465114872
21.6383076,TRACKING,1111.5178578307225,-4453.844241767372,45.984921043558366,-3266.6079289226363,-1999.0459788889802,1330.2774090184098,2.0899715130066996
21.642251,TRACKING,1110.2222699781478,-4458.439471863011,38.6797127860429,-3266.6072148446424,-1999.0238704317865,1330.2159403880387,2.2130681543444406
21.6472453,TRACKING,1109.2592848463564,-4463.004692722999,31.521312188351462,-3266.614140429588,-1999.0352161358512,1330.254893953905,1.7108831846957329
21.6509719,TRACKING,1108.4028494338604,-4467.101992249361,30.506385325400824,-3266.6306958984023,-1999.0599603105939,1330.2675065901142,1.155781710039847
21.6549433,TRACKING,1108.3985621611318,-4470.878845310531,35.99999212814869,-3266.621770405097,-1999.045843918206,1330.208251524924,1.6786674266118242
21.6590697,TRACKING,1107.9033087702219,-4474.753726578401,40.927650247462246,-3266.631428746956,-1999.0509966954546,1330.2015098819384,1.5239013962753862
21.6637462,TRACKING,1107.4881342419822,-4478.320688419706,45.79599245264152,-3266.620504696534,-1999.05235383801,1330.1901724622223,1.2935937332873197
21.6677195,TRACKING,1107.2209425428885,-4482.143894562682,50.56619507155804,-3266.6313058279156,-1999.0472027620076,1330.221797178432,1.5400496186487578
21.6716724,TRACKING,1106.8196006303028,-4486.110812149685,55.03520030226697,-3266.6270201755415,-1999.0560009615808,1330.241758088584,1.5151196964604863
21.6759692,TRACKING,1106.4577932791756,-4489.859762585603,59.49824731747554,-3266.652666793557,-1999.1064355045887,1330.3935792962614,1.3591255426596982
21.6807765,TRACKING,1106.0477717766198,-4493.672942649872,63.72974425837792,-3266.6323482096677,-1999.054317678699,1330.2628923002126,1.1879577159523167
21.6845365,TRACKING,1105.71114164729,-4497.447609112442,67.90607675839142,-3266.602945252181,-1999.0231020820916,1330.310303482891,1.4998486205654236
21.6883138,TRACKING,1105.455803672677,-4501.28869317713,71.6460483160722,-3266.6078177859818,-1999.0693343064702,1330.3612578284303,1.4209011164815397
21.6924118,TRACKING,1105.2003791230052,-4505.036869540897,75.39380902186065,-3266.5991063221504,-1999.0398474942938,1330.2863671944494,1.2949191686315014
21.6969208,TRACKING,1105.0771398732634,-4508.507446360768,79.09929436107312,-3266.5996497875217,-1999.0589350480095,1330.2721550583644,1.1262931396554732
21.7011575,TRACKING,1104.7842978799044,-4511.801105800002,82.39750307059496,-3266.6049128852273,-1999.0558001287598,1330.304552387188,1.1023546089171905
21.705924,TRACKING,1104.5754596006427,-4515.406692401802,85.59725752590596,-3266.6049128852273,-1999.0558001287598,1330.304552387188,1.01230950060566
21.7093812,TRACKING,1103.918642385668,-4519.233492067515,88.79547565654785,-3266.600625941746,-1999.0833406785537,1330.345449149985,1.455035367606543
21.7140919,TRACKING,1103.4185033677504,-4523.134825099169,91.76876186371928,-3266.6316113852176,-1999.1125383547621,1330.3431846099368,1.0466842533751999
21.7178297,TRACKING,1103.4193900558007,-4526.548385678185,94.33301400900358,-3266.603759982099,-1999.0612014213186,1330.2733143996136,1.1422229897765463
21.721742,TRACKING,1103.2334028704277,-4530.009952927249,96.77718019724495,-3266.607791500254,-1999.0583631818938,1330.2476663957166,1.0841649183491402
21.7257418,TRACKING,1102.942368041229,-4534.139256761948,99.16309669887076,-3266.632455048965,-1999.0656557561492,1330.1965945966485,1.1945378813553444
21.730179,TRACKING,1102.7417210748713,-4537.870171678089,101.2694388756462,-3266.6133900753925,-1999.0664263246558,1330.1885812514606,0.9666305535384985
21.7342656,TRACKING,1102.69672176684,-4541.346987756883,103.31495770034863,-3266.6311070269317,-1999.0729785713388,1330.2822455014577,0.9871670688621058
21.7384581,TRACKING,1102.4172355353162,-4545.026640159777,105.13845703317715,-3266.634560027027,-1999.0657173284796,1330.2198122832906,0.9818008851386657
21.7424251,TRACKING,1102.1621361201644,-4548.77082476168,106.84789867841509,-3266.6481897026433,-1999.0484139693363,1330.3176395308371,1.0395400989527785
21.7471459,TRACKING,1101.6784996192812,-4552.6830416599705,108.30309730110177,-3266.6354189183608,-1999.031293488942,1330.27850215017,0.8901070108857774
21.7512811,TRACKING,1101.4653598689554,-4555.857085309629,109.79004244132199,-3266.6404676020616,-1999.0459362612298,1330.3290869028579,0.8491851863158578
21.7551749,TRACKING,1101.0850061589751,-4559.355559705366,111.04703752800597,-3266.6238409168786,-1999.0418751535003,1330.3008553950906,0.9596916705219612
21.7591959,TRACKING,1100.5952756537615,-4562.820251147438,112.01764400246536,-3266.634552726618,-1999.041313554228,1330.2588457857796,0.9030721670693418
21.7639839,TRACKING,1100.4161412514816,-4566.428202398118,112.64081386475306,-3266.6141961773146,-1999.0177440231873,1330.2886443379525,0.7656124871138278
21.7678883,TRACKING,1100.0458252746957,-4569.984257158735,113.2130889754627,-3266.615317926305,-1999.0595313215338,1330.2614075506021,0.9273627810012198
21.7717664,TRACKING,1099.6245527780168,-4573.367895379581,113.62825322456672,-3266.604568803477,-1999.0510517866655,1330.279519991289,0.8857285482728562
21.7758488,TRACKING,1099.0669831672408,-4577.285340225165,113.93877719084077,-3266.600980065362,-1999.0511830066748,1330.2488587969601,0.9722445055152575
21.780635,TRACKING,1098.6238594974163,-4581.1311553087,114.25186042989522,-3266.5783591049203,-1999.0554646715286,1330.2806513992118,0.8114786775819011
21.7844298,TRACKING,1098.0978404521059,-4584.79367838269,114.38624882474802,-3266.6310115259666,-1999.100928629836,1330.3132563233717,0.9756888185762923
21.7882936,TRACKING,1097.705644811063,-4588.723501839031,114.27359217763087,-3266.617154462735,-1999.0732222999661,1330.2455944076942,1.0225560208912443
21.7923327,TRACKING,1097.1750176906046,-4592.318225991659,114.08661062833163,-3266.600389381873,-1999.0238877915442,1330.2726330594426,0.9008156355856477
21.7975279,TRACKING,1096.7820639102129,-4596.308787909333,113.89960619393253,-3266.6072693512974,-1999.0435106756365,1330.2715071098578,0.7726787593058211
21.8009833,TRACKING,1096.439618055007,-4600.205390022789,113.35905823755856,-3266.624935054366,-1999.0583351346081,1330.247752972471,1.1427890827121983
21.8050849,TRACKING,1095.9816392338344,-4604.199645141537,112.6736548472111,-3266.599709350963,-1999.0541328538686,1330.221363739513,0.9943511373260884
21.8090809,TRACKING,1095.5592534548825,-4608.214795614177,111.76945373777788,-3266.612237384349,-1999.0760022793168,1330.2379781926152,1.0353655446489718
21.8138641,TRACKING,1095.1074657946363,-4611.937495825199,110.75864910480671,-3266.6050236366723,-1999.0175582349034,1330.2651235180235,0.8119785252156697
21.817669,TRACKING,1094.651627472592,-4615.628903013516,109.51716703287718,-3266.638165893731,-1999.0733675488532,1330.3149513408282,1.030557266718651
21.8216992,TRACKING,1094.1307567365134,-4619.311008773454,108.02338289885894,-3266.63372028614,-1999.0426340236736,1330.256191597977,0.9943843642226631
21.8256462,TRACKING,1093.5882527007082,-4622.835315842462,106.59861806473445,-3266.596615613386,-1999.0446180571143,1330.246999124803,0.9728712000442016
21.830306,TRACKING,1093.0182031015295,-4626.427759043771,104.81722969522369,-3266.6045988253936,-1999.0342633231799,1330.2428008121806,0.8691744093077548
21.8344176,TRACKING,1092.3758273727099,-4630.085450998627,102.80669349053676,-3266.60388764948,-1999.0585696129365,1330.2667516025185,1.0270907304189973
21.8384736,TRACKING,1091.9046472698642,-4633.587388263489,100.80186454131238,-3266.581684320359,-1999.0277354458663,1330.2662353526139,1.0016331557148646
21.8431861,TRACKING,1091.6656484872467,-4637.184625674103,98.80127687075156,-3266.5930041448755,-1999.046426377109,1330.2767309596431,0.8749189847445414
21.847788,TRACKING,1091.0074560288308,-4640.5850616186135,96.32638066054355,-3266.598593265997,-1999.05180484501,1330.2869813862385,0.9250334046500618
21.8514258,TRACKING,1090.7074670592876,-4644.375824332994,93.70344121454474,-3266.612868153175,-1999.0361607981176,1330.2753959962995,1.2698581207961934
21.8549602,TRACKING,1090.1599846679642,-4648.730469486292,89.89242259332987,-3266.602270975371,-1999.0312060941303,1330.2404198334918,1.6445842410850673
21.859085,TRACKING,1089.923539781833,-4652.3310836477,87.28422398606882,-3266.6166748904266,-1999.0558046119245,1330.3500749307748,1.079399237631655
21.8637124,TRACKING,1089.2044687435186,-4656.172938302747,83.97590781071611,-3266.586307164528,-1999.0192037815243,1330.267589911358,1.1066104238896182
21.8675935,TRACKING,1088.5196159539387,-4660.145044645593,80.53694720147394,-3266.5963140417266,-1999.0398708728867,1330.2438189275408,1.3651814252271612
21.8717308,TRACKING,1087.8242949463367,-4664.068505279428,76.83337135364584,-3266.605599404285,-1999.0858557368017,1330.2659632090986,1.3148647115467562
21.8758173,TRACKING,1086.9837535682816,-4668.058308204335,72.85030555581305,-3266.625794820992,-1999.0604969261483,1330.193530317367,1.3948334446866806
21.8807357,TRACKING,1086.4121892014837,-4671.717464438943,69.1023033629509,-3266.6281102690323,-1999.032452414586,1330.2347292079296,1.0713078395551083
21.8843068,TRACKING,1085.5966193507857,-4675.759014306817,64.87020434382565,-3266.6317368372634,-1999.02416020842,1330.219746446153,1.6545220124382751
21.8882946,TRACKING,1084.986057829066,-4679.534148934124,60.71084710356386,-3266.6219332434753,-1999.049294770311,1330.3217511441994,1.416869670216568
21.8921764,TRACKING,1084.2865397861801,-4683.157884048169,56.26003002540991,-3266.650043128037,-1999.108877778412,1330.3630479999026,1.4894935718255553
21.8970053,TRACKING,1083.7408284324756,-4686.985632986689,51.6883869738311,-3266.6215296061837,-1999.04123928611,1330.278403731364,1.239917047024105
21.900834,TRACKING,1083.0709253168916,-4690.481442849552,47.06436678131384,-3266.6074996590423,-1999.0333113549086,1330.3799787626754,1.5241009070481764
21.9048127,TRACKING,1082.3612887896516,-4694.346506882471,42.06036802363033,-3266.5851287764644,-1999.0173112383013,1330.2717449704123,1.5991582246427756
21.9089765,TRACKING,1081.754774343542,-4698.274608436158,36.9820699034703,-3266.646751360365,-1999.0556561168905,1330.3093605299496,1.548776291743352
21.9138458,TRACKING,1081.1770126561028,-4701.83862883575,34.17850245140012,-3266.5828007730347,-1999.03863160473,1330.3022512969937,0.9387835424844412
21.9177513,TRACKING,1081.038500435468,-4705.62238919144,37.112860901476104,-3266.597001284683,-1999.0624620159101,1330.2287681261816,1.2265392955547207
21.9219579,TRACKING,1081.6558654029905,-4709.845396732403,40.838427561918564,-3266.5976143453954,-1999.0175134874014,1330.2828753820484,1.3467468803120142
21.926037,TRACKING,1081.5448779258893,-4713.805952855559,44.19391808244036,-3266.5956307999627,-1999.0410356637412,1330.233048750086,1.2728481029844958
21.9305059,TRACKING,1081.3067507613525,-4717.257562499364,47.43056206013811,-3266.592635680388,-1999.0643236272565,1330.2239134405634,1.0601579242812478
21.9343232,TRACKING,1081.0187382148868,-4721.08164005184,50.29482695488776,-3266.584230905203,-1999.045718070621,1330.2559600211491,1.2538954058580285
21.9382691,TRACKING,1080.6581159452523,-4724.56203901755,53.068356121401294,-3266.5779979601502,-1999.0522243747948,1330.2430810608878,1.1315390719900493
21.9422789,TRACKING,1080.1453231701182,-4728.217209230023,55.77562568291991,-3266.629837861,-1999.046540912585,1330.3279034101497,1.1415516536591095
21.9470386,TRACKING,1079.5944514577648,-4731.615807320479,58.32142050686248,-3266.613671840284,-1999.036186939816,1330.2894307515728,0.8996236743155175
21.9508675,TRACKING,1079.2765781032085,-4735.466861062948,60.65516866965985,-3266.645033927534,-1999.0469786989474,1330.3325392368502,1.1789819857483488
21.9549231,TRACKING,1079.078538060574,-4739.263988778376,62.84637577934652,-3266.624281987559,-1999.0138899843641,1330.2877641660968,1.082079961078735
21.9589596,TRACKING,1078.9702847220851,-4743.453485135884,65.01285614229654,-3266.6081249148206,-1999.0256905107583,1330.2385591711534,1.1687743054641715
21.9637078,TRACKING,1078.6044139837277,-4747.355005585804,66.85944984321033,-3266.643776031414,-1999.0596371582942,1330.2630400212136,0.9123313286541406
21.9677253,TRACKING,1078.4208143122235,-4751.463138011296,68.41520125489708,-3266.596433638452,-1999.0327072767557,1330.220943405734,1.0943828794105182
21.9717301,TRACKING,1078.0024037956898,-4755.459957005445,69.91371996627484,-3266.6429414300633,-1999.0685087993513,1330.2067393367774,1.070955141752633
21.9756061,TRACKING,1077.6195224199598,-4759.429101243244,71.267061646483,-3266.6064838882808,-1999.049640381091,1330.200658832751,1.0864206340075684
21.9803189,TRACKING,1077.4075076900092,-4763.32075684512,72.40884484742759,-3266.63533837233,-1999.0398633340608,1330.2263234615857,0.8617449587650753
21.9842339,TRACKING,1077.047739023332,-4767.227220203961,73.35468844298914,-3266.6019473273323,-1999.0299176612207,1330.2178943503482,1.0307552975678476
21.9882591,TRACKING,1076.5846623974157,-4771.121392114653,74.07264324279043,-3266.61500720943,-1999.05563533022,1330.3433077073937,0.9904569758567309
21.992288,TRACKING,1076.2652244022415,-4774.955219468887,74.72053355079657,-3266.610691241785,-1999.0372947807834,1330.3222961682388,0.9683254197249228
21.99717,TRACKING,1075.8555386414225,-4778.842763300041,75.02770119209848,-3266.586099523648,-1999.0280699967643,1330.2570339448278,0.8031792696551018
22.000928,TRACKING,1075.4668308701328,-4782.974547174648,75.1387325714405,-3266.5979582860955,-1999.1004724505037,1330.3384733643602,1.104713395235851
22.0049419,TRACKING,1074.9331975387397,-4786.809332753996,75.26537763380395,-3266.620830538722,-1999.065704399177,1330.3474874864155,0.9650981394983572
22.0091713,TRACKING,1074.5048609560572,-4790.918960609409,75.08554155343809,-3266.61230589246,-1999.0577884100737,1330.3529343339785,0.9778695647249973
22.0138315,TRACKING,1074.0486186082503,-4794.739403221785,74.92487166711781,-3266.5835115938153,-1998.9938121411471,1330.3317637169473,0.8263469200518735
22.0175319,TRACKING,1073.6747448763176,-4798.661606569926,74.60779187176368,-3266.6054892687785,-1999.0413694596423,1330.2825334820598,1.0681873894728295
22.0215983,TRACKING,1073.3365004492111,-4802.688052264212,74.32167067621829,-3266.6003357046575,-1999.0349759002056,1330.2544223462758,0.9961502941357082
22.025706,TRACKING,1072.860214966295,-4806.704880298024,73.72806182154272,-3266.6050174944085,-1999.0481141827622,1330.2323500088446,0.9952750751894958
22.0304769,TRACKING,1072.3441679299228,-4810.757635024042,72.9582715820648,-3266.6147483259824,-1999.0239478343913,1330.2276222266148,0.8714010452796555
22.0343241,TRACKING,1071.912876481027,-4814.78189439679,72.04795829825419,-3266.618989593276,-1999.0274469750507,1330.1880505997226,1.0782945749044903
22.0382625,TRACKING,1071.5235413166447,-4818.806053907311,71.0085860689492,-3266.6196114365084,-1999.0694117152611,1330.2311930336243,1.0599264884176358
22.0424766,TRACKING,1071.0238479361178,-4823.051933294572,69.78390755631793,-3266.625822171793,-1999.0361119173108,1330.1937658799513,1.0552992243305364
22.047312,TRACKING,1070.5432984889155,-4827.202852434674,68.30530017679011,-3266.6166771185603,-1998.998497841101,1330.2245329876105,0.9166835626606002
22.0509264,TRACKING,1070.2163846899684,-4831.219190838593,66.75878414338122,-3266.6299203982185,-1999.0494754214242,1330.2375942884726,1.19416701082026
22.0548532,TRACKING,1069.8291211272326,-4834.919175557669,65.13384562460465,-3266.6172640351547,-1999.026106597094,1330.2226240078744,1.0338167847084883
22.0590039,TRACKING,1069.3582546028563,-4839.006955288029,63.084446086599186,-3266.5980665586894,-1999.008973181244,1330.237477285847,1.1075053711042875
22.0638519,TRACKING,1068.8308709977014,-4843.121867067928,60.89284667186957,-3266.6226972045865,-1999.0320611384525,1330.2747403291075,0.9677970842964874
22.0676086,TRACKING,1068.1774517269369,-4846.892174025628,58.443433324156246,-3266.652362443606,-1999.0519318122695,1330.3330946893293,1.2093924052369085
22.0716852,TRACKING,1067.745387751161,-4850.677205517709,56.015044593315906,-3266.613030420663,-1999.067094873487,1330.3436813088533,1.1082192364374561
22.075884,TRACKING,1067.2201837877658,-4854.426116592145,53.43169440439261,-3266.603574683815,-1999.0373022509286,1330.2724337844531,1.0915018830808834
22.0805196,TRACKING,1066.7764344667023,-4858.273721529894,50.7507874185916,-3266.600390310749,-1999.0492392182264,1330.263592514235,1.016144493725205
22.084402,TRACKING,1066.2470320684565,-4862.069080040452,47.8269982918475,-3266.615406731716,-1999.0914392890786,1330.3000166939541,1.2415309894668025
22.0887049,TRACKING,1065.731782432484,-4865.7904782305695,44.75599985706267,-3266.6000047532957,-1999.0359847219465,1330.2932065233394,1.127693371318863
22.0924495,TRACKING,1065.2358774403397,-4869.66502666129,41.38365731379215,-3266.605454688924,-1999.0448424151596,1330.2635996329,1.3781173386880634
22.0976384,TRACKING,1064.9823099088867,-4873.545444500213,39.48906521567114,-3266.599848516096,-1999.065997338041,1330.2558833018286,0.8336390556099815
22.1010516,TRACKING,1064.7589206900693,-4877.3774384062035,41.62638405357633,-3266.608293927754,-1999.0465149410497,1330.2732879143828,1.2871874655643976
22.1050552,TRACKING,1064.1774814271146,-4881.498654911379,43.31799476815846,-3266.608293927754,-1999.0465149410497,1330.2732879143828,1.1221564512734805
22.1090543,TRACKING,1063.7548814045572,-4885.26743792861,45.28994312654619,-3266.6261845949107,-1999.0350366013508,1330.2507331982617,1.0688522236883007
22.1136246,TRACKING,1063.4039683104074,-4889.0362212187265,47.56209986178471,-3266.629467842963,-1999.0190870253746,1330.2263521588657,0.9659537882978078
22.1175847,TRACKING,1062.9981366892644,-4892.699972852079,49.35527604523395,-3266.6423745688953,-1999.0938634406111,1330.2738467882587,1.0351196934549103
22.1215469,TRACKING,1062.5368299102915,-4896.515764435642,51.05744465272791,-3266.64184775388,-1999.0215053606792,1330.251129222857,1.060931583069253
22.1257114,TRACKING,1062.0022921511552,-4900.321281574471,52.50522115933299,-3266.6409275328388,-1999.0229826649565,1330.2141435329318,0.9860846243377843
22.1304133,TRACKING,1061.5009609697593,-4903.913300830062,53.869759231410605,-3266.6162239274054,-1999.0343952098842,1330.2252310976091,0.8241424553799617
22.1345208,TRACKING,1061.0490322419105,-4907.626304886863,55.067997017027444,-3266.6228950255813,-1999.035164842652,1330.2339858589835,0.9562135594469171
22.1382966,TRACKING,1060.6845863063759,-4911.326271308602,56.152585330592224,-3266.6121276282734,-1999.083160834613,1330.323598283959,1.0257010098039039
22.1424065,TRACKING,1060.2626913746767,-4914.849620130577,57.089520376510485,-3266.622441559028,-1999.078678659542,1330.3096702335633,0.8929965783736037
22.1471022,TRACKING,1059.8090863383977,-4918.433271038748,57.798851086934675,-3266.5975079019163,-1999.0495476427789,1330.2569426118182,0.7839578688912974
22.1509601,TRACKING,1059.430294932469,-4922.316122994831,58.256033012103266,-3266.6025759612876,-1999.0485530631959,1330.2895065572352,1.0181656753051735
22.1549677,TRACKING,1059.0367361166268,-4925.97628088679,58.711482884335645,-3266.600578325734,-1999.0704713152863,1330.3002275308554,0.9255722235469657
22.1589544,TRACKING,1058.7321110660932,-4929.49814206721,58.96125560696539,-3266.5938974892247,-1999.0533678312563,1330.2907416901683,0.8889116476501772
22.1638465,TRACKING,1058.4896143055203,-4933.071167951893,59.0540779437664,-3266.6086066939697,-1999.0864401148303,1330.3566828049516,0.7322924990669827
22.167857,TRACKING,1058.915688567848,-4936.843158363863,59.18844763837576,-3266.6157465472397,-1999.0785241563053,1330.3730475703649,0.9471027846690927
22.171872,TRACKING,1058.3305351870843,-4940.314616183366,58.76876504396729,-3266.597518772724,-1998.999002315722,1330.340738622786,0.8830279338271829
22.175833,TRACKING,1057.9552032209288,-4943.839076767506,58.30435115893052,-3266.609102320121,-1999.0251145980437,1330.3216395905508,0.9024704735405018
22.1805393,TRACKING,1057.394538151453,-4946.982935332057,57.62388525412869,-3266.622948303463,-1999.063137168925,1330.2788801701313,0.6937834954522557
22.184385,TRACKING,1056.7112604639672,-4950.509710863338,56.822705578398114,-3266.608832461968,-1999.0175073115101,1330.2787006611898,0.9570719917847001
22.1881463,TRACKING,1056.2076249541092,-4953.9303342934445,55.98490227030969,-3266.6073165096286,-1999.0511056312207,1330.2387606321884,0.9458323563692137
22.1924348,TRACKING,1055.6558645424175,-4957.472305344963,54.89986046723216,-3266.609663615127,-1999.045791716966,1330.2062000842357,0.8733369759102455
22.1971348,TRACKING,1055.2344724256573,-4961.065890372058,53.7092078115824,-3266.6058605432054,-1999.0337160953939,1330.2481327120852,0.8104422170135264
22.200937,TRACKING,1054.8988991700448,-4964.820091166381,52.29299267431089,-3266.6133787803824,-1999.0548532999107,1330.2067166343118,1.0589789705594062
22.2049093,TRACKING,1054.5061679931523,-4968.383245228835,50.7588760315541,-3266.650901529391,-1999.0855418481717,1330.3223402973317,0.9815994316890125
22.2091714,TRACKING,1054.0395598745736,-4971.983744566486,48.979532569350816,-3266.6308248135165,-1999.0460496912383,1330.262502743661,0.9486378908177122
22.2139665,TRACKING,1053.6312857700557,-4975.68937064081,47.00020612787254,-3266.624957656177,-1999.0556087683767,1330.3394592462266,0.8802549492422491
22.2177686,TRACKING,1053.1685729100263,-4979.210371748807,44.946655198796584,-3266.5898405164485,-1999.0334134305722,1330.2849698212615,1.0789486123658119
22.2215986,TRACKING,1052.6766827602435,-4982.7225091951295,42.56772288937976,-3266.6323807499703,-1999.0785760384936,1330.31089675989,1.1149890280617352
22.2256385,TRACKING,1052.1575091082461,-4986.647427426966,40.8635691708424,-3266.5983701735067,-1999.0247497312296,1330.3234302963958,1.0669317242483043
22.2305656,TRACKING,1051.6379840106258,-4990.056382799735,42.09141018899627,-3266.6160147974106,-1999.0372174176835,1330.357571484652,0.7429102231860912
22.234137,TRACKING,1051.308621170879,-4993.851246484083,43.80529895197537,-3266.6018677969137,-1999.0338689746955,1330.3384308462453,1.1695544733335501
22.2383794,TRACKING,1050.8879650653857,-4997.515246126534,45.374287862801566,-3266.607075171512,-1999.0560737012354,1330.3696885169954,0.9447337627654839
22.2422692,TRACKING,1050.4658745372046,-5001.350105905728,46.61360619164074,-3266.589917230496,-1999.0437027724965,1330.3045414621217,1.0417468884142485
22.2468816,TRACKING,1050.0358914097183,-5005.046714057195,47.921349266654815,-3266.6073604761655,-1999.0635007756703,1330.2837780062953,0.8552196739293948
22.2508255,TRACKING,1049.6220510619264,-5008.7872815385035,49.085359181458365,-3266.6085322002637,-1999.044589461191,1330.288645027103,0.9988318237305507
22.2551855,TRACKING,1049.19009289733,-5012.527954474444,50.1359968037454,-3266.6327199419547,-1999.0687129254875,1330.2188879599819,0.8966411948831411
22.2592095,TRACKING,1048.774988607768,-5016.078584068894,51.05084683339095,-3266.6327199419547,-1999.0687129254875,1330.2188879599819,0.9170024791833805
22.2639157,TRACKING,1048.2853143514399,-5019.77545779662,51.837217026980284,-3266.6153456937723,-1999.0678188694683,1330.2240746658958,0.8098194514152137
22.2676914,TRACKING,1048.0606663019446,-5023.475965675611,52.517783400876205,-3266.6383419001686,-1999.0904307392625,1330.3400476021563,0.9982969892455287
22.2716463,TRACKING,1047.603423750947,-5027.18957548876,53.01834232019808,-3266.6288734364794,-1999.0634646799806,1330.2439517602927,0.9545088698353081
22.2757672,TRACKING,1047.191690982439,-5030.99513439821,53.20448694773361,-3266.6503512569116,-1999.0622871476849,1330.351325853966,0.9299645075134231
22.2802514,TRACKING,1046.820664686577,-5034.79707992445,53.35274138922629,-3266.645607874352,-1999.0519397129196,1330.3156359221414,0.8525227193290245
22.2843226,TRACKING,1046.5023995621018,-5038.381701810821,53.288892333638245,-3266.613779549455,-1999.0580708517582,1330.303381062699,0.8840856011099302
22.2883084,TRACKING,1046.1394701740185,-5041.904608793283,52.98264922421388,-3266.6328905187493,-1999.0551813166783,1330.3192446446628,0.8918581193937772
22.2922967,TRACKING,1045.7009656934474,-5045.637687428249,52.50264051939963,-3266.6113506728557,-1999.0193454438706,1330.3751895950606,0.9500966480903544
22.29679,TRACKING,1045.1097637632738,-5049.381725880548,51.69668123295962,-3266.586389932412,-1999.0405787947827,1330.328711164257,0.862432137261727
22.3009222,TRACKING,1044.590364235534,-5052.990370910134,50.714466649841114,-3266.597412922112,-1999.0307967566634,1330.2933310016042,0.9137561419180046
22.3048361,TRACKING,1044.0909467223562,-5056.540668495689,49.812903327570446,-3266.5768888151024,-1999.0569143298308,1330.317700269158,0.9445488955559351
22.3091202,TRACKING,1043.4894343603087,-5060.13759114747,48.608264107182144,-3266.5630677033214,-1999.0493808266644,1330.2787745178264,0.8964964221218337
22.3139691,TRACKING,1042.9938255058528,-5063.613857890286,47.36879948454471,-3266.6017591706213,-1999.096027813432,1330.272230491666,0.7679581544286189
22.3177682,TRACKING,1042.6058184788756,-5066.882368190658,46.02553755608348,-3266.598053083699,-1999.0551627476596,1330.2442656195226,0.9357492969430169
22.3219722,TRACKING,1042.1034500476478,-5070.597276249226,44.44813919629505,-3266.5921743607355,-1999.0708603343792,1330.2454885485772,0.9674299005012679
22.3262291,TRACKING,1041.860193123613,-5073.892100805434,43.040211632179904,-3266.600410657595,-1999.0801801387263,1330.239715061212,0.8436377411069966
22.3311115,TRACKING,1041.2521102089036,-5077.632064848165,43.44197026586535,-3266.6249572587444,-1999.05431958728,1330.2359002065416,0.7804185888353491
22.3348921,TRACKING,1041.0579377809959,-5081.097546065051,44.81210899023196,-3266.603913062792,-1999.0257020606184,1330.2400960299678,0.9870286233927728
22.3385726,TRACKING,1040.6646776055452,-5085.1360402689925,45.529592948871894,-3266.647985868531,-1999.0860438228422,1330.3262494726937,1.1195605789517942
22.3424388,TRACKING,1040.4017391489715,-5088.818520779782,46.249276207243526,-3266.6095592676793,-1999.021407398868,1330.256804807237,0.9728799870951952
22.3473213,TRACKING,1039.6056655175325,-5093.025038549474,46.43568890767908,-3266.6524103986285,-1999.1368220697123,1330.3666159090587,0.8776731512858149
22.3510159,TRACKING,1039.1045971444823,-5096.719973662742,46.92772341159538,-3266.6195034343973,-1999.030964020938,1330.3268779824268,1.017993475929645
22.3550504,TRACKING,1038.4577017657966,-5100.391808072998,47.149879473959025,-3266.6444516379242,-1999.0631097796982,1330.2606926240187,0.9257642752060141
22.3590134,TRACKING,1037.8895632804163,-5104.355594016046,47.2922831616213,-3266.6430542004778,-1999.1109210075504,1330.3221899892985,1.0110589373297612
22.3638665,TRACKING,1037.3324629012018,-5107.957606191222,47.25039122460715,-3266.606690767507,-1999.0407145127929,1330.2759274873647,0.7510827924315308
22.367842,TRACKING,1036.9255485189155,-5111.419378282526,47.19519211958549,-3266.621727384641,-1999.0592189866143,1330.2259197086207,0.8768815227503819
22.3716316,TRACKING,1036.4147698304869,-5114.9042014257775,46.84770639058758,-3266.61244987248,-1999.0517266916602,1330.2730422842321,0.9339131252243041
22.3756866,TRACKING,1036.0397382488904,-5118.614313975351,46.41950303942317,-3266.627959111334,-1999.1050394324354,1330.3018535081594,0.9256532514435033
22.3809343,TRACKING,1035.5193618041483,-5122.0138501652955,45.871270385192155,-3266.5981922645115,-1999.0497473069922,1330.235625748196,0.6636347543966731
22.3844466,TRACKING,1035.029693582287,-5125.473912049052,45.197003555044624,-3266.59244491358,-1999.063274917296,1330.2721831320512,1.0132944493826104
22.3882708,TRACKING,1034.5698349132829,-5129.375358256925,44.096663051812726,-3266.605919526793,-1999.0893405727388,1330.3425830542,1.0667969260413943
22.3925064,TRACKING,1034.130562371619,-5133.230480548364,43.2736507125233,-3266.5787278001276,-1999.0491425761322,1330.3123738232482,0.9364419492802745
22.3971969,TRACKING,1033.6565317191505,-5136.712183964148,43.81712379490929,-3266.6206643674504,-1999.066219353415,1330.2969244185315,0.7580439128685821
22.4009655,TRACKING,1033.4870591956592,-5140.420487139347,44.63492505181102,-3266.6007702038437,-1999.0810181532845,1330.3296340539694,1.0086473149042472
22.4050715,TRACKING,1033.770853828836,-5144.1793334422955,45.43731473759499,-3266.633489901499,-1999.0830554954293,1330.2817344566604,0.9386257094014488
22.4091187,TRACKING,1033.1901461313153,-5147.667868561798,45.9031763297295,-3266.6288049900604,-1999.0959579351043,1330.2992897760819,0.8813721220038258
22.4136718,TRACKING,1032.8116348764936,-5151.0210694803045,46.1299527555267,-3266.6347915357137,-1999.06340576018,1330.280139081395,0.7428143525536408
22.4178385,TRACKING,1032.5708237160022,-5154.668310556118,46.293534531569385,-3266.6215181349066,-1999.0284738075363,1330.256014688477,0.8781147827533382
22.4218147,TRACKING,1032.104206509086,-5158.29599269812,46.24603115630994,-3266.611931294687,-1999.023335186845,1330.2716046612584,0.9199429709829355
22.4261847,TRACKING,1031.2029777270975,-5161.366779858999,46.068732298505246,-3266.6314209644706,-1999.091071872177,1330.2153998144934,0.7334580530656103
22.4302967,TRACKING,1030.4975514649104,-5164.789168501987,45.75539598453008,-3266.6149003239734,-1999.0466394348769,1330.2603412923038,0.8531990024458608
22.4345244,TRACKING,1030.127249923313,-5168.2192569693025,45.321529399749544,-3266.60897675757,-1999.073347100262,1330.2360244282731,0.8224786247866154
22.4384534,TRACKING,1029.695523960364,-5172.215281055115,44.75751300592249,-3266.630052379658,-1999.1094953843578,1330.2797212532957,1.03300042800519
22.4424842,TRACKING,1029.2937484553077,-5175.556666244308,44.58273920463249,-3266.608982050007,-1999.062572165319,1330.2365554190399,0.8360595381629028
22.4470175,TRACKING,1029.0093429839683,-5179.122719929616,45.130193684295634,-3266.6080372015717,-1999.0659092565104,1330.230133327684,0.7983198978434218
22.4508263,TRACKING,1028.5888204601226,-5182.84053681181,45.67971959940183,-3266.5922747512705,-1999.0325005668328,1330.288534083381,0.9928753659756864
22.4550965,TRACKING,1028.1602562607384,-5186.325449466701,45.97790313726227,-3266.582797941972,-1999.0207238735754,1330.276679790323,0.825208262632751
22.4593232,TRACKING,1027.7812602591005,-5189.8756722509825,46.1937375442904,-3266.5626768927923,-1999.019483481516,1330.2767957347817,0.846266040683546
22.4646429,TRACKING,1027.2337322886865,-5193.550213450479,46.16382240208435,-3266.6088944113562,-1999.0514169424982,1330.3054315589725,0.6983909086635474
22.4678152,TRACKING,1026.7556376487,-5197.279628302266,45.884404000660524,-3266.5876278518786,-1999.0261345116867,1330.2793752582852,1.1885076886455996
22.4718502,TRACKING,1026.1835903059452,-5200.862432854751,45.505455736757824,-3266.5726571924074,-1999.0174133811581,1330.2906692636852,0.904069667416762
22.4757635,TRACKING,1025.7828481435834,-5204.422861949953,45.1045566521562,-3266.5721645626363,-1998.9983552724864,1330.295505794111,0.921286308827641
22.4807118,TRACKING,1025.33298490038,-5208.060202573957,44.95243146486838,-3266.6260815485716,-1999.0364212851985,1330.2331007254804,0.7413071492119385
22.4843503,TRACKING,1024.909310172779,-5211.615457600948,44.927882336975074,-3266.6317784051116,-1999.084016729209,1330.3244113447267,0.9840578679771013
22.4884112,TRACKING,1024.525432589708,-5215.206727332836,45.19207134038006,-3266.6170506263365,-1999.0549663848205,1330.242476969099,0.8917672570995004
22.492583,TRACKING,1024.10891876296,-5218.6683425245365,45.456501104706774,-3266.630198938051,-1999.0946653893284,1330.2456614062794,0.8381505420503139
22.4972509,TRACKING,1023.5907974771482,-5222.301605242179,45.75702521499817,-3266.6137231944613,-1999.0684254248172,1330.207116101143,0.7888566486842722
22.5011381,TRACKING,1023.0948702566415,-5225.842375179857,45.73257946044621,-3266.6303765518774,-1999.0445268293365,1330.2338428759463,0.9197919073907624
22.50511,TRACKING,1022.6606373648218,-5229.442854360511,45.67561523297916,-3266.6424879670913,-1999.0543982151619,1330.2554080682285,0.9131693036320591
22.5090428,TRACKING,1022.1450429546392,-5232.975182466952,45.478906004301095,-3266.598925169099,-1999.0401851044023,1330.2690253509375,0.909065977566228
22.5138314,TRACKING,1021.7230319652525,-5236.587368076007,45.633252977233965,-3266.6471483592877,-1999.0635755396243,1330.2386743983925,0.7601444323328147
22.5174238,TRACKING,1021.2923501011959,-5240.105777379452,45.97906306423269,-3266.6072770844967,-1999.0473936097517,1330.260074636776,0.9913982445975188
22.5214523,TRACKING,1021.0806095197796,-5243.844628293252,46.49218026567138,-3266.603975185511,-1999.025887559485,1330.2900435629076,0.9382727912698198
22.5256249,TRACKING,1020.6991495934176,-5247.401860943681,46.750959990082244,-3266.613204144552,-1999.0616478486609,1330.3757570510759,0.8596496280889111
22.530659,TRACKING,1020.4845383351956,-5250.576541522881,46.96199790768466,-3266.5934872312982,-1999.0476464170172,1330.352629797434,0.6334631855239988
22.5346791,TRACKING,1020.1301711471689,-5254.102681614393,46.7724849665626,-3266.5764221287577,-1999.0166625567467,1330.3096803716087,0.8828052463590642
22.5382417,TRACKING,1019.6384064644294,-5257.807570429488,46.43760098656825,-3266.6333177638485,-1999.0998490772552,1330.406557808057,1.0532635476474963
22.5421294,TRACKING,1019.0935505775353,-5261.336034164568,45.87098103047857,-3266.6022981232454,-1999.0657894280064,1330.2912017417182,0.9298470692199288
22.5473071,TRACKING,1018.6431299940874,-5265.042065460455,45.81865887219376,-3266.61890392695,-1999.032562876674,1330.2710534202045,0.7211057052383116
22.5509794,TRACKING,1018.230182635721,-5268.3155803077625,46.319981696641406,-3266.623306454444,-1999.0391448902562,1330.2450249352748,0.9087837886906565
22.5550735,TRACKING,1017.7159135304057,-5271.825441057344,46.69564772774398,-3266.614677050733,-1999.0566394355621,1330.2351198761837,0.8712959068827142
22.5591201,TRACKING,1017.241412957351,-5275.234077754093,47.04927765544745,-3266.618511119146,-1999.0724078651087,1330.2801405860166,0.8549462672369921
22.5638569,TRACKING,1016.7200152197249,-5278.794023108322,47.06435302505959,-3266.6186070622857,-1999.0780973692465,1330.2068664288302,0.7595754288635939
22.5677417,TRACKING,1016.3263823843514,-5282.003917967502,47.17866210661997,-3266.614926602814,-1999.0882140434799,1330.259771190242,0.8329798689203974
22.5716147,TRACKING,1016.0077879195344,-5285.442251635461,47.00847926379846,-3266.6285280947577,-1999.0724556595349,1330.2103634633766,0.8926552247351099
22.5759475,TRACKING,1015.5650873765404,-5289.019517798249,46.561566194301626,-3266.6041396532505,-1999.0498506393003,1330.21648839627,0.8382927364376648
22.5804522,TRACKING,1015.2729578022203,-5292.623010137433,46.54111398712038,-3266.600759307476,-1999.0594051561143,1330.2248060921959,0.8025777619853965
22.5843049,TRACKING,1014.9105507609409,-5296.186428588115,46.61507210086861,-3266.6351288388396,-1999.0471137091306,1330.3296301780895,0.9298837929653534
22.5881526,TRACKING,1014.6563421189979,-5299.718052763495,46.83575402315434,-3266.5980901839853,-1999.0335289571958,1330.259897363253,0.9220136358221039
22.5925462,TRACKING,1014.2803657890948,-5303.387246879728,46.91556042287653,-3266.608896764732,-1999.0493214648525,1330.2870151412935,0.8396918118798661
22.5972289,TRACKING,1013.6285533511812,-5307.375501730875,46.512328792204485,-3266.567934445254,-1999.0268082995744,1330.301489490342,0.8672849584900362
22.6012017,TRACKING,1012.961475424638,-5311.2419741030535,46.170515534457294,-3266.5739977395965,-1999.0198352701027,1330.3003092243885,0.9913552858998197
22.6049726,TRACKING,1012.482394768558,-5314.9801438148215,45.846093140088676,-3266.5739977395965,-1999.0198352701027,1330.3003092243885,1.003124377539259
22.6091802,TRACKING,1012.0450417010227,-5318.4859436919505,45.97777902047609,-3266.59318082695,-1999.0282632471005,1330.33602279519,0.84024813965658
22.6136717,TRACKING,1011.6578422280141,-5321.908946800656,46.27992325387674,-3266.5790245913654,-1999.031446173548,1330.2928068089338,0.7699116018233434
22.6176643,TRACKING,1011.293073337799,-5325.387801644159,46.6297456656161,-3266.5792846844865,-1999.0372828058316,1330.2863701377462,0.8804726847220367
22.6217376,TRACKING,1010.9278682094781,-5328.648933932491,46.89420656753933,-3266.576658851799,-1999.045067518422,1330.3146965391359,0.808228479954032
22.6259882,TRACKING,1010.4833552061251,-5331.993374269283,46.94481026262959,-3266.5833380797526,-1999.0282532913338,1330.279861453761,0.7938245970976121
22.6308334,TRACKING,1009.961005903713,-5335.6339349516975,46.78578131298786,-3266.600454570585,-1999.0696716186333,1330.3280006373107,0.7597787121049895
22.6344824,TRACKING,1009.509872498536,-5339.211925305569,46.51588381212671,-3266.625610887691,-1999.0731230133752,1330.2336690012073,0.9910672588152214
22.6384675,TRACKING,1009.1494796348081,-5343.105157264553,46.28420127483707,-3266.5806193923104,-1999.071596029368,1330.2442513860155,0.9828449060141964
22.6424355,TRACKING,1008.6656545370575,-5346.474072361318,46.560650162012955,-3266.6144547624945,-1999.0406915568303,1330.2080079206148,0.8605566547312513
22.6469474,TRACKING,1008.2757945988177,-5350.1437767539455,46.761316648986636,-3266.594136020474,-1999.0401878554708,1330.2137417101394,0.8191242784717293
22.650856,TRACKING,1007.9809439373948,-5353.668133817628,46.90636874684429,-3266.5731878536017,-1999.0268859826829,1330.2207694359208,0.9056036944250009
22.6550828,TRACKING,1007.4291189034037,-5357.102637365489,46.827586636034255,-3266.607097474796,-1999.042079246328,1330.2388531843155,0.8231863878613399
22.6591582,TRACKING,1006.8635167815404,-5360.65413874114,46.4976111380599,-3266.616202871772,-1999.0648763074487,1330.3418968360827,0.8861373684182163
22.6636686,TRACKING,1006.3781009900686,-5364.0549663491165,46.18987758962573,-3266.6026194104998,-1999.0403329422713,1330.281791547528,0.7646886277358863
22.6676271,TRACKING,1006.2708337541803,-5367.406629858349,46.30556444382517,-3266.5957370275987,-1999.0386355426645,1330.2650430219794,0.8476378660725108
22.6716526,TRACKING,1005.6847099377067,-5370.575764690829,46.4719377078755,-3266.6005120627165,-1999.0316239435365,1330.3239107560767,0.8016821854340763
22.6757393,TRACKING,1005.2577281784734,-5374.025959734532,46.86212127380174,-3266.597258619982,-1999.0644915335943,1330.305587741901,0.8560312278223747
22.6805084,TRACKING,1004.8825885091279,-5377.356277651447,47.01726108961718,-3266.5969716254144,-1999.0245068666807,1330.2862380291665,0.7034804862535943
22.684091,TRACKING,1004.6360360589797,-5380.643528526344,46.981807703612986,-3266.5974508106046,-1998.9953583327174,1330.306653031828,0.9201905298775986
22.6882143,TRACKING,1004.3015879705505,-5384.121123188012,46.8691639962467,-3266.594173772431,-1999.0399267732616,1330.2776624517123,0.847732506436603
22.6922741,TRACKING,1003.9911052733788,-5387.464313075611,46.759838296450525,-3266.599333763285,-1999.0270422715544,1330.2716015486715,0.827468256676214
22.6972114,TRACKING,1003.7446658301865,-5391.029775811628,46.87832643059074,-3266.6046872232337,-1999.038431309688,1330.233700307997,0.7242689193432987
22.7010288,TRACKING,1003.4595158805881,-5394.332888717758,47.22479024334825,-3266.6101324893452,-1999.0356187053412,1330.2545246813684,0.8732257676025619
22.7049129,TRACKING,1003.1566411855863,-5397.839527534725,47.40637055249281,-3266.6168649785996,-1999.0202464236297,1330.2341220997762,0.9073852789459739
22.7091947,TRACKING,1002.738836508261,-5401.473990892721,47.32339041956079,-3266.6435577907446,-1999.0784585274487,1330.2423527663348,0.8546265945323435
22.7136015,TRACKING,1002.3815747800782,-5404.919215369674,47.23171024490376,-3266.618502477766,-1999.0403874856784,1330.2232187707118,0.78626478891967
22.7177506,TRACKING,1001.9470393857382,-5408.418709088549,47.055757074501486,-3266.6282971926876,-1999.029499995101,1330.2562592754987,0.8509690877451052
22.7216377,TRACKING,1001.4554814062179,-5411.828069121449,47.08540305189176,-3266.6104294325296,-1999.0596902365137,1330.2087597742302,0.8861983212872071
22.7257526,TRACKING,1001.1193261014164,-5415.263028881853,47.290510059835995,-3266.660112920932,-1999.155670444561,1330.36976407709,0.8402289947049487
22.7305995,TRACKING,1000.780904091662,-5418.641752694771,47.370073696733485,-3266.632797669371,-1999.0823902768739,1330.3329385687678,0.700770007456588
22.7343729,TRACKING,1000.3721053667086,-5422.091913235667,47.396355998525635,-3266.610809304918,-1999.0404130677225,1330.3066512211522,0.9207595747989651
22.7383759,TRACKING,999.9844200146969,-5425.473912887152,47.24166640234365,-3266.5963441615504,-1999.0506893595157,1330.2857511596947,0.8512766807945781
22.7424854,TRACKING,999.5565054136291,-5428.761521629067,46.96478868223654,-3266.604213546463,-1999.0459570916817,1330.2846625367572,0.8095588115904436
22.7474021,TRACKING,999.1535941831585,-5432.150978595186,46.91952148926055,-3266.617019248393,-1999.0426878733192,1330.3047389797034,0.6942909933855317
22.7511122,TRACKING,998.7127186286393,-5435.5397528150515,47.01912341198661,-3266.596264910845,-1999.0198594343378,1330.2995990535796,0.9214802233224721
22.7550097,TRACKING,998.3761789481234,-5438.98073509251,47.14021383756407,-3266.6045896208925,-1999.093462118143,1330.3571854293464,0.8876254843753603
22.7590097,TRACKING,997.8962081021804,-5442.420240988561,47.3632231794969,-3266.611278878288,-1999.0522310919569,1330.293344640568,0.8699966231437682
22.7639888,TRACKING,997.4906547500036,-5445.869895843612,47.447528246615214,-3266.611278878288,-1999.0522310919569,1330.293344640568,0.6978038464292028
22.7676401,TRACKING,997.1475408858312,-5449.278182285684,47.59150524314842,-3266.63585480219,-1999.0353117190334,1330.2482320700433,0.9389910503997094
22.7717314,TRACKING,996.7725084017945,-5452.734487690161,47.754919856655164,-3266.6040044291376,-1999.0372089284494,1330.2362225687127,0.8506907622015303
22.7757989,TRACKING,996.4928850895121,-5456.295253279577,47.89070164827293,-3266.636835588647,-1999.0108334832632,1330.2783232184797,0.8787481183547231
22.7805313,TRACKING,996.189282831902,-5459.669028441751,48.09681937840963,-3266.626847488453,-1999.03000317614,1330.2743097316134,0.7171146112232302
22.7844391,TRACKING,996.0444910741792,-5462.645743391086,48.36202684826625,-3266.640445927572,-1999.0684024758573,1330.3182955513403,0.7656510792620375
22.7882983,TRACKING,995.7722877393996,-5465.970058300691,48.318459094136365,-3266.6416307161167,-1999.050422817707,1330.2226310707665,0.8643566469642566
22.7925485,TRACKING,995.4167983967775,-5469.322450477659,48.25499960100885,-3266.628773407413,-1999.0569693165535,1330.217109787086,0.793323808762633
22.7972017,TRACKING,995.0269821464059,-5472.782799308043,48.17530080055682,-3266.6456733023665,-1999.0837622333577,1330.3079687216964,0.7485490371812594
22.8012763,TRACKING,994.5579243978273,-5476.222501758627,47.96412710227602,-3266.6096453047903,-1999.0573947057726,1330.246934456686,0.8535693745498412
22.8052232,TRACKING,994.1161110732068,-5479.490662179175,47.98707054338354,-3266.610201214572,-1999.073057133593,1330.3158006974772,0.8355845755362321
22.8093102,TRACKING,993.7642557157369,-5482.915054399533,48.0436277893217,-3266.5876540593276,-1999.0420573264569,1330.2552065878097,0.8423992788165328
22.8139094,TRACKING,993.2851885758246,-5486.253208351566,48.33774734742884,-3266.6111523009304,-1999.0586148157029,1330.2684360358621,0.7360315576696504
22.8180775,TRACKING,992.7590038690226,-5489.572599973992,48.54555755124506,-3266.5990186900017,-1999.0656083167175,1330.2708463751032,0.8078636489430729
22.822096,TRACKING,992.3999732693297,-5492.896665254446,48.71989217076332,-3266.621681389388,-1999.0530056967086,1330.3092333544457,0.8331318873430944
22.8261362,TRACKING,991.9422395779213,-5496.139782642576,48.65117484299916,-3266.611825532481,-1999.0493976531998,1330.3170561304214,0.8108462861933202
22.8307735,TRACKING,991.5983475679112,-5499.197282468328,48.55536928798825,-3266.6439111167,-1999.1103872682595,1330.3048914289209,0.6638065047004631
22.8347326,TRACKING,991.2315176589467,-5502.8145482794835,48.42681763504954,-3266.6189251913247,-1999.0404177961564,1330.2688873350323,0.9189185386066054
22.8388415,TRACKING,990.9532159640007,-5506.088506759779,48.51500972353997,-3266.5983001607447,-1999.0362832210353,1330.3016381853004,0.7999583859828309
22.8426502,TRACKING,990.7502746509971,-5509.727491402975,48.53812350051488,-3266.6109500463863,-1999.0055982847186,1330.2588893340578,0.9569439505359313
22.847475,TRACKING,990.5198862659747,-5513.164707823754,48.457493678626726,-3266.634463720738,-1999.0475366605167,1330.2436747045954,0.7142000528205074
22.8514035,TRACKING,990.1893627688472,-5516.374509777218,48.44512101829801,-3266.63895969405,-1999.0617420600593,1330.2233312132894,0.8213817811739412
22.8552659,TRACKING,989.940114443429,-5520.034459082001,48.10118662497077,-3266.6714226584504,-1999.0810907378748,1330.2085982483336,0.9539442181524553
22.8590658,TRACKING,989.4736317433163,-5523.5809912853965,47.90058042057792,-3266.6177714489427,-1999.0697023168048,1330.237529425038,0.9428406134991205
22.8636977,TRACKING,989.0109403700826,-5527.066764407101,47.94990235154495,-3266.643840288915,-1999.1140846648036,1330.2898284901487,0.7592333771341205
22.8677981,TRACKING,988.3925260259974,-5530.824308014513,47.99097081305593,-3266.6475113021766,-1999.063364952714,1330.2317216995182,0.9287665053065212
22.8716216,TRACKING,987.8434839885512,-5534.607662607546,47.97185889755428,-3266.622099016988,-1999.041083215597,1330.248805932154,0.9998779660125994
22.8756872,TRACKING,987.6525953166996,-5537.512802644373,48.07066362079951,-3266.634940724248,-1999.0604415413713,1330.2521551347754,0.7165192729648899
22.8805589,TRACKING,987.1983311804695,-5541.070819579212,48.106266764466284,-3266.601348305864,-1999.0318519561722,1330.2966418728943,0.7363087077088295
22.8845322,TRACKING,986.8470014450404,-5544.331605201042,48.226942057448355,-3266.6031007216,-1999.0541579286269,1330.264300601616,0.8259827357129217
22.8885947,TRACKING,986.4092901569462,-5547.594591319787,48.25497592687506,-3266.598706939808,-1999.0417649098206,1330.2394748514282,0.8104203895654208
22.8927139,TRACKING,986.0554073731481,-5550.906123706589,48.21278976502217,-3266.6117918176615,-1999.0549755115883,1330.213459618699,0.8085682916860224
22.8974351,TRACKING,985.6544573925055,-5554.322853285541,48.0047195637325,-3266.600547961121,-1999.0550232618014,1330.2740869929792,0.729996874675234
22.9011845,TRACKING,985.1768471418093,-5557.998338631632,47.74468651690617,-3266.6189219547027,-1999.0444280266668,1330.235445188265,0.9909578720171942
22.9049987,TRACKING,984.7234227760998,-5561.645194970119,47.999164762834845,-3266.6016392500105,-1999.0425793404493,1330.2139440129843,0.9657952956193671
22.908998,TRACKING,984.2450851130204,-5565.2409385414,48.14478715938385,-3266.6181283393485,-1999.0494704531584,1330.275588674434,0.907744410216496
22.9138931,TRACKING,983.7828455900327,-5568.610570134358,48.14290536298248,-3266.632919882912,-1999.029583237917,1330.2516636930725,0.6948150003703785
22.9177692,TRACKING,983.2992884680181,-5572.136639624692,48.03381245825959,-3266.648988237468,-1999.035886657288,1330.2498191781983,0.9186407921419708
22.9219071,TRACKING,982.8999961408006,-5575.523441768968,47.752319131295614,-3266.6759865608515,-1999.0425250548565,1330.3378425696174,0.8269548462138817
22.9258362,TRACKING,982.4938422947739,-5578.727778398236,47.45177189778071,-3266.662616969682,-1999.0486556508936,1330.2891487770667,0.8256158070795189
22.9306867,TRACKING,982.2370028766527,-5582.111053670071,47.581819180623604,-3266.646998858408,-1999.0066268617209,1330.286464896444,0.7000312311909223
22.9344868,TRACKING,981.9283709006636,-5585.278327196831,47.883305247569034,-3266.6554805659653,-1999.0365126573922,1330.297882685531,0.8411685325577947
22.9383333,TRACKING,981.4992810785944,-5588.424312620339,47.98567852956713,-3266.6344192805345,-1999.0295695702791,1330.3050259909928,0.8258840296087118
22.9423961,TRACKING,981.1323844293752,-5591.82466369193,48.017573513387134,-3266.632215943725,-1999.0526638476717,1330.3133517420565,0.8418422072918427
22.9472561,TRACKING,980.8192749966978,-5595.066827129556,47.962793824999515,-3266.6320515508196,-1999.0462724269892,1330.2483477356645,0.6703103093544788
22.9510384,TRACKING,980.5571018125382,-5598.453916782691,47.850560458986685,-3266.604706894636,-1999.0497365336735,1330.2993828296285,0.8986792415735122
22.9549854,TRACKING,980.2411594900931,-5601.691852228723,47.772930752412876,-3266.6127777698057,-1999.0514271616714,1330.2518364670943,0.824484180993509
22.959062,TRACKING,980.0026333873163,-5605.010156195448,47.879847694161334,-3266.6032527742473,-1999.0589489052645,1330.2666699825988,0.8165096783550144
22.9642185,TRACKING,979.6984311628618,-5608.3941541049835,47.984519612766704,-3266.584015040088,-1999.078306998175,1330.319465701958,0.6592175638161841
22.9677541,TRACKING,979.3738974969194,-5611.704928165093,47.93420610711127,-3266.6199980283304,-1999.0732229510556,1330.3329737816414,0.9410064646832546
22.9716404,TRACKING,979.0265454387866,-5615.005823317383,47.71148022480607,-3266.6165799048267,-1999.078474437428,1330.2865401263218,0.8559774586806135
22.9758902,TRACKING,978.637212060773,-5618.383135281654,47.45593141534793,-3266.5787470320943,-1999.0432267298509,1330.2966799315564,0.8022189225784095
22.98057,TRACKING,978.2471847689143,-5621.772962051964,47.48301421561341,-3266.605282515791,-1999.0440634560443,1330.2887326311513,0.7291547479649896
22.9843607,TRACKING,977.9253874538219,-5625.078558764273,47.65076723366776,-3266.6487319162793,-1999.0487891797384,1330.36256892169,0.8772672574670823
22.9882396,TRACKING,977.6146609728796,-5628.377512145151,47.8474337829839,-3266.6742367559573,-1999.1024827905878,1330.3445809931227,0.8557544148159482
22.9924874,TRACKING,977.1973406356226,-5631.6774881952015,47.9402445511299,-3266.6400833340736,-1999.0455331254252,1330.3213769467272,0.7833592590630707
22.9970462,TRACKING,976.7433324821167,-5634.88891311051,47.93675692308434,-3266.6280643780265,-1999.0407542539076,1330.2714924767681,0.7114504311886425
23.0010813,TRACKING,976.4080318226231,-5638.203049143584,47.757202594250224,-3266.6508178211816,-1999.0687055657845,1330.1929935444052,0.8267181175735833
23.0051941,TRACKING,976.0277965998298,-5641.441840268159,47.46494305494379,-3266.6324988985557,-1999.0472055121477,1330.192873186063,0.7960768396205811
23.009298,TRACKING,975.5816092087692,-5644.649695148482,47.537850643923626,-3266.634480705881,-1999.0631686851611,1330.19784917122,0.7893850535474713
23.0141303,TRACKING,975.1734184996936,-5647.87137428819,47.95207768795355,-3266.62920029704,-1999.0750659043251,1330.2386587990343,0.6774718282804919
23.0177402,TRACKING,974.7916816417955,-5651.201724846642,48.1926880467023,-3266.631486542542,-1999.0627814349416,1330.259803451479,0.9309901493248263
23.0215737,TRACKING,974.3996374813405,-5654.543421163693,48.29750736058822,-3266.6500065888654,-1999.0535427313166,1330.2629980259665,0.8781132559685532
23.0258449,TRACKING,973.9199133173191,-5657.746197791096,48.32586489986089,-3266.5933700541736,-1999.0546183169383,1330.274808846905,0.7582480242665387
23.0301826,TRACKING,973.5508169490273,-5661.05966213278,48.19538827214086,-3266.6007215577188,-1999.103782341821,1330.2707444614825,0.7691888526139181
23.0345396,TRACKING,973.1958183008235,-5664.566157613818,48.01817395349371,-3266.6131477975923,-1999.0531650137968,1330.3220908627711,0.8099316667891703
23.0383528,TRACKING,972.7516066576748,-5667.726369583966,48.351557303100435,-3266.608630566649,-1999.0275054012927,1330.3610767599637,0.8414575269535889
23.0425138,TRACKING,972.4147002019546,-5671.12306294686,48.66846760166599,-3266.626108301595,-1999.0766453116812,1330.4184368181657,0.8238502343505044
23.0468914,TRACKING,972.1185451438748,-5674.430941009038,49.02807872993673,-3266.6167589464376,-1999.0500240649997,1330.2961883959483,0.7630943220487015
23.0511071,TRACKING,971.7897803116011,-5677.552739113202,49.183588292459355,-3266.6113649481363,-1999.0509241109135,1330.319268750716,0.7455254261510934
23.0549791,TRACKING,971.6604626588281,-5680.268082447775,49.35649041051356,-3266.6377724686913,-1999.0888618055167,1330.3221342365564,0.7034901927274806
23.0590095,TRACKING,971.2656173953047,-5683.589588140045,49.05857047466376,-3266.60086634747,-1999.0532958538786,1330.2834209864711,0.8332009927474808
23.0637216,TRACKING,970.8839287173613,-5686.859556580796,48.77101166805936,-3266.6049914734876,-1999.032840228952,1330.276142267664,0.7013230216480497
23.0675776,TRACKING,970.4258936156493,-5690.143749918695,48.507745380825604,-3266.6344472537658,-1999.0629353330976,1330.261881957718,0.8626592742194665
23.0715306,TRACKING,970.0185736241783,-5693.437647895678,48.62106449328009,-3266.6219752801917,-1999.0461198496184,1330.2648973924524,0.8401013806687817
23.0758141,TRACKING,969.668277166321,-5696.608944932475,48.96660521942051,-3266.6399523297623,-1999.0539016811115,1330.2473147224202,0.749210104631045
23.080673,TRACKING,969.1800211020975,-5699.774184973833,49.037324988058835,-3266.648797187802,-1999.0582243529434,1330.2030589325263,0.6592968520139715
23.0845829,TRACKING,968.6875234494602,-5703.140863051666,49.00719132313605,-3266.632209705812,-1999.0639646736722,1330.239296305735,0.8702635792897226
23.0883257,TRACKING,968.2494664210134,-5706.262068322727,48.99574519860826,-3266.638107969845,-1999.0477425979766,1330.2261551718668,0.8421012372680845
23.0925206,TRACKING,967.824024901857,-5709.486405240164,48.77450171960696,-3266.6394314653553,-1999.0745754906586,1330.267347541986,0.7770865235737621
23.0973153,TRACKING,967.3730394478107,-5712.548249412218,49.130684214832094,-3266.6214690364577,-1999.0451725823148,1330.3041140130729,0.6497399094048637
23.1010787,TRACKING,967.0792244064812,-5715.814772307682,49.20413991257249,-3266.630121081832,-1999.053209694475,1330.2553429823456,0.8716938692272959
23.1049135,TRACKING,966.8038805830871,-5719.047793204407,49.37995170824256,-3266.6024769286637,-1999.0492007861503,1330.2877698492193,0.8473673428472396
23.1091067,TRACKING,966.5539542987026,-5722.158761272217,49.445683473539816,-3266.6157440078287,-1999.0398033242932,1330.2985565008128,0.74446323115486
23.1140705,TRACKING,966.266973761215,-5725.594985013411,49.237911394581786,-3266.6040580034105,-1999.062902737191,1330.2992212160013,0.6959266523041086
23.1177105,TRACKING,965.9154259054613,-5729.038719031576,48.833042343633856,-3266.6388968538004,-1999.0815283286584,1330.3670860241796,0.9574800077068347
23.121781,TRACKING,965.6967918725993,-5732.244108401453,48.858502918819106,-3266.615886302862,-1999.0631022233213,1330.2999604096092,0.7893226685875336
23.125683,TRACKING,965.3106550331954,-5735.74545993478,48.76931707006208,-3266.627499809591,-1999.0750392512577,1330.3715790050376,0.9030517779618906
23.1308697,TRACKING,964.7131316218578,-5739.16231121109,48.72418949547317,-3266.6163165770563,-1999.0891538171124,1330.2854830926879,0.6688255458861452
23.1343154,TRACKING,964.1941994484448,-5742.438120978559,48.611449654647906,-3266.6125024253347,-1999.0379051770594,1330.290162317244,0.9631057738044548
23.1383417,TRACKING,963.3963613190722,-5746.531699330269,48.1436252498082,-3266.63847738231,-1999.0648364915676,1330.2749778492719,1.042336476187452
23.1425606,TRACKING,963.1834265605559,-5749.453413494547,48.32501205390708,-3266.606557800745,-1999.062065228348,1330.2539666236396,0.6956963735570662
23.1471299,TRACKING,962.803066576501,-5752.360595439279,48.61750232509233,-3266.6241204554135,-1999.0561055790304,1330.2355308761437,0.6448496902011065
23.1509909,TRACKING,962.4155696070602,-5755.491060049078,49.05713416628158,-3266.627873347362,-1999.0554627276351,1330.327362873001,0.8248757228260108
23.1550892,TRACKING,961.9625896662238,-5758.7307568333,49.207058435218094,-3266.616553493319,-1999.0321252625993,1330.2570409718182,0.7990253356314179
23.1594092,TRACKING,961.478175972783,-5762.033601971502,49.251507954626256,-3266.608291246076,-1999.0377175843935,1330.2523974570677,0.7727952452349697
23.1639227,TRACKING,961.0606325557702,-5765.056505367692,49.27363471356683,-3266.6152676760976,-1999.0486245856735,1330.2572414537258,0.6761236946496537
23.1678155,TRACKING,960.6171738925025,-5768.318036172528,48.9414152504672,-3266.629707802052,-1999.056391016711,1330.2668644977,0.84984167586204
23.1717628,TRACKING,960.071219962953,-5772.000316897925,48.60909254655423,-3266.613294114114,-1999.0659152079595,1330.2517930187344,0.9468087076365862
23.1762169,TRACKING,959.4656320225438,-5775.687898645329,48.67285336636371,-3266.636137410147,-1999.0728927609957,1330.2461108104865,0.8391191818104582
23.1807833,TRACKING,958.8447216510029,-5778.947223516572,48.830940101625956,-3266.6066121140334,-1999.0795103877635,1330.2220897627535,0.7274229896396385
23.1844631,TRACKING,958.3644614705771,-5782.451376075014,48.95588054437799,-3266.627133211404,-1999.1258989398862,1330.3278496515884,0.9617686913445008
23.1885284,TRACKING,958.0049935520999,-5785.757575172389,49.0032518018018,-3266.6095415499703,-1999.055880543938,1330.2915516379157,0.818148894119117
23.1925773,TRACKING,957.5749920660286,-5789.009679486386,48.75759467834786,-3266.6334631198156,-1999.0565815544628,1330.3460056966192,0.8124661951754617
23.1971515,TRACKING,957.1834769939189,-5792.089109429167,48.354008832862085,-3266.6258497990593,-1999.047112407668,1330.2997240707898,0.6843478920610807
23.2011761,TRACKING,956.8833196674235,-5795.4643793349505,48.23872376833238,-3266.6058363007764,-1999.0497365114406,1330.3094166326575,0.842456492156341
23.2052977,TRACKING,956.5663501585977,-5798.557042396134,48.4443783140726,-3266.6238528760555,-1999.0454693712836,1330.28130574761,0.7559342394897999
23.2092816,TRACKING,956.1829238462092,-5801.5813890279705,48.59882563735551,-3266.648762191423,-1999.081828998171,1330.291227246917,0.7662001929167074
23.2137634,TRACKING,955.8002051526462,-5804.72342280954,48.78011975663948,-3266.648701790114,-1999.0569705766675,1330.3117115641921,0.7074042483197224
23.2175967,TRACKING,955.3790723435357,-5807.730904961014,48.72815026467454,-3266.6175255654257,-1999.0402616717156,1330.264087991159,0.7923379155113773
23.2215669,TRACKING,955.0939823842164,-5811.018860294475,48.55958286006383,-3266.6175255654257,-1999.0402616717156,1330.264087991159,0.8323495047490821
23.225608,TRACKING,954.8203333599782,-5814.25650434689,48.5932423868074,-3266.620183707209,-1999.0284678768512,1330.257709861938,0.804078682146806
23.2304681,TRACKING,954.4886218565264,-5817.409397042544,48.715624206588025,-3266.605376265968,-1999.0421095457418,1330.3648445945337,0.6527963176422669
23.234521,TRACKING,954.2047764826497,-5820.527619176225,48.91867289756276,-3266.6129866837746,-1999.039442840388,1330.2953365569838,0.7741842206768688
23.2382328,TRACKING,953.9346404959167,-5823.862617844918,49.01090752543278,-3266.608361466843,-1999.055655231058,1330.259708247418,0.90177067067856
23.2425002,TRACKING,953.576125079718,-5827.045455806864,48.927504093973695,-3266.5941565747307,-1999.033654932326,1330.329745509899,0.7508205564363115
23.2471451,TRACKING,953.132816733583,-5830.194894201537,48.79594510729232,-3266.6060112686396,-1999.0616367021012,1330.3423905111463,0.6853117860773924
23.2509154,TRACKING,952.7496503299639,-5833.46574307871,48.73177983196505,-3266.638435745345,-1999.0750061089727,1330.332131397606,0.8736282586149725
23.2550319,TRACKING,952.39447488123,-5836.65897739257,48.805469363577785,-3266.612143968465,-1999.069893310247,1330.338284034412,0.7807047660543806
23.259231,TRACKING,951.9975170829874,-5839.796292436046,48.95978079085978,-3266.6220138744375,-1999.0320462843945,1330.3051975620856,0.7539927969059931
23.2638868,TRACKING,951.5895030687268,-5842.94600232439,48.950328460342966,-3266.6161181200396,-1999.0291427463071,1330.3485315144464,0.6821687174776987
23.2676409,TRACKING,951.2093690510249,-5846.13046871627,48.95934531889189,-3266.6014659261928,-1999.032710291552,1330.3091355252297,0.8542892747850516
23.27166,TRACKING,950.8253547083322,-5849.23079235285,48.84697455016883,-3266.6194751678167,-1999.0135866879602,1330.3061060497062,0.7777950201134918
23.275662,TRACKING,950.388548260701,-5852.3214278036885,48.787987093758616,-3266.6308983545337,-1999.0348831899116,1330.282022601968,0.7800868493582028
23.2803973,TRACKING,949.9728000192009,-5855.491742658538,48.64785914005622,-3266.6389570353635,-1999.04273759488,1330.227967494523,0.6758870360622231
23.2845578,TRACKING,949.6048064166342,-5858.643673591173,48.94087569946391,-3266.650836721975,-1999.0435655389895,1330.3339565083816,0.7659751458446346
23.2884225,TRACKING,949.1205919787202,-5861.623947134265,49.20640192518067,-3266.633784977982,-1999.051551439793,1330.2445899197198,0.7842797979010778
23.2923361,TRACKING,948.6847801376957,-5864.838399560833,49.419615988655096,-3266.6253739409694,-1999.0455998975926,1330.2277429811431,0.8306574257481985
23.2973663,TRACKING,948.3184484412246,-5868.088554433812,49.481732891694584,-3266.6071902499098,-1999.0512188758976,1330.2281594643675,0.6503368694514591
23.3010649,TRACKING,947.8721607115575,-5871.204353243018,49.397270373820355,-3266.629740393517,-1999.084186015499,1330.250555543885,0.8513305877410384
23.3051507,TRACKING,947.3873567095801,-5874.244990809051,49.27299734308228,-3266.6195813576023,-1999.0360394880322,1330.286421312638,0.7542099049022227
23.3091696,TRACKING,947.059467761234,-5877.593860396974,49.396676185964274,-3266.6369860480677,-1999.0507261758187,1330.231889978173,0.837830089750392
23.3140019,TRACKING,946.7149475682583,-5880.7987337528,49.88362380059465,-3266.6224292881925,-1999.033327867661,1330.2838784710148,0.6746087505573568
23.3177663,TRACKING,946.3146979187001,-5883.968885090345,50.23652625377846,-3266.6351697340288,-1999.05494133128,1330.2791838608753,0.8539866058953248
23.3215906,TRACKING,945.9676600498051,-5887.049355755932,50.46656119614088,-3266.6125451632315,-1999.0592824665637,1330.2469409516566,0.8128233866198764
23.325758,TRACKING,945.6787084580567,-5890.141587435724,50.52485948830986,-3266.632570570991,-1999.130894271169,1330.250148393087,0.7453687923868962
23.3301898,TRACKING,945.4874129256502,-5892.699724737859,50.57336609529692,-3266.604935946711,-1999.0442406763748,1330.269174956438,0.5789382100426039
23.3343698,TRACKING,945.0863559644953,-5895.86597828202,50.35307449387513,-3266.639150008257,-1999.0458255330345,1330.254842217749,0.7653459873177201
23.3384635,TRACKING,944.7220110196956,-5898.974767741849,50.370121310573914,-3266.613669870436,-1999.0171582996506,1330.2597602484002,0.7646171860845316
23.3425799,TRACKING,944.2984641725905,-5902.123393194285,50.41630963531613,-3266.6168974084376,-1999.048349883977,1330.2614490921385,0.7718688199611047
23.3472036,TRACKING,943.8563969047165,-5905.217995450586,50.34029167497583,-3266.605743591886,-1999.04322718274,1330.2381483073373,0.6762856259203431
23.3511463,TRACKING,943.4343865206909,-5908.286165090174,50.30706798599423,-3266.6065720899387,-1999.052297722506,1330.2402612137194,0.7855617964030276
23.3549788,TRACKING,943.0066641590773,-5911.476115626244,50.29933403846838,-3266.604559135648,-1999.0471698943545,1330.2521673814313,0.839793221087845
23.3593364,TRACKING,942.479446543284,-5914.599445956094,50.334118873337246,-3266.626858904226,-1999.047361906241,1330.2241967983223,0.726938202810389
23.3639728,TRACKING,941.9899894365523,-5917.653747302387,50.68381624652004,-3266.6103535866555,-1999.0393698407881,1330.2522122098485,0.6714207100338668
23.3678735,TRACKING,941.3828869977876,-5920.564369706967,51.00031613005555,-3266.6103535866555,-1999.0393698407881,1330.2522122098485,0.766544874745873
23.3716842,TRACKING,940.9195319157728,-5923.687327215294,50.7562268477608,-3266.646143704177,-1999.0826270993762,1330.2204017208571,0.8309670502416621
23.3760897,TRACKING,940.5626111994053,-5926.976524566386,50.56722857507512,-3266.626348664687,-1999.0370505934072,1330.248669838009,0.7522187745524549
23.3805734,TRACKING,940.2375892219475,-5930.000647528303,50.57769000920914,-3266.621202642837,-1999.0588871406421,1330.2285147688597,0.6783587007660243
23.3844221,TRACKING,940.0427540917748,-5933.053512397677,50.70807899523442,-3266.623407091508,-1999.0148816604687,1330.2327508414974,0.7955552129983217
23.3886965,TRACKING,939.7461085229606,-5936.317539262245,50.69475726172846,-3266.6244460320745,-1999.0156309723614,1330.2642819958146,0.7667757540096717
23.3925779,TRACKING,939.551394801762,-5939.467764345462,50.651181530538814,-3266.6637672651436,-1999.0448302904913,1330.337266733552,0.8132472087375645
23.3970506,TRACKING,939.3060823958333,-5942.596138929877,50.44203047150196,-3266.6217188698715,-1999.0559623028391,1330.2495842942608,0.7031413603188944
23.4008674,TRACKING,938.8103610365267,-5945.915506783573,50.2218154602457,-3266.6234247474545,-1999.0656022187916,1330.267384549264,0.8812085217209008
23.4048776,TRACKING,938.4204323663159,-5949.123506178374,50.129682195416876,-3266.597291589432,-1999.032778166763,1330.2792170431296,0.8061750769955515
23.409149,TRACKING,938.0100174903915,-5952.410231122069,50.14756014811751,-3266.6130770135187,-1999.0477389446262,1330.307235888845,0.7754596674659926
23.4138136,TRACKING,937.3170576877956,-5955.866061366872,49.809212122829955,-3266.6095557639883,-1999.0492648037207,1330.2598478675861,0.7590841887352996
23.4178276,TRACKING,936.8216324808031,-5959.066727126001,49.69534936045392,-3266.6114284773503,-1999.0446677760676,1330.2541384394253,0.8073698672514745
23.4217321,TRACKING,936.3507891563202,-5962.16962047502,49.69827656365893,-3266.5905069217124,-1999.0566000078938,1330.270234566688,0.8037943573233199
23.4258777,TRACKING,936.1128436247797,-5965.003606183289,50.129219735227146,-3266.6251937114143,-1999.0531758857446,1330.318442766171,0.6938494481278462
23.4304182,TRACKING,935.5495373112893,-5968.093123110956,50.311853616030845,-3266.609157455627,-1999.0620623092866,1330.2663762273617,0.6928216064706173
23.4343653,TRACKING,935.082610776152,-5971.18050155057,50.37046010697751,-3266.63919856,-1999.0456073036137,1330.3097764826332,0.7912232023069556
23.4382536,TRACKING,934.6482489877548,-5974.390441385668,50.41478253832053,-3266.647484571888,-1999.0742424060331,1330.2516659959765,0.8331399760478545
23.4424261,TRACKING,934.3375145619538,-5977.2929049266595,50.39264927071786,-3266.6325684612375,-1999.0469435700986,1330.3097216885592,0.6996125815996953
23.4470294,TRACKING,933.7866874539728,-5980.542438078593,50.07559767613733,-3266.630240303646,-1999.0332859413047,1330.28211901254,0.719288819242509
23.4510504,TRACKING,933.2830324652863,-5983.855249031543,49.97849788307811,-3266.652065372333,-1999.037213892336,1330.257871397661,0.8336942955195441
23.4548518,TRACKING,933.2336991866036,-5986.378448552902,50.670301893735264,-3266.6177163782504,-1999.030761824389,1330.2983431153525,0.6883739522365445
23.4589694,TRACKING,932.2384435125169,-5990.549844084401,50.7878171083958,-3266.641757972675,-1999.0391966057794,1330.3111886022468,1.0418912513570975
23.4636776,TRACKING,931.5674984143923,-5993.925674319858,50.775171709759015,-3266.661552612133,-1999.0478041269046,1330.298929683051,0.7310400516159887
23.4679022,TRACKING,931.1330276646233,-5997.192822733401,50.5876426893089,-3266.648291569693,-1999.0686186160854,1330.3136804546975,0.781432747532086
23.4717792,TRACKING,930.7370514577101,-6000.334911628186,50.35419338110318,-3266.6196902050883,-1999.0450682469495,1330.257625742496,0.8190699876784744
23.4760425,TRACKING,930.3196026414813,-6003.436100010388,49.97468027491964,-3266.6176818061754,-1999.0728623828584,1330.2497722166438,0.73935418279209
23.4807244,TRACKING,929.8928726355102,-6006.446464265692,49.76246724046174,-3266.6209467743943,-1999.0603241718936,1330.2331028075841,0.650986979245687
23.4842948,TRACKING,929.5128829172382,-6009.45579239578,50.08614441927192,-3266.644483615794,-1999.0760648735857,1330.2962574550654,0.854370667866297
23.4884949,TRACKING,929.2035984346281,-6012.481892856372,50.448075003737145,-3266.6082649149253,-1999.0565201120535,1330.2419436327461,0.7293447420526501
23.4927792,TRACKING,928.7319143437359,-6015.516423695871,50.52194130101975,-3266.635425458063,-1999.0326802436978,1330.2397860198664,0.7170037800450184
23.4976373,TRACKING,928.401822408443,-6018.532225954644,50.464847125349564,-3266.662600719594,-1999.0571338173786,1330.2564621158274,0.6245961634335373
23.5013819,TRACKING,927.9086366997971,-6021.430705895662,50.33712732727524,-3266.6341905901672,-1999.0459117438486,1330.2587458264184,0.7859082148298324
23.5050655,TRACKING,927.5574449243313,-6024.560830949622,50.06158366191005,-3266.6303958279855,-1999.0467960700062,1330.2876654520278,0.8583435340148495
23.5093197,TRACKING,927.2316948346412,-6027.463315478499,49.976963415641315,-3266.6205113400897,-1999.0153560783115,1330.2632602710878,0.6868347996961797
23.5140691,TRACKING,926.9594886704172,-6030.530498355882,50.26490422298911,-3266.6393910440506,-1999.0142579011936,1330.303316350625,0.6511709866419642
23.5176449,TRACKING,926.6544558708231,-6033.617187358093,50.50031290375464,-3266.6318441677286,-1999.0318725002187,1330.2576132001013,0.8699157752110126
23.521603,TRACKING,926.3479564665388,-6036.737024904422,50.602992614599145,-3266.61776929949,-1999.0254545721837,1330.2908097153595,0.7924352874488891
23.5259987,TRACKING,925.9834632208436,-6039.652479791829,50.53034439394113,-3266.634279265116,-1999.054770975875,1330.2633985388045,0.6686191540403039
23.5309339,TRACKING,925.5956432773273,-6042.753271550853,50.305638761912135,-3266.6381108350342,-1999.0722385505067,1330.2395647432115,0.6348311610371752
23.5347596,TRACKING,925.1819494079141,-6045.978461382231,50.26377852099006,-3266.602257788327,-1999.0362889304208,1330.2260045391088,0.8500099850742783
23.5386058,TRACKING,924.7826888012685,-6048.95789156286,50.34617553126317,-3266.6155358767646,-1999.055407234923,1330.240451205675,0.7818604847483607
23.5426028,TRACKING,924.3771812164149,-6052.033254985965,50.47188864024662,-3266.600809769991,-1999.0385899144292,1330.2186308164044,0.776714788485719
23.5473787,TRACKING,924.0398540496639,-6055.093859673704,50.54741915249639,-3266.6100062706864,-1999.0509888291583,1330.2189130706902,0.644918069641169
23.5512402,TRACKING,923.6981998825192,-6058.079380539063,50.40702601177083,-3266.6071626141415,-1999.092332546067,1330.3009879578146,0.7790454493799808
23.5549967,TRACKING,923.2540463563641,-6061.037671499626,50.34459453882032,-3266.5992253057943,-1999.0353996135068,1330.258108056509,0.7965124017294055
23.5590645,TRACKING,922.8561827398113,-6064.0146366204635,50.353651327816706,-3266.6174280419864,-1999.0690281770808,1330.224028529386,0.7383469740403641
23.5639494,TRACKING,922.4811492757252,-6067.031598028515,50.423838843970266,-3266.6087196048,-1999.053752397025,1330.2545580731382,0.6225290240604829
23.5678704,TRACKING,921.9514724415089,-6070.029373258907,50.58303223550164,-3266.6087196048,-1999.053752397025,1330.2545580731382,0.7774469442774903
23.5718321,TRACKING,921.4781838964722,-6072.91762848328,50.79991192005673,-3266.6260928072593,-1999.0388617789613,1330.2733003556411,0.7407933538571807
23.5758814,TRACKING,921.0994747788806,-6075.96758008533,51.09346673654,-3266.6146239851723,-1999.02351785407,1330.2725843154876,0.7624432125728531
23.5804799,TRACKING,920.6059005999273,-6078.922835982134,51.14482339373225,-3266.6253746611455,-1998.996044608095,1330.2883211250542,0.6516537651398335
23.5844663,TRACKING,920.2185805909838,-6081.982155288691,51.14036579275634,-3266.626801414898,-1999.02793695267,1330.2964549887058,0.7735658897919977
23.5885074,TRACKING,919.7594872335691,-6084.980729766661,50.99015203600037,-3266.606111814743,-1999.0182432354918,1330.2683354046967,0.7515855230218208
23.5926586,TRACKING,919.3409175705143,-6088.039018492493,51.075627546388255,-3266.6209570982815,-1999.031356290324,1330.2399901822437,0.7438770964955015
23.5973317,TRACKING,918.9364461228826,-6091.053816197601,51.48967693095281,-3266.6097415786003,-1999.0351846625163,1330.239478710207,0.656921488754799
23.6011607,TRACKING,918.5388143241644,-6094.157254728809,51.731595309614114,-3266.590122411094,-1999.0031956535777,1330.2229544231823,0.8195735042689011
23.6052824,TRACKING,918.1248012853614,-6097.194714664448,51.952189915110125,-3266.6257362577444,-1999.0383640393122,1330.2093942063186,0.7456807250324988
23.6090962,TRACKING,917.7633245463171,-6100.261526686501,51.89403315659362,-3266.5791042085484,-1999.025476039558,1330.2439265196213,0.8098456291611856
23.6137756,TRACKING,917.3333734545648,-6103.150289282284,52.01494523215616,-3266.615199666066,-1999.0425998057406,1330.2387880918006,0.6246709377815955
23.6178195,TRACKING,917.0302903347227,-6105.905664899219,52.123147290014884,-3266.5844923185796,-1999.036800393906,1330.2399281123512,0.6859975754073608
23.6218277,TRACKING,916.7848416814428,-6108.62144976461,52.448163266697456,-3266.5905539973346,-1999.0443545146486,1330.1970191890005,0.685134251074355
23.6258489,TRACKING,916.3593521087187,-6111.410571923722,52.58687321176302,-3266.6303207399396,-1999.0389421606292,1330.2266917257684,0.7024763973524553
23.630484,TRACKING,915.9272784685065,-6114.324998060578,52.522617587025664,-3266.628950875706,-1999.0574398450042,1330.3330255187595,0.6357966060665646
23.6345664,TRACKING,915.4566069304096,-6117.257608354526,52.341661823544186,-3266.6320755462884,-1999.041332287232,1330.2673422590676,0.7288966780800827
23.6384799,TRACKING,914.994854370226,-6120.368636180873,52.258528515672765,-3266.6381274903756,-1999.0618794829581,1330.2850340656212,0.8039369754209259
23.6425251,TRACKING,914.6185769569456,-6123.257352901706,52.444824128416116,-3266.6579556536813,-1999.0537779643923,1330.367595363197,0.7216134976606935
23.6469857,TRACKING,914.0823486739284,-6126.259451082732,52.61944574945694,-3266.6085347782046,-1999.0316478248205,1330.2839259870836,0.6847974484622521
23.6511211,TRACKING,913.5888110256843,-6129.1383224180945,52.672139805217014,-3266.623949762351,-1999.0541042147186,1330.271861789507,0.7064237889252049
23.6551551,TRACKING,913.157805743162,-6132.192055390821,52.62758486858988,-3266.662242070634,-1999.1085049742626,1330.3014871914986,0.7645812981695742
23.6593524,TRACKING,912.4880006098932,-6134.92810576668,52.90499565249228,-3266.6341859552276,-1999.0383489912188,1330.290117365701,0.6743552327715976
23.664322,TRACKING,912.0126439003114,-6137.645686226728,52.86424386282147,-3266.624354065848,-1999.0913339897559,1330.2590466302743,0.5552041751356772
23.6680795,TRACKING,911.5356548179744,-6140.911224136687,52.80938957038917,-3266.6179547136685,-1999.0708716124673,1330.2389219760194,0.8784154923222511
23.6719554,TRACKING,911.2595921823969,-6143.813818326609,53.04203274818226,-3266.631394505416,-1999.0638442662885,1330.2799294421404,0.754652912447914
23.6758965,TRACKING,910.957473476722,-6146.794543726632,53.10652042871922,-3266.6133033947267,-1999.0428394421913,1330.2695312838484,0.7603692427493584
23.6807424,TRACKING,910.6304075853342,-6149.739372307902,52.94329703517167,-3266.6112133387282,-1999.0488787259098,1330.215236324662,0.6123585029238433
23.6845954,TRACKING,910.2896401653335,-6152.84603633708,52.80467549478609,-3266.627553781893,-1999.0470009601775,1330.2447852765401,0.8119310001894298
23.6882855,TRACKING,909.956714958895,-6155.886811947526,52.65701252100122,-3266.6185133240187,-1999.0408464853401,1330.2591223529769,0.8299256802363482
23.6925045,TRACKING,909.6363565395761,-6158.762093038379,52.75148529338961,-3266.632019650852,-1999.0479383253178,1330.2564926220364,0.6860903047256635
23.6973225,TRACKING,909.1881627247827,-6161.990782658547,52.747413063909555,-3266.619707545253,-1999.0235452422885,1330.2798178044698,0.6765570706515303
23.7012864,TRACKING,908.7832011286965,-6165.0846468448735,52.70522969161107,-3266.627454161687,-1999.03279912742,1330.2675205247997,0.7872398008692325
23.7050892,TRACKING,908.2276696766049,-6168.1777225964815,52.480534546125845,-3266.65164950628,-1999.082559583455,1330.2652981469273,0.8284923038800518
23.7095633,TRACKING,907.6893210315361,-6171.280173127632,52.427300501905684,-3266.6346542412425,-1999.0506903065407,1330.2605154843882,0.7038873076896901
23.714009,TRACKING,907.0207339389237,-6174.656456262236,52.217863014946076,-3266.6342117042946,-1999.0516577104956,1330.3906196280486,0.7756284077985071
23.7178602,TRACKING,906.5320434806698,-6177.47773354841,52.342306524034704,-3266.6014860448313,-1999.0324165419174,1330.2930123209244,0.7441815507372249
23.7218951,TRACKING,906.015763903844,-6180.279389310755,52.55656892394681,-3266.651662874593,-1999.0043744960035,1330.2133948433882,0.7080407974990842
23.725823,TRACKING,905.6871041545995,-6183.121578325238,52.811454839581295,-3266.617996262055,-1998.9621300184708,1330.3036731901743,0.7312964444853688
23.7307976,TRACKING,905.1207259043229,-6186.088609589711,52.775626359851515,-3266.625794314906,-1999.0766583523973,1330.255248767172,0.6072484598339766
23.7345147,TRACKING,904.6550996838072,-6188.857658418607,52.71364392907167,-3266.6371487163447,-1999.0745008455308,1330.3288990796711,0.7555912881206789
23.7381947,TRACKING,904.1970814791017,-6191.658892865645,52.74510277725686,-3266.601179740893,-1999.072684661214,1330.2465739724726,0.771360361458873
23.7424236,TRACKING,903.8330518090605,-6194.4079006734655,52.943180753219565,-3266.6065897712497,-1999.031689734518,1330.2565300016379,0.6573982114341956
23.7471254,TRACKING,903.3819306731708,-6197.355426078877,53.16310429294601,-3266.6126991023702,-1999.0534174481677,1330.327424387902,0.6359153797104944
23.7511407,TRACKING,903.0205412323772,-6199.991594526718,53.47354597075669,-3266.606431618034,-1999.0475874825036,1330.2628063504308,0.6671663340363797
23.7553966,TRACKING,902.6641944707453,-6202.817885406169,53.596717081477316,-3266.599496150531,-1999.0623335577789,1330.334289174886,0.6699707488580725
23.7592526,TRACKING,901.2169421569905,-6207.354850416183,53.15159010084034,-3266.5952215163143,-1999.044135890668,1330.2899079368233,1.240394798932465
23.7641759,TRACKING,900.7596509673772,-6210.516162989043,52.90308701309287,-3266.574347114519,-1999.0615136846077,1330.2740624163418,0.6507560745394463
23.7677953,TRACKING,900.267163496265,-6213.3899996969085,52.805662969694474,-3266.5920608171973,-1999.058867909844,1330.282281986276,0.8060333636004201
23.7719018,TRACKING,899.8815031630068,-6216.461813388041,52.915691209036176,-3266.6368403359184,-1999.0800505448708,1330.2420149019417,0.7543852577426934
23.7760836,TRACKING,899.4906870660037,-6219.384747565696,52.94330925821345,-3266.6588215121146,-1999.077051605803,1330.252136510327,0.7052166867502281
23.7805353,TRACKING,899.0557706036608,-6222.281894409738,52.8191119475628,-3266.6669940764345,-1999.0597113686022,1330.3073428916648,0.658678926091936
23.7843998,TRACKING,898.6103525406528,-6225.094959805132,52.67915966505821,-3266.674304097371,-1999.0940565356498,1330.3076071842352,0.7378825438714655
23.7886268,TRACKING,898.207911843243,-6227.998461829988,52.69297977032007,-3266.629816791355,-1999.0514997347473,1330.2624568618903,0.6934686833219887
23.7927923,TRACKING,897.7917227821526,-6230.870371039075,52.767062184898386,-3266.6139596566463,-1999.039199245437,1330.2317672430825,0.6968801980137751
23.7968945,TRACKING,897.3535415523625,-6233.567889534161,52.807894597939764,-3266.639493709087,-1999.0369378709242,1330.2565124982998,0.6662718990998899
23.801019,TRACKING,896.9587836434474,-6236.4999449958505,52.74713505193449,-3266.6431517176266,-1999.04619579595,1330.180882423971,0.7174528120429586
23.8050053,TRACKING,896.5532937979602,-6239.379885780969,52.617891497146104,-3266.650772682457,-1999.053566077685,1330.2704087586917,0.7303055644175901
23.8090217,TRACKING,896.1206281215335,-6242.225765362516,52.64860971356617,-3266.6209216726083,-1999.0347251762403,1330.2247150859798,0.7167476287529196
23.8137161,TRACKING,895.7551337106235,-6244.973416101566,52.86593716432061,-3266.6317182247753,-1999.0641206376238,1330.3372260181875,0.5922716519814876
23.8176673,TRACKING,895.4092464836791,-6247.97043881493,53.08177762495763,-3266.651333504226,-1999.0622473569822,1330.3343065346778,0.7654958712708587
23.8215544,TRACKING,894.9934018695618,-6250.909591749584,53.18822926913829,-3266.653327118141,-1999.0471808660175,1330.205936037507,0.7641514472403946
23.8256321,TRACKING,894.5974341519556,-6253.767202296509,53.15737410697695,-3266.634280107876,-1999.011562365413,1330.2759085666264,0.7075260425881432
23.8302861,TRACKING,894.1295740086265,-6256.686489560687,53.01867605647973,-3266.6659851474983,-1999.041582847435,1330.3370002687832,0.6359673294129389
23.8345523,TRACKING,893.6428068865914,-6259.614213574509,52.954844671478845,-3266.657633826724,-1999.0310569403268,1330.286698527614,0.695841678124962
23.8382419,TRACKING,893.2273268088763,-6262.501490868187,53.06783486482419,-3266.657633826724,-1999.0310569403268,1330.286698527614,0.7911983636573023
23.8422322,TRACKING,892.7866570994203,-6265.355002277601,53.15440112616132,-3266.6331690045427,-1999.0388726813262,1330.2793545899751,0.7239141861162
23.8473364,TRACKING,892.3651518277611,-6268.309860625721,53.067863717159014,-3266.6485736943546,-1999.0466416523614,1330.2345894696334,0.5850132558986655
23.850983,TRACKING,892.0282048103982,-6271.185855209987,52.8580748995954,-3266.643860830336,-1999.035740175328,1330.2334337010827,0.7961539466288574
23.8549241,TRACKING,891.5598271177608,-6273.949138695006,52.9202777274001,-3266.623935719361,-1999.0381592192302,1330.2112820949185,0.7113211230437669
23.8590095,TRACKING,891.0841488604021,-6276.773756052699,53.04583509208649,-3266.6316131636972,-1999.031511973123,1330.2339415210527,0.7018017887792165
23.8639195,TRACKING,890.6571824834385,-6279.57445065236,53.10474345016778,-3266.635903235584,-1999.0614949620256,1330.3094779459243,0.5771213030901827
23.8677424,TRACKING,890.2027691521535,-6282.5016900213795,53.24324768587063,-3266.6566431902934,-1999.0956740361942,1330.3208984819917,0.7757294842534574
23.8716544,TRACKING,889.6955354702275,-6285.242657479988,53.49144114354798,-3266.639991242122,-1999.0363225829312,1330.271699690565,0.7153714969711976
23.875723,TRACKING,889.1916446716349,-6287.956116917543,53.66913334885918,-3266.6242830153537,-1999.072893214191,1330.2365174372742,0.6797334954282802
23.8806633,TRACKING,888.6770445321517,-6290.8194779769865,53.745608162215966,-3266.6093590289743,-1999.0445784191647,1330.3225264857756,0.5890816833981661
23.8845069,TRACKING,888.1977347674664,-6293.664838861909,53.69458672521906,-3266.6541946248212,-1999.0493938108987,1330.2442684582124,0.7508325885601834
23.8882202,TRACKING,887.7824700870932,-6296.525988095803,53.69258709902296,-3266.6309587217534,-1999.0346192389657,1330.2820888692033,0.7785873605978223
23.892523,TRACKING,887.2479754887354,-6299.305153450934,53.72624572826761,-3266.6721303281756,-1999.0684556972374,1330.3292306577996,0.6577801324179766
23.8970565,TRACKING,886.7629052683907,-6302.234381739288,53.992953988379014,-3266.6272001913376,-1999.0270236845558,1330.2604883189463,0.6575657734242731
23.9008455,TRACKING,886.3941644495703,-6305.189992316678,54.345180053213156,-3266.641266900161,-1999.045907116154,1330.2957070609998,0.7915750134478698
23.9049075,TRACKING,885.8804000139158,-6307.969056778475,54.62407223139112,-3266.6589050812845,-1999.0485462241315,1330.269381323611,0.6991341084431881
23.909039,TRACKING,885.4461996793914,-6310.818732556499,54.91683143052875,-3266.676592805234,-1999.0838524767921,1330.3266435212665,0.7012933903916786
23.9137188,TRACKING,885.0247941019654,-6313.624368285823,55.088435576087555,-3266.6466999697905,-1999.0815980886878,1330.2385678274907,0.607353255921855
23.9176,TRACKING,884.6431129742627,-6316.323006084076,55.119862787903365,-3266.663367964472,-1999.0732281528872,1330.298838752567,0.7022768263749325
23.9215455,TRACKING,884.2738858742309,-6319.1058154239745,55.054488739168576,-3266.6880441705107,-1999.0757014354351,1330.281564971951,0.711686320044809
23.9259666,TRACKING,883.9198699009289,-6321.6293016956915,55.19597573642487,-3266.6790301377773,-1999.1122173373383,1330.3601221411625,0.5772596004024889
23.9304141,TRACKING,883.5586280013003,-6324.206403057202,55.53340870999314,-3266.6429561077152,-1999.0482612952414,1330.2727846992484,0.5900128935828408
23.9344135,TRACKING,883.1796575018533,-6327.00699428489,55.680505547311974,-3266.6373346731984,-1999.0568579916378,1330.3299543915439,0.7075914452603496
23.9380143,TRACKING,882.6795579595516,-6329.770747393298,55.534586326702765,-3266.624468812714,-1999.027335866945,1330.2555777625794,0.781055047494127
23.9422516,TRACKING,882.2768460372646,-6332.624284536094,55.40590734963973,-3266.6461854539248,-1999.0181307017401,1330.257892493804,0.6807838293819047
23.9470098,TRACKING,881.7531498366114,-6335.4667729114435,55.279242927317185,-3266.651095978929,-1999.0643509438203,1330.3030071873552,0.6080245563076156
23.9509034,TRACKING,881.3164322016091,-6338.2431194446735,55.46348753689577,-3266.6222658881443,-1999.0366295225826,1330.24007706645,0.723370935988448
23.9550712,TRACKING,880.8388439688301,-6341.05052620224,55.65968551290419,-3266.618260997981,-1999.0321165484434,1330.3337606696168,0.6848914654112355
23.9592553,TRACKING,880.3023617168559,-6343.892996135511,55.67891188719753,-3266.674460982084,-1999.077828313306,1330.3141186738019,0.6913597022915184
23.9639943,TRACKING,879.6759336054281,-6346.453759989844,55.92519135370208,-3266.628057383056,-1999.0268040605729,1330.2325076352333,0.5587148075660933
23.9677886,TRACKING,879.1179379516399,-6349.350828077171,55.679466111774104,-3266.6602904338224,-1999.0514550800626,1330.3402261458546,0.7802574801420374
23.9718432,TRACKING,878.8655186422635,-6352.184405370276,55.469208087276584,-3266.6180990185844,-1999.0530106488438,1330.2675897412244,0.7035361041030719
23.9758438,TRACKING,878.2996747092632,-6354.9791302141875,55.4205033756344,-3266.62806768307,-1999.039308629014,1330.2686268550392,0.7128551350008141
23.9805918,TRACKING,877.9558616751233,-6357.705912591922,55.63386067273054,-3266.642917661654,-1999.0572040652237,1330.2764444832553,0.5805899811691675
23.9842613,TRACKING,877.7471985062928,-6360.49303850344,55.88178169419394,-3266.645674753042,-1999.0377019545174,1330.2685377086889,0.7646546427629719
23.9881983,TRACKING,877.484736185941,-6363.308897932105,55.989067166484325,-3266.6316592299813,-1999.0151721193383,1330.2786485022737,0.7188466112626163
23.9922949,TRACKING,877.1583962988775,-6366.000111861145,55.84611270647232,-3266.6923427437077,-1999.0952924098438,1330.3669552635142,0.6626701358348571
23.9969412,TRACKING,876.8133198992126,-6368.890223768401,55.55785641684337,-3266.6361853767316,-1999.0063437455003,1330.2959512992568,0.62950710093208
24.0011601,TRACKING,876.3773786261557,-6371.779390196883,55.426219740090296,-3266.6347453518238,-1999.031845063463,1330.2572993954489,0.6932694057945858
24.0051643,TRACKING,875.9226978595508,-6374.662935405538,55.51862162662189,-3266.6496027105964,-1999.052338291044,1330.2288116001862,0.7293927538740038
24.0091928,TRACKING,875.4804832045423,-6377.659017019401,55.54506651494816,-3266.625492079577,-1999.0308484328734,1330.3075750888834,0.7518074136080051
24.0136886,TRACKING,874.7387806392635,-6380.890959016928,55.26587431684219,-3266.6434938193215,-1999.0491030578605,1330.2817456722578,0.7401774762097019
24.0177347,TRACKING,874.2996554513054,-6383.556857743348,55.22224225151611,-3266.625326861697,-1999.019918144356,1330.2637704559168,0.6678468601195362
24.0215789,TRACKING,873.7717926500304,-6386.3985911493355,55.14719956524216,-3266.6517815440357,-1999.0683772302586,1330.2778886928477,0.7521247375735939
24.0257419,TRACKING,873.2799470929626,-6389.2409889228575,55.18323348744557,-3266.667542134306,-1999.0808908925012,1330.3122143496573,0.6929769842425306
24.0302974,TRACKING,872.7549186690239,-6391.912420837455,55.28467651251153,-3266.660480961291,-1999.04891337459,1330.2950996173295,0.5980519032845845
24.0343496,TRACKING,872.2291690890507,-6394.580533304326,55.4061430894165,-3266.6762328093687,-1999.0625350117673,1330.2987560036677,0.6717659157273905
24.0383913,TRACKING,871.8122196929368,-6397.341557566262,55.54024201037632,-3266.6715432402643,-1999.0404739867058,1330.290171356923,0.6916760834072305
24.0424073,TRACKING,871.4256959736341,-6399.94162159285,55.682011578209554,-3266.6562231633284,-1999.0316584796633,1330.2457999893518,0.6554923887779426
24.0470634,TRACKING,870.9731520526736,-6402.653683155885,55.62099463380543,-3266.658147594893,-1999.043176319796,1330.2568967615427,0.5906736981982161
24.0507773,TRACKING,870.567657444549,-6405.230224739888,55.60128897024054,-3266.6444588898453,-1999.0307820939959,1330.2688291405584,0.7023153843297895
24.0547553,TRACKING,870.1699193448837,-6407.776481774665,55.68785006126684,-3266.6384275375144,-1999.0212100499818,1330.2417435764817,0.6482120319846686
24.0588971,TRACKING,869.7937012972325,-6410.4412334318695,56.066873040278224,-3266.62473629683,-1999.0273643123817,1330.1915996407186,0.6561731612466639
24.0638268,TRACKING,869.5443046028414,-6413.046945416261,56.42191427137238,-3266.65760615464,-1999.070327033382,1330.1939416007156,0.5358517041397736
24.0678264,TRACKING,869.2376011721072,-6415.831987326083,56.63974402338433,-3266.637860945047,-1999.057868193505,1330.2008758263912,0.7026536783316872
24.0715642,TRACKING,868.7943956837796,-6418.525270787629,56.639998645454966,-3266.639595783988,-1999.058125151231,1330.3264743382074,0.7302441883520411
24.0758923,TRACKING,868.3054168823136,-6421.329843876978,56.44786397410306,-3266.6342795541223,-1999.0507095757796,1330.2327260232578,0.6592631888723902
24.0807085,TRACKING,866.884898333379,-6426.148604017409,55.8213215627851,-3266.6543586261223,-1999.0622853296206,1330.2516360906604,1.0511803290260948
24.0844289,TRACKING,866.4524736739294,-6428.8808875906625,55.78864905934718,-3266.6464979625553,-1999.0698351529745,1330.2736490649736,0.7435984591417083
24.0883819,TRACKING,865.9725342602416,-6431.658355252341,55.82561069848754,-3266.655290377875,-1999.0499660832531,1330.3295915666934,0.713096675877541
24.0926822,TRACKING,865.5438493372554,-6434.3673326644775,55.83498401871968,-3266.6296955123594,-1999.056988306585,1330.286257955581,0.6377933035933473
24.0976646,TRACKING,865.121832897505,-6437.092895127324,55.77004895358595,-3266.6445445741588,-1999.0063383740137,1330.2486365551865,0.553710064827083
24.1013377,TRACKING,864.6924195918041,-6439.834614222162,55.63042927243767,-3266.651858321657,-1999.0608363954254,1330.3225242427293,0.7564871900367189
24.1051733,TRACKING,864.2251386644417,-6442.409434545962,55.62451598609444,-3266.659178580525,-1999.0601190659859,1330.2737762971942,0.6822621791656279
24.1093911,TRACKING,863.752066880157,-6445.107262428478,55.645341230032095,-3266.626858256251,-1999.0275177342264,1330.2627763775567,0.6494073355059448
24.1140393,TRACKING,863.3971852042373,-6447.864024231182,55.789372665840446,-3266.6471468554873,-1999.0321163858664,1330.2440769984435,0.5987778978330766
24.1177998,TRACKING,862.9359010048852,-6450.389850691301,55.752309918922,-3266.634186533904,-1999.0209791876482,1330.2535040344158,0.682853329965261
24.1219611,TRACKING,862.5023677187886,-6453.225141243866,55.65694334509577,-3266.6640648294024,-1999.057819062383,1330.2475765719353,0.689647222351793
24.126263,TRACKING,862.1682679462959,-6455.8292225572995,55.59178303906729,-3266.6355518362025,-1999.0168926442527,1330.2120296004605,0.6104824772340154
24.1311487,TRACKING,861.7992559222389,-6458.589063176023,55.72528758356903,-3266.6062508243117,-1999.013670876064,1330.2494245350526,0.5705630651424033
24.1347346,TRACKING,861.4733118292722,-6461.323986787779,55.93792639080486,-3266.666380188653,-1999.095093818181,1330.2672042939184,0.7703711444756385
24.1386217,TRACKING,861.0065662796958,-6464.076832047474,55.91057433683388,-3266.6209522061235,-1999.035287206372,1330.215432986056,0.7183420237904282
24.1427102,TRACKING,860.6270057544895,-6466.806283412703,55.84771585231154,-3266.604007068951,-1999.0323455326866,1330.2440951209996,0.6741917242278711
24.1473685,TRACKING,860.1632716756268,-6469.508990457001,55.780078557213926,-3266.6297385499374,-1999.0470060366233,1330.2478079355058,0.5888492671782998
24.1511757,TRACKING,859.6901754247322,-6472.254513711209,55.7276659000826,-3266.636538760618,-1999.069109402923,1330.2595193811344,0.7318971887178861
24.1551609,TRACKING,859.2694086194316,-6474.983820660555,55.88325865133279,-3266.634110765659,-1999.0397500665356,1330.3495460001018,0.6940505533693321
24.1593123,TRACKING,858.873123571745,-6477.666913756979,55.95372374976449,-3266.633896439009,-1999.0468943706749,1330.2844004295107,0.6535422997315488
24.1639176,TRACKING,858.4984150575568,-6480.432497617749,55.837426979009074,-3266.637000639246,-1999.0500171936308,1330.3067438223702,0.6065348726884209
24.1678888,TRACKING,858.0866933650326,-6483.135074515784,55.66367725846727,-3266.6234939806404,-1999.0604118811805,1330.3076520960083,0.6897851152913825
24.1719862,TRACKING,857.6602515780247,-6485.769269243901,55.575437475418774,-3266.6346802538183,-1999.063428801118,1330.3796449514537,0.6516199786110198
24.1760719,TRACKING,857.2723648421357,-6488.375717384238,55.74075402379336,-3266.616447240131,-1998.9413334946469,1330.2527368597903,0.6462375739233823
24.1808418,TRACKING,856.7296898713703,-6490.977974091459,55.92872339839511,-3266.6129966044937,-1999.0493720146455,1330.2664443420888,0.5586861027327832
24.1845995,TRACKING,856.2578836650761,-6493.667063673447,56.141597164283944,-3266.604841290716,-1999.0206854909657,1330.2362596051432,0.7287574729772627
24.1882131,TRACKING,855.7725612688367,-6496.203185642434,56.29993861336982,-3266.6217447686267,-1999.0481118236594,1330.2214389316628,0.7159041942301374
24.1924813,TRACKING,855.3304697734113,-6498.904566835415,56.580403333734765,-3266.6090683448465,-1999.028001745717,1330.2176915347327,0.6446857727628716
24.1971571,TRACKING,854.8668785962548,-6501.582201061423,56.738609612772834,-3266.6262329861165,-1999.0623398888147,1330.268231687916,0.5821615758864267
24.2011037,TRACKING,854.3898005841264,-6504.214527320234,56.63840694464773,-3266.6188698290716,-1999.036143620489,1330.2329152644613,0.6783269824506097
24.2050119,TRACKING,853.9947425193466,-6506.867865467355,56.56011608026629,-3266.6096660779544,-1999.0219421422312,1330.2507579205549,0.6866919376325926
24.2091343,TRACKING,853.4696088797137,-6509.48320006488,56.57863571758754,-3266.6788149248446,-1999.0846518022718,1330.292768190191,0.6470984870321378
24.2137203,TRACKING,853.0370693166976,-6512.080075376103,56.868988175891964,-3266.6333965504737,-1999.006596661422,1330.2558083965662,0.5775434046528133
24.2178291,TRACKING,852.5771272332189,-6514.811186113799,57.37296122882822,-3266.6367847331744,-1999.0050595885891,1330.24772947727,0.6851268246753053
24.2219107,TRACKING,852.1173945397609,-6517.435715550083,57.5832391439931,-3266.6192536656995,-1999.0098847578258,1330.257778816202,0.6548350913300827
24.2260135,TRACKING,851.6545125873633,-6520.110445264041,57.53945002700602,-3266.6419667232635,-1999.0288442263638,1330.2625032188635,0.6617042022663225
24.2307917,TRACKING,851.2215898448901,-6522.788466882326,57.57777874979229,-3266.650508281606,-1999.0269717509827,1330.2593554181271,0.5677994515830507
24.2346508,TRACKING,850.8429790325422,-6525.397792608139,57.70927352985038,-3266.612554120235,-1999.0195358772,1330.3025667697807,0.6840785692376206
24.2384124,TRACKING,850.512541720248,-6527.970099502068,57.93468795832557,-3266.619544857109,-1999.044063598879,1330.2246948112763,0.692051707696867
24.2427169,TRACKING,850.1138083363999,-6530.700295303031,58.02131373420048,-3266.6259211036254,-1999.030923129264,1330.1949501278505,0.6413098686484318
24.2472897,TRACKING,849.776866181615,-6533.209739481864,58.18467473501855,-3266.602940149088,-1999.0524398277414,1330.2162746467618,0.5548522122269608
24.2511932,TRACKING,849.3504082565144,-6535.6659001725675,58.18148905859053,-3266.625161338282,-1999.0313961999768,1330.2181038474616,0.638634639957465
24.2550563,TRACKING,848.9862968428853,-6538.07632700688,58.17025779836111,-3266.664419088213,-1999.0643962474117,1330.2867043195438,0.6310471766624647
24.2589037,TRACKING,848.5962410038815,-6540.56301944397,58.210048865553176,-3266.6051126653833,-1999.0460013017173,1330.2126613826506,0.6543152760227973
24.2639243,TRACKING,848.1518098787659,-6543.263897842513,58.1364141009705,-3266.6343895916075,-1999.0477925563457,1330.231892152778,0.5453910164445331
24.2679359,TRACKING,847.695783427752,-6545.843162938529,58.15535513391931,-3266.619975342813,-1999.0274503466003,1330.2287389058977,0.6529407696190831
24.2716404,TRACKING,847.3192961640046,-6548.459815989971,58.23551432804919,-3266.6265868040987,-1999.027031057577,1330.241357085927,0.7139462944708728
24.2756973,TRACKING,846.7908558724656,-6551.169327521677,58.336806284742906,-3266.656449913691,-1999.0378400410661,1330.2432537765678,0.6809188250166963
24.2805725,TRACKING,846.3228412259364,-6553.758457103711,58.43084144543719,-3266.656449913691,-1999.0378400410661,1330.2432537765678,0.5400330128340292
24.2842318,TRACKING,845.8019072198063,-6556.366803001824,58.6038881795716,-3266.6494359207004,-1999.0365780203445,1330.2802837380545,0.7284126458107237
24.2882921,TRACKING,845.1241214346269,-6558.963674219331,58.730804156027375,-3266.6589152103184,-1999.0375416593636,1330.2283077549782,0.6617404122274647
24.2927591,TRACKING,844.6463642811643,-6561.439880467238,58.718135852193264,-3266.6334861183996,-1998.9836440237284,1330.2358654772738,0.5645636845252857
24.2978326,TRACKING,844.194548951019,-6564.121200488583,58.62344906195691,-3266.59520925107,-1998.9750665570064,1330.2466760873465,0.5362704692309008
24.30129,TRACKING,843.8636511289191,-6566.7104671597945,58.83918572460103,-3266.599679308618,-1999.0479488112624,1330.3083151599938,0.7575706058126777
24.3052664,TRACKING,843.5941856406176,-6569.194869935498,59.02518274983449,-3266.5886302225044,-1999.0162787679994,1330.2325211326042,0.6301895710664682
24.3092395,TRACKING,843.2971438861705,-6571.856713182699,59.17743876299848,-3266.59710746133,-1999.0238164127964,1330.2395329603605,0.6752132876462745
24.3140001,TRACKING,843.0044001051704,-6574.514965988335,59.12609749386166,-3266.5794619384246,-1999.0342209747841,1330.244788486928,0.5618653971673957
24.3178932,TRACKING,842.8094822543931,-6577.100905352708,58.96723579155736,-3266.6141988869745,-1999.0424037000712,1330.1987253572606,0.6673695340659016
24.3217433,TRACKING,842.3314774675193,-6579.763905456006,58.617453868986935,-3266.626494568946,-1999.091092953198,1330.2770125265613,0.7085730908113095
24.3258903,TRACKING,841.9994002778434,-6582.445333316253,58.248557103548016,-3266.6189449755184,-1999.040408214593,1330.2415979337225,0.6575787752396117
24.330445,TRACKING,841.5482312233138,-6585.1495356458645,58.25100425191268,-3266.6295505368253,-1999.0681355633644,1330.2494617770385,0.6019236422934744
24.3343669,TRACKING,841.1233673263339,-6588.013816537507,58.409039264704546,-3266.5846334262083,-1999.0175933220103,1330.2299639206256,0.7394194675809205
24.3384642,TRACKING,840.647744387977,-6590.891143165315,58.50631255974673,-3266.594870946429,-1999.0080094041296,1330.2628022603458,0.7121747971873428
24.3426216,TRACKING,840.1125200125385,-6593.666295735716,58.41784421283613,-3266.6025877106626,-1999.0065277468034,1330.2523854240817,0.6801554152558591
24.3472465,TRACKING,839.5619386480453,-6596.2499844810845,58.238907693075554,-3266.6336596773112,-1999.0325132284556,1330.2435311079037,0.5724999096032803
24.3511207,TRACKING,838.9523911001095,-6598.845250480433,58.04182050682369,-3266.631727689234,-1999.003890512367,1330.232814561625,0.6899908092093542
24.3552185,TRACKING,838.5654937550565,-6601.412081652597,58.23199159689295,-3266.6309497945877,-1999.0379316309632,1330.2363815889694,0.6351658264596384
24.3590608,TRACKING,838.1151720371801,-6603.880120611763,58.4263299016443,-3266.6236687501623,-1999.0460833778388,1330.3282427959512,0.6548945991069751
24.3637052,TRACKING,837.6311843793144,-6606.37372138321,58.62291786906266,-3266.615172362849,-1999.0440701661043,1330.23505584446,0.5485598740495621
24.3678877,TRACKING,837.1656660113044,-6608.937576732594,58.77152971665081,-3266.6166790794214,-1999.054025965421,1330.2340304626834,0.6240308475916585
24.3716213,TRACKING,836.7770179260523,-6611.30876111247,58.811977486575124,-3266.622131095525,-1999.0352557578915,1330.244798996383,0.6436587513140037
24.3758237,TRACKING,836.4054643537395,-6613.817407058226,58.81648727706371,-3266.60787335262,-1999.055925878219,1330.2441902516346,0.6034684812548345
24.3804495,TRACKING,835.9615482383169,-6616.260922167153,58.83534513204679,-3266.5821102293194,-1999.057592277863,1330.2665934523568,0.5368979937453598
24.3842112,TRACKING,835.5842582849641,-6618.633833028126,58.863964717612106,-3266.6518712700386,-1999.081605786293,1330.3421544674236,0.638777259437053
24.3885117,TRACKING,835.1895546161254,-6621.025557531491,59.06797849786752,-3266.6252167400203,-1999.0841517274453,1330.239892559229,0.5656654775022123
24.3924598,TRACKING,834.8862474489385,-6623.464944072284,59.38638585844232,-3266.6054910456774,-1999.0624702643263,1330.2659796252665,0.627822586099214
24.3972326,TRACKING,834.5965092250792,-6625.920645105921,59.67340293853008,-3266.6056038413103,-1999.0298323840696,1330.242750123622,0.5215672515984924
24.4012839,TRACKING,834.216631023778,-6628.442439603383,59.82231002401449,-3266.62275869775,-1999.0491314791118,1330.2349753553858,0.6305604732306468
24.4050442,TRACKING,833.7981140376544,-6631.058654874271,59.7897565266458,-3266.611658568481,-1999.038197123628,1330.2651400492568,0.7046456268504889
24.4093012,TRACKING,833.3294803300095,-6633.462324126308,59.55137322178764,-3266.6460151659066,-1999.0636768277159,1330.2649914357123,0.5779896608916265
24.4139736,TRACKING,831.8730533118674,-6637.958655798223,59.195952647923924,-3266.6122581729614,-1999.0350652516227,1330.243121248269,1.014397994592863
24.4178248,TRACKING,831.5096097320983,-6640.805602742573,59.151782943398096,-3266.6499271204725,-1999.0531564914806,1330.2829129527058,0.745324003672351
24.4217012,TRACKING,831.1114515504811,-6643.373380817276,59.232582615759966,-3266.6004963309347,-1999.035265808783,1330.2520053469207,0.6706531182296308
24.4257688,TRACKING,830.6418817076028,-6645.911904644416,59.08042939220627,-3266.5903160192115,-1999.0087098501476,1330.262642949253,0.6357725388851859
24.4305634,TRACKING,830.2399352784787,-6648.410454903592,58.92109516945923,-3266.6416131710976,-1999.0457425347934,1330.3256957092033,0.5288628147631966
24.4345589,TRACKING,829.8180788871672,-6650.929941147258,58.819127882298616,-3266.5871129550824,-1999.039159362494,1330.2275908331421,0.6398682634823781
24.4385212,TRACKING,829.4063012442328,-6653.470462762296,58.967956541282454,-3266.6132061408484,-1999.0453834489185,1330.2623407759331,0.6506261816717602
24.4427224,TRACKING,829.0166351355422,-6655.925537432445,59.02249356517246,-3266.6049380785603,-1999.0664815895987,1330.2059157413762,0.59183189336931
24.4475239,TRACKING,828.5639684326923,-6658.3523539793905,58.98923965764539,-3266.61208413671,-1999.0897988300255,1330.2183537848211,0.5141928193730371
24.4509768,TRACKING,828.094528188222,-6660.737666640059,58.82177815367188,-3266.636707865394,-1999.0712844995353,1330.3006857991331,0.7057339263337866
24.4549872,TRACKING,827.6739796366185,-6663.198440032362,58.7095186952785,-3266.602564173338,-1999.0552382543638,1330.236400725666,0.6231232747346294
24.4592125,TRACKING,827.3505519522307,-6665.703256272006,58.74217257247694,-3266.6041967423575,-1999.0596956158697,1330.2909130923333,0.597785216101104
24.4641181,TRACKING,827.0090290492927,-6668.194678854899,58.97779858342964,-3266.619833112628,-1999.0733949485934,1330.2237388288545,0.5148679728578346
24.4675966,TRACKING,826.647186273935,-6670.7423394317075,59.12271646461058,-3266.626135855134,-1999.069613003961,1330.3311593410313,0.7409245132009928
24.4715638,TRACKING,826.2808857696364,-6673.151242473729,59.22133554529621,-3266.5987734137375,-1999.0222582124275,1330.339910097582,0.614687654808771
24.4757452,TRACKING,825.9089486785491,-6675.918992042542,59.187540169165324,-3266.6140000481123,-1999.047914319693,1330.256630427505,0.6679181972159549
24.4805957,TRACKING,825.4528741138902,-6678.414018198526,59.00225954209645,-3266.6319884119885,-1999.043870325147,1330.2785178075133,0.5243017672583044
24.4842456,TRACKING,825.0112786367081,-6680.924328431352,59.05388149598578,-3266.6319884119885,-1999.043870325147,1330.2785178075133,0.6984788984221594
24.4884327,TRACKING,824.6113949672258,-6683.31753407043,59.17748254193381,-3266.6042653682225,-1999.0442803373126,1330.2691259599906,0.5802417624445734
24.4927163,TRACKING,824.206794197872,-6685.959003243797,59.20065174874172,-3266.610887209937,-1999.0405220586606,1330.2232319993082,0.6238623686948926
24.497078,TRACKING,823.798565646985,-6688.4909381207,59.104202391061726,-3266.5992660794764,-1999.0463123816955,1330.2096079652927,0.5884050770079383
24.5011211,TRACKING,823.4271832429558,-6691.0472002374645,58.916179894450785,-3266.6294023723435,-1999.0530249820597,1330.2556080075603,0.6405810096203883
24.5051055,TRACKING,823.0640290440177,-6693.416529440155,58.87243278133677,-3266.6130491864933,-1999.053741621452,1330.2300977712205,0.6016960354120889
24.5092587,TRACKING,822.6383790621456,-6695.847674368092,58.906793886733894,-3266.6109898049185,-1999.0950938364344,1330.2929794695103,0.5943283954810769
24.5141943,TRACKING,822.2008342989477,-6698.234615435484,59.05691211535174,-3266.590313032881,-1999.0598885179543,1330.2287164775403,0.49261511877418596
24.5180029,TRACKING,821.7634635965104,-6700.712506676433,59.23699754197008,-3266.612769256606,-1999.0814388021229,1330.2578112295541,0.6623513478184434
24.5219471,TRACKING,821.3266228711675,-6703.061212369951,59.206563890422856,-3266.622807077488,-1999.0648184295458,1330.2913950909585,0.6057447939848966
24.5262724,TRACKING,820.8134991022923,-6705.473953736946,59.20287170945969,-3266.6107526710534,-1999.0549389904495,1330.3650555134059,0.5702967165569512
24.5305412,TRACKING,820.3112203742743,-6707.853391764587,59.29183593219396,-3266.5956588098556,-1999.0292547407782,1330.275362235016,0.5700666077353999
24.5346678,TRACKING,819.8333860810477,-6710.304844091002,59.533825630182655,-3266.6384634450365,-1999.0423479278052,1330.3313561520558,0.6080752654995566
24.5386567,TRACKING,819.362333982291,-6712.7623966917645,59.846031706105975,-3266.63395465215,-1999.059617489936,1330.283758854039,0.6321771406863463
24.542348,TRACKING,818.9514273832306,-6715.180546363835,60.028384651310155,-3266.6278713811716,-1999.0276662225187,1330.2941105982068,0.6663186990418964
24.5472198,TRACKING,818.4759554631221,-6717.704650039428,59.89052447362736,-3266.620147712691,-1999.0489731307212,1330.2298286004436,0.5279759624319401
24.5511809,TRACKING,818.0196247921549,-6720.069534807945,59.76986433647074,-3266.6321488293697,-1999.0848067301906,1330.2914550362407,0.6088030881286665
24.5552832,TRACKING,817.5665063565501,-6722.58223349999,59.78836616267545,-3266.6049074658813,-1999.070459033257,1330.289384385234,0.6224056278718709
24.5594093,TRACKING,817.1552870292973,-6725.0684005833145,60.06188214660205,-3266.6271024858347,-1999.0695687860466,1330.2740787917505,0.6143201466495259
24.5640955,TRACKING,816.7063295327526,-6727.5386391503625,60.38041850171288,-3266.6371783128593,-1999.0533294597942,1330.2441060288243,0.5400604436564829
24.56776,TRACKING,816.2085517857338,-6729.98791200314,60.632962096073065,-3266.6271304365714,-1999.052522046612,1330.2584121179852,0.68551522781289
24.5718715,TRACKING,815.782281807507,-6732.455245929686,60.679197064157,-3266.615573283079,-1999.0645767528385,1330.2622618009145,0.6090994466794983
24.5759051,TRACKING,815.3001723402937,-6734.760561746594,60.628255177828294,-3266.6036649637995,-1999.0882468588568,1330.2523604022806,0.5840288752777574
24.5804492,TRACKING,814.8704660028383,-6737.244189727,60.72600650295865,-3266.6296746917383,-1999.069083276937,1330.2829891138738,0.5550981745232307
24.5846457,TRACKING,814.4814546911584,-6739.629195229778,61.00904139158558,-3266.6147900139786,-1999.0555867752873,1330.264627400278,0.5797786881869332
24.5886223,TRACKING,814.1431150504598,-6741.957605316986,61.30401991042601,-3266.5866556730575,-1999.0553745296234,1330.330006576963,0.5963089733725544
24.5925114,TRACKING,813.7305410834483,-6744.27690413378,61.45062805044215,-3266.630659076621,-1999.0432772849624,1330.260394761806,0.6068927408320972
24.5973775,TRACKING,813.3290069368734,-6746.4709097040795,61.347228577453215,-3266.6064389980893,-1999.0555452316164,1330.2327094828483,0.45885649485846103
24.6011557,TRACKING,812.9966563513377,-6748.660463982232,61.36174866124898,-3266.640217206947,-1999.0701050037696,1330.3239541411763,0.5861737987844762
24.6048925,TRACKING,812.5178359110142,-6751.1953235568,61.28971183755531,-3266.6189660892496,-1999.0541953266286,1330.3168060443586,0.6906155093272641
24.6091617,TRACKING,812.0938861774387,-6753.451149564355,61.39993739834074,-3266.6243628581724,-1999.080025027877,1330.2919280474318,0.5382654869613186
24.6140342,TRACKING,811.6261186854806,-6755.786518951258,61.331577496355365,-3266.653903821919,-1999.1216913451863,1330.3663147628438,0.4890170866192379
24.6176303,TRACKING,811.1952139093967,-6758.252461629742,61.29795566159663,-3266.6396784392905,-1999.0469269123032,1330.237327541549,0.696180315231482
24.6216833,TRACKING,810.7287477629777,-6760.769794039942,61.243530700014176,-3266.6376679797418,-1999.0671067087321,1330.2721757444397,0.6318195347706373
24.6257051,TRACKING,810.1766493016778,-6763.190183068489,61.304670210068885,-3266.613656426256,-1999.0511636607678,1330.2338432548054,0.6174625928347179
24.6305148,TRACKING,809.709213888845,-6765.537150246748,61.47372049096295,-3266.6300752748803,-1999.038432181414,1330.2021396496339,0.4987892458221429
24.6343557,TRACKING,809.0664499546489,-6767.809715133778,61.644740501922335,-3266.6116961652756,-1999.014314828968,1330.227014143034,0.6164958079861295
24.6385691,TRACKING,808.4943914173136,-6770.284484494238,61.6745714350505,-3266.615031269776,-1999.0460975863682,1330.2185457004427,0.6028864134605403
24.6426624,TRACKING,807.9540455424861,-6772.6274329401485,61.67722665125139,-3266.65265748501,-1999.0639634788809,1330.304430584186,0.5874115585678985
24.6473733,TRACKING,807.5086131884825,-6775.044624645854,61.58232781068374,-3266.6407505491984,-1999.0455818948376,1330.2839267845754,0.5221341647507829
24.6510082,TRACKING,807.1590425908878,-6777.467018769132,61.50496796482545,-3266.6302476370665,-1999.04829049171,1330.2699461039479,0.673666219442357
24.6548916,TRACKING,806.7542995006727,-6779.926152594456,61.52260138559808,-3266.6217146876993,-1999.0503858558177,1330.303115821422,0.6417782099306826
24.6590884,TRACKING,806.4083578291792,-6782.346613092356,61.59868110674203,-3266.625995970334,-1999.066179946084,1330.319724125005,0.5828823249397241
24.6637813,TRACKING,806.0618204074669,-6784.806309057906,61.615125710389066,-3266.6367899292954,-1999.055897709634,1330.3015251789843,0.5293191068730375
24.6675781,TRACKING,805.6911245819383,-6787.172580892221,61.622397081130195,-3266.615831077102,-1999.0691628265245,1330.36432108961,0.6308320533454156
24.6715659,TRACKING,805.3358770970501,-6789.670851719545,61.45508297635807,-3266.6236927285854,-1999.0592892389702,1330.2584432615236,0.6341699294633086
24.6761857,TRACKING,804.929712735351,-6792.20261207108,61.3625328773665,-3266.591871139649,-1999.0136299702895,1330.2999351205833,0.5553926767709317
24.6811262,TRACKING,804.5079683747139,-6794.656380172921,61.338749677653816,-3266.621758967512,-1999.0418569042135,1330.2736995876003,0.5039696006913674
24.6845244,TRACKING,804.0639015344013,-6797.123897523157,61.408025114065104,-3266.6187545017488,-1999.041431449139,1330.235246991626,0.7380713601272073
