Timestamp_s,State,Ball_X_mm,Ball_Y_mm,Ball_Z_mm,Camera_X_mm,Camera_Y_mm,Camera_Z_mm,Speed_m_s
0.0451935,TRACKING,1625.4384712421393,-167.93737254865158,954.0440419045509,-3266.6278544156908,-1999.037699104512,1330.272350707232,0.3064289002022659
0.0490006,TRACKING,1626.5137661414178,-167.82678743785655,954.4899670858046,-3266.6390405997367,-1999.031929299313,1330.2531118962843,0.30714508544980873
0.0529656,TRACKING,1627.7826374236429,-167.6599789164581,954.5961052221509,-3266.6393545386773,-1999.0623083714836,1330.2529290736852,0.3238795736392786
0.0576363,TRACKING,1628.8691317793302,-167.49777148560455,955.1134048997126,-3266.6397070033963,-1999.1115695279539,1330.2593530654556,0.2599697223990961
0.0619559,TRACKING,1629.9840292824995,-167.52759794189788,955.4156715590041,-3266.630148779088,-1999.0728695614916,1330.194957551016,0.2675087271335415
0.066581,TRACKING,1631.0055246492482,-167.1791991905105,955.7197716314039,-3266.6427802047797,-1999.067372627676,1330.320125980455,0.24243777364542451
0.0704023,TRACKING,1632.1201246461465,-166.9488706547899,955.9978858987422,-3266.6207599077024,-1999.0515920839598,1330.2595849265733,0.3066067657239052
0.0741178,TRACKING,1633.260671606432,-166.6772349271294,956.2198645505183,-3266.6532977011666,-1999.083230347451,1330.3287191671184,0.3211616480753341
0.0785114,TRACKING,1634.5231552504215,-166.5349189089609,956.5031230519248,-3266.6398098879936,-1999.0737665070615,1330.2636910578308,0.2962658428017077
0.0825336,TRACKING,1635.6232393521814,-166.3113391170685,956.6384321383679,-3266.6901664440443,-1999.0778454377,1330.272103084473,0.28111470429517366
0.0867508,TRACKING,1636.8657595084228,-166.07637683045058,956.7312509375106,-3266.6569041131993,-1999.021249544943,1330.3142684483848,0.3006598691262968
0.0910961,TRACKING,1637.8870896429514,-165.7814893507285,957.0031766669222,-3266.663283601346,-1999.0390548838059,1330.3183250993416,0.2525204932613083
0.095126,TRACKING,1639.2480624806428,-165.5838996683333,956.9595785105037,-3266.684044911996,-1999.0300302472865,1330.3032630518449,0.3414308658850114
0.0988851,TRACKING,1640.52278648479,-165.21071703658097,957.2914317385394,-3266.6815759678016,-1999.0465273098755,1330.303007989244,0.36419769644958433
0.102872,TRACKING,1641.6468206028003,-164.84791900781116,957.4841403945014,-3266.65725538903,-1999.0082598365302,1330.2485185435849,0.30017068136636
0.1077937,TRACKING,1643.086790156885,-164.35903825916074,957.5818232045698,-3266.6441208358974,-1999.0557618517876,1330.2637677365135,0.30961461511282085
0.1121571,TRACKING,1644.315596347762,-164.11472458696153,957.8967964950452,-3266.6701921466542,-1999.0608080785,1330.2507318062853,0.2960637157815717
0.1157823,TRACKING,1645.510328857901,-163.7391920194177,957.9267917728346,-3266.6606674539676,-1999.1046154036114,1330.2918548150308,0.3455591738145553
0.119493,TRACKING,1646.8590350825502,-163.29687883210678,957.9938721114233,-3266.632422604018,-1999.0739700996337,1330.2563611749645,0.38293790961733193
0.1237353,TRACKING,1648.179910135479,-162.96744358488772,958.1570446117684,-3266.6435375492406,-1999.0780815934795,1330.2715614526976,0.3231928988527429
0.1289123,TRACKING,1649.4026863851718,-162.37049724447854,958.2805073400373,-3266.6272946294343,-1999.0714292861603,1330.2353213599506,0.2639169057187331
0.1335391,TRACKING,1650.8488850957974,-161.9939816417545,958.2298041744455,-3266.6244653309686,-1999.046001814236,1330.2388498974713,0.3231753498551902
0.1366969,TRACKING,1652.0627372356191,-161.61777328564543,958.3260495134485,-3266.614127713305,-1999.0574245906575,1330.2449554195127,0.4035891967083073
0.1408701,TRACKING,1653.2274381005852,-161.25492236346426,958.3278640187399,-3266.614178974708,-1999.049889351425,1330.2704179843518,0.29232119922084926
0.1454055,TRACKING,1654.6636922383018,-161.01465804624792,958.3028045476435,-3266.6202361846395,-1999.0539660814368,1330.2500653858585,0.32112436232923397
0.1490348,TRACKING,1655.6701826504107,-160.597589261463,958.5728971437491,-3266.6318176389696,-1999.0569757538585,1330.2476248767534,0.30927762455508906
0.1530872,TRACKING,1657.019176522888,-159.98597925594822,958.2607953802096,-3266.629336068847,-1999.0345857466227,1330.2613147941358,0.37352937758840693
0.1574678,TRACKING,1658.53383352131,-159.38031031642376,958.2061182935242,-3266.6381726297564,-1999.0212227251384,1330.327674831066,0.37259270589688065
0.1622237,TRACKING,1659.8088421026218,-159.25810384777972,958.2243329212987,-3266.6366193687813,-1999.034112820558,1330.283582990147,0.269345716728484
0.1663647,TRACKING,1661.342327528037,-158.57273338768755,958.0499210836955,-3266.6453873205487,-1999.0204742612439,1330.265159793455,0.40780162250565344
0.1697364,TRACKING,1662.6307491293423,-158.25999212728402,957.9603267943273,-3266.668521945526,-1999.0131842369626,1330.243768481709,0.39412116374450873
0.1746189,TRACKING,1663.9287430720783,-157.63550865407083,957.868927710058,-3266.667053290769,-1999.0340350297454,1330.2495897362296,0.2956072403410024
0.179498,TRACKING,1665.1268561225693,-157.4331663069787,957.7613723782521,-3266.647038373713,-1999.042359549339,1330.2241208120372,0.2500112916984435
0.183626,TRACKING,1666.4376709771843,-156.85331703450748,957.6890537216611,-3266.6921647975055,-1999.0722674013225,1330.2928568558143,0.3476652793215895
0.1865905,TRACKING,1667.6228535338614,-156.39482675336978,957.4207093836541,-3266.686566815878,-1999.0740645593478,1330.229804817913,0.4381175023281874
0.1930947,TRACKING,1668.7159775732628,-156.00609976267688,957.2682720647422,-3266.623894364031,-1999.0289833505656,1330.2264221331056,0.17990781174069487
0.195569,TRACKING,1670.2756381524587,-155.62426482567537,957.1861270520249,-3266.6616488410937,-1999.0498748871887,1330.2259996063112,0.6498082391859187
0.19922,TRACKING,1671.2789972002931,-155.15166321480163,957.3173235876754,-3266.6338023769463,-1999.0336021798973,1330.2575722870492,0.3058951682460717
0.2040038,TRACKING,1672.7213720391167,-154.84047455884973,956.938224648813,-3266.6482351286713,-1999.0027315023406,1330.243524431922,0.3184670570919378
0.2087545,TRACKING,1674.1874211261422,-154.3399698553999,956.6705509863658,-3266.6348792334265,-1999.107325102357,1330.325384425995,0.33091668571657334
0.2128474,TRACKING,1675.6539576376933,-154.19331282781175,956.4054354026433,-3266.6241793432105,-1999.0324802071236,1330.2721816774792,0.3658789347089403
0.2163868,TRACKING,1677.0530941353677,-153.63917342766942,956.3925165542177,-3266.605515429019,-1999.0417461896727,1330.2926998603184,0.42519409937478353
0.2198411,TRACKING,1678.4416968602004,-153.33006708491257,956.0220307827103,-3266.597919968126,-1999.0407184815324,1330.3048868600765,0.4255687590855258
0.2246526,TRACKING,1679.9868011610722,-152.79456936740817,955.7117167075804,-3266.604739171025,-1999.037922780442,1330.2954351060177,0.34593200479522235
0.2297734,TRACKING,1681.1346547362486,-152.5993656270765,955.7513657573902,-3266.6482439044025,-1999.0882539573956,1330.3728288997347,0.22750513913183448
0.2336965,TRACKING,1682.518128596067,-152.2358249765128,955.3767288098936,-3266.5750057495466,-1999.0590386158697,1330.332132771221,0.3769179402452439
0.2375397,TRACKING,1683.930849791256,-151.94327617484848,955.1818957651633,-3266.643996955549,-1999.0155994860972,1330.2632378346332,0.37879643781665784
0.2406865,TRACKING,1685.5302183821823,-151.70593357027212,954.7174015781807,-3266.6512454412973,-1999.0414121681576,1330.2476464248446,0.5346002526930885
0.2447807,TRACKING,1687.2153630496787,-151.2448644660206,954.3221180583275,-3266.6627184506556,-1999.0371182825481,1330.2300192473265,0.4375070981241106
0.2486804,TRACKING,1688.498812736822,-151.01664149839687,953.9338784994723,-3266.672100502445,-1999.051934286591,1330.1919674033436,0.3487880241347621
0.2528354,TRACKING,1690.1015573075251,-150.7057697487241,953.7915266199145,-3266.703831377527,-1999.0804020743394,1330.22465054499,0.39441857027792526
0.2573004,TRACKING,1691.6168372687944,-150.35453545164108,953.347275338466,-3266.654216739992,-1999.0923333334565,1330.2367809918069,0.36229608757979925
0.2614857,TRACKING,1692.964795776318,-150.05814875003304,952.9226849169565,-3266.687496279431,-1999.054667784942,1330.2359891487472,0.3450152834151251
0.2654569,TRACKING,1694.5547513228912,-149.93334281475737,952.4561935446882,-3266.7099670962475,-1999.078247563968,1330.2459245566833,0.4184303620764956
0.2694221,TRACKING,1695.9880059539985,-149.59403234817628,952.0677415565928,-3266.683254701948,-1999.055923320813,1330.1914731589254,0.3841509049009679
0.2739576,TRACKING,1697.8514515228117,-149.2573589630125,951.6126869011327,-3266.688499725324,-1999.0739657974477,1330.2673408349262,0.4293958469715754
0.2782321,TRACKING,1699.3127913157387,-149.23713864425466,951.3762121061499,-3266.7131125542487,-1999.0725464324848,1330.293402627057,0.34635337013554873
0.2820285,TRACKING,1700.882084607374,-148.67531314802636,950.832612833989,-3266.6708708559217,-1999.0446581506258,1330.2949272955059,0.4618148797552878
0.2859703,TRACKING,1702.342827247767,-148.54430349971045,950.4480922972637,-3266.6633995743036,-1999.0465228823718,1330.3088286302993,0.3846404333548674
0.290341,TRACKING,1703.9327237450643,-148.22164209898713,950.0751939533867,-3266.6402860468816,-1999.0528985968863,1330.3179440077254,0.3808571613870583
0.2949494,TRACKING,1705.4635302976492,-148.2446776465374,949.64285501305,-3266.619003110889,-1999.0047653491858,1330.268495588908,0.3452074368970748
0.2988177,TRACKING,1707.1908144724614,-147.85595876817644,949.075133217313,-3266.6143997600375,-1999.0284992296833,1330.290733053869,0.4806451686205102
0.3031315,TRACKING,1708.923694872685,-147.62732005427907,948.6028672488642,-3266.626174946425,-1999.030292113054,1330.2957421815358,0.41971717621405186
0.3074711,TRACKING,1710.6415999310266,-147.51257452580927,948.129901814129,-3266.6527435079997,-1999.0717266851775,1330.2803803793681,0.41144670189477955
0.3115644,TRACKING,1711.9491115919616,-147.26146406669503,947.7908182719672,-3266.681147496545,-1999.117982378282,1330.3062853396718,0.3356478023199568
0.3152902,TRACKING,1713.5077111533524,-146.97159123514305,946.9751522536819,-3266.6864181413503,-1999.0948830860407,1330.2861825455384,0.47851586936736096
0.319427,TRACKING,1715.0032939717514,-146.75888795525253,946.4631487047943,-3266.702580111327,-1999.1039567127423,1330.30343507898,0.38557382080604985
0.3239733,TRACKING,1716.7458311410883,-146.65146764999108,946.0899778388841,-3266.698371351775,-1999.1006669377512,1330.2587091410812,0.39268897422780674
0.3284458,TRACKING,1718.6302965052596,-146.24956137845982,945.289749877122,-3266.70321566486,-1999.1096661325062,1330.256533968887,0.4664972950837837
0.3322838,TRACKING,1720.129953630943,-146.12453406255833,944.6762155644209,-3266.702030240991,-1999.1029018197432,1330.2326705386135,0.423429884302384
0.3362344,TRACKING,1721.592189285405,-145.81973308304123,944.146561076488,-3266.7178113006316,-1999.1336508098784,1330.245564543124,0.4011526245236128
0.3406331,TRACKING,1723.3969562469472,-145.69611080799655,943.4517472314375,-3266.716038466423,-1999.1166366364346,1330.1782078140188,0.4405488521614181
0.3450732,TRACKING,1724.9678345188327,-145.64358036580637,942.6417969343117,-3266.7287205954303,-1999.0920022980247,1330.1851038694845,0.3982283024940091
0.3486787,TRACKING,1726.6104178898279,-145.22942991212284,942.0791150712347,-3266.725578966252,-1999.1175660739773,1330.1643848979352,0.49507592531781147
0.3529565,TRACKING,1728.1749911144495,-145.26096547640572,941.5002912233239,-3266.6847308143615,-1999.0732600365461,1330.233838824435,0.39003894284622187
0.3575037,TRACKING,1729.8382142700505,-145.234898759619,940.8495982339243,-3266.686664168184,-1999.0826648710345,1330.23873824223,0.3928058750536851
0.3622977,TRACKING,1731.4976938035295,-144.77850966014537,940.2202862420456,-3266.703713975723,-1999.1133031297245,1330.2961626331619,0.38225665004194215
0.3655417,TRACKING,1732.8561918902594,-144.79587936866952,939.5180442406879,-3266.674189987091,-1999.0630992850001,1330.2488839656282,0.4714447371779126
0.3696743,TRACKING,1732.2002782334903,-145.56654202854043,939.3179038234189,-3266.6412133420126,-1999.079505672874,1330.2778866252834,0.24962508440859885
0.3740314,TRACKING,1735.937878893156,-144.35107450132188,937.9867288642818,-3266.6788625436725,-1999.095371064633,1330.2349312259344,0.9523728919830943
0.3784377,TRACKING,1737.4131128942051,-143.85263188000476,937.4222842940005,-3266.6642676124357,-1999.1470306085814,1330.2938994601575,0.3758955517181141
0.3820598,TRACKING,1738.890325649099,-143.8042897815272,936.5676196484222,-3266.6720894524524,-1999.153146497131,1330.2912068362466,0.47136228546111175
0.3860862,TRACKING,1740.4977811619012,-143.5561587159276,935.8644731453153,-3266.6794405902906,-1999.134590402051,1330.219441250079,0.44008929157196486
0.3905747,TRACKING,1742.2592736038364,-143.26161867071983,934.9356810721196,-3266.688873749913,-1999.092071227353,1330.267434690051,0.44848471433941783
0.3952612,TRACKING,1743.4524134826,-143.03638894951257,934.2241625965553,-3266.6690995808117,-1999.0842618437716,1330.2412387290733,0.3002938570810441
0.3986797,TRACKING,1743.9187720488649,-144.2978298494027,933.0072276411584,-3266.683880393282,-1999.0922647508096,1330.1703039443883,0.5305661469497188
0.4026105,TRACKING,1745.6541455404722,-142.56234547531247,932.7595950540249,-3266.690479028525,-1999.131346631456,1330.2460731356887,0.6275385197838346
0.406975,TRACKING,1746.7658339507689,-142.63572422283679,931.8547778365189,-3266.72769079494,-1999.1221884093677,1330.1962724661087,0.3288453522087
0.411872,TRACKING,1747.3275729658767,-142.2181444278225,931.850261397914,-3266.7332700793977,-1999.1358976967067,1330.2265790056983,0.14293649215501114
0.4152673,TRACKING,1749.0502633338406,-141.9096563237346,930.2879843097779,-3266.6984861513183,-1999.0986063688076,1330.1753849694398,0.6909438897201584
0.4192673,TRACKING,1750.4329720924495,-141.68950027362945,929.6746148791833,-3266.7020599654297,-1999.0836405128416,1330.2061856660762,0.38214642611829275
0.4243263,TRACKING,1752.6073099572936,-140.5274034756421,928.1005764042333,-3266.7182569625575,-1999.1002503203772,1330.281770164635,0.578183798291171
0.4282205,TRACKING,1753.870369464657,-139.84266724832926,927.4905250507436,-3266.7234103636824,-1999.0998997403306,1330.261616763643,0.4008216772762044
0.4319219,TRACKING,1754.8333610976294,-139.4159591358825,926.9713659157428,-3266.678482875219,-1999.091427088457,1330.246464293613,0.3172558517716515
0.4361127,TRACKING,1754.9989608440208,-139.95879778075923,926.5857125450301,-3266.6602892037663,-1999.1120313996503,1330.2872362877974,0.16373182237903286
0.4403586,TRACKING,1756.1829081388898,-139.52353271384268,925.2746575918624,-3266.660804976644,-1999.0918529658966,1330.2543880036646,0.42849686080326155
0.4448109,TRACKING,1757.6628762723526,-138.5640927659125,924.0171041588462,-3266.6527458298788,-1999.072825029982,1330.2676694242505,0.48652721512314817
0.4485972,TRACKING,1758.2326235672772,-138.55894190612486,923.5960031524744,-3266.6695210414664,-1999.0729836655837,1330.2011875839933,0.187120560803634
0.4527815,TRACKING,1759.3952089053628,-137.94056802075502,922.3178705182579,-3266.6725452471887,-1999.1050468209924,1330.2173122522722,0.4385694096712085
0.4569297,TRACKING,1759.9544944423192,-137.99271468331725,921.882286014396,-3266.680661606407,-1999.1661661353837,1330.2436997941682,0.17135427944221365
0.461484,TRACKING,1760.9857331430255,-137.86240738736157,921.045402535668,-3266.7073400394133,-1999.1259623002006,1330.2017075517856,0.29301295159086954
0.4655568,TRACKING,1761.818265258149,-137.6905152082991,920.0407968888866,-3266.663486765882,-1999.110828713129,1330.1776181267917,0.32312232241381417
0.470257,TRACKING,1762.9720562895204,-137.00163569568434,918.9513503787541,-3266.703086745797,-1999.0956594480697,1330.2567322539599,0.3680560648543804
0.4741319,TRACKING,1764.0215487709909,-136.30026253742395,918.2323611788429,-3266.7256788762884,-1999.1182927561238,1330.275430312639,0.37489706223057245
0.4782001,TRACKING,1764.711116046992,-136.58313013440093,917.709996021701,-3266.7204213536825,-1999.0743159268263,1330.2039678149424,0.2237242972786703
0.4820808,TRACKING,1765.510273479063,-136.50250139662998,917.3387520099359,-3266.7090642917633,-1999.0882810516014,1330.2057477074882,0.2280153445176153
0.4860493,TRACKING,1766.3799175086046,-136.2723771483703,916.7225546085424,-3266.7125779062185,-1999.0889193591381,1330.2605519608783,0.27475971877452277
0.4901893,TRACKING,1767.1789809122438,-135.93831058175513,916.1123457345935,-3266.728315009735,-1999.1137144379672,1330.290576818467,0.2559084601811003
0.4948895,TRACKING,1767.465894486469,-136.19053192432278,916.2729019055556,-3266.725413032314,-1999.1350588063933,1330.2617107118126,0.08816284877220713
0.4990209,TRACKING,1768.8516598132219,-135.35867696866396,915.0383129937942,-3266.6892073307786,-1999.0636995637792,1330.2465828203133,0.49229028277328774
0.5028773,TRACKING,1769.1664068720302,-135.9020950349335,914.1110633944459,-3266.689412524433,-1999.1269269155348,1330.3346047493567,0.2903986038349089
0.5071407,TRACKING,1769.663478084774,-135.96513547317358,913.7100655100439,-3266.6721292293705,-1999.0817134485735,1330.2530534311531,0.15052725313607718
0.5115056,TRACKING,1770.6209376936838,-135.98205251894964,912.9835448895691,-3266.687603865131,-1999.082617745612,1330.227788776673,0.2753827148325691
0.5152707,TRACKING,1771.5784141310091,-135.60912314513055,912.0826112905709,-3266.6580799764506,-1999.0794492059943,1330.234847147191,0.36295766748273395
0.5192639,TRACKING,1771.7078486736043,-136.22020131912382,911.8280382291537,-3266.646041109436,-1999.0714859227453,1330.2320029344867,0.16891716821963432
0.5236929,TRACKING,1772.1493706495537,-136.28508035211902,911.0781657033996,-3266.681188753849,-1999.1253342130572,1330.2805383886623,0.19702339367213556
0.5283847,TRACKING,1772.7054360924287,-136.4907991208695,909.9168917475314,-3266.6553720365073,-1999.084444748444,1330.2087469960766,0.2779047556701636
0.5322109,TRACKING,1773.2685359211368,-136.10655802801674,909.9365083746586,-3266.6603725352848,-1999.136284302863,1330.2868089722201,0.178241561852284
0.536106,TRACKING,1773.6542498644087,-136.613161535217,908.8323372430042,-3266.6840031200245,-1999.082263072258,1330.2010704723891,0.32723276665671047
0.5401922,TRACKING,1773.8726479531288,-136.7266901944363,908.8497388444868,-3266.7181131420257,-1999.1141293395783,1330.2535900164355,0.06038802994931615
0.5469765,TRACKING,1774.4404381923418,-136.7086635348356,907.7086002604788,-3266.741819221452,-1999.1602546496363,1330.2841522534832,0.18789245556465764
0.5499914,TRACKING,1774.616602732661,-137.1222994753267,908.062959557844,-3266.700205901159,-1999.073288689323,1330.3005152267885,0.18987366984840456
0.5537623,TRACKING,1775.0303744040784,-137.20208228204058,907.4953637234041,-3266.735625014326,-1999.1033524996858,1330.2856652677947,0.18746745246845642
0.5587121,TRACKING,1775.2423160230544,-137.32463106903907,907.1240901649508,-3266.714246304237,-1999.0797219144633,1330.295894642755,0.0898473336027051
0.5624405,TRACKING,1775.2661738082506,-137.59265279827758,906.7375283939106,-3266.683833776964,-1999.0755866529807,1330.2809673135555,0.12632589448998358
0.5657479,TRACKING,1775.6219833836326,-137.6446785954967,906.7811063636619,-3266.712341625356,-1999.1021513756054,1330.2317264221397,0.10951923929992716
0.5704625,TRACKING,1775.8933464488784,-138.02050088566858,906.2673770355248,-3266.6975763565474,-1999.0942950580898,1330.227077937309,0.14676799815745048
0.5740282,TRACKING,1775.867407830041,-138.3302870524581,906.0710274881231,-3266.71480444017,-1999.1141803179273,1330.3008865256554,0.10311764490496093
0.5790276,TRACKING,1775.9549844144533,-138.349909871209,906.1767775085272,-3266.7058528060793,-1999.1188865272175,1330.2862258247578,0.027743394072754543
0.5833222,TRACKING,1775.724068739787,-138.79063739649595,906.7287942475414,-3266.694412510143,-1999.115337312764,1330.2707208562679,0.17304498378586247
0.5863165,TRACKING,1775.8825675867379,-139.07904027247756,905.932226187405,-3266.6925121363297,-1999.1320019040938,1330.2413238657828,0.2878366732676342
0.5903562,TRACKING,1776.1178590145685,-139.8204502099521,905.3702050140856,-3266.658929497268,-1999.0948322529482,1330.1816356216013,0.23755353437961677
0.5948823,TRACKING,1775.8140416350698,-140.06184105973597,906.0436210745623,-3266.6822082154104,-1999.1186147032188,1330.1770397753185,0.17171855925011958
0.5986081,TRACKING,1776.0322079571033,-140.58643523224706,905.2737866487232,-3266.6639760595726,-1999.0970289407762,1330.1953344452118,0.2568003162754534
0.60277,TRACKING,1775.7916119017414,-141.40456937890815,905.2656840862373,-3266.7121317692786,-1999.1328708469061,1330.2651262667823,0.20491032290320324
0.6072201,TRACKING,1775.731602332252,-141.94517699335637,905.0133649253336,-3266.717812269155,-1999.1137955536342,1330.2483644513666,0.13473902119783532
0.6115647,TRACKING,1775.725670776601,-142.48939735665468,904.6314074103369,-3266.7350551791046,-1999.1395655114627,1330.2802146181434,0.15304237703135792
0.6151675,TRACKING,1775.518064483579,-143.46887185673438,904.3396777527421,-3266.7271410585868,-1999.1253860607587,1330.2802086477,0.28946084510536524
0.6193453,TRACKING,1775.3055326780448,-143.93985331384377,904.3639629592544,-3266.675570769429,-1999.0680782852376,1330.2716191456984,0.12381739783624586
0.6237283,TRACKING,1775.0725624450793,-144.543137680554,904.2629816043681,-3266.711183513907,-1999.1152484066722,1330.288005326132,0.14933638123841453
0.6281907,TRACKING,1774.7820234685817,-145.3362931180505,904.2539336315904,-3266.712557706056,-1999.0943115339066,1330.2256116757003,0.18930233691311796
0.6319135,TRACKING,1774.532716183554,-145.8391244352692,904.3176702635383,-3266.712557706056,-1999.0943115339066,1330.2256116757003,0.15172726394284616
0.6362556,TRACKING,1773.995861289541,-146.5237118582672,904.5228858926562,-3266.692596762301,-1999.0817439538685,1330.2866990751363,0.20585902850069168
0.6405682,TRACKING,1773.6493151237466,-147.1365649310952,904.3862475377354,-3266.686602394844,-1999.129872852085,1330.2692337735082,0.16629972593168324
0.6447912,TRACKING,1773.0405980749497,-148.14996101032406,904.3967422295302,-3266.6637496837557,-1999.080610579728,1330.2213835303928,0.2799453073385555
0.6486088,TRACKING,1772.7090986812252,-148.90526168082505,904.4952769003547,-3266.6945260784514,-1999.0848037713,1330.2683653222603,0.2176002092022487
0.6528097,TRACKING,1771.802047096246,-149.73035273800522,905.5423257099926,-3266.638342430342,-1999.127063621242,1330.2351766249942,0.38382216582390527
0.6572361,TRACKING,1771.4282638747745,-150.8209034159831,903.87579624018,-3266.6978016056173,-1999.1873620304968,1330.3400418548729,0.4578007915007807
0.6616126,TRACKING,1770.7881217891836,-151.48339315086577,903.925281628839,-3266.6869678966564,-1999.087127253917,1330.3041494551924,0.21079937449030572
0.6653428,TRACKING,1770.1932592883009,-152.27056941400912,904.2787729722885,-3266.6986541550073,-1999.1060980015945,1330.276422476782,0.2809705458920069
0.6692967,TRACKING,1769.4243231268579,-153.13940927802352,905.2080263389994,-3266.6845786093795,-1999.0657223097978,1330.2521036552562,0.3759557966400868
0.6736464,TRACKING,1768.4241430630073,-154.85863134584199,905.3754883327118,-3266.6884966278826,-1999.1081869524862,1330.2918111716833,0.45888868324197135
0.6783563,TRACKING,1768.014677252999,-154.66900104065863,905.4596171828804,-3266.7116962198015,-1999.1006687895679,1330.3186314846075,0.09745859223412609
0.682002,TRACKING,1767.2555596717912,-155.77703364919392,905.4620287038028,-3266.6996989814925,-1999.0700088641354,1330.2508341853325,0.3684151902452046
0.6861053,TRACKING,1767.0276047254001,-155.7158632917001,905.5334232642031,-3266.6911872197206,-1999.1117422860943,1330.192269135918,0.060093469925593605
0.6902678,TRACKING,1766.1757810719755,-156.85940733103666,905.679662261339,-3266.7009766257015,-1999.0922575272864,1330.2823323078821,0.3443642814394842
0.694573,TRACKING,1765.352223384454,-157.27823519982803,906.2364839085966,-3266.7130043498983,-1999.0801521654053,1330.2382874310765,0.25057046082313916
0.6986154,TRACKING,1764.3231188071547,-158.31523592279763,906.3651284897618,-3266.7055902951524,-1999.083046169476,1330.2344468135145,0.3628093853771008
0.7026192,TRACKING,1763.5061457104403,-159.16277429643208,906.7262848506742,-3266.6930587924217,-1999.105088471308,1330.1963219932122,0.3075430429228953
0.7069553,TRACKING,1763.2601760165446,-159.16320718934446,907.2565142808289,-3266.7105239079465,-1999.0980737646369,1330.2030061337155,0.13479939532851748
0.7114398,TRACKING,1761.9935536270993,-160.34937207020863,907.5995862478633,-3266.74417163175,-1999.1184099680422,1330.3086574377792,0.39444820755271615
0.7155348,TRACKING,1761.7021837696773,-160.5423489188608,908.1461012190825,-3266.689573902914,-1999.1079609329602,1330.2083668765476,0.1584133349237905
0.7195408,TRACKING,1760.3706890250487,-162.09817053319415,908.3002054547742,-3266.689573902914,-1999.1079609329602,1330.2083668765476,0.5126270606873773
0.7238682,TRACKING,1759.5363644351655,-162.2401318867616,907.6905126520105,-3266.6960168323944,-1999.1347479085866,1330.2654090043577,0.24103637602968536
0.7283034,TRACKING,1758.6698843011136,-163.39679719646026,908.344003646629,-3266.6836850513405,-1999.1520321363641,1330.283879445666,0.35761632290119827
0.7322441,TRACKING,1757.9223084593675,-163.89469882209468,909.3153487208529,-3266.6911524841153,-1999.1125976051446,1330.3097791256807,0.33572311952300493
0.7359615,TRACKING,1757.142036977734,-164.99598162198353,909.8362448782915,-3266.698312524176,-1999.1037941634409,1330.2793222772648,0.3891735043488521
0.7402143,TRACKING,1756.4688731675906,-165.3123677369815,910.3156643008961,-3266.6904708487878,-1999.0828689960983,1330.253590451622,0.20808061398580532
0.7448487,TRACKING,1755.63525781613,-166.04020741811192,910.7334430922839,-3266.7121364857185,-1999.1259337474085,1330.3117050138687,0.25523900683660433
0.7486228,TRACKING,1754.9637827088216,-166.76032654409437,911.021367385289,-3266.7206483881587,-1999.1033875501507,1330.287128069284,0.2718108941144311
0.7525899,TRACKING,1754.149725691073,-167.44550692114083,911.425070180763,-3266.7029286115658,-1999.08948682839,1330.2647466953995,0.28686971015889356
0.7567944,TRACKING,1753.4824832325316,-167.80278292611703,911.8255221681185,-3266.7160971574585,-1999.111796846939,1330.3065773921917,0.2036586796114831
0.7613869,TRACKING,1752.6746348589359,-168.52996219089653,912.4548081562248,-3266.718313231331,-1999.1469341377276,1330.2683598534459,0.2734784221486472
0.7654207,TRACKING,1752.0879975589498,-168.9324640088995,912.7311168553397,-3266.6955534452477,-1999.1127531746856,1330.2110497782191,0.18920503236844086
0.7693463,TRACKING,1751.1468382285811,-169.580948588594,913.300444831971,-3266.6936722939213,-1999.0861104251007,1330.2100747658183,0.3252725107582125
0.7736668,TRACKING,1750.6050180043237,-170.4236580553538,913.8153594210696,-3266.7413306413123,-1999.1862321311116,1330.3247013078621,0.2607196557334601
0.7783343,TRACKING,1749.98498826814,-170.6808719340212,914.4974100801081,-3266.7002523751294,-1999.106090279516,1330.2747333241562,0.20502809380120215
0.7820091,TRACKING,1749.372055358082,-171.15014631315313,914.7406843801855,-3266.693763631755,-1999.1158227980463,1330.2603464460701,0.22025002945572347
0.7861129,TRACKING,1748.7589560273207,-171.64634120694652,915.1934623673951,-3266.6936632168995,-1999.1082129983859,1330.2645654130063,0.22161285124719982
0.7905201,TRACKING,1748.1023918477774,-172.68764586390526,915.4844194495843,-3266.6408366285154,-1999.0715798439653,1330.2385374267576,0.28701443355365813
0.7951522,TRACKING,1747.5890919809817,-173.27386578415053,916.0930476033694,-3266.7014675289465,-1999.0902838722204,1330.2790172756622,0.21344869959424953
0.7987814,TRACKING,1746.7745025413444,-173.57250077937528,916.6610219340131,-3266.680994391566,-1999.0815867192553,1330.2273946213393,0.2857332079530955
0.8028237,TRACKING,1746.1713052281134,-174.35497350398435,916.931968195666,-3266.6720770852385,-1999.0976898040399,1330.2380297260459,0.2534354265511163
0.8072711,TRACKING,1745.2926039213444,-175.01502492386902,917.3235881049004,-3266.672400141059,-1999.0941825440361,1330.2887620904085,0.26232930259907133
0.8117133,TRACKING,1744.8031937618596,-175.41062584571677,917.3023437112447,-3266.6787723264324,-1999.1148584320579,1330.2916586326553,0.14174543918145824
0.8152773,TRACKING,1744.0984438268,-175.91634924606345,917.9443114410839,-3266.7235299797435,-1999.092233921919,1330.3283520649684,0.30279004832080586
0.8192259,TRACKING,1743.3376086705107,-176.07484264089464,918.8697000259345,-3266.7193766197156,-1999.113287000997,1330.310105461641,0.30604339102168593
0.8238876,TRACKING,1742.7250997233282,-176.8648632322416,918.9714006408398,-3266.719650188307,-1999.0581810563497,1330.280232262028,0.2155457907954423
0.8285586,TRACKING,1742.132132177267,-177.1110506040634,919.4280780065504,-3266.69170471563,-1999.0681889651994,1330.225994808869,0.16867725490814398
0.8322543,TRACKING,1741.5106380509876,-177.72721363819346,919.7023523171689,-3266.7157371523344,-1999.133452630452,1330.2405588001843,0.24816296905824073
0.8362402,TRACKING,1741.0822010281497,-178.02118596148316,920.0730389666712,-3266.719814571764,-1999.090999554008,1330.2465378012187,0.16013157380112808
0.84052,TRACKING,1740.5924751027335,-178.73822683638954,920.6271853092883,-3266.703265128198,-1999.0919644880319,1330.244207042474,0.24068328906568678
0.8449322,TRACKING,1740.2423242422515,-178.81852335302798,921.408447419415,-3266.730468691437,-1999.1732073610883,1330.280861243319,0.19489086152844626
0.848601,TRACKING,1739.725341863134,-179.61139236201697,921.7428497631381,-3266.6806158700524,-1999.0709931524657,1330.2161723217127,0.27362108395745494
0.8526668,TRACKING,1739.368036015512,-179.7322219755681,922.2290907344852,-3266.6964029677806,-1999.1193135562694,1330.2693590219299,0.15135620645405215
0.8571253,TRACKING,1738.9164135192589,-180.32230848375426,922.9782045135519,-3266.7107155043927,-1999.112165094025,1330.3019178690129,0.2366597694772468
0.8616436,TRACKING,1738.1539874547966,-181.3053358118926,923.9920243201564,-3266.6850709662103,-1999.0846985751539,1330.244285366737,0.3551836103041022
0.8653535,TRACKING,1738.2144230851568,-181.11857481260304,923.8430677701284,-3266.6961216389263,-1999.112695988363,1330.2796162283967,0.06642083909789319
0.8694013,TRACKING,1737.898423721672,-181.43589772766208,924.5309146831253,-3266.6795786233347,-1999.103815782928,1330.279812481788,0.2027723271858205
0.8735316,TRACKING,1737.4745571059777,-182.0128889903427,925.3796045177766,-3266.695825560845,-1999.1094970835345,1330.2310456302444,0.26882807680987997
0.8783159,TRACKING,1737.0780177813667,-182.32070088060595,926.6519311055954,-3266.648420826199,-1999.0974255570527,1330.2532251841305,0.28588807186480764
0.8822361,TRACKING,1737.0165166608788,-182.627072895356,926.3527379519805,-3266.6707966157724,-1999.0870143104976,1330.2713618454527,0.11035740398430866
0.8861586,TRACKING,1736.5652373277453,-183.21283973060534,927.1708245962805,-3266.6559995539565,-1999.0751486483348,1330.2680640178867,0.281132633023819
0.8903338,TRACKING,1736.6385172591588,-183.0875326610329,927.2816587827785,-3266.7092512248073,-1999.135597587448,1330.3252162588196,0.043743131881925544
0.8948702,TRACKING,1736.4644337816528,-183.2859306154019,927.8418248344749,-3266.6835894193996,-1999.0872648880857,1330.3187978846233,0.1365037621678925
0.8986169,TRACKING,1736.3701707689784,-183.66096466257673,927.852459703714,-3266.7147198023845,-1999.1061145159802,1330.2861648644712,0.10324956023556768
0.9027421,TRACKING,1736.0639917750457,-183.97583197688246,928.3074869874296,-3266.702237741924,-1999.0963461492374,1330.2976092871975,0.15330301330340257
0.9069512,TRACKING,1736.1562623349728,-183.92269814634315,928.4412774253191,-3266.6953456435676,-1999.072422760653,1330.242630777328,0.04062344265430179
0.9117328,TRACKING,1735.8954642332371,-184.53958928963138,929.0272469374237,-3266.679366767681,-1999.0739184476956,1330.2151119707776,0.18611026169072145
0.9152907,TRACKING,1735.7933083689766,-184.7164744397753,929.5518741794286,-3266.6836040624494,-1999.0875994816795,1330.2647224922837,0.15823664514745286
0.9192867,TRACKING,1735.7562125439172,-185.2178897599294,930.0189581143895,-3266.676305971691,-1999.0874432983796,1330.2143055539868,0.17173820233150872
0.9235443,TRACKING,1735.2226082076538,-185.59104947031247,930.5100443322041,-3266.7360295116373,-1999.1102531938989,1330.2125914206213,0.19155526867719733
0.9283279,TRACKING,1735.1517822616033,-185.8284153434707,931.0163365428755,-3266.6977406037677,-1999.0924190765056,1330.270187695215,0.11782769352612477
0.9323586,TRACKING,1734.6927091069192,-186.26776142520663,932.1779224895221,-3266.7034300942214,-1999.1299262881619,1330.2717598677148,0.3284863307277466
0.936149,TRACKING,1734.6644996111893,-186.4114885934873,932.6113063858036,-3266.6612104893597,-1999.1169671908383,1330.2747054683075,0.12069061584735982
0.9403519,TRACKING,1734.723293114308,-186.5319025892836,932.5570977833905,-3266.6692671648357,-1999.1287323579706,1330.203487672694,0.03439298210854743
0.9451625,TRACKING,1734.8414281571488,-186.05456912989413,932.953231538312,-3266.6772360990076,-1999.0856671980248,1330.3070750771417,0.13126154912100982
0.9486167,TRACKING,1735.2479345636746,-186.00155672193316,932.6784276836356,-3266.691338112807,-1999.0686814956125,1330.232440839226,0.14287913607982516
0.9527919,TRACKING,1734.3751055330722,-186.6266418972371,934.0460406810249,-3266.6994358568472,-1999.0970025426816,1330.2954949617365,0.4164247826906892
0.9569668,TRACKING,1734.5226149067298,-186.74200663043635,934.4132943378888,-3266.6794755236397,-1999.0664542905417,1330.2904973987,0.09874291129035044
0.9617932,TRACKING,1735.2547819004208,-186.2640532105339,933.8460492465358,-3266.729141973094,-1999.102500944253,1330.280229414617,0.2159467013129596
0.9655065,TRACKING,1734.6386217105467,-186.89656225332854,935.0104096150702,-3266.68838350253,-1999.0767774231724,1330.322310368665,0.3935367457574259
0.9694911,TRACKING,1735.9689397959016,-185.8715050514614,934.5772331594198,-3266.7084280752983,-1999.1033162952394,1330.2109026185683,0.43527486822290073
0.9738299,TRACKING,1735.8193008080561,-186.07140833884316,935.0123704256431,-3266.717445171102,-1999.1193952537872,1330.2678678554096,0.11562983298883303
0.9785233,TRACKING,1736.0132119767695,-186.24848680350308,935.0279252627487,-3266.6779975427016,-1999.0744182929263,1330.2717712193582,0.056048803675840995
0.9820593,TRACKING,1736.348461365303,-185.9958638208838,935.3155130589195,-3266.700845079732,-1999.1093391740194,1330.2980423454915,0.1439024700437346
0.9859418,TRACKING,1736.6491189989783,-185.75550684480683,935.4004921517064,-3266.6378099866356,-1999.0778879877741,1330.2376499651664,0.10153065384805608
0.9908821,TRACKING,1736.7360548701547,-185.83430232711945,935.7424989326049,-3266.6739150433555,-1999.0805545346955,1330.3163593393308,0.07318852004292327
0.995172,TRACKING,1737.278130577013,-185.3279745230926,935.6880284059062,-3266.7044359300976,-1999.087662799659,1330.317661756039,0.17337498693865763
0.999066,TRACKING,1737.310784114367,-185.3173492353853,936.4305276563977,-3266.66172247935,-1999.0605410400674,1330.2510372513102,0.1908815787703747
1.003048,TRACKING,1738.5779828016452,-184.25565376994777,935.8748315258912,-3266.683321865884,-1999.0865770474354,1330.2481107293058,0.43798900950294795
1.007448,TRACKING,1738.6929188413617,-184.11236603579923,936.1388824195992,-3266.676780927119,-1999.0755495861738,1330.2262474631596,0.07310432884038566
1.0118089,TRACKING,1739.0451916054262,-183.86743771127524,936.55151761481,-3266.7033515610183,-1999.0880485337966,1330.2773150326093,0.13650306793890712
1.0151634,TRACKING,1739.3721615733314,-183.28525358994568,936.5103184404397,-3266.6963095883652,-1999.111461382365,1330.2739533536542,0.19943005031667635
1.0194816,TRACKING,1739.6793886162704,-183.10997943481,936.4942389903516,-3266.676023021754,-1999.0944688731313,1330.2436854708794,0.08199562012997541
1.0237774,TRACKING,1740.0442843842225,-182.7629402504593,936.8315418167168,-3266.670671786512,-1999.082396944271,1330.2164102283068,0.14109151041133694
1.0282161,TRACKING,1740.2530924331895,-182.46374662537306,936.7749226946673,-3266.7439273499263,-1999.1147276538752,1330.2559138613287,0.0831819954184597
1.0320742,TRACKING,1740.709606866328,-181.76074258950703,937.1651521066041,-3266.6882318763496,-1999.0720001648801,1330.22080286085,0.23965359535190525
1.0361985,TRACKING,1740.8448793751259,-181.28224925751144,937.4518376868431,-3266.6827850145023,-1999.1006382680496,1330.2628212645484,0.13916819281136408
1.0404762,TRACKING,1740.9151348732232,-181.57307926828798,938.4022102731816,-3266.721854309417,-1999.1300690647865,1330.2272356080427,0.23291870711886017
1.0449856,TRACKING,1741.167398322557,-181.00365143900555,938.6022833128065,-3266.674996621419,-1999.086778451787,1330.2199436582666,0.14506396676758104
1.0488,TRACKING,1741.3521203326118,-180.7186676270762,938.7437281335372,-3266.701973892634,-1999.1195951897803,1330.231605388352,0.09644823468575511
1.0528221,TRACKING,1741.6463297000266,-180.11257456368878,939.056773561596,-3266.672913908538,-1999.0716642785324,1330.2387248870466,0.18470534148912135
1.0572458,TRACKING,1741.9254855382396,-179.4885896928205,938.9216588348559,-3266.666756859524,-1999.069153358361,1330.2147938578742,0.15751696224426667
1.0617557,TRACKING,1742.1066185152088,-178.92560523632756,939.2774691495936,-3266.673307697982,-1999.082742073744,1330.2365780789246,0.1530387732717134
1.0654795,TRACKING,1741.7695775215784,-178.91543150795874,940.2637308702892,-3266.6667517695905,-1999.0482136393425,1330.2622787503096,0.279905216872849
1.0694576,TRACKING,1742.46969631461,-178.01106493959733,939.9122092457101,-3266.681127119936,-1999.079925418083,1330.297419826251,0.30077176898644425
1.0737237,TRACKING,1742.5655802787478,-177.5517539565782,940.5298078823508,-3266.665636379367,-1999.0877487094122,1330.2814189083829,0.1818103871673537
1.0785081,TRACKING,1743.5400250113232,-176.4036117413448,940.6593269925215,-3266.714481012444,-1999.109589241385,1330.3280776637725,0.3159167761354085
1.0822926,TRACKING,1743.071144761462,-176.76937506437386,941.1950066066405,-3266.691556685708,-1999.1154989555891,1330.2958951594082,0.2114850067603121
1.0860268,TRACKING,1743.4416896150701,-176.66748829337482,941.2645379593821,-3266.6700997016137,-1999.0965384423944,1330.245349526482,0.10458379973369845
1.0905216,TRACKING,1743.5932862837017,-175.9014212541632,941.9405637574849,-3266.713334785315,-1999.1138234577725,1330.306474906988,0.229795510818788
1.0948123,TRACKING,1744.2163527033522,-175.36617238493693,942.1138307740894,-3266.6829024773665,-1999.1208328688365,1330.1974269252707,0.19565076830719835
1.0989251,TRACKING,1744.627107936392,-174.23655030168447,942.376623831866,-3266.6887865844183,-1999.1000569253742,1330.1882662843377,0.29915785044413534
1.1026897,TRACKING,1746.2610680377493,-173.2129451123643,942.4262170418151,-3266.6806562605793,-1999.0727755962073,1330.21002823838,0.5123369838912231
1.1070543,TRACKING,1745.740330127653,-173.4453893485326,943.510241810203,-3266.697720044449,-1999.1205009480818,1330.1705903765767,0.2806375389075573
1.1116992,TRACKING,1745.9800302592068,-173.15280169979619,944.1387651797311,-3266.727213348091,-1999.1299020556085,1330.22919745191,0.1579273219344548
1.1154122,TRACKING,1746.6133132737746,-172.68965740233105,944.6798924224393,-3266.694991446051,-1999.1000112058484,1330.1551666308446,0.25668833541588126
1.1194645,TRACKING,1748.1545519897552,-170.95853306888299,945.0762084138917,-3266.6913131274127,-1999.0744774273198,1330.2129072934479,0.5802731690697203
1.1237994,TRACKING,1747.8460877089487,-171.47519614975374,945.585003304714,-3266.7257786878217,-1999.0965635286093,1330.20926752097,0.18178324250813876
1.1282986,TRACKING,1749.4168974244192,-170.48143811523693,945.0846281296086,-3266.7147982534857,-1999.1038973482155,1330.2806616206774,0.4278393217944478
1.1320122,TRACKING,1750.1938683986568,-169.7617002798837,946.432292473891,-3266.7381395850744,-1999.1091666444277,1330.2684672986231,0.46155535890423255
1.1361633,TRACKING,1749.9019013902273,-170.3617625742321,947.4877608227112,-3266.728824777978,-1999.1087114291247,1330.3061731240548,0.30081966900201523
1.1405833,TRACKING,1751.4536219788345,-168.87850144823537,948.3491001119664,-3266.707297058041,-1999.0667663082716,1330.2493081932594,0.5232951820112407
1.1448284,TRACKING,1752.2769822840744,-168.50557695790874,949.191285549657,-3266.69461695021,-1999.0701101273473,1330.2791263869728,0.2910234109258325
1.1484818,TRACKING,1752.6250604159966,-168.76676534395546,949.5245815875961,-3266.7131257112865,-1999.114589408881,1330.2936774675893,0.15003721823713762
1.1526791,TRACKING,1753.6469789440525,-168.02736639363656,950.5597875713354,-3266.6780503362625,-1999.0752021632318,1330.2681006424805,0.3887670539197327
1.157125,TRACKING,1754.0515817607752,-168.21992787157433,951.2252384862105,-3266.6960015656764,-1999.1134918374478,1330.3050970920604,0.1804476049084075
1.1613477,TRACKING,1754.4418654940791,-168.00219906244627,951.8798214678761,-3266.702672014384,-1999.1471585535537,1330.2821352663452,0.18769852018135552
1.1656679,TRACKING,1754.9634517411866,-167.62219315076803,953.2702490216412,-3266.714607552512,-1999.140075143583,1330.2687466853163,0.3548187484100666
1.1694625,TRACKING,1755.3645932710538,-167.98958330221205,953.8367861482643,-3266.661105931356,-1999.079216478256,1330.2484741319802,0.2069785400019724
1.1740029,TRACKING,1756.7770553080593,-167.54322523028597,953.994153794494,-3266.6871193951642,-1999.1161167561747,1330.20089611569,0.32808724137818984
1.1783556,TRACKING,1756.692204854493,-167.42833616925137,955.9405563600133,-3266.717770253423,-1999.0990501954677,1330.2769366900075,0.44837359229706
1.1821424,TRACKING,1756.7530470137551,-167.5388976714872,956.8224688330912,-3266.699652347847,-1999.1048851373193,1330.1811229187974,0.235263479101238
1.186199,TRACKING,1757.1359949761177,-167.37138831938478,957.7215229944011,-3266.6835865901526,-1999.1013374509487,1330.260873371438,0.2444083837007287
1.1905029,TRACKING,1757.622437831647,-167.453236321311,958.3625812418004,-3266.7123848517895,-1999.0894379739138,1330.234268621615,0.18794038965845078
1.1949323,TRACKING,1758.6148113314975,-166.57658143384347,960.3941124283492,-3266.679913206242,-1999.0798560780038,1330.2351948790308,0.5474699705907752
1.198651,TRACKING,1765.2991095175673,-155.65686109952856,957.8355817839699,-3266.6987824852868,-1999.0594024693603,1330.2069877128672,3.510977234064527
1.2026779,TRACKING,1765.728343305574,-155.79503906967489,958.7488728036275,-3266.746697793729,-1999.1318593770545,1330.2780143896082,0.2529354268662083
1.2071395,TRACKING,1766.1663010842813,-156.05955937943838,959.7540566664541,-3266.7516100069033,-1999.1476433722323,1330.3075936780772,0.25280309622348246
1.211576,TRACKING,1766.6037957033463,-156.2019217711643,960.9570820921565,-3266.7236415081024,-1999.095350756732,1330.2842293027256,0.29031848723597137
1.2153626,TRACKING,1766.9153825675655,-156.65117539610804,961.9564311444956,-3266.7190625261055,-1999.1102584392372,1330.3020060378785,0.30083148266652465
1.2196872,TRACKING,1767.1498339440275,-156.84321302198381,963.0547285260845,-3266.6969826656073,-1999.0799080017127,1330.2248171517845,0.26345633068978913
1.2239133,TRACKING,1767.6355410267072,-157.04873149157785,964.3881044852507,-3266.720475304524,-1999.0994354310797,1330.2748339827763,0.3392939221968458
1.2286034,TRACKING,1767.9312441203563,-157.32143567436444,965.7817985176594,-3266.7005507783188,-1999.0828131323499,1330.233278604907,0.3092861491096052
1.2320974,TRACKING,1768.0770341037503,-157.78821377213876,966.9799457667237,-3266.7216231436105,-1999.1117428828857,1330.260976131408,0.3703776281943042
1.2361829,TRACKING,1768.3720272449314,-158.2245210912756,968.3263372635424,-3266.6861015118648,-1999.0728089528775,1330.2360395049868,0.35387024071601225
1.2405454,TRACKING,1768.4805030341213,-158.90526625047468,969.49338439545,-3266.709743092073,-1999.0882004274004,1330.300703909231,0.31069939797423385
1.2450043,TRACKING,1768.5386752766562,-159.42100021834648,970.6964891427895,-3266.670714889168,-1999.0760955132705,1330.250436372607,0.293856620886466
1.2488103,TRACKING,1768.8702792238896,-160.1253383211964,972.0295850715424,-3266.7005339798243,-1999.0958345859012,1330.2901732459488,0.4056124600690821
1.2527467,TRACKING,1769.015998881106,-160.49457438134058,973.2915772977029,-3266.690357223651,-1999.100236962654,1330.2845675584342,0.3360809185485196
1.2574061,TRACKING,1768.8598300176327,-161.29372167009132,974.4926280893638,-3266.6879015836066,-1999.1136500961127,1330.216115914475,0.31142436596353545
1.2620374,TRACKING,1768.9118611287672,-161.67955509712934,975.8538632755199,-3266.690643346401,-1999.106413460761,1330.309619279553,0.3057060301981047
1.2656878,TRACKING,1768.8302716769942,-162.4124018053393,977.0080301368226,-3266.693380737106,-1999.0970288324363,1330.221672353356,0.37519357196258174
1.2694815,TRACKING,1768.9285867590202,-163.00831864302398,978.3241921178017,-3266.6991889704623,-1999.084805256029,1330.2388109529033,0.3817182912273669
1.2739103,TRACKING,1768.7515554590595,-163.96777634015578,979.6805866778674,-3266.703795104904,-1999.096470819583,1330.2227074299794,0.3772669156271152
1.2784883,TRACKING,1768.429212854397,-165.04372776311857,980.8547808877221,-3266.7444422083213,-1999.153217175469,1330.34528689216,0.35493720820741176
1.2822737,TRACKING,1768.0167847893265,-165.89045616953473,982.0963377392266,-3266.7294035826726,-1999.1132507486905,1330.3078884091062,0.41167842689858397
1.2863736,TRACKING,1767.7673697650032,-166.6505210902398,983.5089178120708,-3266.742289419462,-1999.1137290560555,1330.311033930239,0.3959504679743137
1.2904621,TRACKING,1767.418324238099,-167.66134662221074,984.9596482979513,-3266.68546409368,-1999.0658619091882,1330.2237352480183,0.44081738559496253
1.295077,TRACKING,1767.2513422593465,-168.5111191117777,986.5259718551598,-3266.7153458021726,-1999.085395164492,1330.216445883063,0.38782961511538194
1.2988623,TRACKING,1766.9178386233277,-169.7420248310692,987.9620890363377,-3266.6926893101536,-1999.0898726416226,1330.227022714389,0.5073894501633603
1.3031331,TRACKING,1766.4798513766343,-170.97423061618267,989.0958680424096,-3266.726467381152,-1999.0937805069884,1330.2612116503878,0.4052602768436921
1.307181,TRACKING,1766.0533209271962,-171.9493077957361,990.4911802286459,-3266.7015213001696,-1999.0930250342865,1330.2323597826503,0.4335282156270839
1.3120739,TRACKING,1765.649725554574,-173.08495587660923,991.8697757626113,-3266.676073830119,-1999.045494823113,1330.1976971058293,0.37424641903137196
1.315397,TRACKING,1765.1785583952237,-174.28045498410475,993.2258960858752,-3266.676073830119,-1999.045494823113,1330.1976971058293,0.5621945846082795
1.3194376,TRACKING,1764.944096490368,-175.18821191400465,994.5561339174911,-3266.7191308736965,-1999.0974777993772,1330.247844699718,0.40276933839974555
1.3241731,TRACKING,1764.6040330619617,-176.0323175823652,995.9684074368023,-3266.750123121732,-1999.1145347419404,1330.254950154893,0.35478440461077887
1.3288197,TRACKING,1764.5541514827319,-176.87989830071686,997.4808142611242,-3266.6994535704803,-1999.0677887101267,1330.2366704903002,0.373269136710705
1.3321338,TRACKING,1764.2481520058611,-178.1914918372285,998.9637007617061,-3266.733168140439,-1999.116185247104,1330.2490045937413,0.604451836829999
1.3361286,TRACKING,1763.8262099719698,-179.3226715490805,1000.2686287216208,-3266.717765686127,-1999.0936988485857,1330.1928575192394,0.4450191565572846
1.3406492,TRACKING,1763.4163631159895,-180.57144755066,1001.5761506537997,-3266.722787808305,-1999.108079869277,1330.277944506314,0.410105460926936
1.345213,TRACKING,1763.1680349275678,-181.72967528576115,1003.0661956029155,-3266.6935231193993,-1999.1020567109158,1330.2349202047503,0.4170912471503135
1.3488489,TRACKING,1762.651296894823,-183.24605625087452,1004.5328000564208,-3266.7219699785283,-1999.1110497075622,1330.2855054395093,0.5973618594702562
1.3528992,TRACKING,1762.5036903279426,-184.3289831657205,1006.0605120893625,-3266.6804773491476,-1999.0720191866135,1330.2298026867134,0.46377047507672436
1.3573627,TRACKING,1762.3213287724595,-185.54250029300508,1007.5860873119345,-3266.709963637145,-1999.1583473939177,1330.2911815080497,0.438640331139339
1.3618624,TRACKING,1762.0486360950545,-186.4993085253632,1009.0552203657561,-3266.6883197235825,-1999.0738474408613,1330.2238477219485,0.3943186040887108
1.3656305,TRACKING,1761.635555860865,-187.60771793448734,1010.6031203053175,-3266.6873208273473,-1999.1053750740546,1330.2614613315984,0.5170052658592849
1.369717,TRACKING,1761.1419912344377,-188.85755755619212,1011.8654773934782,-3266.6504129419823,-1999.0773521448632,1330.2713646185732,0.45116986515790997
1.3739374,TRACKING,1760.9056439401197,-189.94201182332878,1013.3052083613686,-3266.7097248158843,-1999.0910800491124,1330.2798989831347,0.43073894299930443
1.3782533,TRACKING,1760.6498063306913,-191.0332845183114,1014.6831293273556,-3266.69530987837,-1999.0950580163144,1330.3112431077498,0.41155508839591126
1.3821087,TRACKING,1760.145746753627,-192.04838434545576,1016.10710450313,-3266.72817681506,-1999.1130764191687,1330.3031402347988,0.47205154628040685
1.386143,TRACKING,1759.6340361835867,-193.14160052511514,1017.2444963517875,-3266.713171134796,-1999.064917065552,1330.2044280414502,0.4111003638484854
1.3907721,TRACKING,1750.1476819698971,-208.7681362127871,1023.3583249139984,-3266.7052723264455,-1999.0649756449109,1330.2113720996463,4.164060194456928
1.3955011,TRACKING,1758.4507124663987,-195.52292253417406,1019.7054687713036,-3266.7324731803565,-1999.1037939207442,1330.1918593018115,3.3947219388503247
1.3989223,TRACKING,1757.840744491282,-196.8344337616398,1020.9252564793209,-3266.758234707349,-1999.092981204963,1330.2778466765847,0.5530486467850046
1.403136,TRACKING,1757.4019820598978,-198.01705822845733,1022.2224981055055,-3266.704482953679,-1999.0582755847463,1330.1956424609655,0.4294101825580848
1.4071017,TRACKING,1762.4643588169388,-186.0422817235372,1027.4169671822967,-3266.706578069922,-1999.0576574967602,1330.2074622540383,3.5303210721672027
1.4117248,TRACKING,1747.503740008188,-214.5766505922385,1029.7115603069944,-3266.7047015186185,-1999.0698499669945,1330.1873595091947,6.986672324115428
1.4156715,TRACKING,1747.9257275619507,-213.08762953847312,1030.8382730547637,-3266.72640358017,-1999.0710720488682,1330.1891269064067,0.485050993029959
1.4198275,TRACKING,1746.8216396145313,-216.06948810305425,1031.8099896872375,-3266.6887816764033,-1999.1292498169992,1330.2714339290121,0.8000155184737688
1.4241732,TRACKING,1754.624808816273,-203.9638124877153,1028.1501180758823,-3266.6827704263783,-1999.087948433388,1330.207080467808,3.4195641958841922
1.428396,TRACKING,1753.772877081534,-205.48629432186556,1029.2697979726654,-3266.666787767159,-1999.0598390241862,1330.24101682379,0.49091180157720254
1.431996,TRACKING,1753.0381034904462,-206.63244724631937,1030.3484047198742,-3266.6999030996453,-1999.106111497727,1330.296219037898,0.4824825903209764
1.4363886,TRACKING,1745.3756448016925,-218.12946316522564,1035.7824731776948,-3266.674537852119,-1999.0674166462288,1330.33853259949,3.379928664406611
1.4406285,TRACKING,1743.2104604639899,-222.03814418037672,1037.2843599277196,-3266.6848678583224,-1999.0904900653582,1330.3054306096042,1.111810627272147
1.444953,TRACKING,1756.7433106915996,-195.62432568906803,1036.5632110687454,-3266.6780448632644,-1999.0685378326514,1330.2877194995165,6.864956428677497
1.4488169,TRACKING,1756.6823509576075,-197.30927668018737,1036.9636120617777,-3266.6352286813726,-1999.0499416417656,1330.2631047017335,0.44849622692188473
1.4529857,TRACKING,1756.475018922247,-195.5477699789996,1030.8052990811743,-3266.6625921644873,-1999.0885447108196,1330.2784792092018,1.537287343041847
1.4574677,TRACKING,1739.257116585137,-227.00632985992212,1041.2273704705299,-3266.701270524033,-1999.1438348425704,1330.2600186944383,8.332419984739834
1.4615274,TRACKING,1739.969180301491,-226.15649287276273,1037.7230500516864,-3266.679408405535,-1999.0935154288954,1330.1971104725667,0.9053698032423032
1.4660173,TRACKING,1737.2787374723628,-228.883766711768,1042.7010766918463,-3266.690676932612,-1999.057168781491,1330.2123843314005,1.3990291477091408
1.4696569,TRACKING,1737.5761663082517,-229.0946159180426,1039.506592064713,-3266.7014863902828,-1999.0632572763225,1330.1985511538255,0.8833998593600602
1.4740986,TRACKING,1734.9406177339051,-231.0175374233294,1043.8426975925067,-3266.705851001378,-1999.0657384841595,1330.1700771508015,1.221688952667022
1.4789977,TRACKING,1733.7595303685341,-231.91340281006293,1044.4295829002897,-3266.7178515152104,-1999.0823736782825,1330.2213337149958,0.32543889980345275
1.482269,TRACKING,1732.60383902792,-232.77416808934086,1044.9342890243006,-3266.7018235242617,-1999.059586831222,1330.1815529047221,0.4667407196020731
1.4862591,TRACKING,1748.981674965042,-205.47734670479147,1035.7102697087612,-3266.735644112295,-1999.0735793410038,1330.1862603153472,8.306210001665356
1.490533,TRACKING,1745.06898074891,-207.4157797158428,1047.5334567307527,-3266.715938185584,-1999.0768692683132,1330.2197241467852,2.949003826853508
1.495277,TRACKING,1728.683947967666,-235.7129041567138,1046.730549023087,-3266.704200131806,-1999.1369476750128,1330.2249109415397,6.894693766191451
1.4989369,TRACKING,1727.4941577602629,-236.71023570799093,1047.1043153520252,-3266.6707445555376,-1999.0380533000516,1330.1936991792115,0.43631335472225863
1.5029702,TRACKING,1726.1297526477783,-237.7329290620245,1047.4649322174976,-3266.6861946662857,-1999.0778319835536,1330.2703121811317,0.4321166642211679
1.5073684,TRACKING,1725.205923194487,-238.3563894456296,1047.7687179445986,-3266.671675122863,-1999.0809059185653,1330.3023116228103,0.26264920684031184
1.5116909,TRACKING,1725.1743391803632,-237.5190981738203,1047.1158570981652,-3266.653849821306,-1999.0395084572474,1330.261653396884,0.24573880008376567
1.515333,TRACKING,1723.53680407546,-239.15102629609834,1044.5965686774305,-3266.676475458732,-1999.0960695675187,1330.3717616938115,0.9388229789829634
1.5197179,TRACKING,1736.6478474659946,-212.24924589875224,1039.535345318939,-3266.6599347819215,-1999.0937070930563,1330.2783599609418,6.921851460114745
1.5240383,TRACKING,1735.9081495726693,-212.3601896101613,1039.9749634092143,-3266.649050215576,-1999.1107060467627,1330.246983874153,0.2008141772373087
1.5285018,TRACKING,1725.3344933971632,-231.89953103078446,1044.8639362324648,-3266.6897908887704,-1999.110519809264,1330.3155140494707,5.096540662814503
1.5321056,TRACKING,1718.8042083567352,-241.9368279687934,1048.86587004918,-3266.6666653779034,-1999.097857430796,1330.3242267440528,3.5034312116265562
1.5362799,TRACKING,1723.4785209725023,-232.42920572674285,1045.5296580596307,-3266.6690532219745,-1999.0914453657615,1330.2219739114182,2.6609018199754613
1.5412564,TRACKING,1722.5392833307926,-233.01024479754162,1045.9311420224108,-3266.6999748860744,-1999.1091839817277,1330.2677215902304,0.23613862610177294
1.5451441,TRACKING,1721.4046774850892,-233.82308637453244,1046.1853731559818,-3266.6847947465826,-1999.079765370765,1330.221173255325,0.3649170172693705
1.5489244,TRACKING,1720.6150209220777,-234.12351360874968,1046.4624358707094,-3266.7169476804775,-1999.1502438829702,1330.2890183664779,0.23520471837025134
1.5530574,TRACKING,1713.1212007688218,-244.69893180126974,1050.9770217654695,-3266.7012196822143,-1999.1425995882546,1330.2800511381656,3.320855870429628
1.5574071,TRACKING,1719.0302587639953,-234.33873218607698,1046.9107392512917,-3266.6859547244235,-1999.0785388821096,1330.2068114040335,2.8969828144481546
1.561946,TRACKING,1718.1147583846782,-234.9075540219141,1047.029627583645,-3266.6857002738225,-1999.0709052024215,1330.2210613835002,0.2389033995916795
1.5655657,TRACKING,1717.358670238831,-235.17034882219025,1047.3258595759733,-3266.7438407646405,-1999.1041786420783,1330.2641272184032,0.23579650672296087
1.5695282,TRACKING,1716.270247788888,-235.58957645972484,1047.483226698601,-3266.7067218080297,-1999.1380110179566,1330.2899121004593,0.29701868878767906
1.574209,TRACKING,1708.0844905592837,-247.88687236602172,1052.3361177888942,-3266.700577733451,-1999.0706428998901,1330.28380353432,3.3219316638518563
1.5784214,TRACKING,1713.9108778988268,-236.5897712180975,1047.7394301627742,-3266.691448473105,-1999.0993478925072,1330.3054075768937,3.2087851955694036
1.5823424,TRACKING,1712.7315482254305,-237.0129468813451,1047.878508523465,-3266.682711769817,-1999.0759652507638,1330.3116110364297,0.32151241869975095
1.5865773,TRACKING,1711.7277230405555,-237.3085855479464,1047.944370132527,-3266.6968162864423,-1999.0851486595432,1330.2142349290425,0.24759147619416635
1.5909443,TRACKING,1703.3614623516771,-249.97116858424943,1052.8292272347142,-3266.683284893075,-1999.118622344162,1330.2920321928727,3.6509186131747886
1.5951069,TRACKING,1709.7383966394464,-237.79011841283693,1048.056996500896,-3266.673508278771,-1999.0846361018548,1330.2526925261748,3.496360445843534
1.5988042,TRACKING,1708.8475096411412,-237.97088485411064,1048.2852746353494,-3266.69435273201,-1999.106059748982,1330.2384979522683,0.2535000498495747
1.6029891,TRACKING,1707.7750405661081,-238.61170875954377,1048.2969430627306,-3266.7014017079537,-1999.138331729057,1330.3126396365537,0.29854772899574317
1.6072011,TRACKING,1706.6787719229505,-239.2074979039141,1048.3251276554395,-3266.6771489623393,-1999.0900775293994,1330.1955085000318,0.29630200468977014
1.6116521,TRACKING,1697.4731010941964,-252.32706653884188,1054.0466028356675,-3266.7047506337553,-1999.1103546373251,1330.280463323425,3.823347171654416
1.6156164,TRACKING,1704.4673944122735,-240.5205904595124,1048.6272113125065,-3266.7049065299143,-1999.0632212286994,1330.2081944668917,3.7217360218030007
1.619572,TRACKING,1703.3098028377283,-241.07595531423934,1048.6398269874355,-3266.7308152740106,-1999.1138668674748,1330.2449653236665,0.3245983227514653
1.6240455,TRACKING,1702.3709894332412,-241.0535215265302,1048.7036556280696,-3266.6851555512994,-1999.0648549123111,1330.203658244035,0.2104052970205836
1.6286942,TRACKING,1701.5826834996271,-241.41844570869745,1048.6194551803223,-3266.6986724460385,-1999.0860076004226,1330.2859575590105,0.18773980297854137
1.6326755,TRACKING,1700.853420847039,-241.42137256033237,1048.5996525448934,-3266.7057901723538,-1999.1082850785688,1330.2785250681213,0.18324098606776684
1.6366979,TRACKING,1707.2838646149105,-227.43870101308835,1044.5752728548116,-3266.6985883125512,-1999.0913123563146,1330.2851615845364,3.9548284332576134
1.6411146,TRACKING,1699.217830477993,-241.8573414629894,1048.7130511200444,-3266.654613091788,-1999.0574713805174,1330.2407922809257,3.8562082035353495
1.6454038,TRACKING,1698.200075678001,-242.02558334468912,1048.675098139153,-3266.71370733536,-1999.121446742504,1330.282933836256,0.24066604213865625
1.6491964,TRACKING,1697.4245225911188,-242.0452445253198,1048.6090785598383,-3266.710090197748,-1999.0933205478511,1330.2814201609267,0.20529617645943565
1.6534763,TRACKING,1696.4935102135446,-242.53718911850854,1048.6389161932657,-3266.7170944236886,-1999.1261016396763,1330.2607310630226,0.2461308230380878
1.6574277,TRACKING,1695.535340757037,-242.80011102740326,1048.5265151178482,-3266.688423410108,-1999.0921823919784,1330.276844569201,0.25305595912062345
1.6619416,TRACKING,1686.4887444255191,-256.1345925535048,1053.6703079618662,-3266.6751603291905,-1999.0651634207184,1330.2138914176162,3.7472528365328968
1.6656351,TRACKING,1693.6178530824811,-243.84034898984092,1048.5673989461973,-3266.6700173189533,-1999.065928539003,1330.2126829039635,4.088283744056157
1.6695906,TRACKING,1692.9634312304815,-243.8208343699729,1048.4803476127368,-3266.688256104839,-1999.054574845406,1330.2244978375134,0.16697626438104898
1.6738772,TRACKING,1692.2391548058301,-244.15329100352957,1048.4653603480615,-3266.674376766372,-1999.0294437152884,1330.2662471987553,0.18594571080520467
1.6785169,TRACKING,1691.5646797557185,-243.87688223148075,1048.4734619270655,-3266.73486108008,-1999.0889990349915,1330.2661750845502,0.15711380701653305
1.682414,TRACKING,1690.820976724758,-244.01902053780418,1048.2973185785156,-3266.6777276699822,-1999.053428874524,1330.2073967436515,0.19947724536538036
1.6862274,TRACKING,1689.893858096767,-244.25043541242061,1048.3064668081834,-3266.6652618386443,-1999.0190229842501,1330.2340684901715,0.2505919626691031
1.6906091,TRACKING,1688.9888297627922,-244.62059610376457,1048.310114507355,-3266.7139921978815,-1999.0709076738588,1330.268588217698,0.22315722716607136
1.6951534,TRACKING,1678.731843395839,-257.7340226304856,1054.699718906497,-3266.7139604924546,-1999.058898226176,1330.251401864991,3.924126450506786
1.698919,TRACKING,1687.1863100335022,-245.08250814461007,1048.2727795917685,-3266.6737190653325,-1999.057768401247,1330.240926560318,4.3865523447872246
1.7030656,TRACKING,1692.5737452841731,-232.29088885547372,1044.4874529151884,-3266.7176068917393,-1999.0816888245051,1330.2011748378939,3.4695301338002413
1.707666,TRACKING,1685.4546862741527,-245.84167051689872,1048.4297854155036,-3266.6850414249407,-1999.0952245713586,1330.2714520419981,3.435905323108072
1.7119338,TRACKING,1684.6726483118048,-246.12915524950824,1048.4126656102972,-3266.7034797912497,-1999.0798462586013,1330.2868791045614,0.1952718087919293
1.7157973,TRACKING,1683.7961411670924,-246.34764146494652,1048.4400326448126,-3266.686455153445,-1999.0828666422842,1330.2428527140376,0.23391800060689774
1.7195713,TRACKING,1683.0888467839031,-246.59196549730208,1048.403187677243,-3266.692817272728,-1999.1109408188147,1330.258187535065,0.19851907903171062
1.724063,TRACKING,1682.5177725941983,-246.54059387670634,1048.4067322339554,-3266.670065065136,-1999.100514377234,1330.2849141938589,0.1276556951570619
1.728411,TRACKING,1682.0818579379857,-246.7528191954521,1048.3209198625684,-3266.661606684142,-1999.0638166730637,1330.2351287939912,0.11323980422144901
1.7323411,TRACKING,1681.2586454139223,-246.95617836660682,1048.3596815910735,-3266.6504933062565,-1999.0776722550092,1330.2150506790585,0.2159853659956408
1.7363602,TRACKING,1680.1174487133778,-247.6181119134766,1048.2547595617245,-3266.6591826768595,-1999.0928390735717,1330.2389328803124,0.3292877575405576
1.7409552,TRACKING,1679.451190546026,-247.31016923137736,1048.1603159738797,-3266.7017089202172,-1999.0825742964562,1330.2770118525143,0.16105170591483425
1.7449508,TRACKING,1671.091160625693,-259.4895349211213,1052.5060293895524,-3266.662614169906,-1999.0747056565642,1330.2329687568865,3.8538518308709806
1.7488924,TRACKING,1677.3883274179748,-248.17713487919855,1047.9053274085993,-3266.680928089799,-1999.0590859063302,1330.3169211762981,3.485926948098868
1.7531234,TRACKING,1683.9472307151266,-233.8566330045334,1043.942297493273,-3266.703418748924,-1999.0872414794712,1330.267865434671,3.838801723789875
1.7576721,TRACKING,1668.529896858855,-260.1073441384476,1052.1019884023308,-3266.7157993388037,-1999.0954212034321,1330.3128526293744,6.9289786809755185
1.7617717,TRACKING,1667.6076133143215,-260.39083420558705,1052.0339150669993,-3266.6979021001926,-1999.0703940375458,1330.250480080121,0.23594206201991857
1.765485,TRACKING,1666.8331967126373,-260.4927819387923,1051.8249949866126,-3266.6994552232513,-1999.0656758278253,1330.260040310665,0.21774580839511637
1.7698556,TRACKING,1672.9891419260762,-249.40046697992278,1047.155526510513,-3266.713825846188,-1999.0565105467992,1330.2252495242549,3.0929622412125157
1.7739926,TRACKING,1672.4251588427835,-248.99993493821896,1046.941641902604,-3266.7218261821067,-1999.1092714073816,1330.250811025731,0.17501830562866094
1.7784792,TRACKING,1671.570290075231,-249.30189200969795,1046.7194561792262,-3266.733151986384,-1999.1124241857876,1330.2808230939866,0.20805481168712725
1.7824752,TRACKING,1655.054551745868,-260.88554696555786,1054.5494891430908,-3266.6912322866547,-1999.100837157712,1330.1689588825902,5.415244787594626
1.7865831,TRACKING,1669.5643754019598,-250.01566720062547,1046.2783919629724,-3266.694961117808,-1999.1489766759782,1330.2332426169346,4.850988601008329
1.7908906,TRACKING,1661.3139460470827,-262.03547594766013,1050.9180495851633,-3266.6621605153277,-1999.089478353757,1330.1977401721406,3.5518062761248843
1.7953322,TRACKING,1660.332840657536,-262.3421753957403,1050.5513385885213,-3266.681238664638,-1999.0999088751478,1330.1590955712636,0.24571765493098435
1.798955,TRACKING,1659.2080184403262,-262.58922115702416,1050.4274797351707,-3266.6778645462614,-1999.0769002829109,1330.1776862361125,0.3197177768126756
1.8031328,TRACKING,1658.208947546604,-262.7380092246341,1050.1712936807573,-3266.7062469123907,-1999.1049049167425,1330.29725581257,0.24943054605583037
1.8077885,TRACKING,1649.1816114827247,-262.3602064935333,1052.9489444244716,-3266.683466547316,-1999.1162909061895,1330.2950917068688,2.0303196459356982
1.8120206,TRACKING,1656.1033281669315,-263.26078809820535,1049.7280226038672,-3266.7234501870585,-1999.114352928749,1330.3121917579306,1.8164416664307783
1.8157315,TRACKING,1655.2021737764514,-263.47548481636755,1049.4182421103283,-3266.685190466038,-1999.062145687423,1330.2683432711017,0.26322450371488587
1.8196558,TRACKING,1669.2290544527714,-240.87628860834718,1040.709085222097,-3266.6812885185627,-1999.0738297816144,1330.2991985490726,7.1319649352347545
1.8239095,TRACKING,1653.729403022579,-263.9199891014445,1048.8393692805957,-3266.6958256788316,-1999.1222975548235,1330.3834885225137,6.802795144695612
1.8287138,TRACKING,1644.4270550390925,-264.0075418471407,1051.1891672747142,-3266.666258412506,-1999.0802240580335,1330.308475207004,1.9971569361206665
1.832459,TRACKING,1651.9034937075667,-264.36188156907156,1048.3730963955736,-3266.7183753825507,-1999.1111265752013,1330.3134832210785,2.13528213357729
1.8364227,TRACKING,1658.391341197924,-253.0435474208655,1043.3190934592453,-3266.731756813913,-1999.0952790423266,1330.26255269239,3.529708102940737
1.8408835,TRACKING,1657.5398262117776,-253.10939429291344,1043.0375363121716,-3266.6723237443284,-1999.0704809433364,1330.2044667940593,0.2015940685224039
1.8452339,TRACKING,1656.637560680389,-253.40119745456286,1042.756959232298,-3266.6720932165695,-1999.070632460731,1330.1788105545002,0.2273162038124761
1.8494168,TRACKING,1655.8603312603807,-253.23997462595543,1042.5303323240853,-3266.697601643355,-1999.0872606574458,1330.1894510084587,0.19734936463616937
1.8530802,TRACKING,1655.3152075707992,-253.0073201539637,1042.1333338344398,-3266.6950629774874,-1999.1146061558204,1330.2121226712293,0.19472874597366316
1.8578225,TRACKING,1654.6141076665292,-252.90716496828102,1041.831409326415,-3266.6804383454814,-1999.0878878309227,1330.2002979071856,0.16234526638301702
1.8619706,TRACKING,1635.296833230663,-264.5103855214717,1050.3321220421496,-3266.707992669407,-1999.0909824293456,1330.2640602697084,5.806106146590395
1.8655408,TRACKING,1645.206993344298,-265.4997129064404,1045.8274606538741,-3266.685361777841,-1999.0692153477846,1330.28408407613,3.0616724474126307
1.8698359,TRACKING,1644.418700043626,-265.5572129254354,1045.4805581589615,-3266.6991384973276,-1999.1050963123646,1330.2882773415135,0.20096506720205903
1.8742515,TRACKING,1643.699708850171,-265.6446893931433,1044.903762210539,-3266.6801985986294,-1999.1406400293704,1330.2995091388402,0.20968877195193686
1.8788703,TRACKING,1655.6298371272064,-244.49260647612047,1035.0851359499613,-3266.711329910542,-1999.1484892214442,1330.3365429097203,5.671245869694463
1.8824573,TRACKING,1642.2991059325232,-265.7500607759412,1044.0620325000755,-3266.6586539800032,-1999.0859235634812,1330.2786758057114,7.429345014819438
1.8864076,TRACKING,1641.641634620462,-265.72223538890785,1043.5447394299706,-3266.6728999641787,-1999.0406764247537,1330.2834498159748,0.2118926069157185
1.8911679,TRACKING,1640.878958221229,-265.78246464190613,1043.1089371293676,-3266.690191477575,-1999.0498810468805,1330.2964360753235,0.18496092177953838
1.8951983,TRACKING,1640.4018123742424,-265.7445832194759,1042.636985011762,-3266.689593306731,-1999.0965427961862,1330.2847220067724,0.16678044590746746
1.8988466,TRACKING,1639.6311318935343,-265.63509401959584,1042.1130133383233,-3266.6806422145637,-1999.1309907452019,1330.2695982542666,0.2571993380107714
1.902999,TRACKING,1638.9239831382024,-265.51894255868604,1041.649790606476,-3266.7173423281624,-1999.1117447006657,1330.2558711034505,0.2054963131529493
1.9071633,TRACKING,1638.2412326847282,-265.49841880599996,1041.0213618823361,-3266.7023306074234,-1999.0764153982714,1330.2218010767874,0.22288643224202156
1.9116945,TRACKING,1637.6963104531985,-265.31227311551027,1040.5166440502305,-3266.7265278245204,-1999.098107323018,1330.2608424189718,0.168988841479036
1.9156167,TRACKING,1636.8473933373014,-265.3012644031823,1040.0150699729036,-3266.7414873045786,-1999.1543151373958,1330.295808389186,0.2514104724450497
1.9195918,TRACKING,1636.2819981846358,-265.1225156676582,1039.497302891811,-3266.698276037274,-1999.096806137796,1330.2155968979632,0.19803622110365784
1.9243046,TRACKING,1635.9652674529275,-265.1289514390495,1038.7240150367488,-3266.699099485696,-1999.0965389146459,1330.2000778915856,0.17731788694731387
1.9285832,TRACKING,1635.1439791212313,-264.97673620822286,1038.1274657202468,-3266.7045620137187,-1999.079857327221,1330.1878703194652,0.23989817129709776
1.9324165,TRACKING,1634.5831026502797,-264.8338356014414,1037.3803616868463,-3266.7291645945247,-1999.139174779947,1330.2552054127816,0.24654354208047805
1.9363233,TRACKING,1634.2826924795477,-264.6894866643237,1036.672945986021,-3266.7101510213247,-1999.1386030660499,1330.2827458089037,0.20016313939820615
1.9407843,TRACKING,1646.9542391675648,-242.84223481594984,1027.1799818947861,-3266.6711846015723,-1999.0688992913279,1330.2126323943396,6.0482474606656
1.945292,TRACKING,1633.6227008898513,-264.3330621529322,1035.0605082517243,-3266.6949363251024,-1999.1095069425178,1330.2860091357666,5.876477841324038
1.9487948,TRACKING,1633.2372159987558,-264.1585068154096,1034.2488479266854,-3266.687656866032,-1999.0806653191316,1330.2543436015633,0.2613187404419481
1.9531531,TRACKING,1621.784165818999,-263.3839750575933,1037.4469362617792,-3266.69343843018,-1999.114614082954,1330.2857312857554,2.734179935974431
1.9577285,TRACKING,1632.3327888098224,-263.7358727031685,1032.7325512127522,-3266.699909926036,-1999.114731628122,1330.3432930468673,2.5264520628438016
1.961894,TRACKING,1632.2594385236714,-263.39226059125383,1031.8151953335334,-3266.7106164344964,-1999.1559951969284,1330.2621053846874,0.2358275683769374
1.9657559,TRACKING,1645.5863190225734,-240.10798622579773,1023.4598799150447,-3266.6774513717596,-1999.09686118352,1330.3508523802757,7.276047496676197
1.9700315,TRACKING,1620.4738987599037,-261.84672754673824,1034.30132272721,-3266.6643781862654,-1999.0754929771358,1330.2536229970956,8.17175101175553
1.9744391,TRACKING,1645.8324828485092,-239.71107087490944,1020.9128711120674,-3266.6681595801087,-1999.1111340490024,1330.2495224309691,8.218899723852308
1.9784278,TRACKING,1631.969628111996,-261.9651586707649,1027.9700350594164,-3266.7219550250406,-1999.1442667974156,1330.269915149813,6.8072102232401726
1.9822297,TRACKING,1621.94367512705,-261.02096299157614,1030.1470379770774,-3266.691740976667,-1999.0927011703227,1330.2239349301046,2.7099451270101023
1.9865042,TRACKING,1632.1002375457804,-260.8861920085655,1025.6102605332858,-3266.689266746414,-1999.0832447792636,1330.1911697000835,2.602545251038004
1.9906949,TRACKING,1621.649168955054,-260.01941365030405,1027.7274536202056,-3266.7257732049575,-1999.1113673018529,1330.2318533140444,2.5529230816922555
1.9952149,TRACKING,1622.0624499763126,-259.63437068806064,1026.2288625267556,-3266.7328233606468,-1999.0763711130344,1330.1630838056558,0.3543163903704543
1.9993553,TRACKING,1645.8045268239764,-235.12818488347003,1013.556661579718,-3266.705841031393,-1999.0824707152492,1330.2363115448695,8.790970019231372
2.0034369,TRACKING,1632.6821676544143,-258.45593684246415,1020.4405045660776,-3266.692678852145,-1999.0524768549735,1330.2270101449215,6.770958918453641
2.0078565,TRACKING,1646.0202750341832,-233.3430279772639,1010.6947698414654,-3266.7056663793483,-1999.0670201656512,1330.2228048007667,6.801291090100401
2.0118335,TRACKING,1640.808369739677,-244.7096580876079,1012.7456035290147,-3266.720739972918,-1999.072653206029,1330.2451938262598,3.186227805024479
2.0158361,TRACKING,1640.7929792093273,-244.12807733092265,1011.1441810214675,-3266.7360506925615,-1999.0824067866795,1330.2865630895092,0.4256801053776769
2.0196662,TRACKING,1632.7357557534785,-256.3911594299827,1015.1285346927641,-3266.723741364871,-1999.0819885103779,1330.2566497758344,3.969742151751796
2.0238431,TRACKING,1633.583517024808,-255.79479206780607,1012.7292311039159,-3266.6860391253317,-1999.075307800314,1330.2781473890498,0.6257320668227853
2.0284287,TRACKING,1641.665116535479,-241.53732580463517,1006.2186720443144,-3266.694326993182,-1999.1212813263505,1330.338912251652,3.845621626791528
2.0324688,TRACKING,1642.0906207135638,-240.26719808308073,1004.19341517048,-3266.6801651589185,-1999.068404709952,1330.2428682097434,0.6010139422701506
2.0363563,TRACKING,1642.3761481920044,-239.21783104047358,1002.2822376149458,-3266.6573588534898,-1999.0590786533953,1330.2527028991356,0.5656413701666733
2.041057,TRACKING,1642.6400804094185,-237.79967662801997,1000.3972440836689,-3266.6576421473696,-1999.0998728034422,1330.2760199698762,0.50494812453827
2.0451836,TRACKING,1638.3591870051048,-238.02036027319423,996.4768300601753,-3266.6314756229713,-1999.0948195142976,1330.2522702463139,1.4076946300036712
2.0487382,TRACKING,1638.6470140009756,-236.28645060515797,994.1546311556147,-3266.6946261810676,-1999.1065826566053,1330.290429217744,0.8193240555474326
2.0529284,TRACKING,1639.120648962068,-234.10425490594096,991.7720422936642,-3266.6938177102484,-1999.102029340093,1330.2398293030894,0.7793018774140628
2.0572586,TRACKING,1638.0775046401893,-238.2596618034451,991.5517898151072,-3266.7144844745158,-1999.0865920038802,1330.2682247001494,0.9907154951522338
2.0620031,TRACKING,1638.4543811831752,-236.8373920499305,989.7666557431787,-3266.7212814700565,-1999.0930395240298,1330.1859501968167,0.4875857444820566
2.0655538,TRACKING,1638.9850546269265,-235.23551619151607,987.8517321002946,-3266.7260287488684,-1999.0979689466042,1330.2646738963722,0.7188335438667155
2.0696856,TRACKING,1639.5255726460994,-234.12635195083763,986.0120942239847,-3266.73347194299,-1999.0567198104884,1330.2555366508595,0.5361104183517448
2.0738133,TRACKING,1639.9748350426305,-232.8137315638816,983.6575029848866,-3266.745691719196,-1999.084309740421,1330.2428502431032,0.6620952242891167
2.078461,TRACKING,1640.480880104311,-232.19598466074146,982.1091078681725,-3266.716087299749,-1999.0573845410534,1330.2396580102281,0.3748495726930633
2.0819816,TRACKING,1641.3721192597873,-231.50813287456978,980.3030931608064,-3266.737258903262,-1999.09446151791,1330.3014880845926,0.6044926395061144
2.085951,TRACKING,1642.2103291579585,-230.6115181358652,978.3345737532427,-3266.716900800792,-1999.0485554653912,1330.2497419594104,0.5844268161111751
2.090441,TRACKING,1643.0755198276993,-229.69520302489568,976.7156893018783,-3266.720245523054,-1999.0653848824393,1330.244567800931,0.45692175849783295
2.0951618,TRACKING,1644.077091616798,-228.62403103645067,974.9368995966056,-3266.6896813171084,-1999.045522693568,1330.2629318245977,0.48833928517022757
2.0987934,TRACKING,1645.1715063077709,-227.65855981376217,973.0777306680205,-3266.7035451205265,-1999.0706680250375,1330.2954312480167,0.650829925087329
2.1026938,TRACKING,1646.3386455965701,-227.04128213624693,971.6476320095774,-3266.6937787528677,-1999.0892375279911,1330.3202300763844,0.49902278137493594
2.1073668,TRACKING,1647.2356017287393,-225.91766540123908,970.0757443929849,-3266.6941974649326,-1999.1095902757859,1330.2793783369987,0.4558589749417575
2.1115752,TRACKING,1648.5761369341697,-224.68732322356266,968.0727456944328,-3266.670273934835,-1999.0685832382392,1330.299636768088,0.6430148314535764
2.1152763,TRACKING,1649.5135564206128,-223.37614267742345,966.226229602755,-3266.6239369753353,-1999.0515951462314,1330.3188775348406,0.6622449434080637
2.1193902,TRACKING,1650.7425690126852,-222.245266455971,964.3818376299852,-3266.662665890529,-1999.0496246974371,1330.2493263755603,0.6048273155664368
2.1239083,TRACKING,1651.7513194657697,-220.95786245187097,962.6677163732847,-3266.681859720774,-1999.0613562118194,1330.303153313538,0.5243839018500174
2.1282549,TRACKING,1652.8313126924686,-219.3656141943779,960.8985835646605,-3266.6627928417147,-1999.0524628837609,1330.236545992044,0.6013224687483153
2.1319989,TRACKING,1653.9313925893382,-218.2540619807896,959.1252139429873,-3266.6501210240745,-1999.0491828614877,1330.2200677229891,0.6315270663653602
2.1360259,TRACKING,1655.1876642126006,-216.88194175996082,957.2876848602542,-3266.689192767048,-1999.0545630944225,1330.2417254081206,0.649329758332611
2.1404368,TRACKING,1656.1589754977929,-215.33724788169832,955.5897521473172,-3266.7071468981862,-1999.0928116807243,1330.3306520342344,0.5650748767565736
2.145112,TRACKING,1657.29823507974,-213.84191367912945,954.1060200424403,-3266.719725841497,-1999.0586804309446,1330.2788815545132,0.5122495385557888
2.1485934,TRACKING,1658.5624779611987,-212.55244489218424,952.4553685679787,-3266.724566777287,-1999.0709063018228,1330.3003148840387,0.7027537784181904
2.1528637,TRACKING,1659.569376696939,-211.0408443744475,951.1347935801107,-3266.7520214583105,-1999.0844212009708,1330.2936302415146,0.525863657192074
2.156933,TRACKING,1660.8369931565137,-209.75425030239674,949.5097899538855,-3266.7080403345294,-1999.0531107249622,1330.2649674897123,0.5970487434596279
2.16159,TRACKING,1662.180205193758,-208.05233515052603,948.0972102147797,-3266.727471110882,-1999.0564216632436,1330.2191140421746,0.5556549953332501
2.1654215,TRACKING,1663.508823565352,-206.52092872462836,946.5916040676026,-3266.729465937429,-1999.0876744711,1330.2823956589712,0.6590964778083694
2.1700442,TRACKING,1664.7408855934173,-205.02214931378597,945.1569788496398,-3266.695211028672,-1999.0741951780603,1330.2061518350592,0.5219847002027428
2.1739251,TRACKING,1666.0594056243094,-203.40557852941936,943.7083658492996,-3266.679649785931,-1999.0717570472639,1330.2758014993124,0.6544201903776744
2.1783121,TRACKING,1667.431412634935,-201.85525314881556,942.4629933573075,-3266.6755610120017,-1999.0601611261454,1330.245000951314,0.5507090044597174
2.1820803,TRACKING,1668.7199320389984,-200.43892336709027,941.1856522993305,-3266.6427769438455,-1999.0314400803218,1330.2636969994167,0.6108250021863946
2.1862349,TRACKING,1670.0263387857722,-198.79094617894975,939.9039246443365,-3266.685182536929,-1999.0880539197365,1330.2944278264717,0.5927872179803583
2.1903135,TRACKING,1671.4722274110807,-197.20917776866384,938.6960783922709,-3266.685157928093,-1999.0805327470132,1330.3340743594833,0.6031420488113656
2.1949144,TRACKING,1672.7390257478291,-195.46996586314245,937.474799307577,-3266.6740053099347,-1999.0528170859989,1330.2651662827486,0.5377420828111202
2.1989782,TRACKING,1674.0311446970434,-193.24470432847906,936.677993347083,-3266.6932475497715,-1999.1498090065652,1330.3597113590254,0.6628634795988123
2.2028479,TRACKING,1675.4730905100787,-191.84469660519756,934.9956865903038,-3266.7018160155585,-1999.0560023665653,1330.253085021291,0.6773008851128158
2.2069795,TRACKING,1676.6031936428121,-190.15097280523307,933.7050379212112,-3266.684062206486,-1999.050879455391,1330.2468061398588,0.5834852270498179
2.2115718,TRACKING,1677.6025514978674,-188.1881523650789,932.5001844312502,-3266.7179313273905,-1999.046888562087,1330.262819532505,0.5466951213618897
2.21548,TRACKING,1678.7211692870037,-186.33567498586288,931.2776627221566,-3266.7218292730986,-1999.0499332328327,1330.2369697911495,0.6359616329276188
2.2193713,TRACKING,1679.5829537264638,-184.1810445559536,930.1144346187697,-3266.7439344509776,-1999.1020949199797,1330.267016878549,0.6670791614653594
2.2237779,TRACKING,1680.801353846188,-182.25993918456672,928.5536339530764,-3266.7100390465544,-1999.0679840271605,1330.278400893321,0.6260718478899262
2.2283778,TRACKING,1682.012932878349,-180.04436026255806,926.9992024218442,-3266.703846486381,-1999.065495795904,1330.2148152334662,0.6446432393451719
2.2321712,TRACKING,1682.836797704596,-177.71953173597214,925.8883754500062,-3266.663147049889,-1999.056040932619,1330.2055852942833,0.7131046111624647
2.2361499,TRACKING,1684.2469546410634,-175.25220551459896,924.6761951936704,-3266.669092141852,-1999.0734427122177,1330.210456374221,0.776534808422205
2.2403773,TRACKING,1685.537310751822,-173.2224731495807,923.444005375991,-3266.702785352035,-1999.0895797569228,1330.2665113968355,0.6392651034729524
2.2450653,TRACKING,1685.8278574249434,-172.8630323704525,922.9795891574827,-3266.659650361178,-1999.0812262181707,1330.2004438339575,0.13976278947218373
2.2487765,TRACKING,1687.1301882844266,-170.91801569748284,921.9078107060609,-3266.6561895277205,-1999.0500617929301,1330.2212905332829,0.6937012123502581
2.2527518,TRACKING,1688.6019934231635,-169.08898832204233,920.8837518854067,-3266.6550961939497,-1999.1078274268407,1330.2958796693933,0.6443030974868654
2.2570325,TRACKING,1690.2581420626957,-167.13085980751956,919.70821017819,-3266.676146316314,-1999.0877188678207,1330.2582658247868,0.6590438220697017
2.2616665,TRACKING,1691.859120687582,-165.4920019505127,918.9495488973458,-3266.6573861224333,-1999.0595316073184,1330.2897762758305,0.5208052216540336
2.2655069,TRACKING,1693.6167515171967,-163.7559681695165,918.103737089022,-3266.650744094679,-1999.063980573847,1330.2912849147172,0.679934738266111
2.2692749,TRACKING,1695.401272219615,-162.14495837566014,917.1777868198612,-3266.6699927920613,-1999.0649872685271,1330.2779457333097,0.6837277605953312
2.2740297,TRACKING,1697.071699610671,-160.5336669419901,916.5370524286042,-3266.6790842345567,-1999.0411199988962,1330.2333445195993,0.5063772693722483
2.2780212,TRACKING,1699.0214294831621,-158.96547484913472,915.7871541696717,-3266.6790842345567,-1999.0411199988962,1330.2333445195993,0.6544134274523338
2.2819824,TRACKING,1701.0186902713879,-157.45250297741907,915.054297923541,-3266.7281866032226,-1999.094238393984,1330.248129009766,0.6590417694721634
2.2861167,TRACKING,1703.0513381705255,-155.84934781931867,914.5453906999232,-3266.734400662442,-1999.0909233313034,1330.1915437422965,0.6381548090185165
2.2906182,TRACKING,1705.2011804304016,-154.31739734801505,914.007541818762,-3266.7399559429887,-1999.0710790072137,1330.240969596185,0.598481171287996
2.2950585,TRACKING,1707.1817928005992,-152.90576749528807,913.5579455460307,-3266.7222472538924,-1999.0962507325512,1330.1886262128705,0.5570323153769275
2.2986958,TRACKING,1709.4610162079252,-151.38074059857237,913.0810829658872,-3266.7270873258385,-1999.0613728144688,1330.2658435029434,0.7652699899016909
2.3027712,TRACKING,1711.8244498794702,-150.05821061942228,912.6518961293755,-3266.704041906128,-1999.060328741065,1330.245001206072,0.6728416252091038
2.307248,TRACKING,1713.8633578960319,-148.66861258762736,912.3726382632404,-3266.703070126725,-1999.093338015763,1330.2099134317891,0.5546743282393594
2.311562,TRACKING,1715.9471180351752,-147.07588386124752,912.1157293598085,-3266.7270562455574,-1999.0979276452395,1330.2942330196302,0.6108732173214597
2.3155918,TRACKING,1718.2667846103134,-145.28175466807954,911.6351658301468,-3266.6680739258995,-1999.0567108729404,1330.2562399543774,0.737418319821598
2.3195616,TRACKING,1720.4188724420412,-143.82429571610376,911.1964171545349,-3266.688249406433,-1999.095985378095,1330.2838130191165,0.6639976773745341
2.3237316,TRACKING,1722.6397122030867,-142.22595386783425,910.9253700052617,-3266.6207464008953,-1999.0674568309785,1330.2892336064494,0.6593761632517361
2.3281734,TRACKING,1724.82519835277,-140.51667271194484,910.6581682730108,-3266.6544291040555,-1999.1034122827673,1330.3417634408052,0.6275298959554427
2.3319977,TRACKING,1726.6176935911944,-138.8394912273441,910.3302847077075,-3266.6307803796863,-1999.113160032805,1330.3278523423708,0.6475923117378444
2.3364175,TRACKING,1731.0393379672369,-136.80395952011443,910.8069317929387,-3266.6580685298577,-1999.1219503658644,1330.3138271354517,1.106602826680423
2.3405861,TRACKING,1733.1004678834713,-135.41461234241382,910.5882051017297,-3266.6763068433193,-1999.101196052831,1330.2648702824995,0.5985875893764433
2.344921,TRACKING,1734.623209436551,-133.7456145017124,910.4232674873762,-3266.6972650319867,-1999.1586803400414,1330.3116431553117,0.5225683290741144
2.3488642,TRACKING,1737.208269208042,-132.3216097612814,910.6003929449967,-3266.723507689055,-1999.0953340858623,1330.2979816204368,0.74980627078405
2.3529175,TRACKING,1739.4364202833094,-130.82090885657863,910.5202318963769,-3266.701196246147,-1999.1076323479742,1330.2312392125489,0.6630643169801591
2.3568798,TRACKING,1741.7492366306647,-129.48644221826893,910.5194712797753,-3266.7351207263887,-1999.0995596301377,1330.245854678724,0.6738993103313896
2.3614068,TRACKING,1743.8956342004362,-127.81504847165179,910.5562409941626,-3266.744048891667,-1999.1160304862228,1330.2403083797558,0.6009827949907149
2.3653966,TRACKING,1745.8488501881357,-126.35797230198219,910.5939078472489,-3266.7406331076395,-1999.1066182456943,1330.2320286595336,0.6108370475201916
2.3693779,TRACKING,1747.536406491654,-124.77076680444559,910.4997648760474,-3266.7257008001848,-1999.099299800627,1330.2476446577405,0.5823739193418682
2.3739271,TRACKING,1749.8055557190112,-123.22281507920879,910.5162018569501,-3266.7265904157266,-1999.0728129287143,1330.1536599139545,0.6038205849488717
2.3783033,TRACKING,1752.294242444665,-121.64249178137393,910.7209735838773,-3266.7263522936646,-1999.0897734941177,1330.2145831258251,0.6752777650161408
2.3820731,TRACKING,1753.9983431501007,-120.01655124161888,910.5161231652326,-3266.6987432822953,-1999.0676161762476,1330.1994562368518,0.6271512186684374
2.3861072,TRACKING,1755.8847717761564,-118.30827883858132,910.336045403761,-3266.699885248911,-1999.1017401810964,1330.243000089068,0.6324385506214188
2.3904945,TRACKING,1758.2771172055322,-116.56818745141416,910.2928667912129,-3266.6868556998006,-1999.0972545919935,1330.259189767777,0.6743472490134221
2.3947085,TRACKING,1760.0833369783559,-114.77596576639884,909.9555600864088,-3266.6898969253266,-1999.098214352108,1330.2138734506127,0.6091033298658498
2.3988233,TRACKING,1762.0852451856038,-112.96674818632546,909.5633700243823,-3266.710473033465,-1999.163259336158,1330.3554094034744,0.662648947018629
2.4027788,TRACKING,1763.816000331067,-111.01119923766773,908.9951252221465,-3266.6880871217218,-1999.1424119032001,1330.3333424391574,0.6756571661217359
2.4070954,TRACKING,1765.6810284030046,-109.03302221132088,908.4667392004985,-3266.6340782078237,-1999.0719483580037,1330.3015731348607,0.6416169936389716
2.4117437,TRACKING,1767.410647616975,-107.04903341672397,907.7160050206413,-3266.6613684330446,-1999.1131211055674,1330.3406979238935,0.588826337196651
2.4155234,TRACKING,1769.5510375970134,-104.93702918730946,907.0947685745292,-3266.687868256208,-1999.1020418108121,1330.3403388438292,0.8123572547925634
2.419615,TRACKING,1771.305123311665,-102.82426323805613,906.1916930721283,-3266.6717965801613,-1999.090549576508,1330.339107831868,0.7064960469601819
2.4236279,TRACKING,1773.1651710876183,-100.69116760678573,905.3497726095393,-3266.6453350774655,-1999.065078764821,1330.2824490368125,0.7358133253167074
2.4285166,TRACKING,1774.9735051446326,-98.51017764307264,904.2558463389902,-3266.711933409719,-1999.1123689815688,1330.2898032711905,0.6212317457168826
2.4324484,TRACKING,1776.7835930746523,-96.23665815426254,903.2455852333339,-3266.7408431981567,-1999.1185226295631,1330.262431696836,0.7825108701831762
2.4361735,TRACKING,1778.6409945918983,-94.05443280886853,902.0792178115258,-3266.713381075621,-1999.1516885182828,1330.2710089575592,0.8305654529192421
2.4405749,TRACKING,1780.2684353498607,-91.6815867232144,900.7688400391793,-3266.7297345537268,-1999.0608457089093,1330.1974519802177,0.7183290191466891
2.4450478,TRACKING,1781.889932762144,-89.33275166722544,899.5383601034663,-3266.754475989392,-1999.1159716087639,1330.2226962112206,0.6948762780099432
2.4488664,TRACKING,1783.6002047335776,-86.9159546055086,898.1526101079951,-3266.7101278277946,-1999.0856198183026,1330.1677558205167,0.8560681119180252
2.4528444,TRACKING,1785.2137795554927,-84.4699036256272,896.7567391586847,-3266.74172108737,-1999.083930779487,1330.1384038217109,0.8159387092224368
2.4576236,TRACKING,1786.6933179378052,-82.01017529224849,895.3914719559871,-3266.709791364436,-1999.0714106394853,1330.1740508982346,0.6650822906737568
2.4618156,TRACKING,1788.0537627170938,-79.51899334599315,893.8428093063399,-3266.7190409386967,-1999.0788790623667,1330.1929373553508,0.7713365881628783
2.465531,TRACKING,1789.5184419204911,-77.00729898814551,892.3604775577159,-3266.731358506687,-1999.0883065589537,1330.1873327037802,0.8784028092916676
2.4693364,TRACKING,1790.899185596766,-74.48421271264179,890.8539478124762,-3266.690079098085,-1999.0749640302122,1330.1501235457863,0.8532223204260051
2.473891,TRACKING,1792.1546278539183,-71.8581927190083,889.2930954640602,-3266.6809084409115,-1999.068643369802,1330.2523395438661,0.7251532774663543
2.4783074,TRACKING,1793.3369081651424,-69.35288513983602,887.6015204612713,-3266.6746526158367,-1999.0894187240153,1330.2664804809936,0.7349620599187452
2.4822798,TRACKING,1794.5701939065407,-66.71995601349724,885.9683336855475,-3266.68288273407,-1999.1229857308995,1330.2584548308296,0.8394818358336984
2.4860766,TRACKING,1795.7147694000184,-64.18212888174065,884.2730710977887,-3266.702406311387,-1999.120320840715,1330.344906272355,0.8584939558144582
2.4905435,TRACKING,1796.666853988272,-61.60207558860335,882.4487284419677,-3266.6778355618703,-1999.0841739896507,1330.2682548104704,0.7388137167062052
2.4949473,TRACKING,1797.7042364379247,-59.01849677254976,880.6817692747666,-3266.667996756038,-1999.087259945143,1330.3917992721867,0.748774132031484
2.4988226,TRACKING,1798.7751460568932,-56.563225037046365,878.8093346554989,-3266.6600446974876,-1999.089555259562,1330.358615832011,0.843344590161845
2.502914,TRACKING,1799.7111148174452,-53.98635785895503,876.928194276062,-3266.6904181385457,-1999.0874997710314,1330.253936350212,0.8126562223027931
2.5073036,TRACKING,1800.6875576112166,-51.557215098593694,875.0182578814035,-3266.6891302702234,-1999.0991222716452,1330.2258048084445,0.7382640549537922
2.5116815,TRACKING,1801.6641521835184,-49.117007853897626,873.0789592304247,-3266.694110171018,-1999.1272476959505,1330.3141082107977,0.746106206966664
2.5153417,TRACKING,1802.5156925775846,-46.65453196376501,871.001209039639,-3266.734704654304,-1999.1237709539034,1330.2150445041711,0.910485694231812
2.5195329,TRACKING,1803.2628107118405,-44.19940213000473,868.9145958681609,-3266.709794658773,-1999.0889017745897,1330.21309724991,0.7891623475408663
2.5239806,TRACKING,1804.1297179186695,-41.78267412074442,866.7635807650098,-3266.6832023208426,-1999.0820562207546,1330.1767644551098,0.7530797595567744
2.5283337,TRACKING,1804.9844952816863,-39.298603605506585,864.8596210193083,-3266.726761869009,-1999.1018300612338,1330.2084362437074,0.7453143853852957
2.5321196,TRACKING,1805.4956116309713,-36.94567410179919,862.6043149589528,-3266.736963103164,-1999.1141991733225,1330.2083863196412,0.8714120956650027
2.536329,TRACKING,1806.1864136820523,-34.38669859429164,860.5091972540708,-3266.6920352762004,-1999.058834501418,1330.2034561177406,0.8026372441892753
2.5403923,TRACKING,1806.7841141629185,-32.013509224356085,858.2133357941543,-3266.7240165431194,-1999.1431043233072,1330.2988812296583,0.8258386333031454
2.5451178,TRACKING,1807.2669228601465,-29.54017891529377,856.0704616467197,-3266.6746101381304,-1999.0721173451602,1330.2376995899626,0.7000161547994745
2.5490054,TRACKING,1807.6774811300743,-27.159678205151568,853.6959314359078,-3266.690416714393,-1999.1030924010802,1330.3436252579083,0.8713062765583353
2.5530308,TRACKING,1808.0916482106995,-24.73951969465057,851.3771991903162,-3266.683046005529,-1999.0612781229747,1330.2597071897596,0.8389629975815273
2.5575142,TRACKING,1808.4265576977753,-22.403788032647025,848.9416471560112,-3266.7122306386605,-1999.0836111077979,1330.3117992077273,0.75637323846591
2.5616774,TRACKING,1808.80068747862,-20.074084758288166,846.6056148258492,-3266.6668305882818,-1999.0856550903873,1330.3127751758454,0.7975408087752178
2.5654878,TRACKING,1809.0057535013857,-17.792290149707444,844.0754426799011,-3266.669036842013,-1999.0596399532471,1330.2548980815047,0.895777257968782
2.5694801,TRACKING,1809.286585851892,-15.450747452247768,841.5566888906188,-3266.647638857561,-1999.0632310210417,1330.2307992744752,0.864283653064759
2.5736609,TRACKING,1809.549748642482,-13.343955778044515,839.0358781480043,-3266.6539424532107,-1999.105275670856,1330.236584323909,0.7883185685789524
2.5781787,TRACKING,1809.799091419446,-11.070651244132259,836.4058987108103,-3266.6651381776323,-1999.0917694898976,1330.1701775947167,0.7714456220521032
2.5823968,TRACKING,1810.094397619968,-8.859674056741742,833.94300532799,-3266.6936703897645,-1999.1622872346425,1330.3188750357056,0.7877647993689182
2.5863767,TRACKING,1810.109781725016,-6.701985934731206,831.1064028877103,-3266.665861082303,-1999.0520003549996,1330.216809261951,0.8955024286973305
2.5907508,TRACKING,1810.136870470489,-4.563569613744773,828.3724471276496,-3266.6718202407346,-1999.0597158177268,1330.2072610064442,0.7935422859562037
2.5951678,TRACKING,1810.4157099072947,-2.491035122736739,825.8000149923995,-3266.7010234218114,-1999.1030407419146,1330.3070065636716,0.750554903838822
2.5988141,TRACKING,1810.4396031037581,-0.4149127470910405,822.9921586347946,-3266.696655894948,-1999.1008513716454,1330.2547068605315,0.9577164427787436
2.6028739,TRACKING,1810.372890065851,1.588734525851063,820.1251725152911,-3266.6939062470856,-1999.110763838286,1330.268790280452,0.8617123928951709
2.6070759,TRACKING,1810.5331317588418,3.637188094511279,817.3926059124295,-3266.7270613063256,-1999.0905889201058,1330.2100248973416,0.8136322725076987
2.6115523,TRACKING,1810.499938580364,5.580985691083065,814.7625682490254,-3266.7018152063283,-1999.0774711663857,1330.2562390670753,0.7306223533711316
2.6154303,TRACKING,1810.6347672861536,7.577317086801331,811.9720945649872,-3266.6858991100717,-1999.084678901227,1330.2862332253674,0.8854293393803726
2.6195269,TRACKING,1810.475036572814,9.45678404486133,809.2400705655152,-3266.696119998307,-1999.08658941902,1330.2702878209845,0.8104084945855742
2.623638,TRACKING,1810.3837855326838,11.295558114931023,806.4549966617078,-3266.681939745074,-1999.0864859760002,1330.2977002102216,0.8120869292342576
2.6282027,TRACKING,1810.3326107790326,13.183334278958013,803.6456510460702,-3266.682330115101,-1999.109680943789,1330.2173176922222,0.7415769146433455
2.6320476,TRACKING,1810.3234356386126,14.988419196665632,801.0497402839363,-3266.6611643296956,-1999.0804837608691,1330.2262901902895,0.8223438626945625
2.6360461,TRACKING,1810.1798819179005,16.780448719641615,798.218676616805,-3266.683306989611,-1999.1575415068023,1330.3251415562916,0.8387244366701756
2.6405665,TRACKING,1810.077673819122,18.571057903411212,795.553070093858,-3266.6405660461965,-1999.0746012382735,1330.2166124221626,0.7107370763943736
2.6451005,TRACKING,1810.1698706252791,20.297021989898425,792.9771260200673,-3266.6809550184817,-1999.1007430394304,1330.22780078966,0.6841831537011566
2.6487493,TRACKING,1810.1279188236379,22.018474475580533,790.4328087161159,-3266.7028653018656,-1999.1055877785825,1330.2720671728373,0.8419886607131994
2.6528724,TRACKING,1809.9148580043532,23.70078560569471,787.5623000128935,-3266.701634218086,-1999.0745063655334,1330.2279418889625,0.8086086888456773
2.6572486,TRACKING,1810.1148901317479,25.41981939062251,785.2670145055574,-3266.7032895195803,-1999.108990002408,1330.2707686351685,0.6568752489083179
2.6618035,TRACKING,1810.155094545398,27.0836327943172,782.5215081813074,-3266.7175529583587,-1999.1278182321705,1330.232788751149,0.7048585348034375
2.6655733,TRACKING,1810.201492986472,28.663119055727286,780.0163713289242,-3266.7002747381603,-1999.0522461813255,1330.2171969889316,0.7856820868138481
2.6695882,TRACKING,1810.1692505466833,30.29435927108794,777.3337403650255,-3266.7269586210828,-1999.0799373813202,1330.2157265239343,0.7820428248933771
2.6738863,TRACKING,1810.1429729499666,31.79447579542852,774.6163719846088,-3266.7037958788246,-1999.0693049794224,1330.2371553485739,0.7221913735724801
2.6783224,TRACKING,1810.2211550864859,33.349933230294454,772.0869902535511,-3266.727900860883,-1999.0918878305984,1330.2911175079591,0.6695992958567949
2.6821644,TRACKING,1810.3582494584077,34.8109036841459,769.5520100843994,-3266.740584011479,-1999.1131730706552,1330.231493357739,0.7623772590638843
2.6861037,TRACKING,1810.2388710915411,36.35146416697645,766.913517726945,-3266.7001824467416,-1999.153722953403,1330.2640544995418,0.7761910434742232
2.690659,TRACKING,1810.171187908769,37.721898647214815,764.1258150236787,-3266.642401201139,-1999.055903709215,1330.2077806882198,0.6820806351093136
2.6948637,TRACKING,1810.1746921645022,39.06607578480266,761.6898478231378,-3266.666663048864,-1999.118620334194,1330.229661501427,0.6616934030798494
2.6985281,TRACKING,1809.9601358184734,40.41646351694169,758.8923659661415,-3266.652033460536,-1999.1053067986736,1330.2204928430083,0.8497318982941686
2.7028794,TRACKING,1809.7966677962652,41.711751422398095,756.3296741390557,-3266.6794024798405,-1999.1189948911403,1330.3300176885964,0.6609721140513297
2.7071527,TRACKING,1809.4692283899262,42.95041579865189,753.3813583465612,-3266.682396429343,-1999.1465698715351,1330.3194923771312,0.7522676030354516
2.7116208,TRACKING,1809.2763274954023,44.31088446491078,750.9446051685168,-3266.6711522584396,-1999.1031684921345,1330.331086264297,0.6260988774751011
2.7153947,TRACKING,1809.2311512453034,45.52019161609623,748.4365609323314,-3266.6855347121377,-1999.100066522042,1330.264374104934,0.7378932346613046
2.7198405,TRACKING,1808.8121568992244,46.67063558752088,745.6653502974807,-3266.7223808900744,-1999.1265800344293,1330.3074980122324,0.6814599459038474
2.7239878,TRACKING,1808.7990234574163,47.94198937408498,743.1081969017724,-3266.684248761948,-1999.0916076446206,1330.296246211383,0.6885905851621807
2.728358,TRACKING,1808.278166271462,48.93757930691669,740.2405132020534,-3266.733301953188,-1999.1089010253877,1330.2658824643217,0.7047621420711152
2.7319536,TRACKING,1808.3222443107788,50.056142887168576,737.8870519561067,-3266.692421882371,-1999.0528704289252,1330.2153395380353,0.7248105393185378
2.7360833,TRACKING,1807.740419886627,51.06773644894704,734.954893191648,-3266.695759051761,-1999.0625316515564,1330.2980265576946,0.7641841072778726
2.7403323,TRACKING,1807.231035512209,52.155696913542045,732.1061942570053,-3266.7344326757443,-1999.0788115490002,1330.2236412044724,0.7276150777392114
2.7446849,TRACKING,1807.1574828747378,53.15344277167636,729.5905011796216,-3266.7435560616914,-1999.0901986783226,1330.2766236666614,0.6220022075088932
2.7489629,TRACKING,1806.1825586855546,54.13003918527382,726.3159359631571,-3266.7253591743906,-1999.1006583829467,1330.268638594016,0.8306330849467387
2.7531936,TRACKING,1805.6431397892673,54.99898235220512,723.6134983589691,-3266.7388482677015,-1999.131993313442,1330.252979472642,0.6829836468231023
2.7573485,TRACKING,1804.9980398343198,56.11288108476308,720.637901041873,-3266.7064155253793,-1999.1008161817526,1330.2629805976806,0.7803035547159223
2.7617368,TRACKING,1804.4447363218694,56.902908528419424,717.7560565613933,-3266.7091928309983,-1999.1495643478236,1330.3047857913646,0.6925156051772268
2.7655145,TRACKING,1803.7836576664974,57.81678582835706,714.8896211244084,-3266.7077978778284,-1999.1534870862379,1330.3102995587585,0.8154075355182591
2.7695665,TRACKING,1803.0336576679217,58.62885157472202,711.9043981665484,-3266.6816212066706,-1999.0964553566384,1330.2880343344755,0.78561622958847
2.7737935,TRACKING,1802.643534247119,59.38284374357516,709.3223409576025,-3266.676284159285,-1999.1045886523052,1330.3130103489905,0.64301775209408
2.778304,TRACKING,1801.480651884643,60.1909516002928,706.0753951365482,-3266.6555796791326,-1999.1005822032864,1330.2859048974553,0.7853484839753566
2.7820482,TRACKING,1801.1310762326652,60.896324095741505,703.594955364433,-3266.6826052761744,-1999.1130688909832,1330.3522876934621,0.6950406030618123
2.7862263,TRACKING,1800.1989181042968,61.606368093722416,700.6820980430728,-3266.6626247050467,-1999.1128255725212,1330.2623442896343,0.7514699009683687
2.7903385,TRACKING,1799.2857147552697,62.36620321141585,697.7179192077376,-3266.6394687067386,-1999.0939331554455,1330.2852795428403,0.7765612857857148
2.7948904,TRACKING,1798.4257596914138,63.00402881511113,694.8916359700881,-3266.6708352102733,-1999.0994271132404,1330.2806838431197,0.6639617311314948
2.7989212,TRACKING,1797.6950688368279,63.760467945377684,692.1169720712697,-3266.7231987335977,-1999.1051799968438,1330.345902280094,0.7361565835301449
2.8029346,TRACKING,1796.9837824977412,64.24485133722447,689.4680387488246,-3266.7453958403153,-1999.117416858439,1330.2673458764493,0.6939780562979276
2.8071982,TRACKING,1796.097729665388,64.8785238322022,686.5033285355483,-3266.6992335768423,-1999.0646876673281,1330.226542835948,0.7408064431482435
2.8119914,TRACKING,1795.2111525760351,65.54373899533962,683.7824469239698,-3266.7407276237154,-1999.0873002252888,1330.204509115113,0.6129475236156298
2.8153885,TRACKING,1794.1995764436872,66.2840638660525,680.709317310576,-3266.7446072318126,-1999.0818981046502,1330.248763667264,0.9769979090959255
2.8195321,TRACKING,1793.3078588378178,66.90253734404304,677.9440715080694,-3266.737727820954,-1999.0693903904203,1330.1865704748452,0.7169042876351583
2.8238758,TRACKING,1792.3210783299396,67.52594584767469,675.0068410521221,-3266.735667480769,-1999.0956525435001,1330.2258215285651,0.7276396028958114
2.8283288,TRACKING,1791.243532134794,68.15835404458838,671.9799511043332,-3266.689236149641,-1999.0453458695076,1330.2013845785812,0.7353729637149812
2.8322396,TRACKING,1790.338258410604,68.71155309419044,668.9313926574703,-3266.7289858216027,-1999.0643083921466,1330.2336750262086,0.8253778235242768
2.8362872,TRACKING,1789.4508673706557,69.33766774616078,666.0608176792502,-3266.6697619402066,-1999.0336046902662,1330.2044701104096,0.7582642128162442
2.8407484,TRACKING,1788.4508819305568,70.02588000046373,662.9095864985654,-3266.710034039319,-1999.036843565129,1330.3156338797423,0.7569624547576663
2.8449541,TRACKING,1787.1217993506004,70.69175480454793,659.6336767363599,-3266.672691336144,-1999.0748793302769,1330.2716831766481,0.8553678432295665
2.8489791,TRACKING,1785.9361984892826,71.38782380090989,656.5304863915705,-3266.703381581884,-1999.0770014937855,1330.330425727237,0.8432560109703021
2.8527578,TRACKING,1784.6407804227965,72.07240348812708,653.08955298076,-3266.642729100468,-1999.0245970455078,1330.311725119362,0.9897293724770089
2.8573034,TRACKING,1783.3040755700924,72.83422700857868,649.801481690865,-3266.687174970597,-1999.0615698362026,1330.3717465829209,0.7986249801891269
2.8616004,TRACKING,1781.9939564409967,73.55023772106009,646.398575380148,-3266.67935910438,-1999.0658865507755,1330.3836282004856,0.8647956140205724
2.8654115,TRACKING,1780.6265841975567,74.29585953561696,643.2720260265918,-3266.660956204352,-1999.0400259462097,1330.2677018684392,0.9165303022169695
2.8695457,TRACKING,1779.4586338535491,75.09604946279362,639.8495644825244,-3266.6799214280995,-1999.075398469114,1330.290861684192,0.8958771393401012
2.8736485,TRACKING,1777.891787790546,75.82168712617687,636.4116723715385,-3266.659711152742,-1999.0237667358135,1330.2157823792802,0.937691925269048
2.8782744,TRACKING,1776.3561604183274,76.58022462472275,633.0928823009393,-3266.6475026156213,-1999.0329186754223,1330.2563815770284,0.8073431088231366
2.8821042,TRACKING,1774.7353333454005,77.51139094937835,629.5869501354643,-3266.6675391479457,-1999.0468265783775,1330.2861880876917,1.0374232706273518
2.8863007,TRACKING,1773.1143196794264,78.4657483262525,626.2213645202688,-3266.681432856519,-1999.0487880467476,1330.1842253943998,0.9187655910997562
2.8911914,TRACKING,1771.576867759534,79.30602055333149,622.8183382053561,-3266.6925183678804,-1999.0628436883198,1330.2055225828815,0.7826251061639852
2.895071,TRACKING,1770.21709265962,80.11288904433356,619.8590645432663,-3266.7036819622285,-1999.0856572883574,1330.2393231228327,0.8648298376390721
2.8988554,TRACKING,1768.12051319191,81.03355079253053,616.1595074896805,-3266.684510240634,-1999.0105151335133,1330.2547781451142,1.1496830051113331
2.9027706,TRACKING,1766.693457546803,81.83001304991002,613.1544185406036,-3266.676063428904,-1999.0294501088877,1330.19079695331,0.8737052635531923
2.9070402,TRACKING,1764.848394888627,82.66427751445943,609.6351389431582,-3266.668956785203,-1999.0193107872692,1330.1987842538426,0.9509659259854516
2.9116953,TRACKING,1762.8358669676375,83.23834986029634,606.4412635646842,-3266.6937525052927,-1999.045196564739,1330.2248572271594,0.8202754054542659
2.9153916,TRACKING,1761.1104037895761,84.1339007973476,603.3392543314685,-3266.6700300166717,-1999.0417369157683,1330.2207336008432,0.9904046436515573
2.9200346,TRACKING,1759.091756685865,84.62528988831349,600.0494155520206,-3266.6836743963145,-1999.0623604122532,1330.2980037458306,0.8380235075738329
2.9243843,TRACKING,1756.9716442123568,85.60932412067595,596.8863864793983,-3266.7004395825747,-1999.0620622353931,1330.2712839650853,0.9041846291851261
2.9286015,TRACKING,1755.2325542461263,86.16202070385943,593.7568258081435,-3266.6582774933263,-1999.0137506691435,1330.2506221521664,0.8590330303620577
2.9322711,TRACKING,1753.1789962856544,86.83243316927268,590.6882734697407,-3266.669143487438,-1999.0775796635753,1330.299178234445,1.022638597153296
2.9364871,TRACKING,1750.8648649071536,87.68195262805251,587.386345364124,-3266.6838984186124,-1999.0486086538942,1330.3159834960618,0.9773797507916802
2.9406623,TRACKING,1749.1047879226858,88.29929294772857,584.5126937279357,-3266.662421812973,-1999.0445626580342,1330.258664299491,0.8205377446349559
2.9449178,TRACKING,1746.875546940874,89.05742334722942,581.3607293348365,-3266.6800898456713,-1999.0653415145416,1330.288503498623,0.9245343511111642
2.9489134,TRACKING,1744.8154810119265,89.49427457289491,578.2168158855807,-3266.6849003591933,-1999.1039747674977,1330.324237774916,0.9470498944295537
2.9532422,TRACKING,1742.5329561303527,90.35918053101489,575.1037800119103,-3266.668557627526,-1999.0369636014314,1330.2459540395434,0.9138510612961
2.9575597,TRACKING,1740.9465162876459,90.86128292884439,572.2562329512523,-3266.6889386921443,-1999.050581065629,1330.285568939477,0.7638896956132782
2.9616809,TRACKING,1738.4444059680172,91.57086829726444,568.9341257858778,-3266.6535070072414,-1999.0425799327306,1330.2169506520497,1.0237454012051037
2.9656151,TRACKING,1736.4610478341388,92.27442604852858,565.9952351696558,-3266.6700521151683,-1999.0496285340746,1330.2618386718016,0.9187794101078512
2.9696161,TRACKING,1734.1884807142487,92.8980652113489,562.9017359813104,-3266.67809137975,-1999.041184128649,1330.2553416416843,0.9719717579033156
2.9740018,TRACKING,1732.2329261592383,93.45890431748485,560.0487586734589,-3266.669967239992,-1999.0771940776424,1330.2683309376707,0.7989666876211023
2.9785343,TRACKING,1730.2533407540905,94.08321375251113,557.1000151812594,-3266.666809078822,-1999.0522466842824,1330.3055796683097,0.7955988296472246
2.9822108,TRACKING,1728.1943329939693,94.6031441915482,554.2610493607572,-3266.6801118159406,-1999.0261130010342,1330.2178846132592,0.9643298224541178
2.9862089,TRACKING,1726.0215895682516,95.16766775782322,551.3476397204013,-3266.690566376063,-1999.0273964652151,1330.246405126334,0.9199292374060628
2.9906175,TRACKING,1723.9851763474257,95.76650926163883,548.6335962102618,-3266.6716067755874,-1999.0127196873373,1330.256162185341,0.7815456244431879
2.9952009,TRACKING,1721.9423735734495,96.29602958461881,545.7787136248312,-3266.704166967282,-1998.9745793391364,1330.2504097769538,0.7745738138125993
2.9988127,TRACKING,1719.9822174385079,96.77729271026031,543.1727689690715,-3266.719746708514,-1999.0324436470398,1330.2857843824336,0.9126130005087023
3.0027238,TRACKING,1717.7414918849008,97.19232659348529,540.3622412010246,-3266.693144321609,-1999.0259184015547,1330.345784117845,0.9251388211839273
3.0070293,TRACKING,1715.6270800943407,97.67500699529543,537.7710688064449,-3266.699500693231,-1998.983393929944,1330.2682901906674,0.784818751908648
3.0118846,TRACKING,1713.6773061489662,97.9720623514746,535.3834685343521,-3266.7016183816995,-1999.0338259890584,1330.287234093533,0.637829278520782
3.015555,TRACKING,1711.448267654229,98.31535873598368,532.8622153281508,-3266.7499429001455,-1999.0812271498924,1330.3108856791519,0.9216372526116113
3.0195104,TRACKING,1709.572854607174,98.5389719341568,530.6677055189564,-3266.6718608462443,-1999.0231569246482,1330.2052139971956,0.7319992327131561
3.0238934,TRACKING,1707.5458433931956,98.77827741028935,528.4767731161977,-3266.668311126217,-1999.0601890736948,1330.2712554301427,0.6831772234167818
3.0281189,TRACKING,1705.4113083177976,99.06157041428052,526.183845994639,-3266.667884682309,-1999.0450619297785,1330.2872082566507,0.7444029059641661
3.0320715,TRACKING,1703.3269207072494,99.09237994519302,524.0619824425005,-3266.674489092162,-1999.0529386081387,1330.1932876741223,0.7525543516842815
3.0361664,TRACKING,1700.9184025711736,99.15418470451215,521.8093814599446,-3266.6615848859083,-1999.0456281163445,1330.22547688283,0.8054730253068199
3.0405306,TRACKING,1699.0396101565573,99.17774274362527,519.948119260764,-3266.646369812613,-1999.0608896700255,1330.271162192849,0.6060107128293193
3.0450483,TRACKING,1696.6864535433117,99.19617744873001,517.8188668294993,-3266.65077666679,-1999.0441550359442,1330.2257608306102,0.702469662728826
3.0489672,TRACKING,1694.5339170682855,99.181610530278,515.9242500739532,-3266.6626652812015,-1999.0575207804668,1330.3206539795676,0.7317389878968442
3.0528447,TRACKING,1692.3426908307308,99.14177877404421,514.1733313201621,-3266.6886718723936,-1999.125808979973,1330.337080138422,0.7234387547075982
3.0572304,TRACKING,1690.2971861762578,99.10365566496884,512.3893008322607,-3266.6732340177414,-1999.0466120218807,1330.3322978661051,0.6189348664562389
3.0613697,TRACKING,1687.844060300367,99.01556714330258,510.39361474434133,-3266.6619860808037,-1999.0234566431204,1330.2635994408838,0.7642832109965129
3.0652077,TRACKING,1685.6565383864074,98.8890002072235,508.780908208118,-3266.674173343367,-1999.0237029026007,1330.2823566390498,0.7088793386008121
3.0696213,TRACKING,1683.244164304241,98.70565145250387,506.9850607647484,-3266.668085727228,-1999.0386199792356,1330.2401074441211,0.6826651048100262
3.0736842,TRACKING,1681.0504061464212,98.51509493651999,505.4583510185576,-3266.6826337174284,-1999.0515628943376,1330.2834915055075,0.659504710148505
3.0782834,TRACKING,1678.7748881040436,98.29610036546372,503.92947546244204,-3266.65943223922,-1999.0223086453677,1330.2017377165207,0.5979657103434781
3.0821743,TRACKING,1676.4585085231186,98.00702168482321,502.41503649939585,-3266.6602123235816,-1999.0288233352837,1330.206474500555,0.7151486471938198
3.0862645,TRACKING,1674.2362320853845,97.67752875482509,501.0541238063153,-3266.6971555692107,-1999.0440739578203,1330.1837335435011,0.642175321386841
3.0907651,TRACKING,1671.947945240028,97.36267957740323,499.69649152255624,-3266.7121160018064,-1999.0736308702838,1330.2596603960658,0.5953166274992031
3.0948308,TRACKING,1669.612389092537,97.03315979029661,498.4666689372615,-3266.7095058215605,-1999.04954262944,1330.1747628045475,0.6542663350758684
3.0986016,TRACKING,1667.3940656808695,96.68448828816234,497.4061463670378,-3266.6977242010926,-1999.0483044900411,1330.217970570118,0.6585850689851079
3.102902,TRACKING,1665.2498199812505,96.26802450004675,496.2911805728188,-3266.7075226098073,-1999.06307302138,1330.2429164251541,0.5702779692377559
3.1070079,TRACKING,1662.8105996835309,95.81248198866639,495.1012256025229,-3266.7128680720166,-1999.0657782959665,1330.2491692012507,0.6702463024766879
3.1115057,TRACKING,1660.6862120815063,95.34825969818739,494.19778641766646,-3266.7297585466467,-1999.0553213490232,1330.2317177104467,0.5235280538396347
3.1154931,TRACKING,1658.493895527205,94.82612640840041,493.23397309063665,-3266.7179562276556,-1999.1089999407427,1330.2440107004782,0.6147072462736047
3.1194709,TRACKING,1656.3047138163345,94.19410397453122,492.3848289160964,-3266.666045645353,-1999.0407589271208,1330.214875070554,0.6113100528556378
3.1236942,TRACKING,1653.9911542907569,93.58709721234683,491.5746746369802,-3266.6777575748024,-1999.0802343220937,1330.2881289608695,0.5979552719446011
3.1282829,TRACKING,1651.803776154001,92.81551059801802,490.8721074211224,-3266.618943329646,-1999.0327618591507,1330.259879264605,0.5281550034474005
3.1321447,TRACKING,1649.738916654863,92.06182572180258,490.27683472693695,-3266.6642563743685,-1999.0615328485064,1330.3355861701255,0.589695689065432
3.1362299,TRACKING,1647.508467511565,91.31559778972772,489.702399476809,-3266.6344745652013,-1999.0460539076319,1330.2657742089439,0.5926520358825823
3.1404488,TRACKING,1645.328912668183,90.31933167055627,489.1760443247296,-3266.661909747328,-1999.09255618603,1330.3438431782315,0.5815686758768476
3.1448927,TRACKING,1643.4391002607065,89.31045722556833,488.92141433443993,-3266.6138871204953,-1999.0754991419224,1330.3016943712923,0.4854577947420425
3.1488684,TRACKING,1641.2755755317617,88.24564366250006,488.65221341702886,-3266.660069431094,-1999.0598592641034,1330.3387517421324,0.6102930721334953
3.1527723,TRACKING,1639.2978893819343,87.04553214840057,488.5719087686622,-3266.666785038837,-1999.067397085291,1330.3419059511284,0.5929267008821093
3.1571708,TRACKING,1637.3619475170526,85.70295061100968,488.7204787269133,-3266.6826837824324,-1999.0572071201166,1330.3405905128282,0.5366847303412109
3.161686,TRACKING,1635.4623451001994,84.26991228376703,489.00145918119483,-3266.6472385111806,-1999.017611185572,1330.2411377876726,0.5306622895052308
3.1654311,TRACKING,1633.6098947262442,82.67024014461309,489.49925963133813,-3266.6746998738427,-1999.0281064816604,1330.1948893861854,0.6669153387084319
3.1694532,TRACKING,1631.837195295341,80.94979708992095,489.93707107155416,-3266.691327711218,-1999.0506445907297,1330.1946829142296,0.6237532151139114
3.1738089,TRACKING,1629.9817921345837,78.98641791576686,490.6992167964712,-3266.725119572389,-1999.0530636435608,1330.1967790131157,0.64440184490756
3.1785118,TRACKING,1628.1945036369987,76.95807235954337,491.55453618786214,-3266.708611817738,-1999.0140656263443,1330.1736338814205,0.6029294867880457
3.1823596,TRACKING,1626.6284016031054,74.80791822446248,492.50463505269676,-3266.693248232655,-1999.0037147411995,1330.1602535463492,0.7340892232696474
3.1861718,TRACKING,1624.8297677383339,72.31878264337958,493.6129813280324,-3266.696537819341,-1999.0211792883613,1330.2338522547207,0.8564241268032529
3.1904511,TRACKING,1623.318263341012,69.69116006797407,494.865259280479,-3266.6835528161605,-1999.037349082125,1330.162025934458,0.7664393902018487
3.1952051,TRACKING,1621.692976861951,66.74333460377869,496.10357841682094,-3266.687792964926,-1999.050220764946,1330.220848078157,0.7544666894567796
3.1988441,TRACKING,1620.0463185160656,63.780192271696826,497.72959933163395,-3266.7230280950303,-1999.086896201104,1330.2508372215214,1.0331792744577903
3.2028269,TRACKING,1618.690945436182,60.41386283340682,499.47661830121814,-3266.6557640866645,-1999.059386701634,1330.2286494555576,1.011239752367398
3.2071626,TRACKING,1617.1713733478848,56.989465813049485,501.40202210566633,-3266.696293381559,-1999.0867824615834,1330.3238362518277,0.9715195336651117
3.2118457,TRACKING,1615.3366432298196,53.25379088054843,503.4054796430826,-3266.6514637518626,-1999.0581697633086,1330.305707467318,0.9863167132625885
3.2155293,TRACKING,1613.57812284609,49.28128636894553,505.8004677565811,-3266.653205905301,-1999.0148926504228,1330.2649590588658,1.3467155617921092
3.2195714,TRACKING,1611.9440388308458,44.97674168148515,508.58015121912155,-3266.6493060866537,-1999.0476902950204,1330.2998658633192,1.330567633332236
3.2240388,TRACKING,1610.611132036531,40.23882488883083,511.8276712913637,-3266.6258923387286,-1999.0380229950165,1330.3164843601419,1.3199364374620584
3.2284356,TRACKING,1609.081122128051,35.155420892839565,515.2895529536387,-3266.652489992086,-1999.0550606506558,1330.2625673829475,1.4414366510153926
3.2320792,TRACKING,1607.7450148561768,29.633497863885044,519.2316921266934,-3266.674953782276,-1999.0711100631984,1330.3438136842974,1.8978493305068278
3.2360899,TRACKING,1606.401901193594,23.763225940456174,523.5171637011258,-3266.657170949536,-1999.0554696434979,1330.3305669357926,1.8428614826229943
3.2404425,TRACKING,1605.0667274159966,17.45727174445577,528.0891417619329,-3266.68660113101,-1999.0357344125352,1330.2450441508192,1.8155992909166878
3.2449446,TRACKING,1603.9517906302058,10.696592411899443,532.8793521067072,-3266.6953046920544,-1999.0355221345567,1330.2902828929427,1.856996029117159
3.2489755,TRACKING,1603.1532917204647,3.5207302976371735,538.5294675755362,-3266.675929446822,-1999.0311330570646,1330.1983253331534,2.2744595013333884
3.2528508,TRACKING,1602.36704879129,-4.126698660003593,544.2982247673342,-3266.6975134310424,-1999.042817387836,1330.2138079947329,2.4801813208739723
3.2579343,TRACKING,1601.62942581533,-12.285671288714612,550.6204668919321,-3266.6899790869297,-1999.0443961897538,1330.1596928381905,2.0356297557634893
3.2616025,TRACKING,1601.2654861050987,-20.607604852125643,557.5051083810278,-3266.685597835176,-1999.0279611963394,1330.2253901769293,2.9460568199994364
3.2655035,TRACKING,1600.61083414783,-29.819240125215178,564.8684621892795,-3266.696763490315,-1999.0673478610586,1330.2404500615585,3.027707475881274
3.2694915,TRACKING,1600.496104564202,-39.37053037795304,573.1456004931779,-3266.696799326059,-1999.0464715912412,1330.1564797570413,3.169327269275645
3.2737258,TRACKING,1599.5911271371945,-49.13893752656144,581.4278738191276,-3266.6895721812557,-1999.0795200896416,1330.2491506439887,3.0321136890431464
3.2781599,TRACKING,1599.4179817466663,-59.64929675406053,590.8263765786232,-3266.7194838979085,-1999.0657582351607,1330.2651417529835,3.1800570406893103
3.2819842,TRACKING,1598.8084191629137,-70.46939175019288,600.6495549415031,-3266.7007109280967,-1999.0617600439152,1330.3207659844402,3.8246782884265142
3.2860297,TRACKING,1598.7055835548729,-81.64162869817069,611.7002362691746,-3266.670663330688,-1999.0215891527955,1330.2359695519765,3.884451307085909
3.2904456,TRACKING,1598.135141624981,-93.23585532202202,623.138170828749,-3266.703926363954,-1999.0509555248934,1330.2882038661676,3.6904275928066066
3.2949056,TRACKING,1597.9229251266536,-105.22918759856174,635.7758066333299,-3266.712156037282,-1999.0703063145088,1330.326655635668,3.9067207803823507
3.2990398,TRACKING,1597.885303899364,-117.39943265835286,649.4023865156836,-3266.6385666552965,-1999.0460759985044,1330.29587431363,4.419281408054527
3.3030605,TRACKING,1597.5927830388882,-129.87555968625946,663.8099986692877,-3266.6377999212136,-1999.0358232883962,1330.263502806193,4.740696442055558
3.3073084,TRACKING,1597.4063289532653,-142.42945355452747,679.043817818851,-3266.6414295315417,-1999.02950966045,1330.3070746933097,4.647220651831706
3.3117032,TRACKING,1597.5768998336762,-155.18065096669656,695.0660299543439,-3266.648962564325,-1999.026813775344,1330.2587299356633,4.65951396692679
3.3156665,TRACKING,1597.5269882468438,-167.9407197093184,711.8626190731616,-3266.627377051501,-1999.0463292888849,1330.235985837652,5.3222750772194
3.3194474,TRACKING,1597.7027132438884,-180.6199074797022,729.2789715447586,-3266.6930301650905,-1999.0837245036782,1330.2677171978248,5.697979647501996
3.323824,TRACKING,1597.8985457261908,-193.4843442002101,747.0960550747345,-3266.6412395336424,-1999.0776463902762,1330.2333022132075,5.021436371455339
3.3283144,TRACKING,1598.1365866095723,-206.1566529155582,765.1689428086113,-3266.6181683055834,-1999.0251080747805,1330.245803358518,4.915880276039338
3.332383,TRACKING,1598.3678631848823,-218.9175722440597,783.5040729211433,-3266.6605599354184,-1999.0435007663193,1330.2413571282927,5.490809932828142
3.3363562,TRACKING,1598.9280061764755,-231.69720151911798,801.895939854637,-3266.6666072382723,-1999.0700189000281,1330.272975252101,5.638522773372719
3.3405114,TRACKING,1599.2984886651443,-244.4364299696391,820.0738512441651,-3266.668822799334,-1999.054261621272,1330.2342063239898,5.3428205287789625
3.3450408,TRACKING,1599.817481735435,-257.0901779374126,838.3058684979657,-3266.6769814059508,-1999.0520073282564,1330.2680180163998,4.901078437034713
3.3490593,TRACKING,1600.127910688585,-269.8334306225395,856.2186166865057,-3266.7316610657876,-1999.0593028371716,1330.3164686683658,5.471021450219567
3.3528534,TRACKING,1600.5049132156148,-282.60264420723354,874.0114508402905,-3266.662602313043,-1999.022439059794,1330.278895958701,5.773142117545224
3.3571545,TRACKING,1600.9504572691444,-295.3987688690907,891.6168953781066,-3266.66157536015,-1999.0095056358657,1330.3329329655694,5.061272114102228
3.3617846,TRACKING,1601.2707535555064,-308.0834224796097,909.0667683505789,-3266.677799371634,-1999.0151226647035,1330.277199425597,4.659829022261927
3.3655651,TRACKING,1601.7936264903483,-320.90763803392537,926.3976429569875,-3266.7022375084807,-1999.052720957363,1330.307612993543,5.704541093607792
3.3697781,TRACKING,1602.001439638605,-333.5274373798641,943.3165875259332,-3266.6794565824434,-1999.0303239537125,1330.251313921476,5.010237670161559
3.3738392,TRACKING,1602.483590495558,-346.30926018589486,960.3497310155104,-3266.6819470079104,-1999.0302933481528,1330.2215584967296,5.245147043767999
3.3784967,TRACKING,1603.0898578107408,-358.9756298738697,977.1617784161575,-3266.6549546416904,-1999.0454998915218,1330.2118648886735,4.521360975285126
3.3823843,TRACKING,1603.484779334586,-371.6501206864943,993.6687477771871,-3266.655339745756,-1999.0746903062143,1330.2909386392791,5.3542926566450815
3.3864403,TRACKING,1603.870931544905,-384.2678235164501,1010.024296325864,-3266.637660049183,-1999.030691254877,1330.245087362506,5.093831006685893
3.3906525,TRACKING,1604.2126701006875,-396.9434650907511,1026.1184607881723,-3266.672223929539,-1999.0771832839444,1330.265138950352,4.864271665531401
3.3952059,TRACKING,1604.504232468959,-409.6704253371415,1042.1737061353886,-3266.6771110220643,-1999.086620941222,1330.299567374972,4.499887645524513
3.3988194,TRACKING,1604.7356119556514,-422.27633016257136,1057.8814032955854,-3266.6488771025975,-1999.041130268306,1330.2149704749086,5.5740556356544175
3.4027559,TRACKING,1605.2426929977325,-434.88741144213503,1073.5697893272093,-3266.6880621592804,-1999.0745935524128,1330.2782451267,5.114973380284202
3.4073562,TRACKING,1605.4797862435835,-447.4872367690548,1089.0360677311505,-3266.683129368878,-1999.0575962827347,1330.3049545793301,4.33675584632219
3.4116226,TRACKING,1605.5729936030084,-460.0716932199499,1104.2835332657278,-3266.6718469813195,-1999.0335688174039,1330.249981880862,4.633939901891229
3.4156228,TRACKING,1606.048662903418,-472.60620002545136,1119.4463640420367,-3266.6584556711673,-1999.080223954647,1330.2941182959162,4.9194310966801424
3.4195693,TRACKING,1606.2420874335974,-485.22218938942,1134.3514567931911,-3266.683769915179,-1999.079373307323,1330.3393048051207,4.948309136214791
3.4242519,TRACKING,1606.5707242885694,-497.7850948130641,1149.1194837071118,-3266.6704628353823,-1999.084378988504,1330.3197162862439,4.141176420852929
3.4284221,TRACKING,1606.990067425981,-510.3615290574983,1163.7554863802263,-3266.6639521483607,-1999.0437782887489,1330.2867169964986,4.628479930093925
3.4323615,TRACKING,1607.1049166080306,-522.9274835605381,1178.0443633802693,-3266.700260680573,-1999.0849383421207,1330.3314365158892,4.830334766985531
3.4364095,TRACKING,1607.39786688626,-535.5654857451113,1192.2443768313408,-3266.6441204248936,-1999.0502023957413,1330.2212468254472,4.696569871125173
3.4408322,TRACKING,1607.6902017486454,-548.1635236137026,1206.2227312185357,-3266.6566986581984,-1999.110282168052,1330.267409091252,4.255307189943806
3.4447587,TRACKING,1608.0308125974943,-560.6740101420495,1220.0827262146227,-3266.653827636484,-1999.0623942241323,1330.1962099921616,4.755954074191321
3.4488179,TRACKING,1608.2066984756823,-573.2549353078665,1233.707092074808,-3266.6857224184596,-1999.0804130620404,1330.2713952748657,4.568746688626727
3.4530173,TRACKING,1608.3927654949339,-585.8278327633411,1247.0307993658807,-3266.669629449608,-1999.0448597613654,1330.2049921853277,4.362600427940785
3.457192,TRACKING,1608.5569491104284,-598.4615204277635,1260.1771954346364,-3266.6818077152143,-1999.0632453418082,1330.2827138926293,4.367646999624174
3.4616266,TRACKING,1608.665174826793,-611.007547792511,1273.2434073048557,-3266.6919019078023,-1999.064133720138,1330.2654728690138,4.084843329987119
3.4655576,TRACKING,1608.855825245438,-623.5861251012838,1286.0820852179188,-3266.706303592273,-1999.04327918029,1330.203433126683,4.572542775524092
3.4706165,TRACKING,1609.1695373837304,-636.0616412478132,1298.891781783838,-3266.739091635009,-1999.1284351695995,1330.333628187908,3.5350883767830026
3.4745622,TRACKING,1609.30482774573,-648.6466623106579,1311.358097556165,-3266.706558281151,-1999.046177833564,1330.2358148385167,4.489617975754607
3.4783467,TRACKING,1609.5648419410434,-661.1188199081886,1323.6762142192945,-3266.6525356330194,-1999.0307398857574,1330.2802897266336,4.632484530520642
3.4823092,TRACKING,1609.645031546117,-673.633016642842,1335.7755842911085,-3266.660566022253,-1999.0291909494667,1330.2264342772307,4.392953017488641
3.4863021,TRACKING,1609.797872423166,-686.1361168178089,1347.7430760749705,-3266.68212443818,-1999.085830307501,1330.2782752185767,4.334729315380328
3.490512,TRACKING,1610.050916906353,-698.6764499527552,1359.588687329131,-3266.6817501817286,-1999.066375649185,1330.3037711174186,4.098035219641506
3.4950259,TRACKING,1610.174508809846,-711.1373547009175,1371.183439787133,-3266.6193935360607,-1999.0420781916446,1330.2597294084521,3.770883200944493
3.4988016,TRACKING,1610.195805330414,-723.643290086792,1382.5359344379979,-3266.634274754339,-1999.0654425648504,1330.2117539456171,4.473389014449593
3.5031059,TRACKING,1610.4260197995861,-736.0981356535383,1393.9189248111124,-3266.63032944786,-1999.0861380728502,1330.2366550188706,3.920381230309252
3.5075389,TRACKING,1610.5001511970786,-748.5534229938925,1404.921921530314,-3266.6175661443813,-1999.0628102534918,1330.2547672943174,3.749026586498854
3.5116809,TRACKING,1610.638171686815,-761.0886495101289,1415.7599957375335,-3266.673908688434,-1999.0627766289845,1330.306977200757,4.000846413708836
3.5155776,TRACKING,1610.7631372502092,-773.589006961767,1426.5150849422325,-3266.6451572395486,-1999.077536400392,1330.2913902115667,4.231991265169141
3.5195286,TRACKING,1610.8386052381213,-786.0467515495054,1436.9837814480895,-3266.6954772006984,-1999.0746544571643,1330.3233618099257,4.118581043128176
3.5237813,TRACKING,1610.8921410297146,-798.4745248269412,1447.3062948324523,-3266.6595667955958,-1999.0398026614366,1330.2608832014396,3.798928138804369
3.528081,TRACKING,1610.9264765379978,-810.8654217654671,1457.565128038923,-3266.6872667582484,-1999.0454023266625,1330.3127093440282,3.7413341524021932
3.5325672,TRACKING,1611.0221363503863,-823.259533683608,1467.5320529310234,-3266.7098464932187,-1999.0593134882956,1330.3244097062995,3.545272797282436
3.5362026,TRACKING,1611.1868063208447,-835.6593656345399,1477.4391527972596,-3266.728452931246,-1999.0457482189279,1330.3247329133696,4.366071293616597
3.5406158,TRACKING,1611.2320686930175,-848.0466489633415,1487.210286583649,-3266.710181151799,-1999.0425522434055,1330.3048102371902,3.5750155693424146
3.5449949,TRACKING,1611.202646104474,-860.4794849961921,1496.695087645365,-3266.6916450439435,-1999.0854311022265,1330.2638462004925,3.570985397686714
3.5489812,TRACKING,1611.3922902744375,-872.8257850013157,1506.1101668068604,-3266.675280046172,-1999.036247683809,1330.1975175048276,3.8952770874752485
3.5528149,TRACKING,1611.3175901461825,-885.1538647797755,1515.2707314339973,-3266.6898234195946,-1999.0378786716894,1330.2099030679503,4.006348056820007
3.5572465,TRACKING,1611.3624120437607,-897.4703418081817,1524.3760187635698,-3266.673655208161,-1999.0615834947796,1330.1586866216994,3.456265010619296
3.5617037,TRACKING,1611.3391382736559,-909.8454783531386,1533.1584286982488,-3266.665397980717,-1999.060494192992,1330.2440510534339,3.4045642043901267
3.5656765,TRACKING,1611.278344020413,-922.2224171397933,1541.752892904026,-3266.7007742062538,-1999.0789546376418,1330.2252846008241,3.792895389221922
3.5694594,TRACKING,1611.340579509491,-934.5753478017904,1550.3432680234887,-3266.690680158288,-1999.0670424367543,1330.2671368362485,3.9774702258058903
3.5736954,TRACKING,1611.434974382955,-946.9125796077575,1558.649177096767,-3266.6871720514905,-1999.0647379765946,1330.256830989842,3.5110810524716585
3.5782801,TRACKING,1611.3480369478016,-959.1874675440673,1566.798407592742,-3266.6508807837604,-1999.0350541247728,1330.2446374374472,3.213729920743188
3.5823211,TRACKING,1611.2437969628966,-971.4606531838616,1574.6882254393572,-3266.661446522727,-1999.064469046294,1330.3175278397011,3.610688156731468
3.5861866,TRACKING,1611.323542261804,-983.8090034078625,1582.4456320693691,-3266.6356964683964,-1999.0622586900415,1330.2841091083424,3.772617827807336
3.5904093,TRACKING,1611.24729896682,-996.0775233903821,1590.0647089914467,-3266.681362043335,-1999.0633303190427,1330.366001266445,3.420097863719321
3.5949922,TRACKING,1611.1919908085824,-1008.3460111788495,1597.5507489981956,-3266.673317946752,-1999.0621771458386,1330.3818849296613,3.1360455352896808
3.5990441,TRACKING,1611.216937834885,-1020.5981803274103,1604.8764523470984,-3266.65407594769,-1999.0033736035996,1330.3354461811966,3.5230954175367626
3.6028194,TRACKING,1611.0980553860531,-1032.9010657031788,1611.9805951650367,-3266.663413589491,-1999.0619188269275,1330.2769368752654,3.7631923592077685
3.6072975,TRACKING,1610.9888349828143,-1045.0834224089667,1619.0053388520419,-3266.684379727448,-1999.134858867559,1330.3122601743896,3.140400706390421
3.6116912,TRACKING,1610.8717651790334,-1057.2417881638462,1625.8009308460614,-3266.6240317644947,-1999.0434732988442,1330.2538402056236,3.17024218056259
3.6157387,TRACKING,1610.8282111893925,-1069.3979833913659,1632.5637106334214,-3266.6689675483854,-1999.0590251885908,1330.2458842279855,3.4368853081608703
3.6195899,TRACKING,1610.6397363822196,-1081.5935069755765,1638.953346609327,-3266.652915910487,-1999.1138496962271,1330.2393449510669,3.575328525316294
3.623999,TRACKING,1610.5379190536978,-1093.864878934338,1645.2261358108883,-3266.6347308875056,-1999.0472312150162,1330.1783605592714,3.1258186591159327
3.6285485,TRACKING,1610.497419104895,-1106.0208291607676,1651.3478435193413,-3266.6630240634577,-1999.0713264742403,1330.186191555659,2.991634200523747
3.6323161,TRACKING,1610.3970585322802,-1118.2666596349288,1657.174089312808,-3266.672236597293,-1999.0514799870084,1330.2285820868394,3.599518980269274
3.6362807,TRACKING,1611.419268258036,-1132.221959957023,1661.186380334582,-3266.672236597293,-1999.0514799870084,1330.2285820868394,3.671637079655912
3.6410922,TRACKING,1611.2912534153643,-1144.42292389225,1666.762165829518,-3266.6946988798068,-1999.0526086113282,1330.2391235338014,2.788166563489688
3.6451086,TRACKING,1610.997955965804,-1156.5700773393494,1672.1902444606496,-3266.683622562164,-1999.0385560718667,1330.2336911780098,3.3134199927451244
3.6490122,TRACKING,1610.9729854538905,-1168.7718474667563,1677.431954880714,-3266.6632398475153,-1999.0117624651332,1330.2437576966345,3.401997031847402
3.6530489,TRACKING,1610.6970418544145,-1180.9306943277766,1682.5099944541023,-3266.674399005195,-1999.0093436597397,1330.2647761991013,3.2649284577478306
3.6571858,TRACKING,1610.8537462674346,-1193.0749259598076,1687.2926788324728,-3266.6613139538545,-1999.0605519886333,1330.291025513634,3.1552628439861437
3.6615614,TRACKING,1610.6453106671675,-1205.2888298324456,1691.9972583878102,-3266.6698017712206,-1999.0342377650834,1330.2748475695164,2.991658355930309
3.6658413,TRACKING,1610.489461950441,-1217.4823488100521,1696.4895899185763,-3266.666128193801,-1999.0747441729166,1330.3363300300855,3.036440621777007
3.6698988,TRACKING,1610.3738670791336,-1229.7740816267167,1700.7509589335386,-3266.702416304253,-1999.0763375147187,1330.289196467663,3.2064005335611103
3.6742374,TRACKING,1610.2826246580637,-1242.0350698097013,1704.9718046941762,-3266.6513475504003,-1999.0433593082764,1330.2128934119262,2.9888641690783033
3.6785148,TRACKING,1610.0148377201963,-1254.154556230672,1708.882387014913,-3266.6552999721325,-1999.069134059515,1330.326706087291,2.9778824881193073
3.682112,TRACKING,1609.726286197488,-1266.282087676069,1712.750141188618,-3266.6444285045495,-1999.077205832842,1330.2197809734314,3.5395939923329602
3.6862889,TRACKING,1609.6380734657168,-1278.4973980333714,1716.3745423006967,-3266.635151211274,-1999.0641944743707,1330.242295672166,3.0505812557048047
3.690624,TRACKING,1609.6101455019632,-1290.6824040469628,1719.8855207246368,-3266.631504724545,-1999.0721415342277,1330.2548840127292,2.925140739252642
3.6951691,TRACKING,1609.4191158183087,-1302.7732285403574,1723.1971729632166,-3266.648687441468,-1999.0676194881166,1330.253262718224,2.758488531309204
3.6991071,TRACKING,1609.1369654536454,-1314.8734248352428,1726.3808934904746,-3266.6457661742807,-1999.020583466214,1330.223863529522,3.1780620041668857
3.7029155,TRACKING,1608.965375869694,-1327.0140280587855,1729.39790614737,-3266.6574205234706,-1999.0320826882078,1330.261631292289,3.285116407584283
3.7071027,TRACKING,1608.7841660377321,-1339.1408228163145,1732.2563019569102,-3266.679888154746,-1999.0522768421285,1330.3164468733212,2.975839216924214
3.7116425,TRACKING,1608.683092724447,-1351.2137731397786,1734.8732046479586,-3266.6869784469463,-1999.02722559396,1330.2586880552044,2.7212047111279194
3.7156163,TRACKING,1608.4155778407414,-1363.4372151152404,1737.2508529474733,-3266.6570093883092,-1999.0102574627033,1330.2530577400285,3.134383425065275
3.7197603,TRACKING,1608.029934815218,-1375.4875634858347,1739.6678964700404,-3266.6852890503515,-1999.0442457121499,1330.2435303104517,2.967280571211368
3.7240595,TRACKING,1607.9367758801714,-1387.5706302442838,1741.762241790395,-3266.6879636508397,-1999.0223467599074,1330.2240981162768,2.8525267036356534
3.7284549,TRACKING,1607.6647220743084,-1399.6724495197998,1743.7374818140456,-3266.677170682139,-1999.057857550327,1330.2269844968419,2.790411607919504
3.7321115,TRACKING,1607.2855056485328,-1412.1021981327901,1745.6394171718705,-3266.6799568941883,-1999.0177849205866,1330.2039108618221,3.440391533747183
3.7361571,TRACKING,1606.2497574003812,-1423.1177796486254,1747.455728953771,-3266.720690301844,-1999.0720177501564,1330.2610944443907,2.7714705120551137
3.7406397,TRACKING,1606.1674691962005,-1435.0616798514543,1748.6375710549278,-3266.6727666861966,-1999.037417967273,1330.2041946173902,2.6775780039282346
3.7452829,TRACKING,1606.0032135233025,-1447.1030744762531,1749.9731826894479,-3266.6632594844787,-1999.0617677599541,1330.2700462340663,2.6094834447008886
3.7490552,TRACKING,1605.7034801498608,-1460.3408008437484,1751.6017644601402,-3266.6701482574513,-1999.0409291425578,1330.1993286024158,3.5365417514187723
3.7527962,TRACKING,1605.1081691220304,-1472.1226673975013,1752.5810975299555,-3266.6934228209134,-1999.0603014828182,1330.2525747828142,3.1642548152471153
3.7572125,TRACKING,1604.8700949757801,-1484.1068547385808,1753.4458462671748,-3266.6728840976157,-1999.0470643566496,1330.2211436602872,2.721215558108383
3.7619828,TRACKING,1604.8254535127353,-1496.3984867161853,1753.913605697348,-3266.674033446484,-1999.0200690413042,1330.2136898870103,2.578582077258528
3.7660133,TRACKING,1604.5835693321067,-1508.5388216415226,1754.3520709435984,-3266.6493857468513,-1998.9897201013525,1330.2438376634414,3.0146776037989604
3.7695856,TRACKING,1603.9116084594152,-1520.4276298101106,1754.7244340710868,-3266.6710899811364,-1999.038545072114,1330.3328485637633,3.334995206237916
3.774036,TRACKING,1603.4452096551734,-1532.2413548152324,1754.9304536418317,-3266.6521490828077,-1999.0388733201144,1330.2971555912413,2.6570022575156744
3.7785227,TRACKING,1603.1736141124097,-1544.519169256968,1754.6267465256017,-3266.6578600987955,-1999.0517566049675,1330.282505446057,2.7379973767041297
3.782303,TRACKING,1602.9308175202245,-1556.6149910367033,1754.541270181936,-3266.682704197951,-1999.0658207181784,1330.3428889505467,3.200423321652624
3.7862759,TRACKING,1602.5457229719161,-1568.552286956163,1753.8074181767297,-3266.6669855068617,-1999.0505104672955,1330.2837493321633,3.0119131750375105
3.7909941,TRACKING,1602.0598238275852,-1580.4018616282294,1753.2601036238132,-3266.677767227207,-1999.0778671745202,1330.3023473954352,2.5162467222316156
3.7952846,TRACKING,1601.5863557243808,-1592.5174431971811,1752.27296352306,-3266.6889445434795,-1999.0770245546676,1330.3121887057425,2.8353215134188408
3.7989632,TRACKING,1601.260049157116,-1604.6860014056067,1751.3332199616384,-3266.665678713761,-1999.0883068282167,1330.2702000350034,3.3189671124228397
3.8028638,TRACKING,1600.902734401423,-1616.623296586774,1750.2118132032265,-3266.6887686601926,-1999.0712371675131,1330.2746811314146,3.0752130005872234
3.8073344,TRACKING,1600.4806655262084,-1628.6262350034574,1749.1722988327215,-3266.6861215962886,-1999.0534040833822,1330.2421217920366,2.696563934092224
3.8117962,TRACKING,1599.9975697307434,-1640.4387145134183,1747.5571558364827,-3266.683296231834,-1999.0432198790468,1330.1865107402925,2.67429568830275
3.8155431,TRACKING,1599.5117893134882,-1652.7511874294573,1745.8720869476483,-3266.682558858598,-1999.0705716810908,1330.2485883959462,3.3192070979683694
3.8195215,TRACKING,1598.9002348268264,-1664.2302439200894,1744.333503644478,-3266.718419693218,-1999.0312405108982,1330.2597751634555,2.9152029876838954
3.8238465,TRACKING,1598.6046661736177,-1676.3038777494835,1742.4836056219792,-3266.7016688630515,-1999.0200191233403,1330.228694669938,2.824995636660607
3.828367,TRACKING,1598.070070256894,-1688.2995752132329,1740.349511602741,-3266.6309992554843,-1998.9841420861121,1330.240052119293,2.6978816888938932
3.83206,TRACKING,1597.7626749114988,-1700.206730051135,1738.0508554729454,-3266.680822731533,-1999.0354640024066,1330.2787827234943,3.284835210301031
3.8361168,TRACKING,1596.9917861284302,-1712.160392564245,1735.5227128670033,-3266.6666212747823,-1999.0241656402513,1330.2149535240242,3.017742585249575
3.8409848,TRACKING,1596.5048973234673,-1724.0448534548748,1732.7564588896885,-3266.6821528382925,-1999.0493684253884,1330.2858656056865,2.5085999204576157
3.8450583,TRACKING,1595.8246034125991,-1735.983732186583,1729.846058112731,-3266.667505073093,-1999.0402938366403,1330.2517497506544,3.021312691449235
3.8488083,TRACKING,1595.6508933681555,-1748.1192585073782,1726.850368285254,-3266.694191425972,-1999.0537301413167,1330.2897279297663,3.3336035282992347
3.8528748,TRACKING,1595.1284006705673,-1759.4827172215957,1724.4354576664912,-3266.654860643086,-1999.029666135506,1330.3058863666183,2.859700438171611
3.8571398,TRACKING,1594.6492261998858,-1771.384932234206,1721.0612246905732,-3266.6521481886675,-1999.0622634921563,1330.221555099009,2.902823052190336
3.8615723,TRACKING,1593.7652230789136,-1783.1715077201502,1717.4312828711863,-3266.657123166768,-1999.0454863446341,1330.2640896692792,2.789513325605229
3.8654639,TRACKING,1593.3486493557273,-1795.096953744752,1713.9666704613653,-3266.6481284755314,-1999.031907177233,1330.2457104443424,3.192905613775421
3.869538,TRACKING,1592.7707956289332,-1806.9766360088531,1710.1486004739368,-3266.6770486110267,-1999.051681891316,1330.244254058101,3.0660843119504317
3.8739423,TRACKING,1592.3989078770653,-1818.9982060021919,1706.1633077905947,-3266.6726629139457,-1999.049333692644,1330.2930386917155,2.8768246273643565
3.8784248,TRACKING,1591.793716247499,-1830.9160657421378,1702.0075087601374,-3266.6849833011415,-1999.0399196265203,1330.321589632803,2.818996241127465
3.8821602,TRACKING,1591.1853243346532,-1842.7757623984805,1697.6439936430224,-3266.66423812154,-1999.0242881747108,1330.231572763825,3.3869446826462477
3.8862603,TRACKING,1590.8089724367348,-1854.6737175672486,1693.2166549198103,-3266.6612057332295,-1999.0339069100457,1330.2348362453301,3.097622794699584
3.8904822,TRACKING,1590.228657430027,-1866.517616241269,1688.6041931137165,-3266.67356674996,-1999.0590780198654,1330.2848931092856,3.0137096274325095
3.8948917,TRACKING,1589.7191311608178,-1878.4724213130312,1683.6517112114284,-3266.6714634158907,-1999.067586871913,1330.24522578923,2.9368545564067703
3.8987352,TRACKING,1589.3966140132418,-1890.4746899785212,1678.690291842167,-3266.6892190629364,-1999.0434209553944,1330.2406047122674,3.3800730212055647
3.9027825,TRACKING,1588.9392150902568,-1902.409956015904,1673.4503810148085,-3266.667963051916,-1999.0175843719803,1330.2177814815452,3.222610104838677
3.9072373,TRACKING,1588.3360308109256,-1914.303189008564,1668.0984860458036,-3266.6958838685505,-1999.048854789213,1330.263189484984,2.9307409224226273
3.911759,TRACKING,1587.7513973982989,-1926.1807396105605,1662.494137154995,-3266.6600364978376,-1999.0195114500377,1330.2333383475363,2.9073928145613057
3.9154776,TRACKING,1587.122805997339,-1938.0798299065161,1656.6693819927075,-3266.6832461551826,-1999.0197496222347,1330.210820019725,3.56670624365444
3.9193505,TRACKING,1586.7395554865548,-1950.0430039249372,1650.9009191556743,-3266.716934632444,-1999.0637022355043,1330.2820912899042,3.4307159167730155
3.92364,TRACKING,1586.039966150058,-1961.9283773463187,1644.8501577785291,-3266.6945870460795,-1999.0497155054677,1330.238971797561,3.1134794533510832
3.9283419,TRACKING,1585.4768617144073,-1973.787984425572,1638.6114260832194,-3266.6732124604328,-1999.0449602123888,1330.2978624578757,2.8525225365595626
3.9321511,TRACKING,1585.2189388214006,-1985.7847135120705,1632.4286113501971,-3266.6696196140915,-1999.0390096553056,1330.27675414929,3.543713167711079
3.9360383,TRACKING,1584.4558593296606,-1997.636537839037,1625.8301626832174,-3266.6684022663853,-1999.0486507108249,1330.295329883982,3.495137957649607
3.9405894,TRACKING,1584.0967128081156,-2009.4472263027196,1619.2592660836415,-3266.632800123912,-1999.053785677042,1330.2655803747025,2.970772381161719
3.9447081,TRACKING,1583.3591081649906,-2021.3173148429605,1612.2608574850692,-3266.6492434689662,-1999.032201741065,1330.2442903528954,3.350402749412767
3.9487415,TRACKING,1582.9009063768874,-2033.2218114617403,1605.3390154326696,-3266.6431928211155,-1999.0598594175115,1330.2852611893634,3.416026998180769
3.9528123,TRACKING,1582.0974953917967,-2045.0592766132704,1598.0180403400097,-3266.6614025271515,-1999.0260732758973,1330.2071953154095,3.4247771072111557
3.9570413,TRACKING,1581.4478153281243,-2056.931575240418,1590.5349187837526,-3266.643612021382,-1999.0689094907393,1330.193660752518,3.322030529916612
3.9619789,TRACKING,1580.9992149594243,-2068.808303157602,1583.1087145357947,-3266.6713890511874,-1999.0445840375269,1330.282438064509,2.838323761812941
3.9654978,TRACKING,1580.4991426671459,-2080.6655970228194,1575.4550882882872,-3266.670479412967,-1999.1061323942208,1330.3301163914061,4.013111490740681
3.9694723,TRACKING,1579.7572774986625,-2092.5003988157778,1567.5365311190983,-3266.6506077622744,-1999.0406157140862,1330.207234587662,3.58759782829359
3.9739715,TRACKING,1579.2372260965747,-2104.4249805385284,1559.4921590572117,-3266.6732954951913,-1999.0629684575113,1330.2912528224044,3.1991643009012303
3.9785866,TRACKING,1578.4357080833172,-2116.2384684116028,1551.1933015576583,-3266.6846794953326,-1999.05189863185,1330.2349968559797,3.1330460793732926
3.9819484,TRACKING,1577.9902725067293,-2128.0106101307583,1542.9035769601317,-3266.632298203252,-1999.042699696843,1330.2528727437777,4.2848784232613895
3.9859468,TRACKING,1577.4437968379004,-2139.886778762218,1534.438111776115,-3266.697225437437,-1999.0671930942983,1330.3215431273707,3.6501423344938426
3.9903495,TRACKING,1576.6008649663636,-2151.665375345153,1525.644751540604,-3266.6770716764518,-1999.0586604950447,1330.2877808824562,3.3441022600218586
3.9950516,TRACKING,1576.0510066304098,-2163.4764437752056,1516.8618442618438,-3266.69579315438,-1999.0597519742403,1330.2887570231912,3.1324280315415964
3.998894,TRACKING,1575.3097929423755,-2175.327357825512,1507.7845942082342,-3266.6708153256072,-1999.0507762538127,1330.233382418566,3.8898183404580062
4.002658,TRACKING,1574.6991861514798,-2187.0936393735296,1498.6024232270092,-3266.673655150989,-1999.0871142969324,1330.2735634810492,3.9685315834745576
4.0072776,TRACKING,1574.0308952904545,-2198.870640182817,1489.2675182741482,-3266.6635334623224,-1999.052751381186,1330.1853401395222,3.2562919031849984
4.0116616,TRACKING,1573.3438446679484,-2210.683878248634,1479.7545702253942,-3266.6705252385036,-1999.0963817018248,1330.2747415031602,3.463255443925326
4.0154631,TRACKING,1572.6704758701162,-2222.467042121967,1469.9992658487693,-3266.6694830052,-1999.0748408153368,1330.1958814351883,4.027926643528926
4.0194365,TRACKING,1571.8644026233228,-2234.255032265333,1460.1493602916687,-3266.6928053371525,-1999.1194089680503,1330.2846581255212,3.871417045876621
4.0238924,TRACKING,1571.1781177874552,-2246.0385158813265,1450.0737459528602,-3266.6430213824424,-1999.0128736383608,1330.229996086355,3.4827989289034575
4.0281444,TRACKING,1570.5343330001033,-2257.7960754758064,1439.8845366964588,-3266.697786213558,-1999.0979081535645,1330.2924096187915,3.662181937341938
4.0320986,TRACKING,1569.7104779040908,-2269.6099859428723,1429.5112764035043,-3266.6743620637326,-1999.0542262598428,1330.2372935522644,3.9814141930311178
4.0362268,TRACKING,1569.003180175222,-2281.360997507052,1419.006407173586,-3266.708557971997,-1999.093256295932,1330.297122224787,3.821955130335377
4.04041,TRACKING,1568.2850700037964,-2293.239704961372,1408.2676925889186,-3266.6832276988575,-1999.0340884977613,1330.3076093072489,3.8318340608618287
4.0447135,TRACKING,1567.588664137505,-2304.897497657028,1397.4729665285086,-3266.6841592246287,-1999.0107455398515,1330.2791205157746,3.69543593256553
4.0489974,TRACKING,1566.8542877424225,-2316.665420046599,1386.5019667406254,-3266.7094935766545,-1999.029633024928,1330.2836514609585,3.7595343803425756
4.0531058,TRACKING,1566.1031571785375,-2328.393541683732,1375.234800944003,-3266.706163716462,-1999.0143204136173,1330.2704493589729,3.962790045330634
4.0572813,TRACKING,1565.3290510231288,-2340.1621217868433,1363.97989749007,-3266.726687388218,-1999.0296125717682,1330.3029880150154,3.9043233019434793
4.0615997,TRACKING,1564.578945788311,-2351.8577756639625,1352.3525864477072,-3266.690606050675,-1999.0236149139348,1330.2591212668808,3.822931469420624
4.0653873,TRACKING,1563.8322828139592,-2363.63709328888,1340.7449588539964,-3266.7035705035096,-1999.0734532851536,1330.3045620655384,4.37067282239259
4.0694549,TRACKING,1563.1289318723002,-2375.2800399211196,1328.9580028713365,-3266.6842139490327,-1999.0286752877882,1330.228979606449,4.076772278505859
4.0738097,TRACKING,1563.0461144660621,-2386.9128185372474,1317.4165980755,-3266.7187347102426,-1999.0776969274198,1330.285188291942,3.7629647496167395
4.0783082,TRACKING,1561.4108712003147,-2399.0088354120257,1304.78037340425,-3266.697515260551,-1999.068189144914,1330.2472784064269,3.905473817347124
4.0821432,TRACKING,1560.493004962467,-2410.9219430826083,1292.2859469103148,-3266.696265709511,-1999.0621747007792,1330.30547007688,4.5079557955339755
4.0861739,TRACKING,1559.6145141770958,-2422.9345269041414,1279.6923022091867,-3266.68742300565,-1999.0398294454621,1330.270425730352,4.323377805989009
4.0905534,TRACKING,1558.9345967445392,-2434.2452444297455,1267.2647264427965,-3266.7155005917957,-1999.0591196670994,1330.2888318681617,3.8401245816296408
4.095036,TRACKING,1558.2204371980192,-2446.08853109139,1254.4645338508035,-3266.715825580023,-1999.047410159722,1330.2139958571986,3.89357078618513
4.0988062,TRACKING,1557.4130128123186,-2457.745508523275,1241.404649989796,-3266.7183233554906,-1998.9973182926974,1330.3046122720427,4.6480826159801865
4.1026366,TRACKING,1556.5808748673314,-2469.6354946794395,1228.125718487488,-3266.727546380042,-1999.0089289278735,1330.2633901559034,4.658418230615856
4.1071792,TRACKING,1555.6974173189726,-2481.854852433686,1214.5556101209374,-3266.7458186395615,-1999.0600892586303,1330.3428473707372,4.024624733756512
4.1116631,TRACKING,1554.7549894408219,-2493.2835930169636,1201.1226339164766,-3266.7313255000304,-1999.0196897192766,1330.256676527252,3.9389999193623075
4.115513,TRACKING,1553.9805892381821,-2504.648939367135,1187.9285899582594,-3266.7770376810427,-1999.023915823001,1330.2582858356586,4.5277530984888665
4.1193911,TRACKING,1553.4019028419943,-2516.8188723114386,1173.88738936555,-3266.741848538238,-1999.03723288249,1330.2513046989886,4.793649401465598
4.1236859,TRACKING,1552.4370099462967,-2528.0829097247306,1159.893340367951,-3266.749366980288,-1999.061347693525,1330.2600052827497,4.188804976569231
4.1283563,TRACKING,1551.5259210075894,-2539.846324503419,1145.6129703629992,-3266.69822251928,-1999.015081336672,1330.219926908594,3.9662463302918023
4.1323559,TRACKING,1550.642362558382,-2551.490002881091,1131.3425872601301,-3266.7260164139416,-1999.072616500478,1330.308038424871,4.610231594988774
4.1363188,TRACKING,1550.05070428924,-2563.2956655972803,1117.0844461306722,-3266.7142488674644,-1999.0139940556187,1330.2087766946395,4.673535483669164
4.1405315,TRACKING,1549.1294193964886,-2574.720927523027,1102.3468429501672,-3266.7120010542485,-1999.064382182614,1330.2810938481155,4.431922398591462
4.1450118,TRACKING,1548.3381164729758,-2586.073957259557,1087.5372545596979,-3266.6733371283362,-1999.0109387562102,1330.253453636,4.168759930124376
4.1488006,TRACKING,1547.6196837905322,-2597.929458105568,1072.6927395263956,-3266.683006452236,-1999.0275511327459,1330.2795027651687,5.0177569430444
4.1526482,TRACKING,1546.9190670851146,-2609.748685772898,1057.6678357166402,-3266.6693571643714,-1999.0370437496942,1330.2662983942073,4.97176643739843
4.1572092,TRACKING,1545.9418638080274,-2621.108269110274,1041.9672831460673,-3266.72191321811,-1999.0312673679432,1330.3271880636566,4.254257846080288
4.1616147,TRACKING,1545.0204281782915,-2632.6774039990437,1026.7337613781185,-3266.708658893964,-1999.0310044021526,1330.312403220523,4.3470265210710926
4.1654762,TRACKING,1544.2007615784744,-2644.2092624855404,1011.478796269907,-3266.739565236876,-1999.0453873072981,1330.3609589814225,4.956825845469083
4.1694858,TRACKING,1543.2068087011592,-2655.3552237392582,995.5960557137738,-3266.707944082666,-1999.0186433884319,1330.256390599127,4.845593561409993
4.1738404,TRACKING,1542.44275915335,-2667.1820743143608,979.7456951353056,-3266.7438514894206,-1999.0579889218182,1330.308318258185,4.544897950053205
4.1783844,TRACKING,1541.7357882408232,-2678.9722003557254,963.8019236096022,-3266.7052098925847,-1999.0454587385816,1330.27309285697,4.366669301839283
4.1821755,TRACKING,1540.670183872123,-2690.3927958500603,947.243373595957,-3266.7274739324944,-1999.0450711861452,1330.3101651327343,5.313303315917154
4.1861625,TRACKING,1539.5696471734143,-2701.7936529500516,930.7338453092606,-3266.7118711779735,-1999.0121417016992,1330.242084341663,5.039794803990163
4.1906473,TRACKING,1538.7371795797505,-2712.998020918493,914.50209420652,-3266.725545857444,-1999.0284980946071,1330.1962657580311,4.401720487937506
4.1947253,TRACKING,1538.0519527994,-2724.777465835554,897.9835722515048,-3266.718000549235,-1999.014825629965,1330.2214764023038,4.977908770751105
4.1985729,TRACKING,1537.2961415770878,-2736.73093806114,881.0446468456946,-3266.7052529176044,-1999.0589148761778,1330.199694792879,5.391853875043385
4.2026761,TRACKING,1536.1210737013682,-2747.8153490120885,863.9433026047728,-3266.7360103750116,-1999.0021340521553,1330.191743879964,4.974959463900323
4.2069891,TRACKING,1535.3235858270964,-2759.3882747769817,846.992629384478,-3266.7254512105383,-1999.0172855752278,1330.2100694756502,4.762359490415601
4.2114602,TRACKING,1534.5659571367512,-2771.2138600548233,829.66420575863,-3266.7130766820546,-1999.0064643630535,1330.2297566715379,4.695194216679873
4.2153258,TRACKING,1533.5413375307282,-2782.4123557627854,811.9958989865016,-3266.7028553734713,-1999.0400627167226,1330.3031225237646,5.417886276280711
4.2198195,TRACKING,1532.5754078091538,-2793.8810376833385,794.5582702681257,-3266.714029278489,-1999.0033400548878,1330.235020275826,4.649489280278611
4.2243942,TRACKING,1531.3982300987243,-2805.4723045589926,776.296993752176,-3266.6946970966997,-1999.0252599488326,1330.2737695254673,4.735048715076465
4.2282829,TRACKING,1530.4859013354046,-2816.646497917518,758.3559054257928,-3266.698522969713,-1999.0428406274852,1330.301515174552,5.44038616200423
4.2324474,TRACKING,1529.4303844677788,-2828.296620295818,739.9328997581404,-3266.6750403537794,-1999.0123976789946,1330.2367562052768,5.240262951372181
4.2364076,TRACKING,1528.249095100288,-2839.333917331131,721.6979772561093,-3266.6709762814053,-1999.0507510507855,1330.2571790609313,5.390593456140939
4.2406294,TRACKING,1527.5301587703962,-2851.1244131054486,703.3712527904229,-3266.70693613458,-1999.0627928026747,1330.3157395797093,5.1645515129595
4.2450013,TRACKING,1526.5555667488334,-2862.775244088912,684.4297352801573,-3266.711424580687,-1999.0474781389078,1330.222656649576,5.091428856233989
4.2490704,TRACKING,1525.4782936234155,-2873.8356070760065,666.0065932042996,-3266.707106464914,-1999.0158798908665,1330.2454583291876,5.287461882956308
4.2531809,TRACKING,1524.3702678714585,-2885.3530163018568,646.6503127792589,-3266.6926400477437,-1999.0294420147898,1330.325975295351,5.486174622222876
4.2573213,TRACKING,1523.446157417162,-2896.6900679287473,627.8244871512355,-3266.7055865013476,-1999.0112766254474,1330.2406323917028,5.312367757982999
4.2616702,TRACKING,1522.538700590965,-2908.1261175380346,608.6766244866924,-3266.687059744138,-1999.0169577472195,1330.2725287738567,5.13266688056256
4.2656333,TRACKING,1521.499121382536,-2919.4655681546756,588.9743804192369,-3266.7061597156176,-1999.0597646725175,1330.2575132580694,5.742007096284893
4.269611,TRACKING,1520.4609511233132,-2930.509031197849,569.6033112488701,-3266.7265086194593,-1999.0196347109509,1330.2220420160845,5.611799841284212
4.2735969,TRACKING,1519.5427059225726,-2942.332362672185,549.857702745301,-3266.7220507028655,-1999.0260389663,1330.2066282147227,5.778643094062114
4.2782359,TRACKING,1518.4786581877768,-2953.445926747812,529.8761209409258,-3266.7385563197236,-1999.0295189282292,1330.2453287318026,4.934041249061783
4.2819191,TRACKING,1517.2327750125783,-2964.5637277350024,509.64090738831817,-3266.713935258321,-1999.0282311463304,1330.1769815802757,6.277662235523893
4.2859771,TRACKING,1516.2219797486061,-2976.1068538754366,489.52739947857265,-3266.7347491159585,-1999.0328323425804,1330.2178341860133,5.720174459268255
4.290308,TRACKING,1515.314815715438,-2987.5105604230025,469.2225098393656,-3266.72354297901,-1999.062256262679,1330.2355683443532,5.381262031335504
4.2949072,TRACKING,1514.1002949402734,-2998.63029159845,448.55591617893805,-3266.6994684474075,-1999.0306388998576,1330.226819190173,5.109499040994158
4.2989964,TRACKING,1513.0158689679126,-3010.0094170899642,427.7261090016495,-3266.7098536063895,-1999.0655583680245,1330.2903384367637,5.810446733126615
4.30298,TRACKING,1511.9816245086065,-3021.254599166707,406.932554092085,-3266.691555417069,-1999.0229687344304,1330.255399285391,5.939882378926142
4.307416,TRACKING,1510.735514661609,-3032.4505846560633,385.7805648675636,-3266.6843960782708,-1999.046317589717,1330.2433461733826,5.402334530177635
4.3115666,TRACKING,1509.8078128628576,-3043.7156971279765,364.6124431216392,-3266.675106660833,-1999.0138968695917,1330.2815719388072,5.781557477999091
4.3154839,TRACKING,1508.8686278528594,-3055.073471385064,343.420766103981,-3266.656749257679,-1999.0154146271282,1330.2759543056,6.142434761183809
4.3194525,TRACKING,1507.6030772243894,-3066.1467697466446,322.00936189247307,-3266.684746606817,-1999.0079050106638,1330.2703502663687,6.082374764800712
4.3239411,TRACKING,1506.7721569874761,-3077.5096465529264,300.44789155588825,-3266.6997192699587,-1999.0463003834204,1330.3321798352617,5.432990438910004
4.328237,TRACKING,1505.4775900919199,-3088.349752446097,278.5845590710708,-3266.6715061883215,-1999.0211970304392,1330.2612785138226,5.688552561175736
4.3321583,TRACKING,1504.3446024258885,-3099.9339248529595,256.60029290607685,-3266.717146970231,-1999.0485752472157,1330.2947924776145,6.34365715846227
4.3361326,TRACKING,1503.407435291212,-3111.255161808268,234.61067036581485,-3266.7109631055364,-1999.0332194348616,1330.258125555178,6.227662669723484
4.3405182,TRACKING,1502.1191787295068,-3122.1904529535473,212.26095936731807,-3266.6860428606083,-1999.024874966441,1330.2443170709812,5.681058594912246
4.3451287,TRACKING,1501.1898450565934,-3133.4352707934395,189.8906253318755,-3266.7002263766094,-1999.0568901448942,1330.294317593829,5.434284500924669
4.3488181,TRACKING,1500.0166161801305,-3144.6890255506614,167.38596377279066,-3266.667061272892,-1999.0046668319378,1330.2093987842293,6.827384135790682
4.3529609,TRACKING,1498.9269043250422,-3155.790052313758,144.68970193615024,-3266.66666980138,-1999.0056130790122,1330.2271601035052,6.104359210786479
4.3570955,TRACKING,1497.6217884066702,-3166.7131180249503,122.00035502070038,-3266.6716219900227,-1999.0306500461181,1330.2255855645635,6.098663477146952
4.3616478,TRACKING,1496.5961762994477,-3178.0147565203715,98.9972396019783,-3266.7225827729058,-1999.0713094509597,1330.231558579311,5.634513273018121
4.3654758,TRACKING,1495.4028476151586,-3189.106337041563,75.85783335768343,-3266.7078135307647,-1999.04201418579,1330.23219002127,6.710584165418727
4.3695046,TRACKING,1494.1388480252513,-3200.430650059758,52.42997327742742,-3266.7107427877504,-1999.0473880244729,1330.277706469389,6.466421060884318
4.3738695,TRACKING,1493.1837326244442,-3211.6832450052493,29.032842096158845,-3266.7136779878874,-1998.9815913822983,1330.229450963159,5.952019716652878
4.3785022,TRACKING,1492.0598288702474,-3222.7507513525543,5.549054825870229,-3266.7088198949964,-1999.0040824231105,1330.2752613023524,5.609126875061299
4.3821736,TRACKING,1491.6743902562955,-3229.90606327671,-0.16063187942735319,-3266.7210964236738,-1999.0273269055797,1330.2692142440176,2.495585026666524
4.3861515,TRACKING,1491.603811052861,-3236.1250259945496,15.771732793957245,-3266.726595225802,-1999.0417997784202,1330.3163222314586,4.299564393831297
4.3906903,TRACKING,1491.460093333931,-3242.350949929109,31.047628724337358,-3266.6982050799775,-1999.0287040161518,1330.2701466527926,3.6345594491335826
4.3954283,TRACKING,1491.6480127875036,-3248.2649750193054,46.43838506628874,-3266.6748363206357,-1999.0094466408714,1330.2643776163345,3.4801557093254982
4.3989957,TRACKING,1492.1301650335718,-3254.1999514885483,61.55044702280732,-3266.679116259212,-1999.042367873802,1330.2390959245913,4.553139603699299
4.4028534,TRACKING,1492.0133337521459,-3259.598924416096,76.54103954226684,-3266.684204795089,-1999.063396287085,1330.2706513547919,4.130343345241948
4.4072688,TRACKING,1491.9358633442619,-3265.2111295138616,91.27831777922846,-3266.6639364580024,-1999.041101756807,1330.2488888816226,3.5715710809556946
4.4115865,TRACKING,1491.7634820003225,-3270.9472031100427,105.6579513983434,-3266.6527803167337,-1999.0265496567772,1330.224178409391,3.585808532230657
4.4154787,TRACKING,1491.6326609845203,-3276.8944624357773,119.90902860962186,-3266.690945693714,-1999.0307334840836,1330.194439632229,3.9676287063513045
4.4196885,TRACKING,1491.7734580382644,-3283.445004610619,133.84151126023337,-3266.676453789779,-1999.014321904314,1330.2164193875813,3.6572324216099292
4.4239997,TRACKING,1491.7497691515614,-3289.780687780961,147.7099108129111,-3266.6990647680664,-1999.0635872165556,1330.283928147607,3.5366246978522335
4.4283313,TRACKING,1491.942898722239,-3295.486432503462,161.48767210991159,-3266.7013039504272,-1999.009182612465,1330.2687622992578,3.4430086402863163
4.4322222,TRACKING,1491.9536639808136,-3300.984573744075,175.0271237805109,-3266.704322331505,-1999.0075102540818,1330.2617905929283,3.755744872566329
4.4363896,TRACKING,1491.766005302913,-3306.6164980605945,188.28047933590653,-3266.6874908304894,-1998.9955065266442,1330.2668532662285,3.455768603883847
4.44109,TRACKING,1491.4590540999482,-3312.295839631637,201.71144385619468,-3266.699372850436,-1998.9751134831963,1330.287461786482,3.103056665858411
4.4450348,TRACKING,1491.2891295162,-3318.1753247761512,214.8210983124214,-3266.6814785987667,-1999.0089051350174,1330.2457181145314,3.6424470344274016
4.448868,TRACKING,1491.1238251102022,-3324.1890147978115,227.65905276053977,-3266.679908135546,-1999.0127813824022,1330.2565090706203,3.6986378341795674
4.4529547,TRACKING,1491.1644846840206,-3330.190450087762,240.09242277842574,-3266.652766689642,-1999.0165202079568,1330.2577219148427,3.3782929983300285
4.4572273,TRACKING,1491.34277742452,-3335.832933511039,252.4266723972271,-3266.6791014108294,-1999.022648028504,1330.2419599695684,3.174829146793889
4.4615568,TRACKING,1491.4843970966854,-3341.516342553269,264.98672729520507,-3266.624677491372,-1999.0680761237318,1330.2748800931972,3.1843888622088183
4.466024,TRACKING,1491.0373891084002,-3347.2607818456454,277.23206342177514,-3266.616783478331,-1999.0286100583128,1330.2570876499008,3.029452168345425
4.4700295,TRACKING,1491.096732199729,-3353.3087686488193,289.51682940553036,-3266.6067265251886,-1999.0304501590747,1330.2504400131731,3.4185393959360995
4.473941,TRACKING,1491.1037488094944,-3359.135089866255,301.3174184635275,-3266.6532541160527,-1999.0855923319746,1330.321640022888,3.3645777762631903
4.4783613,TRACKING,1491.2722659776346,-3365.2034423003447,312.9121799565685,-3266.6299641036326,-1999.0817749656228,1330.2777727935818,2.960850863942125
4.4821671,TRACKING,1491.2434610662172,-3370.8589922085876,324.4115552048318,-3266.636165321789,-1999.053922540447,1330.2580237513077,3.367203137391633
4.4860933,TRACKING,1491.2839829489026,-3376.571753096471,335.47883797882645,-3266.63211637554,-1998.9739530910517,1330.3711802146572,3.1722274350401514
4.4904137,TRACKING,1491.046031305786,-3382.707875997677,346.5323639920101,-3266.6477550244927,-1998.9520541396728,1330.3636047878713,2.926748609670012
4.4948261,TRACKING,1490.7220757880127,-3388.807785181473,357.5192380038459,-3266.69156965449,-1998.955390848068,1330.40294606671,2.8489731290061813
4.4987417,TRACKING,1490.5280623366182,-3394.6645483978027,368.0512472510992,-3266.683917538376,-1998.922053223868,1330.304256210582,3.0780699859508247
4.5027948,TRACKING,1490.298494677907,-3400.4907624193356,378.6062898061737,-3266.682067993802,-1998.9308852657086,1330.2951573108128,2.9751196327949567
4.5072072,TRACKING,1489.8685660978997,-3406.0993159343234,389.14602300005794,-3266.6878214156714,-1998.9507175495044,1330.2047196904614,2.707557674547207
4.511866,TRACKING,1489.546657973138,-3411.85335241274,399.3853693363811,-3266.677386087382,-1999.0031254255207,1330.231637261977,2.522056396328076
4.5156121,TRACKING,1489.513734691872,-3418.1434094672823,409.43893364919853,-3266.662581272309,-1999.021213926823,1330.2479510976466,3.16573932117004
4.519576,TRACKING,1489.6020425609008,-3424.3350665516614,419.4082186174059,-3266.643880291019,-1999.0470271854833,1330.2249062201604,2.960692154660654
4.523926,TRACKING,1489.4348345145722,-3430.227294113695,428.9729802211639,-3266.6605682952463,-1999.0960723624326,1330.2602432766932,2.582817382511524
4.5283807,TRACKING,1489.2717907041485,-3435.728629664601,438.7367416163893,-3266.650633716408,-1999.053332980374,1330.2474445423343,2.516024873770348
4.5321771,TRACKING,1489.313179941302,-3441.4934981675747,448.34774612891414,-3266.6457038658505,-1999.0733943595053,1330.2259301626073,2.9521244542890974
4.5361255,TRACKING,1489.0537386600918,-3447.2077664004596,457.569431759943,-3266.6296149976506,-1999.0798507598076,1330.2831299959907,2.7483821733748073
4.5404121,TRACKING,1488.70323718624,-3453.2516817176247,466.4726846153929,-3266.630249459208,-1999.0537310468044,1330.2596031014666,2.5116875790654887
4.5452556,TRACKING,1488.4655153217088,-3459.2990364164916,475.137890021175,-3266.6669909435204,-1999.0742447242192,1330.342378229137,2.1821879603129752
4.5488267,TRACKING,1488.277379408463,-3465.421216650078,483.6988771519694,-3266.652925514126,-1999.0599480837595,1330.373459079152,2.947688319069256
4.55285,TRACKING,1488.0376701526222,-3471.4027059440627,492.00652059123024,-3266.6593912650314,-1999.017038356824,1330.333482301201,2.545113849473475
4.5572935,TRACKING,1488.0337931731947,-3477.158190764715,500.33951050925026,-3266.6349578458803,-1998.9953664650727,1330.3874792042334,2.2791505499283162
4.5616994,TRACKING,1487.9371759818102,-3482.7862864154954,508.4709936453206,-3266.6767784078834,-1999.0046357877072,1330.3624840560776,2.2446451747173954
4.5654816,TRACKING,1487.6254212811127,-3488.4567728652705,516.4606443865812,-3266.6691252107075,-1999.054135757136,1330.3293941959705,2.5917067083390366
4.5695063,TRACKING,1487.1900806657725,-3494.3467127241333,524.2648496522274,-3266.6508616442866,-1999.0231907602426,1330.2846724699134,2.431748815390255
4.5738319,TRACKING,1486.694846858419,-3500.3501233531965,531.7038400855449,-3266.6393363492516,-1999.0363862081147,1330.2359382473728,2.2128914078549764
4.5782499,TRACKING,1486.2994901040934,-3506.276873449178,538.9167680181615,-3266.633969596668,-1999.0277774307237,1330.2431667498588,2.114968010829429
4.5821636,TRACKING,1486.1412210114968,-3511.90865983571,545.9640611863607,-3266.6345607156395,-1999.0632962838076,1330.2142338353829,2.3053759799121747
4.5863321,TRACKING,1486.1047776383675,-3517.6935499929023,552.713405639031,-3266.6400988645246,-1999.0645927711107,1330.2183699932189,2.132497458005366
4.5905764,TRACKING,1485.6390830765758,-3523.2295975100615,559.8670559068305,-3266.63992744058,-1999.0510035465018,1330.1576415720863,2.1340528926095037
4.595029,TRACKING,1485.2758698364719,-3529.4269406360863,566.5604996262455,-3266.634742983498,-1999.0449022114497,1330.2286536383988,2.0502939316981585
4.5988061,TRACKING,1484.9502755680028,-3535.2932509075795,573.243829541198,-3266.674602583418,-1999.11546658667,1330.2905845246985,2.355955639811057
4.6028467,TRACKING,1485.0180417459717,-3541.384032697616,579.698025464603,-3266.6698145696673,-1999.1223631886885,1330.2528820086575,2.1963616467665235
4.6072877,TRACKING,1484.8417717702869,-3547.061218484111,585.8990956047433,-3266.6298711365534,-1999.0305914800617,1330.240336762264,1.893539309746491
4.6116253,TRACKING,1484.5888083740124,-3552.6215773215545,592.0316302313229,-3266.6628441764424,-1999.0289935914857,1330.2928824484584,1.9093234828174994
4.6153736,TRACKING,1484.4707943969916,-3558.541483771886,597.590353473866,-3266.6396610734846,-1998.9941329406026,1330.3058781189552,2.166713303169481
4.6195324,TRACKING,1484.0726837609097,-3564.7114669837524,603.3254536376816,-3266.6483391071392,-1999.0243614894944,1330.3230625041024,2.0277921538226287
4.623609,TRACKING,1483.4016005997244,-3570.9040518421275,609.0636373198708,-3266.6555963447963,-1999.0264407756026,1330.341241918902,2.0774846308043613
4.6282475,TRACKING,1483.157986514601,-3576.8533007588776,614.0385138913767,-3266.6382251051,-1999.0169291552018,1330.318543909687,1.6727421772866176
4.6322744,TRACKING,1482.582815188123,-3582.3699804996663,619.023612899786,-3266.639313950724,-1999.0311289256395,1330.2866840085867,1.8519455285560225
4.6366817,TRACKING,1482.1985020701816,-3588.002711754146,624.2475264656057,-3266.6185487376883,-1999.0157711975735,1330.2913671676718,1.745253293714438
4.6408012,TRACKING,1481.3534435222948,-3593.3025398364302,628.9410211772587,-3266.636259300025,-1999.0596216008973,1330.3342274469464,1.730695440396234
4.6446854,TRACKING,1480.967071129336,-3599.194076813042,633.5299063744877,-3266.6320489996197,-1999.0661517510064,1330.237920122834,1.925181773827889
4.6488917,TRACKING,1480.6655888834798,-3605.3628572840203,638.1083424719083,-3266.607666199897,-1999.0446325827977,1330.2258341207441,1.8277574275297601
4.6528336,TRACKING,1480.4653332357298,-3611.4454626824395,642.5713786563582,-3266.6533216555313,-1999.0868560021293,1330.292426559091,1.9145534855848105
4.6569393,TRACKING,1480.4519456563035,-3617.4287898757493,647.0567428329433,-3266.63267901445,-1999.0931974888767,1330.267038970166,1.821344092064013
4.6615698,TRACKING,1480.1937054536902,-3623.2318355156635,651.1341580572706,-3266.651837745303,-1999.0472978099822,1330.2467506694547,1.532662833908302
4.6656965,TRACKING,1479.735483039604,-3629.1161405028874,655.0397779251334,-3266.64528162074,-1999.0982833275762,1330.2828932366615,1.7150143582644553
4.669678,TRACKING,1479.068305858031,-3634.81830619718,658.6836939348578,-3266.6186054740438,-1999.0314365140177,1330.2574607261383,1.7078610422435825
4.6738816,TRACKING,1478.6722894508557,-3640.8509455674293,662.0394605730348,-3266.653370308244,-1999.1079397337005,1330.3959821582096,1.6449069422783513
4.6781817,TRACKING,1478.3677390280582,-3647.1359334864737,665.090590822865,-3266.6556259946374,-1999.0158789852317,1330.294310988483,1.6262607193362355
4.6823019,TRACKING,1478.1132502844928,-3653.179475174884,668.1236791162203,-3266.657306186725,-1999.0079331730574,1330.3291383222038,1.6423331659675564
4.6861867,TRACKING,1477.9446287489484,-3658.8304275721084,670.822252611008,-3266.653613645885,-1999.0254030722697,1330.307606186794,1.612567644027471
4.6902713,TRACKING,1477.5902660122927,-3664.6305853365952,673.5807975895199,-3266.6590973660695,-1999.0101774042114,1330.3218110162002,1.5748160317277373
4.6946784,TRACKING,1477.0804339695464,-3670.3232136912534,676.3210615541159,-3266.6603174733814,-1999.0430521826213,1330.29777747241,1.438218925231054
4.6986981,TRACKING,1476.3212576355013,-3676.1330433086637,678.6773615930798,-3266.642927476491,-1999.043633607318,1330.2814459123854,1.5710796081266998
4.7029026,TRACKING,1475.6682352198145,-3681.9534676802473,681.1465848863468,-3266.63569776567,-1999.0752850200997,1330.2676473591816,1.5117530392060574
4.7070839,TRACKING,1475.172553536315,-3687.519415797441,683.1055970155684,-3266.62482462661,-1999.0237472784245,1330.2711969714244,1.4161670688721817
4.7117124,TRACKING,1474.819725645925,-3693.3687811637055,684.7563409912528,-3266.631766000821,-1999.0520460963648,1330.235936563959,1.3153426809286466
4.7153726,TRACKING,1474.475744238726,-3699.1152220675012,686.4578457147015,-3266.5942736944216,-1999.055811719875,1330.2433247974363,1.640051911518041
4.7193538,TRACKING,1473.8865894039234,-3704.8950408468754,688.1209379054088,-3266.6305860080834,-1999.1198326176889,1330.2830282618359,1.5179138817090843
4.7235844,TRACKING,1473.1796610334377,-3710.934124117265,689.6796980103574,-3266.6262422019445,-1999.0429106135216,1330.2363496427015,1.4837003097911223
4.7284742,TRACKING,1472.6389079609935,-3716.764672787381,690.994869608159,-3266.6467530562536,-1999.0996044211736,1330.2651811484868,1.2273403464442645
4.7319831,TRACKING,1472.2884597892719,-3722.7341463383605,692.0488897707214,-3266.638603869863,-1999.051088606729,1330.2774692866435,1.7304381322616613
4.7361402,TRACKING,1472.0707096776312,-3728.5553185730378,693.034269330508,-3266.6542316383047,-1999.0236489929962,1330.2781591707624,1.4211824290424937
4.7404408,TRACKING,1471.7319302574617,-3734.250163105162,693.8650261231699,-3266.6385847065612,-1999.0652542076696,1330.3160004930717,1.3405299380008557
4.7447441,TRACKING,1471.2553555430898,-3740.119824977996,694.3248373538542,-3266.648422474282,-1999.0251565342146,1330.2760124221086,1.3726444999203415
4.7488114,TRACKING,1470.2747331432695,-3746.532679271295,695.0412900904666,-3266.666345075318,-1999.0849155529345,1330.3009199246026,1.6047104520211402
4.7526863,TRACKING,1469.8884081855897,-3752.4299774066258,695.083623056437,-3266.664843070082,-1999.0562703977907,1330.2957341590766,1.525223888574788
4.7573752,TRACKING,1469.3820480545915,-3758.3978663163357,694.9851281768529,-3266.664843070082,-1999.0562703977907,1330.2957341590766,1.2775153852692203
4.7618703,TRACKING,1468.6467201856797,-3764.1248842707023,694.7477501407866,-3266.6535086149247,-1999.0313176808888,1330.2570437281165,1.2856018935020495
4.7655059,TRACKING,1467.8401037996225,-3769.4610103121126,694.3820106611003,-3266.6370354314477,-1999.0407405271653,1330.2572117981024,1.4878218995898884
4.7693563,TRACKING,1467.2358665835518,-3774.876084131576,693.9809346599078,-3266.6409162299865,-1999.053625740233,1330.2832913730845,1.4189234448615045
4.7737727,TRACKING,1466.37966683301,-3780.575395819057,693.2027365827172,-3266.638681105372,-1999.0502100491174,1330.237096621828,1.3168117429832777
4.7783626,TRACKING,1465.9140053022595,-3786.613618504359,692.5310124610056,-3266.649381638123,-1999.0383942970072,1330.2629649537096,1.3275431575645817
4.7821147,TRACKING,1465.5658158307626,-3792.7779265060085,691.7988002964462,-3266.6604748525615,-1999.0688740445328,1330.3227867939702,1.6570454080889454
4.786202,TRACKING,1465.2611508612274,-3798.881671928922,690.7518235474631,-3266.6311189277494,-1999.0533234939433,1330.268829601008,1.5169863120718736
4.790557,TRACKING,1464.7924701457334,-3804.707844117706,689.5657595021675,-3266.6321897929474,-1999.0481521922802,1330.2772184085677,1.3694872621163539
4.7948336,TRACKING,1464.1788086396123,-3810.4801170567007,688.18531588933,-3266.639093509222,-1999.0594503734517,1330.258281549398,1.3951938077992558
4.7987898,TRACKING,1463.406236982871,-3816.519493035368,686.434172548073,-3266.639093509222,-1999.0594503734517,1330.258281549398,1.6013879408336154
4.8029326,TRACKING,1462.82898189681,-3822.423304928651,684.5936273457481,-3266.6365928322302,-1999.0626857155567,1330.2703249551607,1.499214049891728
4.8074654,TRACKING,1462.3425763726364,-3828.414668275024,682.5724585616828,-3266.6611874450523,-1999.0735672316146,1330.2696968709986,1.3990862183667538
4.8117404,TRACKING,1461.8261802006116,-3834.339686951594,680.1486810548786,-3266.668511908885,-1999.0515649776723,1330.2656331234527,1.502315552122418
4.815532,TRACKING,1461.3855109173392,-3839.925505716294,677.8242379932472,-3266.6402311664997,-1999.0790472978829,1330.2480140970467,1.599901005464913
4.8194641,TRACKING,1460.8077921780587,-3845.8546916537707,675.2076937230091,-3266.690169466198,-1999.0635754995274,1330.3389645894265,1.6547287458807185
4.8237892,TRACKING,1460.134256261899,-3851.51146303606,672.5870522345687,-3266.677621296736,-1999.07482741025,1330.3071535343236,1.4498171212076179
4.8282594,TRACKING,1459.2953837688349,-3857.235150830188,669.830073961405,-3266.662384791803,-1999.1248188643697,1330.334466706298,1.4335413319160746
4.8324676,TRACKING,1458.3328144528891,-3862.860494377724,666.6290389770483,-3266.6631151512565,-1999.0883626963493,1330.309629434313,1.554945119818282
4.8365413,TRACKING,1457.9010896702641,-3868.579921121243,663.3801963078276,-3266.669973528796,-1999.0844634496214,1330.3290349305053,1.618161542471594
4.8409019,TRACKING,1457.3438961188906,-3874.055074413837,659.8307380255162,-3266.6458862072814,-1999.064958319681,1330.2857026084587,1.5018053895938868
4.8449327,TRACKING,1456.6677497705668,-3880.063616819607,656.1249333829184,-3266.651112538322,-1999.0556300927271,1330.2504840730057,1.7593871469612152
4.8489281,TRACKING,1455.739151623258,-3885.4264579032147,652.5661906501546,-3266.6382106346427,-1999.0477209194416,1330.2690432666518,1.627583273539525
4.8528956,TRACKING,1454.884036653596,-3891.7160748313227,648.8912279489233,-3266.6346628432107,-1999.063925681901,1330.253106598111,1.8486617946081843
4.8572532,TRACKING,1454.3248683452537,-3897.7791063856885,645.138538791959,-3266.6594976298857,-1999.1322165979936,1330.2863465495666,1.641344105302635
4.8616098,TRACKING,1453.880003348336,-3903.627340174239,640.9889204605261,-3266.639158441764,-1999.067949472214,1330.246076423195,1.6491396152549318
4.865592,TRACKING,1453.2926108281863,-3909.4211056190993,636.6785480584972,-3266.6417397033088,-1999.1263153931434,1330.367887608115,1.8193813267393688
4.8696704,TRACKING,1452.6628204699505,-3915.018785275062,632.0982827156998,-3266.654568646152,-1999.0713367520152,1330.2379866570861,1.7801416617846963
4.8739009,TRACKING,1452.0817272123654,-3920.9683074577706,627.2790459712985,-3266.6426448952234,-1999.0667377663895,1330.255166095938,1.8150362102143238
4.8785882,TRACKING,1450.8595689444753,-3927.267644459682,623.1002469424387,-3266.6652160939643,-1999.105669614689,1330.256224973925,1.6336748932278222
4.8821873,TRACKING,1450.2265092807286,-3933.415740918759,617.7717589993356,-3266.6424977192332,-1999.0576081592828,1330.2674709980104,2.2673532997526586
4.8862182,TRACKING,1449.4283876868456,-3939.1108885439558,612.5339865405938,-3266.6609093075194,-1999.0954743352886,1330.3152067906171,1.9297323229729715
4.8905235,TRACKING,1448.4382665951412,-3944.7217537686756,606.8563604596629,-3266.6247188923408,-1999.0345060431134,1330.2720982347832,1.8682742152919996
4.8949777,TRACKING,1447.5405588635401,-3950.5713883811936,601.346095730406,-3266.653114748583,-1999.0776866045337,1330.2575190245864,1.8154169937988436
4.8989587,TRACKING,1446.5202538714957,-3955.7169899904657,595.4994449808323,-3266.6586547350516,-1999.0903371002469,1330.2914927966272,1.973130936308761
4.9028548,TRACKING,1445.9030422277272,-3961.4262254868086,589.8107367187187,-3266.6383513714186,-1999.0714375963958,1330.2201676289392,2.0746837179783153
4.9073061,TRACKING,1445.06569781975,-3967.2322896099627,583.6560911181085,-3266.6245231048306,-1999.0424990621955,1330.2463944041206,1.9100987399618221
4.9117421,TRACKING,1444.74216441835,-3973.427198536339,577.6024176502596,-3266.637245719854,-1999.050573486138,1330.2106596139922,1.9539386187865724
4.9155679,TRACKING,1444.208137647805,-3979.2411543134726,571.3469881138915,-3266.6281173849675,-1999.0828539988543,1330.2502060412069,2.2365863735988376
4.9195388,TRACKING,1443.526202020248,-3985.2705642805313,564.9842981208552,-3266.601269575041,-1999.0451023246462,1330.249982095802,2.2141560497170403
4.9237979,TRACKING,1442.703572307618,-3990.937894458951,558.3398389735348,-3266.6196564844095,-1999.0480695509787,1330.215864422778,2.0595392564952375
4.9285016,TRACKING,1441.719378145836,-3996.849109399617,551.4467541198342,-3266.6391479107397,-1999.063435591552,1330.2899870879137,1.9418262352400937
4.932185,TRACKING,1440.9864029860096,-4002.6744308130396,544.3809991846742,-3266.634065536471,-1999.0509775595685,1330.2732862956336,2.4940971892231323
4.9361111,TRACKING,1440.2393413163359,-4008.4422958781724,537.1076090898158,-3266.6652191631883,-1999.060844507358,1330.3577285251577,2.372027615142383
4.9405627,TRACKING,1439.585454894001,-4014.1382980934427,529.6661996261115,-3266.6560806770894,-1999.0385454221957,1330.320492619968,2.1102446918225857
4.9452175,TRACKING,1438.8928714500246,-4019.9096513596164,521.9866834190024,-3266.6757513313596,-1999.0469026195447,1330.3750428263745,2.069125059379288
4.9488669,TRACKING,1438.1605846068267,-4025.5092764507726,514.1994801382978,-3266.622367329489,-1999.0065437827857,1330.30200776677,2.635881416496743
4.9528348,TRACKING,1437.1727360243935,-4031.314148215892,506.27282639178645,-3266.643600657467,-1999.0281779605664,1330.267774074662,2.4885764630134126
4.9573435,TRACKING,1436.0623442785532,-4036.9208726433603,498.17120571570337,-3266.6331190645933,-1999.0322487575609,1330.3184772198194,2.1990522608965106
4.9617813,TRACKING,1435.0826672161274,-4042.458661939634,489.93485570201295,-3266.654150208461,-1999.0289942071272,1330.2307911457417,2.247325473490189
4.9655803,TRACKING,1434.430792340219,-4047.9961715030363,481.40038133359366,-3266.6343635801854,-1999.0327194871368,1330.2207749265046,2.6834483614244564
4.9695328,TRACKING,1433.5590873524122,-4053.525206039759,472.3643076542493,-3266.658187557471,-1999.0553160224476,1330.2391156966798,2.6892445087074144
4.9738889,TRACKING,1432.7971326562722,-4059.2659271890075,463.567201640101,-3266.656419572514,-1999.0357554670513,1330.219556103964,2.417786299375168
4.9784579,TRACKING,1431.7620754481393,-4064.807874041712,454.8546503709175,-3266.675049708694,-1999.0991142046348,1330.2841985588698,2.2712906683796734
4.9822304,TRACKING,1430.7650885066048,-4070.8624493418934,445.9552115969298,-3266.6503947802235,-1999.0643003454954,1330.2402855272032,2.8654220281882923
4.9863307,TRACKING,1429.827680385272,-4076.5109799243305,437.01800645576594,-3266.6508911378905,-1999.0837754839863,1330.2337595546007,2.5886056862526874
4.990826,TRACKING,1429.26380020918,-4082.376388580329,427.73902204181763,-3266.6443672316427,-1999.098229858502,1330.3304231151271,2.44518481638591
4.9949717,TRACKING,1428.731559882398,-4088.1607790397143,418.2181756609095,-3266.6569453726975,-1999.056932884283,1330.2595962243415,2.690252612264603
4.9989828,TRACKING,1427.854282612539,-4093.70940861826,408.4666291461786,-3266.654858369059,-1999.0520086137847,1330.3915949585112,2.8056814569428625
5.0032978,TRACKING,1426.7665189060115,-4099.676374001967,398.715455786786,-3266.646134820303,-1999.0538452632354,1330.289300596379,2.6613231800972623
5.0074544,TRACKING,1425.497663513536,-4106.014472213125,388.9400993095726,-3266.626374592497,-1999.039706489718,1330.3260755192098,2.819413852519238
5.0117387,TRACKING,1424.533785762159,-4111.535471284777,378.7867421079339,-3266.624019800002,-1999.0352021622234,1330.3313872168897,2.7069680547506945
5.0153826,TRACKING,1423.5531140145192,-4117.276460765764,368.05810978756483,-3266.6180059482194,-1999.028462379345,1330.2880885332538,3.3501325569307845
5.0197347,TRACKING,1422.4971328447139,-4122.8577531285155,357.57442108815974,-3266.6219784905675,-1999.068170083331,1330.2786199290358,2.739748450003442
5.0237005,TRACKING,1421.2100888178309,-4127.996815372384,346.61909738522576,-3266.6598474036477,-1999.0567209268477,1330.2263455466325,3.0684959069515507
5.0283763,TRACKING,1420.0411787721582,-4133.378206957525,335.5457149692678,-3266.6451466931226,-1999.0636625012298,1330.2493423814435,2.6449195063557562
5.032067,TRACKING,1419.0918990658836,-4139.1017998536545,324.67350728691,-3266.644000446982,-1999.1056054401993,1330.304892157934,3.3390343377299923
5.0362379,TRACKING,1418.3168493933874,-4145.068909315609,313.5649526362348,-3266.6241499095313,-1999.0743062312547,1330.2716510037822,3.0289792887285905
5.0404765,TRACKING,1417.7418849699181,-4150.874623654482,302.4159415680084,-3266.6449724560052,-1999.0585653974392,1330.2318270582648,2.9687201037880193
5.0450495,TRACKING,1417.0295337224093,-4156.657108641393,290.91696600426434,-3266.651699039427,-1999.060144708807,1330.2633569322281,2.8188790124318026
5.0489913,TRACKING,1416.209274784408,-4162.61823765083,279.3616366248564,-3266.6499086884537,-1999.0452401527164,1330.2234666622255,3.3051351651689393
5.0528343,TRACKING,1415.0901907520752,-4168.305862846393,267.426919504658,-3266.6499086884537,-1999.0452401527164,1330.2234666622255,3.4525020196012517
5.0575353,TRACKING,1414.0314003786366,-4173.943844971801,255.4173274064842,-3266.6489736926455,-1999.0366140810538,1330.2233234471219,2.8311692990871826
5.0613907,TRACKING,1413.0459992350334,-4179.570554139302,243.33267292728286,-3266.683764577233,-1999.0895902399052,1330.3322506319957,3.467017758589261
5.0657515,TRACKING,1412.1745310757262,-4185.175099825116,230.94112113319068,-3266.672404422481,-1999.0987660250055,1330.3610124844324,3.125102550636129
5.0695773,TRACKING,1411.326501096641,-4190.622361588881,218.33129816400347,-3266.6687206172583,-1999.0209686980572,1330.3189182641945,3.597220791717561
5.0741967,TRACKING,1410.49016138607,-4196.318676873439,205.46615392621203,-3266.6485360376837,-1999.0301254669582,1330.29131585722,3.0511882178051186
5.0784583,TRACKING,1409.4517919809507,-4202.007008286467,192.379593371276,-3266.6485360376837,-1999.0301254669582,1330.29131585722,3.3572155660850322
5.0823548,TRACKING,1408.1301247659953,-4207.323256915536,179.60049869543036,-3266.6270435432643,-1999.0454927233775,1330.2584199184432,3.568269165223794
5.0862031,TRACKING,1406.9447152064663,-4212.698269257858,166.36419330030085,-3266.644055919536,-1999.0418265112212,1330.2468110806042,3.725053242423754
5.0906377,TRACKING,1405.9696378259507,-4218.034977239492,152.95108998829087,-3266.6268524879324,-1999.0218328386097,1330.2657834297752,3.262678803270966
5.0952221,TRACKING,1405.0130597513566,-4223.457643235163,139.2136641684703,-3266.664793338637,-1999.0812544656987,1330.339278130845,3.2283190722271624
5.0988741,TRACKING,1403.9769001052323,-4229.298876161813,125.16543958196809,-3266.6192131540283,-1999.053986805136,1330.273620140968,4.175648130504246
5.1029574,TRACKING,1402.8547125243006,-4234.61522466937,111.22426760393662,-3266.6538510820255,-1999.081987198009,1330.3044920279285,3.664338020237694
5.107478,TRACKING,1401.6809662461135,-4240.165931830988,97.46857037020814,-3266.621665769486,-1999.0649167614824,1330.2473463725148,3.291545214342243
5.1118267,TRACKING,1400.4733354965888,-4245.666884136288,83.56688791372136,-3266.617620728834,-1999.0663608369384,1330.2520309505767,3.4491198346873753
5.1157368,TRACKING,1399.6346736677297,-4251.424379918375,69.2520418898031,-3266.6331559425753,-1999.06094155642,1330.2520541426725,3.951838804357848
5.119537,TRACKING,1398.967813484542,-4257.068453905849,54.70557988591478,-3266.663148592961,-1999.0796269815478,1330.3105052287758,4.109597567350301
5.1239915,TRACKING,1398.1156891667467,-4262.488836203556,40.126555527802466,-3266.632101806613,-1999.0534174598522,1330.2773851152313,3.496997414378767
5.1284486,TRACKING,1397.0283142547983,-4267.707632000646,25.6033384385726,-3266.6446011610465,-1999.0608385922892,1330.3155215514612,3.4710200610366058
5.132229,TRACKING,1395.9526301222984,-4273.40934234412,11.57944169198736,-3266.6498983491365,-1999.0240688771598,1330.3321415531982,4.014610508957268
5.1361646,TRACKING,1395.416883638104,-4279.441415631243,18.514172346671273,-3266.6498983491365,-1999.0240688771598,1330.3321415531982,2.339339683152657
5.140749,TRACKING,1395.5958170953445,-4284.645214914718,28.82393528935695,-3266.6572290249032,-1999.060402512503,1330.2801597045163,2.5194160820478895
5.1449192,TRACKING,1395.77375105077,-4289.796979457724,38.736060870720024,-3266.63440102094,-1999.064445907702,1330.2608166981022,2.679104658217915
5.148851,TRACKING,1395.925438855095,-4294.836899600997,48.03859711390973,-3266.676963906478,-1999.1102173685704,1330.3617188444641,2.691174980567732
5.152997,TRACKING,1395.9527140934147,-4300.157094112757,57.67345391579811,-3266.6197285767553,-1999.0240211013393,1330.2610786724836,2.6546467697339637
5.15726,TRACKING,1396.0332554722102,-4304.797485985902,67.11168377056441,-3266.641103153247,-1999.053194203572,1330.2312907941653,2.467182698155952
5.1616782,TRACKING,1396.0789147748405,-4309.735424546273,76.3188108476473,-3266.63844538939,-1999.064541283459,1330.2363817560451,2.3647185139216025
5.1655569,TRACKING,1395.7969275214693,-4315.031130200026,85.18178992779393,-3266.6549694307823,-1999.0906233065605,1330.2998378406414,2.6628580294278126
5.1695832,TRACKING,1396.0154773863767,-4320.135984552826,94.29303354082542,-3266.639083453756,-1999.0750639694313,1330.309502276877,2.5944789488162163
5.1741419,TRACKING,1396.4492304415744,-4325.432099060661,103.15250763157435,-3266.631082760261,-1999.052492624152,1330.2620813230042,2.2661917293580327
5.1782945,TRACKING,1396.7111880215343,-4330.64585752793,111.87242598181935,-3266.6214057280167,-1999.028543668062,1330.2575372273684,2.447409685058176
5.1822359,TRACKING,1397.2049311222734,-4335.970904192649,120.40025407386568,-3266.6330059876095,-1999.0324364858752,1330.348535302831,2.553907293478004
5.1862475,TRACKING,1397.7063371321017,-4341.068339490871,128.83358322233573,-3266.6456436186904,-1999.01661262538,1330.2891923683953,2.459599503182086
5.1905142,TRACKING,1397.8602905562218,-4346.285726796636,136.8828181818105,-3266.667705006421,-1999.0251799283299,1330.3023480299287,2.248456225246163
5.1949585,TRACKING,1398.0810301174213,-4350.9528552504435,144.9015674741401,-3266.650837158721,-1998.9930699103954,1330.3587978979717,2.088222478347622
5.1989037,TRACKING,1398.0965785346143,-4356.188372384859,152.67762941037876,-3266.623386214372,-1999.033239460934,1330.2682605179766,2.3761349853302858
5.2030288,TRACKING,1398.183873435291,-4361.366371400643,160.0330003219064,-3266.654520248738,-1999.060250779917,1330.2654531149474,2.180698058118453
5.2072318,TRACKING,1398.2582971448278,-4366.520398514842,167.2987499413113,-3266.6190594753143,-1999.0682300596309,1330.2388577169916,2.1195478396919123
5.2114549,TRACKING,1398.2856665193167,-4371.699630667073,174.53138314126286,-3266.596585086971,-1999.0698786889677,1330.225917411471,2.106474323885224
5.2155839,TRACKING,1398.6171504260253,-4377.008190744588,181.6040068930751,-3266.6153852413418,-1999.0582561577746,1330.1842403752084,2.1432420006348987
5.2196943,TRACKING,1398.8575912290978,-4381.905120368025,188.70832478636814,-3266.629321452736,-1999.0575911920328,1330.2569021323657,2.1000056715888604
5.2239989,TRACKING,1399.0156985813878,-4386.922664505194,195.1202822183261,-3266.606384170387,-1999.0639529994237,1330.2357928874235,1.8917756525159717
5.2283341,TRACKING,1399.1051534125909,-4392.053091580805,201.86698987025105,-3266.6128019283715,-1999.0681233916573,1330.2465035473804,1.9552227147251802
5.2322896,TRACKING,1398.8994040048146,-4397.115881985062,208.18507379231065,-3266.630529393656,-1999.0749914532166,1330.3434682441516,2.0475063282273567
5.2362615,TRACKING,1398.828209486779,-4401.975669761591,214.60654195008516,-3266.608538887628,-1999.0336518915456,1330.2637860260947,2.027603344795948
5.2405895,TRACKING,1398.8831104713759,-4406.894407918055,220.64853768876034,-3266.651738191705,-1999.0681747904766,1330.335916275757,1.8001835711889602
5.2451526,TRACKING,1398.9597615849398,-4411.810424305526,226.71125404821314,-3266.6467395515933,-1999.0404426945136,1330.3596439169796,1.7106227995784435
5.2488736,TRACKING,1398.9380554191243,-4416.710573928339,232.3252951076305,-3266.651614708464,-1999.0153045973493,1330.3094300542186,2.0026349856011656
5.2528912,TRACKING,1398.9996462822353,-4421.718750222609,237.93440305098014,-3266.6330211515037,-1999.0108888682578,1330.3063837757868,1.8717198038270089
5.2571897,TRACKING,1399.0580402385865,-4427.027093015379,243.02337234358797,-3266.644374311506,-1999.0332927192828,1330.2915570378009,1.7108009752172701
5.261719,TRACKING,1399.0998279553141,-4432.087447812374,248.40493621803603,-3266.6469941052746,-1999.0402117329108,1330.2625631967394,1.6309721777387078
5.2657318,TRACKING,1398.9957177859872,-4436.887364270252,253.3165937858426,-3266.651361885775,-1999.0301401561792,1330.2532091261585,1.7116137079537357
5.2698958,TRACKING,1398.934945327847,-4441.997854261231,258.4599478422347,-3266.6199737752777,-1999.0398752370654,1330.2152914939704,1.7413195445140683
5.2741192,TRACKING,1398.775036274686,-4447.067193026734,263.03373130471454,-3266.6262868834374,-1999.066876913151,1330.1966361962625,1.6170827341297744
5.2784272,TRACKING,1398.8886017269201,-4452.190255267789,267.69504121422756,-3266.671119296235,-1999.0716949257896,1330.2047660567164,1.6079914113389602
5.282214,TRACKING,1399.3703505070405,-4457.719768162432,271.9518012204993,-3266.6440556553716,-1999.0725686444785,1330.2125637147712,1.8471603186838934
5.2862328,TRACKING,1399.560711734635,-4462.811370924214,276.0627833782224,-3266.6284056322365,-1999.0258899036623,1330.2129795389892,1.6290480592156225
5.2905609,TRACKING,1399.7522373233755,-4467.858266724731,280.22296526799596,-3266.624673255178,-1999.0600090680844,1330.3034621664822,1.5118212568323415
5.2953551,TRACKING,1399.8439474567713,-4472.950366393004,284.22857357971463,-3266.6236727290493,-1999.0469176095519,1330.2619057390898,1.3515107018148858
5.2989549,TRACKING,1399.672276137252,-4478.04250995104,287.85293835083263,-3266.6457033018282,-1999.0606575767913,1330.2970990985687,1.736938943719904
5.3030081,TRACKING,1398.912964402075,-4483.606309022563,292.13928926802316,-3266.631903694557,-1999.0637041454834,1330.3344132017046,1.742909941767094
5.3075671,TRACKING,1398.8326133831158,-4488.933170867031,295.49331028815465,-3266.6056652098696,-1999.0236748492198,1330.3173688898055,1.3808609645672005
5.3117479,TRACKING,1398.8326969009063,-4494.043080309493,298.7177731715093,-3266.602054564484,-1999.0113479478973,1330.3056439681573,1.44522885340136
5.315627,TRACKING,1398.7401825204558,-4499.43280730236,301.20351361026604,-3266.6234325507357,-1999.03563067672,1330.2867692862048,1.530263273286237
5.3195805,TRACKING,1398.6229744992063,-4504.398129980889,304.14260348545906,-3266.6055476373435,-1999.0266367133227,1330.2545704086053,1.4597625241145855
5.3239579,TRACKING,1398.4243089110785,-4509.298416084958,306.6704419809929,-3266.597846599844,-1999.037000677867,1330.2843573968894,1.260439674079556
5.328352,TRACKING,1398.1017022875988,-4514.355056027201,309.0427848778904,-3266.608301260757,-1999.023008924781,1330.2816309512937,1.2732508654526138
5.3321819,TRACKING,1397.7245971503862,-4519.226225577287,311.2413399115438,-3266.623417440336,-1999.0538807785044,1330.2438291688097,1.39889421885409
5.3362035,TRACKING,1397.516804003295,-4524.218335417853,313.21995807693133,-3266.627962123531,-1999.044346874398,1330.2344767566246,1.3362700112514592
5.3409247,TRACKING,1397.5271102015452,-4529.349860089752,315.2117140582382,-3266.6281285542154,-1999.046253154755,1330.1973651519945,1.1659155055363
5.3450734,TRACKING,1397.6797450574497,-4534.4327753425605,317.2461826553923,-3266.633649382947,-1999.0397477409224,1330.2369656613218,1.3201914715366132
5.3490554,TRACKING,1397.947589392792,-4539.782578973137,318.93721898347104,-3266.6157261458748,-1999.0327998975074,1330.2247274879608,1.4106212585391105
5.3528762,TRACKING,1398.0734411463,-4545.062147869636,320.3862116298187,-3266.6770546935973,-1999.0536302194364,1330.2698715611546,1.4332719900478628
5.3572035,TRACKING,1398.0147936276503,-4550.331202181676,321.6555421948003,-3266.642029854514,-1999.0519062127867,1330.2192707001586,1.2525381196972698
5.361623,TRACKING,1398.1439883280068,-4555.348644756468,322.7697282052342,-3266.6415669271487,-1999.02031163793,1330.20880686963,1.1633186948600989
5.3657336,TRACKING,1398.1281286389867,-4560.012778875033,323.7480268632706,-3266.6616299895204,-1999.0294323594226,1330.260653745793,1.159357496621342
5.3695333,TRACKING,1397.9672132477983,-4565.114117640954,324.52449243937946,-3266.6380805486215,-1999.0093076439234,1330.2668730848197,1.3586864924147737
5.3736135,TRACKING,1397.7507573489706,-4570.139552548433,324.9902110364294,-3266.6447308240477,-1999.0257972341662,1330.2671752147587,1.2380785156509482
5.3782563,TRACKING,1397.6152045246608,-4575.186603916712,325.4103278171704,-3266.651059156965,-1999.0137366978113,1330.2944454721098,1.0912208543351463
5.3821165,TRACKING,1397.5154740128476,-4580.452870882979,325.64733803216257,-3266.605496071763,-1999.0184939231726,1330.2934649730237,1.3658724735165895
5.3863681,TRACKING,1397.5125298457262,-4585.44105039748,325.7424565824501,-3266.6111311576506,-1999.0377954354778,1330.2624932379238,1.1734610966783245
5.3905409,TRACKING,1397.4703954622855,-4590.687895502327,325.6295695763511,-3266.6146499377132,-1999.0576193022828,1330.2806255980797,1.2577234698738622
5.3950027,TRACKING,1397.3284146679866,-4595.655460308671,325.35741072993113,-3266.6275558151465,-1999.061960790302,1330.312355080918,1.1154781015768587
5.399085,TRACKING,1397.0467134970997,-4600.787233713879,324.929329810784,-3266.580963366901,-1999.057840479584,1330.2747713164736,1.2633310858841549
5.4030431,TRACKING,1396.8690333414959,-4605.770759876435,324.29721638133225,-3266.5654458982285,-1999.049222059084,1330.314713872788,1.2699518272314085
5.4076865,TRACKING,1396.7287477198436,-4610.367433252134,323.43738374695886,-3266.577091383729,-1999.0146732114156,1330.3232970675865,1.007559946752761
5.4118801,TRACKING,1396.316731866229,-4615.510930777383,322.64748122395275,-3266.6287257709528,-1999.0778527137743,1330.3887230490495,1.2447737787257998
5.4155786,TRACKING,1396.196106492184,-4620.122673892678,321.66149875649734,-3266.6028520882337,-1999.0324792893082,1330.3429643444424,1.2755194003555406
5.4197137,TRACKING,1396.0025568571484,-4625.2832039660225,320.51842696180705,-3266.633730531178,-1999.042641684647,1330.352299423795,1.2790872156442987
5.42398,TRACKING,1395.810733359176,-4630.282294386672,318.88030149720976,-3266.612619971074,-1999.0276480700227,1330.2922777839487,1.2338885467374023
5.428316,TRACKING,1395.6320791748792,-4635.181995775829,317.11071400186563,-3266.6425769816437,-1999.0343463032602,1330.3621110821502,1.2021509104184198
5.4323769,TRACKING,1395.4263726330016,-4640.30500681708,315.36647325617855,-3266.6394402565784,-1999.0366068263436,1330.3252749133824,1.333623504183727
5.4361962,TRACKING,1394.9413068517335,-4645.12593028063,313.5328827103794,-3266.6247200422104,-1999.0124523443078,1330.248429956788,1.3564273229371522
5.4406754,TRACKING,1394.5005951033552,-4650.254341731547,311.36171994646304,-3266.6249962472066,-1999.0205182214927,1330.2276297614756,1.2472052538882983
5.4452415,TRACKING,1394.2858763286897,-4655.2682611308255,309.2901643242879,-3266.639926004477,-1999.0550774404644,1330.2102332067261,1.18903599964359
5.4489366,TRACKING,1394.2261482880476,-4660.521553228151,306.803475540947,-3266.6540168811653,-1999.0423733299538,1330.186508220155,1.5730084310549513
5.4528289,TRACKING,1394.3429506020177,-4665.783806351298,304.2663532564453,-3266.6142628187836,-1999.038001591579,1330.1991533925311,1.5011973614744243
5.4571459,TRACKING,1394.4463699834153,-4671.067499864671,301.47139430569825,-3266.6142628187836,-1999.038001591579,1330.1991533925311,1.3848242754906783
5.4619534,TRACKING,1394.3262866665912,-4676.106334687087,298.51098872379316,-3266.63215084098,-1999.0268045753198,1330.2281276521392,1.2158842991108172
5.4659669,TRACKING,1393.920953817562,-4680.926272726427,295.4225036374629,-3266.625587277685,-1999.0217166823422,1330.244352978627,1.429896145672066
5.4696214,TRACKING,1393.5641804632396,-4686.377263611945,292.46360573468866,-3266.646549778388,-1999.1082424361991,1330.3510977566552,1.6999701733774597
5.4740446,TRACKING,1392.6619032023484,-4691.811592330777,289.62461822283507,-3266.6098049611687,-1999.04262119308,1330.2910739048639,1.4010779562398012
5.4787537,TRACKING,1392.3058235769936,-4697.290735830478,285.727404889596,-3266.6158045284606,-1999.036343852111,1330.2967691085298,1.4298288648920028
5.4822686,TRACKING,1392.0793386908424,-4702.262411684959,282.29932712404724,-3266.6135680477046,-1999.0485847065954,1330.3346333371753,1.7193164560430922
5.4862027,TRACKING,1391.7716613707053,-4707.568220299166,277.9894261403214,-3266.602147661587,-1999.0259209636401,1330.336499253323,1.739311405084957
5.4906527,TRACKING,1391.274938429579,-4712.42069844914,273.4957222515187,-3266.598032051134,-1999.0534710955587,1330.2939335787287,1.4903917752743443
5.4948377,TRACKING,1390.8106293206363,-4717.374223863112,269.2749287097663,-3266.598032051134,-1999.0534710955587,1330.2939335787287,1.5590019045332502
5.4989935,TRACKING,1390.2224267527372,-4722.128870941281,264.5637729786727,-3266.6242018500143,-1999.0667112235858,1330.3504509913207,1.6168245136948196
5.5028938,TRACKING,1389.5403113045393,-4727.247356640926,259.6879983268462,-3266.5922941149374,-1999.0592839829767,1330.2732735725147,1.820866652136969
5.5074204,TRACKING,1389.1937662528908,-4732.284899384393,255.057576149044,-3266.626215495891,-1999.0755430099487,1330.2399866471665,1.5135228011890651
5.5119115,TRACKING,1388.8537351346865,-4737.328841069524,249.9492875082399,-3266.600290522655,-1999.061925538349,1330.2565081526857,1.6002546116431737
5.5157033,TRACKING,1388.9293021587248,-4742.398979832505,245.02122958039092,-3266.616437493898,-1999.0623606607228,1330.2440187886923,1.864789887226247
5.5198778,TRACKING,1388.776758139327,-4747.876056325743,239.72927840568622,-3266.6511302921035,-1999.0522457124655,1330.2058416355515,1.8247706532434314
5.5244891,TRACKING,1388.7433112274402,-4752.820895512584,234.31247625771803,-3266.6321862614377,-1999.0339826292986,1330.2262084579909,1.590540558947701
5.5284922,TRACKING,1388.4252543993484,-4758.17257152079,228.6211815149634,-3266.651219252953,-1999.0698354692888,1330.286514081751,1.9531670893253723
5.5324439,TRACKING,1388.454123184514,-4761.803263459108,222.94009205337156,-3266.641719999707,-1999.0239658866471,1330.21463605322,1.706156924584626
5.5365629,TRACKING,1388.0639801853276,-4767.549597204757,216.94254906628987,-3266.6552933957387,-1999.0814684808877,1330.2514775507188,2.0187502075464043
5.5407872,TRACKING,1387.4637530732437,-4772.766698095796,210.54481505019587,-3266.6406012713037,-1999.016542518162,1330.2429398349161,1.9593876926370446
5.5453654,TRACKING,1387.0261933431066,-4778.058712754276,204.16624966704893,-3266.653119186914,-1999.020802148019,1330.259941064941,1.8128471313623655
5.5491836,TRACKING,1386.694388031998,-4782.812477708223,197.64036752027056,-3266.6351945422557,-1999.061614928971,1330.2872932931934,2.116328100364531
5.5535615,TRACKING,1386.3731397891456,-4787.942389707987,191.1606674910493,-3266.632386050127,-1999.030491034848,1330.2726695957092,1.8892104551264823
5.5579397,TRACKING,1386.0261267533765,-4792.874973316598,184.3138243805966,-3266.615452840861,-1999.0155969937173,1330.2790164878259,1.9290376188673801
5.56204,TRACKING,1385.8357749639893,-4798.028806128158,177.3063103155294,-3266.624982850063,-1999.0427633080487,1330.273935075225,2.1219848957683327
5.5657192,TRACKING,1385.3808441133885,-4802.878456180615,170.08157384409827,-3266.610499199044,-1999.0275747924914,1330.2758602184788,2.3682794912065437
5.5698553,TRACKING,1384.8559499591101,-4808.01793489971,162.45402338511312,-3266.597068081791,-1999.0371764936085,1330.2371401435669,2.2273282844214153
5.5739473,TRACKING,1384.8783102526231,-4812.059007220642,154.97198258231688,-3266.583517949323,-1999.0178432842838,1330.278355636107,2.078110616028504
5.5784733,TRACKING,1383.7038563859667,-4817.650121294816,147.47704067055352,-3266.636680953156,-1999.0721482166282,1330.3576860307196,2.082218469685386
5.5824729,TRACKING,1383.1733013021455,-4822.195035144513,139.5941242569649,-3266.605000010249,-1999.0240377482532,1330.2909222942137,2.2789076316129986
5.5866881,TRACKING,1383.0883427115843,-4826.758331494293,131.5968319483788,-3266.635823147677,-1999.0653964605506,1330.2543015108179,2.184479249215711
5.5909563,TRACKING,1382.5640801709274,-4831.778208717285,123.24312379227723,-3266.6390791907224,-1999.0205999051095,1330.2646211055737,2.2866885292570727
5.5951877,TRACKING,1382.1114898929086,-4836.7242261344645,114.77189415001347,-3266.594848513092,-1999.0504573454996,1330.2838641638218,2.320711911192909
5.5990712,TRACKING,1381.5173746223143,-4841.762731941172,106.33777920929438,-3266.6028246636374,-1999.0273998056318,1330.2749982293237,2.534427531021693
5.602865,TRACKING,1380.838233154389,-4846.954705944355,97.68187879195798,-3266.6381186808835,-1999.105939819514,1330.3058162582088,2.666572829520778
5.6072352,TRACKING,1380.086955961179,-4851.843370353334,88.94059415712499,-3266.589798516731,-1999.015753652061,1330.2746440771625,2.2981970494538877
5.6117522,TRACKING,1379.423573304783,-4856.9412231309,80.04983475490776,-3266.624669890403,-1999.0533949029336,1330.2972994267543,2.273642451213936
5.6157185,TRACKING,1378.989067280771,-4861.889048589631,70.99111472329183,-3266.625676010729,-1999.033148290833,1330.258469716345,2.6047021153858383
5.619647,TRACKING,1378.6999668290541,-4867.218349260626,61.50762973459341,-3266.62179530115,-1999.0574091100682,1330.255827035437,2.770055967763833
5.6236796,TRACKING,1378.5298491395386,-4872.362061906744,52.00690167105833,-3266.6455387113733,-1999.0566429423357,1330.3238283742448,2.679441801259214
5.6284288,TRACKING,1378.3298768103398,-4877.1291409928635,42.39389630187326,-3266.607726163565,-1999.0267888423966,1330.2439302038333,2.2597399868486545
5.6324841,TRACKING,1377.9754403782802,-4881.933052558304,32.813899595595416,-3266.6405566772783,-1999.0550678834393,1330.254213480767,2.644157216298123
5.6362329,TRACKING,1377.354634299055,-4886.834074546545,23.559815912336937,-3266.6389314977328,-1999.066572417527,1330.2541855980644,2.7982717610147394
5.6406237,TRACKING,1377.2194557403488,-4891.656301994826,27.811057495264297,-3266.614440504519,-1999.0389693884597,1330.227740245297,1.464431032905288
5.6452192,TRACKING,1376.879088805386,-4896.621989023337,35.07063508530532,-3266.6136055860034,-1999.026349351285,1330.263862369987,1.9153539537802404
5.6491777,TRACKING,1377.1994689635637,-4900.968373915453,42.556537902791426,-3266.6569870917383,-1999.0600312257695,1330.301940617413,2.1882347126320996
5.6530549,TRACKING,1377.308578692454,-4905.851908216722,48.76955211659472,-3266.634607658934,-1999.0628620226385,1330.2940372132318,2.038407379476494
5.6575388,TRACKING,1377.64041022262,-4910.472206328003,55.27238270645662,-3266.614856010588,-1999.0544156969092,1330.2446398509421,1.7805902243868363
5.6618476,TRACKING,1377.6864314029367,-4915.0254359347755,60.99733202046153,-3266.632956952657,-1999.0455788814081,1330.27113532898,1.6976858729087398
5.665686,TRACKING,1378.271694276328,-4918.898402363199,67.14540279221494,-3266.631470976828,-1999.032289068751,1330.2801184779291,1.8991765930871103
5.6696499,TRACKING,1377.9677468605012,-4923.146389149161,72.68103191595168,-3266.630327254048,-1999.0432957958315,1330.247057445735,1.7619862155291341
5.6738445,TRACKING,1377.8865372667647,-4927.672526404604,78.5126025017029,-3266.6264203045757,-1999.0341614695144,1330.2625984805613,1.7599754856857819
5.6788375,TRACKING,1377.81007068974,-4932.349915611915,84.01707899424872,-3266.624885493469,-1999.0463290035946,1330.2562185152751,1.4467826156106707
5.6824899,TRACKING,1377.9736053739725,-4936.975754325506,89.44952924377694,-3266.6171563096204,-1999.0518934136628,1330.250267028152,1.9540551912474
5.6863785,TRACKING,1378.2579333156302,-4941.618044754112,94.8394342280347,-3266.616276093747,-1999.0495815504387,1330.2485449871208,1.8307832740694898
5.6906781,TRACKING,1378.6390661501518,-4946.0727731498,100.07355582707174,-3266.6189704763465,-1999.0751080840503,1330.2653017600412,1.6010190346265094
5.6951196,TRACKING,1379.0822378727587,-4950.661865713617,105.25257521112128,-3266.657086823,-1999.0718374603848,1330.3070203603206,1.5611527477264737
5.6991067,TRACKING,1379.3415760279172,-4955.232949220487,110.15759501787836,-3266.660700547204,-1999.1080093454004,1330.2427296066155,1.6828747368614971
5.703075,TRACKING,1379.7048235060468,-4959.775466352704,114.92907214742768,-3266.6397345524897,-1999.1198178703569,1330.2435762895793,1.6626729055795726
5.7074365,TRACKING,1379.9110680730585,-4964.164216987318,119.4422705336862,-3266.6426339683226,-1999.0726322305788,1330.2995193633826,1.4441410452352061
5.7118562,TRACKING,1380.0373981995758,-4968.455168569682,123.88611306785837,-3266.6405961165237,-1999.0474171853748,1330.2597079166399,1.3979839946215886
5.7158179,TRACKING,1380.163141957986,-4973.434120242743,127.96914130278002,-3266.6546200893094,-1999.0742990580934,1330.313417700951,1.6256292736910232
5.719651,TRACKING,1380.110514339638,-4977.87959786566,131.754210096318,-3266.631135194211,-1999.052897964663,1330.2724291564923,1.523262434474021
5.7240672,TRACKING,1380.2677332279764,-4982.528642826016,135.49190757300502,-3266.659319761445,-1999.0663197594588,1330.2677621872838,1.3512305117755998
5.7285199,TRACKING,1380.430018851278,-4987.1560257790925,139.19166011432688,-3266.644969799059,-1999.1214787089004,1330.2746094926176,1.3310617334201322
5.7324943,TRACKING,1380.4235967337559,-4991.501883855264,142.8759850218224,-3266.6606758441476,-1999.0835306067775,1330.30868547016,1.433533542528339
5.7363606,TRACKING,1380.5702488388768,-4996.19304013738,146.09012072908928,-3266.6504117259997,-1999.0551322526492,1330.261993857725,1.4713053638067022
5.7406446,TRACKING,1380.8359257170623,-5000.672665059495,149.1339224346575,-3266.634065156972,-1999.0685705902335,1330.224575087251,1.2657314684149732
5.745058,TRACKING,1380.833480658322,-5005.143202252939,151.95833672159287,-3266.6467807651684,-1999.0684918172194,1330.2555835084393,1.1981709438904238
5.7489158,TRACKING,1380.5834626331948,-5009.82391786566,154.81048152936705,-3266.6616636051326,-1999.0443990051917,1330.2342631146998,1.4222935985465321
5.7531026,TRACKING,1380.6277213914748,-5014.498163947987,156.9434758399938,-3266.6769443799885,-1999.0562024969254,1330.2429037378522,1.2272170856952929
5.7575795,TRACKING,1380.5186670740052,-5018.803531813255,159.57057146495154,-3266.675471059532,-1999.042996941658,1330.211812036536,1.126844742108061
5.7619151,TRACKING,1380.3864824485086,-5023.3161596754135,161.91025205775304,-3266.6540392800457,-1999.045827842297,1330.274273290482,1.17280639229186
5.7655797,TRACKING,1381.016072444224,-5026.764944602184,163.44752629983284,-3266.6658601341755,-1999.1324984031764,1330.3636573641022,1.044593370727263
5.769554,TRACKING,1381.0336022251051,-5031.048417515604,165.57180266199026,-3266.6498961534894,-1999.0717768829545,1330.3148332106591,1.2030590429516277
5.7739587,TRACKING,1381.0208670579325,-5035.553306690819,167.17465633241818,-3266.611566911311,-1999.0582338209088,1330.2675835299647,1.085558905093468
5.7783804,TRACKING,1381.0831116148374,-5040.180204309994,168.70510673047875,-3266.593685686344,-1999.0468192990793,1330.303676551812,1.1022552073962832
5.7826459,TRACKING,1380.911005464223,-5044.632522982312,170.07668136783462,-3266.6003980353366,-1999.0745443377668,1330.2633967668735,1.0929484436621644
5.7865614,TRACKING,1380.7017300703285,-5049.32576703131,171.3798742833898,-3266.6256336734887,-1999.111359561687,1330.3189351566884,1.2451308919642743
5.7907636,TRACKING,1380.5713416452318,-5054.027615943692,172.64154902795465,-3266.605174963048,-1999.0780736139782,1330.2902642084061,1.1588998383335793
5.7950914,TRACKING,1380.4319369392367,-5058.223798598985,173.72218269158193,-3266.607592954791,-1999.1153573888512,1330.317556078486,1.0017416583440184
5.7989529,TRACKING,1380.408193557997,-5062.672080112344,174.49095872009354,-3266.659198247221,-1999.1268019484255,1330.3493213978154,1.1690501569256129
5.8030247,TRACKING,1380.475285643235,-5067.29820220274,174.99762476519453,-3266.6240882838424,-1999.0633987223466,1330.2928450942907,1.143049445315228
5.8073539,TRACKING,1380.7202076179613,-5071.710636123697,175.5129680087715,-3266.66208920471,-1999.069944860683,1330.2831361647118,1.0277124625082974
5.8117115,TRACKING,1381.0271855545486,-5076.449225370308,175.80325199317346,-3266.6303454238023,-1999.0421766475044,1330.2689235986504,1.091744700844063
5.8156455,TRACKING,1381.3077740280294,-5081.010838863836,175.96905585283946,-3266.671472079651,-1999.067825240611,1330.2429519153966,1.162491502790771
5.8195161,TRACKING,1381.3609708482272,-5085.409312360737,176.0687639604039,-3266.6672397932307,-1999.0592749541402,1330.2448760512552,1.1367553041374467
5.8244579,TRACKING,1381.2614369581333,-5089.955365829224,175.75332454353688,-3266.736658302557,-1999.0936054614933,1330.287047172818,0.9223503563555525
5.8286735,TRACKING,1380.903341378906,-5094.456528359415,175.81679164773328,-3266.679708345847,-1999.0584479536467,1330.2512114689735,1.0712189127490237
5.8326112,TRACKING,1380.2289023192877,-5099.469753324094,175.97291562983548,-3266.6698259220248,-1999.0556800841962,1330.2368735829193,1.2852165223866945
5.8363368,TRACKING,1380.2233188278442,-5104.28194030739,175.21864414906617,-3266.6711985241755,-1999.0626832975267,1330.225088836989,1.3074255121075
5.8407727,TRACKING,1380.1451448029425,-5108.634593495604,174.32310890265288,-3266.6651500946455,-1999.089924680275,1330.2605703033478,1.0019413668324566
5.8454993,TRACKING,1380.1149239722736,-5113.368632308585,173.1526773122095,-3266.6339605388266,-1999.083376649015,1330.2237128905922,1.0317508891384328
5.8493099,TRACKING,1379.91999536964,-5117.835791409256,171.77640035999377,-3266.6142666986593,-1999.0618375731337,1330.2354965988843,1.2277393154116762
5.8529862,TRACKING,1380.208521586911,-5122.019204670317,169.49580448944207,-3266.6035235076497,-1999.0770792501942,1330.269523095346,1.2984240170771937
5.8573069,TRACKING,1379.613915920707,-5126.4575287126545,167.58786432697661,-3266.623101247512,-1999.08449502298,1330.3462882248002,1.1265525125193716
5.8617195,TRACKING,1379.1625574126801,-5131.060184326177,165.61341534255703,-3266.6019486519367,-1999.066826214031,1330.3175155003883,1.1395955944919018
5.8654452,TRACKING,1378.828475853295,-5135.382783304573,163.59127182958372,-3266.6203948112793,-1999.0614629337203,1330.3153304817117,1.2840226066735736
5.8694828,TRACKING,1378.737308998854,-5140.053274710675,161.42523460331793,-3266.599575987285,-1999.0423281745725,1330.3229942562516,1.2752942215724319
5.8740578,TRACKING,1378.5984348539223,-5144.592865732364,159.06483744908385,-3266.6249283842744,-1999.089670702611,1330.3611611778508,1.1187893833427263
5.878491,TRACKING,1378.725732971116,-5149.175876464837,156.72020494523446,-3266.6642737843213,-1999.1434495279445,1330.4333877404486,1.1615794312475003
5.8824018,TRACKING,1378.7652125005427,-5153.750977610292,154.18427877419762,-3266.642337335672,-1999.063821944617,1330.2940408654645,1.3375943564730157
5.8864854,TRACKING,1378.951056847809,-5158.27446270775,151.56613047060654,-3266.6479693926626,-1999.0521793883172,1330.30708887607,1.280691858984358
5.8907287,TRACKING,1379.002800140917,-5162.782535591153,148.68866597444622,-3266.6590032362965,-1999.0527755096261,1330.218621667441,1.260430083232449
5.8949826,TRACKING,1378.9088944994126,-5167.344990528572,145.53614186484845,-3266.661858436948,-1999.0834923825591,1330.1825581731034,1.3038529997051571
5.8989871,TRACKING,1378.6971724450618,-5171.921698548283,142.21251523240963,-3266.6808945116913,-1999.0695578575942,1330.1767724053452,1.413453515134226
5.9028758,TRACKING,1378.5407970393178,-5176.255216618664,138.78538934474284,-3266.6677850903257,-1999.0748023977462,1330.1492819870882,1.4213277314916153
5.9075948,TRACKING,1378.3139965594146,-5180.98258066934,135.0838694874319,-3266.6665576875193,-1999.057422989149,1330.1481491760644,1.2732321168931042
5.9117518,TRACKING,1378.018795575204,-5185.365278303103,131.17091598718096,-3266.649512023648,-1999.0621450735127,1330.1867069668438,1.415135765387654
5.9155798,TRACKING,1377.9007494567882,-5190.058579806083,127.19619545180281,-3266.654610324637,-1999.0500923574907,1330.170161326958,1.6069423275449242
5.9195626,TRACKING,1377.7986624614318,-5194.342321533508,123.45086957931076,-3266.6646692370473,-1999.0440853396658,1330.1877672227301,1.4289129919055086
5.924443,TRACKING,1377.7787606139007,-5198.924301199625,119.09792694172285,-3266.660473408794,-1999.0765524330118,1330.3075163336237,1.294986250669539
5.9284963,TRACKING,1377.6307429271942,-5203.489014967905,114.4418064510163,-3266.6171969453835,-1999.0259524885314,1330.2997841876377,1.609087561886042
5.9325022,TRACKING,1377.3552110098938,-5208.097488346348,109.92875687617489,-3266.6364915634913,-1999.0293192800464,1330.33481432496,1.6116542761446522
5.9364173,TRACKING,1376.8393671314582,-5212.805706077102,104.78633568358501,-3266.631184459693,-1999.0275502441846,1330.316435081105,1.785720282220657
5.9409116,TRACKING,1376.5820999611735,-5217.102354261256,99.89349550978403,-3266.621159169016,-1999.0483492819944,1330.3303976173413,1.4499901311572214
5.944969,TRACKING,1376.310183617723,-5221.683779158776,94.16653663916595,-3266.6401947020227,-1999.0588672578651,1330.3403938061024,1.8088026997536715
5.9490383,TRACKING,1375.8382389713922,-5225.833725205532,89.13620640713863,-3266.6398836682406,-1999.035385958382,1330.3232665293547,1.6067314810453581
5.9530039,TRACKING,1375.9799525362566,-5229.733985174488,83.31668114352465,-3266.6216633372383,-1999.0755467659433,1330.263946481671,1.7669625730277085
5.9577056,TRACKING,1375.649306586998,-5234.079126200271,77.47210574413833,-3266.6405271199874,-1999.1003246841788,1330.2780783928752,1.550569220021874
5.9617877,TRACKING,1375.3547907515347,-5238.67252313972,71.71123576300698,-3266.631154189272,-1999.1191144521895,1330.2430945672968,1.8063863213765914
5.9654935,TRACKING,1375.0810392155645,-5243.194424877097,65.40792288885226,-3266.6470481284596,-1999.0806706485084,1330.2108118518004,2.094652594402384
5.9697722,TRACKING,1374.702169863813,-5247.640593339042,59.49595884294713,-3266.6743427459905,-1999.1056925224786,1330.1635821367881,1.7311273854130076
5.9741619,TRACKING,1374.1845423667835,-5252.300215080057,53.05524805112255,-3266.6332786770577,-1999.0575750759394,1330.1835724127552,1.8147828486178679
5.9784903,TRACKING,1373.8153562818336,-5256.171291578798,46.87675411298794,-3266.6358595762094,-1999.055637013726,1330.1981680142787,1.6866196062718906
5.9822884,TRACKING,1373.516275681849,-5260.723231395049,40.17806552533321,-3266.6735603809575,-1999.0626104081985,1330.262366729737,2.1338156786235714
5.9864373,TRACKING,1373.2846979490503,-5265.183849628884,33.373424547501465,-3266.6374119437482,-1999.0321618894116,1330.2267445033854,1.9618811662780895
5.9908706,TRACKING,1373.1161244999541,-5269.701923396311,27.87713255865375,-3266.6556737670753,-1999.0397911055702,1330.259392339414,1.6053336848996766
5.9951732,TRACKING,1373.7089237312703,-5274.243262369397,31.6004553998626,-3266.6627376287743,-1999.03405725054,1330.3402353273154,1.3718212524630495
5.999149,TRACKING,1374.3110627907572,-5278.581648656804,36.476568560013746,-3266.6843684073124,-1999.0481265792678,1330.3521647272812,1.6485832202356236
6.0031728,TRACKING,1374.7609182000645,-5282.795691793953,41.1982482845516,-3266.668566218732,-1999.0018535538454,1330.3052356772703,1.5767846749334513
6.0076673,TRACKING,1375.3439671378092,-5287.096947537192,45.91456979653788,-3266.684538645338,-1999.0802175559281,1330.3459490259372,1.4261239652638182
6.0118017,TRACKING,1375.615956131478,-5291.296693693402,50.41865306962328,-3266.658082991701,-1999.0495189712726,1330.2856966135926,1.4909784766344971
6.0158361,TRACKING,1375.7334655577586,-5295.461382501624,55.14275324121832,-3266.6865864635283,-1999.0729662079739,1330.2623240478401,1.5612864770303574
6.0199336,TRACKING,1375.389932241381,-5300.487969700444,60.01958134749617,-3266.672664162205,-1999.0928929192742,1330.2699453551318,1.7112856716113605
6.0241442,TRACKING,1375.5645154559365,-5305.019894689532,63.597694546335376,-3266.6439324681587,-1999.0748342680492,1330.2498895328856,1.371972141538287
6.0288261,TRACKING,1376.177943441379,-5309.152620560349,67.8555439390691,-3266.664445263032,-1999.068309026434,1330.2125293625145,1.2741229612671097
6.0327051,TRACKING,1376.3536224312595,-5313.805914405381,71.15191757085795,-3266.6534986652296,-1999.1404500361696,1330.3362249328475,1.4708090365477582
6.0363974,TRACKING,1376.8919501965315,-5318.144960659259,73.7267979815329,-3266.5998826657687,-1999.0455166605664,1330.1965405849835,1.37425529295633
6.0405903,TRACKING,1377.1968343178614,-5322.144537682198,76.94279136576245,-3266.6380477157486,-1999.0851370745527,1330.2881494652415,1.2261737680679026
6.0455828,TRACKING,1377.2315683552558,-5326.6237286312735,79.64183319620646,-3266.6299783302734,-1999.0381599943587,1330.250515798436,1.0475002118466508
6.0492322,TRACKING,1377.2365943780796,-5330.867721765749,82.43646609611922,-3266.6405635828305,-1999.0255183485797,1330.2705414297736,1.3924161902586814
6.0529903,TRACKING,1377.2364780272176,-5335.102811762853,85.11724885793414,-3266.6593127037067,-1999.0002448969083,1330.2754732081712,1.333717400102424
6.057397,TRACKING,1377.2498355967778,-5339.389222247447,87.40254846339191,-3266.6614681257197,-1999.036179437925,1330.2910373642712,1.1023170222057979
6.0619212,TRACKING,1377.3800033139894,-5343.731282324066,89.72974121392339,-3266.6638520775123,-1999.0264642817924,1330.3063026052153,1.089277376859931
6.0655735,TRACKING,1377.8026583539918,-5348.037257683711,91.98943425302443,-3266.714073184645,-1999.0612724465866,1330.367616656901,1.3364774025167208
6.0695715,TRACKING,1378.0944195892353,-5352.26532103765,94.02423667367606,-3266.679946229655,-1999.031756970144,1330.3034353709072,1.1759087944874147
6.0739313,TRACKING,1378.5843271940246,-5356.796919842624,95.94647119043506,-3266.675903094954,-1999.0414397675804,1330.2559474380776,1.1346288286869697
6.0784873,TRACKING,1379.0680530352356,-5361.215263971945,97.72114832258745,-3266.687291666943,-1999.048711067841,1330.2384132904615,1.050470003197922
6.0825234,TRACKING,1379.5511168418009,-5365.570162184141,99.32170295837577,-3266.658564273123,-1999.0759987807855,1330.212349575463,1.1557666650592076
6.0863676,TRACKING,1379.8807092388854,-5370.046523320368,100.67159275820438,-3266.6778793329386,-1999.082002345939,1330.1890863628118,1.219258067281178
6.0909332,TRACKING,1380.1395641892593,-5374.51353849482,101.88781855078562,-3266.642382583547,-1999.055071783631,1330.202900394753,1.015607197955871
6.0951525,TRACKING,1380.358955269964,-5378.82288632214,102.92290826465536,-3266.668597803869,-1999.0749284246563,1330.2343726353356,1.0516777687120598
6.0990519,TRACKING,1380.4762194000382,-5383.078497602857,103.68327728728919,-3266.675547903356,-1999.111371701007,1330.199077492184,1.1090416500107378
6.102909,TRACKING,1380.6634234544342,-5387.373246745509,104.35844059102008,-3266.660186064211,-1999.0644553908714,1330.1903401487796,1.1281854219118013
6.1073393,TRACKING,1380.7250154849976,-5391.703566268413,104.8495515330521,-3266.6662406259466,-1999.05147391186,1330.2322067438304,0.9837967488080769
6.1117304,TRACKING,1380.9307646392558,-5395.9997471957495,105.15648961630544,-3266.666519063719,-1999.0453754549587,1330.2520544959416,0.9819960678811032
6.1155726,TRACKING,1381.2724134669475,-5400.175214230679,105.47828006449275,-3266.6665172253533,-1999.0691706623645,1330.2841341336032,1.0935821389416112
6.1196464,TRACKING,1381.5306353958706,-5404.415612849801,105.64823951202305,-3266.6593110783137,-1999.0043589783897,1330.327841801283,1.0436575331642963
6.1239972,TRACKING,1381.7771028310026,-5408.668855033001,105.39017657657105,-3266.700322999177,-1999.050487846457,1330.3406793585298,0.9810117683166723
6.1283987,TRACKING,1382.0393590820634,-5413.1794011567135,104.92600252929306,-3266.724077660658,-1999.0501389512278,1330.3875099424856,1.0319083862435985
6.1322798,TRACKING,1382.0464427723152,-5417.573496965488,104.43356344816704,-3266.6919016829734,-1999.087634702425,1330.3450512911165,1.1392669095576347
6.1366802,TRACKING,1381.8826429393287,-5421.898152040716,103.91902214076077,-3266.6844739864177,-1999.0440011009493,1330.3510646138884,0.9904182384531705
6.1412773,TRACKING,1382.2137171481572,-5426.4180690903295,102.3594003937418,-3266.6642248569906,-1999.045748799831,1330.3082757460427,1.0425873000353303
6.1451989,TRACKING,1382.3292051692204,-5430.382819080002,101.20589344820053,-3266.6394280178483,-1999.0496057882222,1330.2851765823295,1.0533347578363577
6.1490413,TRACKING,1382.4395831166075,-5434.571270009063,99.89350246637458,-3266.654618012062,-1999.0508291791612,1330.273220572843,1.1426803223108088
6.1531081,TRACKING,1382.4201892345918,-5438.688003758358,98.63225884952413,-3266.633414847673,-1999.0645893980186,1330.1953553490562,1.0587312932632418
6.1576099,TRACKING,1382.3671189575837,-5442.907033151796,97.145483812535,-3266.6653316094016,-1999.108220229366,1330.2089123716362,0.9937464780549322
6.1619017,TRACKING,1382.5842353221644,-5447.11775190489,95.25443606071863,-3266.642099911555,-1999.0874247344834,1330.2593534319744,1.0766971656388504
6.1656429,TRACKING,1382.612735740428,-5451.519644114052,93.28438593988979,-3266.630516755521,-1999.0563169012103,1330.2062584845953,1.2890819588260487
6.1697823,TRACKING,1382.6215653797735,-5455.796484082953,91.36764634603476,-3266.6410810692714,-1999.0484276458017,1330.1947383926217,1.1322216589655523
6.1742744,TRACKING,1382.6173768980989,-5460.273031640579,89.30049006236052,-3266.67179073962,-1999.0468647783762,1330.2226026036824,1.0976567712894243
6.1785414,TRACKING,1382.7768458183323,-5463.914825482805,87.07285696884999,-3266.6961938060567,-1999.0516352757472,1330.3196810386303,1.0011843439808075
6.182668,TRACKING,1382.6854645469887,-5468.095987196516,84.63383485141608,-3266.7112784317123,-1999.033822024964,1330.2739528611505,1.1732211333096842
6.1863352,TRACKING,1382.7755140185134,-5472.70766446671,82.0010311053497,-3266.722466322057,-1999.030685849142,1330.278381203004,1.4482595700190022
6.1908253,TRACKING,1382.6715239183584,-5476.858424866129,79.11337191926583,-3266.729471469313,-1999.0362646895167,1330.2550180258347,1.1263645876738215
6.1952237,TRACKING,1383.0438893281278,-5481.328919263394,76.23496431634678,-3266.7251036461116,-1999.0267726719433,1330.3133905831003,1.2118108290890162
6.1989783,TRACKING,1383.211600131343,-5485.633343123578,73.03296143034255,-3266.7595501016117,-1999.0605736150171,1330.338211285162,1.429553860704596
6.2030797,TRACKING,1383.5059542657502,-5489.963324052908,69.57732055834546,-3266.7520255368386,-1999.1173083859817,1330.3667948538982,1.3526325594795625
6.2073662,TRACKING,1383.8898009240443,-5494.261667573793,66.22847416317664,-3266.701411809062,-1999.0599899029874,1330.336251152087,1.2743275201988282
6.2118567,TRACKING,1383.915182278986,-5498.361501541839,62.62373407149444,-3266.6939293197684,-1999.0645774730929,1330.2596730799974,1.2157336907016723
6.2161756,TRACKING,1383.9682749146755,-5502.725245075561,58.918621094924696,-3266.632598147827,-1999.0378409636978,1330.2071467143126,1.3255146859866478
6.2199278,TRACKING,1383.4591025001039,-5506.886622323509,55.907906064121505,-3266.637438518556,-1999.062199576182,1330.1992889487667,1.3755836885160555
6.2242189,TRACKING,1383.5624030000806,-5511.143065749777,51.89246698503876,-3266.6246156419465,-1999.0683496672405,1330.184147945638,1.3638689338958458
6.2286366,TRACKING,1383.6456787962281,-5515.555916537114,47.648539563446256,-3266.6387467190357,-1999.0956741990562,1330.1345976788086,1.3860149386453848
6.2327059,TRACKING,1383.5509428060884,-5519.829133334257,43.01695876740209,-3266.629213515834,-1999.0556628764452,1330.197777180194,1.548780305077207
6.2365652,TRACKING,1383.7314411282987,-5524.261659837006,38.426327587279545,-3266.619991148253,-1999.044731854915,1330.2336551890542,1.6541516843104682
6.2409574,TRACKING,1383.6002877936087,-5528.538514791633,33.283021788209595,-3266.6208148948363,-1999.0448389474802,1330.2662525101084,1.523259908383391
6.2450325,TRACKING,1383.3721509795944,-5533.681374121769,32.37183820812873,-3266.6439915683927,-1999.040628462844,1330.310159261284,1.2828973439478417
6.2489159,TRACKING,1383.5567300735042,-5537.803799177771,36.026805254425376,-3266.6791115021224,-1999.0466767321755,1330.3828061102365,1.419493849858435
6.2529445,TRACKING,1383.4351863828442,-5542.055972380589,39.05198973594604,-3266.669207371689,-1999.0377318738088,1330.3678092360853,1.2957138774609598
6.2576392,TRACKING,1383.3718882211501,-5545.888270257423,42.07870979800781,-3266.693650992012,-1999.041086172141,1330.3463784831579,1.040280457799742
6.261919,TRACKING,1383.4958522202674,-5549.991561897109,45.06368725486916,-3266.726778914235,-1999.0315752351553,1330.2973290950747,1.185960402780918
6.2657905,TRACKING,1383.8643099097717,-5554.785454526888,48.01596452650649,-3266.7702136579874,-1999.1236956609641,1330.3795988717209,1.4573379103694581
6.2697378,TRACKING,1384.04271400406,-5559.000871089083,50.59239661320952,-3266.754493491484,-1999.104811292234,1330.2945194424556,1.2524102691716918
6.2740968,TRACKING,1384.4798389694445,-5563.37454343649,53.12999545614716,-3266.702152911894,-1999.0520948729386,1330.2034130441361,1.1643453447219685
6.2785505,TRACKING,1384.9167385306703,-5567.620031538637,55.640179663230256,-3266.698554445075,-1999.0612599553972,1330.1862774502072,1.111743279298117
6.2822972,TRACKING,1385.366856992856,-5571.9317786786205,57.88773762894949,-3266.683632834534,-1999.0771842838826,1330.161995489817,1.303323887589159
6.2864461,TRACKING,1385.8055406072967,-5576.2905167632925,59.9672303047989,-3266.6579998665657,-1999.0574517901891,1330.1539290349015,1.1688063945137601
6.2908841,TRACKING,1385.944982537686,-5580.740509163194,61.67492139265885,-3266.6680863854253,-1999.062748226102,1330.1657110355106,1.074458503754331
6.2951927,TRACKING,1386.285454790308,-5585.069917333883,63.38754459276886,-3266.6347639526093,-1999.0541711081291,1330.2157190949183,1.08347797475512
6.2988595,TRACKING,1386.4857558569142,-5589.352480468231,64.80178818556583,-3266.6391687770347,-1999.0764088653473,1330.2443818361694,1.231177736362447
6.3029302,TRACKING,1386.744015858899,-5593.5243846356325,66.18109803472733,-3266.641184465037,-1999.0722061215813,1330.2812601486428,1.0812853202702453
6.307682,TRACKING,1386.943602600017,-5597.823317743339,67.42826160676789,-3266.646953449162,-1999.0371851805862,1330.3022845217708,0.9429339677320583
6.3118171,TRACKING,1387.1628002308855,-5602.027346507306,68.54038234260547,-3266.64430896208,-1999.0566780676509,1330.3255169865417,1.05297598514836
6.3156739,TRACKING,1387.323784755226,-5606.105848122011,69.41759736330825,-3266.655352473123,-1999.0384146278652,1330.3467615514712,1.082471727845822
6.319666,TRACKING,1387.5810254895594,-5610.389790466267,70.1471648398694,-3266.6773446056927,-1999.076134015546,1330.4057764513298,1.0904609327604116
6.3240397,TRACKING,1387.9286042720978,-5614.692735404316,70.66138144818126,-3266.682573227383,-1999.0799732964845,1330.3848811372125,0.9940046161415328
6.3282543,TRACKING,1388.2484496724642,-5618.764770363705,71.01066722574619,-3266.661247136686,-1999.0474266462859,1330.348949312396,0.9726864129376902
6.3324402,TRACKING,1388.5826876407396,-5623.157232490808,70.96442598073118,-3266.692669787188,-1999.0717107129585,1330.3226425544995,1.052438696150872
6.3367166,TRACKING,1388.9448802002844,-5627.482047123553,70.80255376445027,-3266.681494351525,-1999.0419125314645,1330.2986293149722,1.0155673501948435
6.3409656,TRACKING,1389.2457307947054,-5631.690992318751,70.35327591281175,-3266.6874657710764,-1999.0759197151415,1330.2382619507475,0.9987135939516488
6.3451626,TRACKING,1389.5415244937387,-5636.110089239307,69.60803563921165,-3266.6446276851666,-1999.0450311996522,1330.2675882282706,1.0701087535065665
6.3490927,TRACKING,1389.495479421745,-5640.018423097205,69.09153405326244,-3266.645163614571,-1999.053586959385,1330.186080939422,1.0031764767403433
6.3529656,TRACKING,1389.426903447452,-5644.117120902667,68.49438426400609,-3266.671869602295,-1999.0433339128267,1330.1906047764105,1.0696215171339487
6.357176,TRACKING,1389.302800850588,-5648.3320768084495,67.81362324301675,-3266.655163339631,-1999.0472197866563,1330.1737009788549,1.0144832736164235
6.36152,TRACKING,1389.3436308412083,-5652.098846617959,66.76827847458591,-3266.658320589832,-1999.059689497678,1330.2016294092975,0.8999409815938881
6.3655515,TRACKING,1389.4325819467056,-5656.329991940052,65.56423043052216,-3266.69099400058,-1999.0668911134678,1330.2833806837145,1.0914118004675337
6.3697885,TRACKING,1389.5268002074808,-5660.641500968847,64.15828819542367,-3266.686892886489,-1999.0157357825667,1330.2899017250334,1.0705522720802343
6.3739257,TRACKING,1389.6042787015792,-5664.977819858803,62.46037244704964,-3266.689244163562,-1999.0314444309388,1330.3469845062823,1.1257685480902342
6.3783468,TRACKING,1389.6012081602178,-5669.400566770496,60.71094275357817,-3266.6842696788913,-1999.03002709674,1330.329873670669,1.0757900401212734
6.3823614,TRACKING,1389.62268313002,-5673.701615236761,58.888106505903956,-3266.6948119244507,-1999.038874231742,1330.365502695536,1.1636090645708217
6.3863524,TRACKING,1389.5182735476658,-5677.701312170251,57.09755068042908,-3266.7020895902174,-1999.0310964770629,1330.3563806342622,1.0983318412440248
6.390762,TRACKING,1389.6047529265525,-5681.997455630497,54.98208879235062,-3266.698459291623,-1999.0507619342015,1330.3470315761417,1.0861575807449844
6.3951448,TRACKING,1389.8980154289582,-5685.775839135941,52.82027752282275,-3266.714369275786,-1999.0711959262103,1330.386177247128,0.9954782551163138
6.3989468,TRACKING,1389.9578794336667,-5690.078681162518,50.25850294356584,-3266.673959221496,-1999.064320806773,1330.285093124202,1.3172187570727543
6.4030963,TRACKING,1390.180532754883,-5694.418140866716,47.704307517945026,-3266.650323780604,-1999.071711356678,1330.2843279862286,1.2146710930214324
6.4076793,TRACKING,1390.3433728072978,-5698.528465164456,44.89713658784653,-3266.6558209892182,-1999.0560364025687,1330.3099883925101,1.0866483900700181
6.4118476,TRACKING,1390.6632030536405,-5702.920636633611,41.80854417168694,-3266.634756016252,-1999.0629264596919,1330.2497601400028,1.2904368305000542
6.4155673,TRACKING,1390.9047360282984,-5706.855603854554,38.91776514129963,-3266.651696890261,-1999.0968750097675,1330.2581878899994,1.3142594835793189
6.4196695,TRACKING,1391.0144466872798,-5711.099690144247,35.48221700816783,-3266.6670561459255,-1999.0788256110077,1330.3059311294348,1.331343464158582
6.4239548,TRACKING,1391.1485092102614,-5715.390524181643,32.44153768125304,-3266.6585144050027,-1999.0505509351592,1330.241337664782,1.2276152424572502
6.4289106,TRACKING,1390.916284084685,-5719.244558368539,34.64933977277638,-3266.688767194161,-1999.0629998548918,1330.3167257646498,0.897470555142656
6.4326272,TRACKING,1391.3154878755997,-5723.596064709798,37.65739022777935,-3266.6818438991954,-1999.0582125332653,1330.24532345109,1.427387817127903
6.4364926,TRACKING,1391.6890827978175,-5727.555157836085,40.179683413697994,-3266.7158442123596,-1999.1327416660642,1330.4087938618204,1.218278888097956
6.4410575,TRACKING,1392.0589796276265,-5731.656954211251,42.48321521431779,-3266.692926079855,-1999.0171210574042,1330.3212554708248,1.0337310066736611
6.445242,TRACKING,1392.0266888745718,-5736.256604244437,44.436217128670734,-3266.7193175427255,-1999.037024563995,1330.308205670733,1.1942175116685083
6.4489081,TRACKING,1392.3516326516904,-5740.654240301378,46.00322315134696,-3266.7193175427255,-1999.037024563995,1330.308205670733,1.276499700662754
6.4531035,TRACKING,1392.8149336381027,-5744.223572919716,47.860651388956455,-3266.7037403943036,-1999.0222487993626,1330.3049987510035,0.9654113446997177
6.4577159,TRACKING,1392.934443672659,-5748.549282360553,49.37315439089143,-3266.719267421987,-1999.033793611681,1330.2839857318002,0.99385815419787
6.4624083,TRACKING,1393.1054457436692,-5752.309294068062,50.67902175521741,-3266.7357026569994,-1999.113710042625,1330.3513818247554,0.8490314970693539
6.4658305,TRACKING,1393.2575660059583,-5756.510383706325,51.880854113460224,-3266.7077364923352,-1999.0232432561115,1330.2487904729676,1.2776180153646246
6.4697323,TRACKING,1393.2653136055428,-5760.449309739002,52.820702848116305,-3266.6954816577995,-1999.0278001775355,1330.229581421734,1.0378563397468366
6.474323,TRACKING,1393.3452405248386,-5764.735172877781,53.614345255908056,-3266.687114408357,-1999.0459549688871,1330.183300397263,0.9496282955569717
6.4784939,TRACKING,1393.5337759598206,-5768.834627900051,54.296621783810096,-3266.692038624335,-1999.0636259989062,1330.2909651115428,0.9974148477613803
6.4825708,TRACKING,1393.7662750532036,-5772.936347123615,54.87617238564067,-3266.673117483947,-1999.0571880340274,1330.1953478277776,1.0176801082657785
6.4862348,TRACKING,1393.6553097984115,-5778.0098346256955,54.891976647785754,-3266.6670800088796,-1999.112283602996,1330.2766219821767,1.3850233242862298
6.4907699,TRACKING,1394.0690715494375,-5782.391188533296,55.15263100887456,-3266.7061464811572,-1999.0576467142234,1330.2960459336232,0.972097645238024
6.4949613,TRACKING,1394.3346143496615,-5786.645877046458,55.243106893214666,-3266.6798386500172,-1999.0473453953339,1330.280273363841,1.017303757776409
6.4991761,TRACKING,1394.6617772907787,-5791.079822814839,55.13445419319856,-3266.69159304526,-1999.0739083023714,1330.304400826117,1.055169129286926
6.5035329,TRACKING,1394.9319464440312,-5795.370215959022,54.82374037556591,-3266.69009114675,-1999.0699011415154,1330.3280497821302,0.9892823424438513
6.5080543,TRACKING,1395.1617299365219,-5799.699990766825,54.354995022759006,-3266.6920632608217,-1999.0706017402301,1330.3397492948943,0.964553462575249
6.5117679,TRACKING,1395.3310153717782,-5803.816512235362,53.64368082977491,-3266.6898195172403,-1999.053344275286,1330.3584521568087,1.1258492491514087
6.515595,TRACKING,1395.49611120002,-5808.015574134469,52.855314207658914,-3266.700068993608,-1999.0810104769155,1330.3191482541163,1.117194963263609
6.5195796,TRACKING,1395.736092663414,-5812.107809547746,52.0524834798044,-3266.721893786792,-1999.0635380775789,1330.3224962410823,1.048321648165644
6.5238958,TRACKING,1395.8328983753731,-5816.162473025265,50.93954928532214,-3266.72229694134,-1999.1473387185895,1330.4013355445766,0.9744091688811595
6.5283581,TRACKING,1396.072566152761,-5820.261936374779,49.72820839926926,-3266.700601037648,-1999.1035153645516,1330.284698928385,0.9594603988472058
6.5322528,TRACKING,1396.2874643873176,-5824.40704716393,48.323480408447935,-3266.6898469747925,-1999.0608387016234,1330.245035149619,1.1251029726200874
6.5364365,TRACKING,1396.5194254905725,-5828.420058703184,46.64068552687807,-3266.699469286652,-1999.061632428872,1330.3041813337788,1.0415986709720522
6.5406668,TRACKING,1396.871871905951,-5832.751891279435,44.879439835315345,-3266.690007180851,-1999.038418333096,1330.229927863763,1.1085393347992833
6.544987,TRACKING,1397.1904520711994,-5836.784529851517,42.76681765893056,-3266.6995618487726,-1999.0605923072683,1330.2091830998747,1.056349993382809
6.5491994,TRACKING,1397.5192099469325,-5841.050358088491,40.32268797649694,-3266.7081212366966,-1999.071304084753,1330.1939939671315,1.169733869962446
6.5530713,TRACKING,1397.8426085391143,-5845.352404367992,37.753382066002004,-3266.7081212366966,-1999.071304084753,1330.1939939671315,1.2968585894147675
6.5578695,TRACKING,1398.0712799599294,-5849.405261337663,35.12045731173341,-3266.720828828104,-1999.0612519236995,1330.2914354458412,1.0083806926041725
6.5619123,TRACKING,1398.055303275964,-5853.52361193205,32.389709489730635,-3266.719416193897,-1999.066682806469,1330.2486572960172,1.2222871249667522
6.5658353,TRACKING,1398.0708536303807,-5857.367596902833,31.71603317917408,-3266.7216762294547,-1999.0475359475236,1330.3019408323557,0.994800397078134
6.5697632,TRACKING,1398.163156125906,-5861.070352137751,33.76489835465308,-3266.686547767928,-1999.1219461891321,1330.327898958565,1.0776292505647806
6.5740509,TRACKING,1398.3643123752188,-5865.096549468831,35.639403958946566,-3266.7235459104477,-1999.0349807662976,1330.2783570630804,1.036856191422689
6.5786536,TRACKING,1398.53897481077,-5869.049738527804,37.30761701901446,-3266.7186611785673,-1999.0559440619206,1330.323014972774,0.9329992153869121
6.5825452,TRACKING,1398.8339293709837,-5873.170216832906,38.73819894274288,-3266.7359357184437,-1999.065644100453,1330.3586340660906,1.1233724950114385
6.5864232,TRACKING,1399.104025626027,-5877.506237249398,40.027852844297215,-3266.691436751105,-1999.073352611444,1330.3104599593835,1.1685926547981516
6.5906563,TRACKING,1399.4015962748151,-5881.7599439550195,41.07696286494312,-3266.6907448676184,-1999.0467168409998,1330.3026805680793,1.037363670426106
6.5952283,TRACKING,1399.5430974124633,-5885.77317370317,42.19251830674275,-3266.6802586907197,-1999.0735240215627,1330.2850249736155,0.9115907970953268
6.5992712,TRACKING,1399.6715248943722,-5889.975874151826,43.00701596789752,-3266.6670895938178,-1999.0746242660064,1330.292840702396,1.0593448101441503
6.6032226,TRACKING,1399.9998804283548,-5893.954186312668,43.8483876643856,-3266.6743938203185,-1999.0721752439656,1330.2711569671128,1.0324303997882203
6.6076498,TRACKING,1400.4523527651454,-5897.248531226813,44.396935421423706,-3266.689404856196,-1999.073839143039,1330.2603777546583,0.761251869504178
6.6117643,TRACKING,1400.8541815928947,-5901.557612209162,44.83246936487972,-3266.6541642128923,-1999.049262000077,1330.2518102213955,1.0571481850089464
6.6156345,TRACKING,1401.081334176849,-5905.593080771259,44.988600484049364,-3266.6757568603007,-1999.0795887272743,1330.2937109822915,1.045132303502735
6.6197902,TRACKING,1401.5093760540872,-5909.471652468968,45.104987979108486,-3266.699126487069,-1999.0946512764715,1330.3171454819148,0.9393977086298657
6.623925,TRACKING,1401.9438107719923,-5913.547015316735,44.950696927380775,-3266.701138739153,-1999.0798106643979,1330.25859643076,0.9919115961252963
6.6286675,TRACKING,1402.3141020955418,-5917.376975427938,44.907145948206136,-3266.6982635251916,-1999.0683377957064,1330.2567068415874,0.811400175603396
6.6325413,TRACKING,1402.742564584583,-5921.449158533984,44.381698668222974,-3266.728227023203,-1999.0740837217174,1330.2844511087496,1.065681797440258
6.6366718,TRACKING,1402.633358580757,-5925.32304832898,44.57887352525238,-3266.7310394599963,-1999.073703597275,1330.3398188486838,0.9394604702130979
6.6411698,TRACKING,1402.832162705249,-5929.504546681272,43.862771773164035,-3266.7185987631265,-1999.0438578116525,1330.2617511589606,0.9442038145371406
6.6453379,TRACKING,1402.9559125174214,-5933.607614987086,42.99864739735619,-3266.7494864007517,-1999.062926856464,1330.3051004067013,1.0064300302223015
6.6491595,TRACKING,1403.4242134292251,-5937.779315178776,41.6517052006978,-3266.7217157080927,-1999.0357547925619,1330.2573833332508,1.1536269260435226
6.6533848,TRACKING,1403.594759828576,-5941.854507278866,40.31283889262279,-3266.724977047944,-1999.0697325711412,1330.2410596842417,1.0159947101132085
6.6577959,TRACKING,1403.8895211750857,-5945.945590155629,38.62074998665842,-3266.7276504391907,-1999.0505067268064,1330.2722181718725,1.0058725532940136
6.6619698,TRACKING,1403.9284626117174,-5950.244182476795,36.80612779690963,-3266.7212826725167,-1999.0437088519395,1330.2575985358546,1.1179175565400794
6.6658563,TRACKING,1404.2963199116389,-5954.02452400204,34.80141291828798,-3266.686191049232,-1999.0546225876037,1330.2105698965936,1.1050522408969186
6.6698593,TRACKING,1404.4602869402904,-5958.222973438781,34.32012409402171,-3266.667982754283,-1999.037593263673,1330.2921193482534,1.0564889874798777
6.674617,TRACKING,1404.667058371963,-5962.026038157754,35.735166059290684,-3266.68206091463,-1999.0549504985402,1330.2628476119514,0.8539952016723306
6.6788638,TRACKING,1404.7557495847993,-5965.955263682596,37.115439915680234,-3266.6776629682045,-1999.060207494578,1330.2579174338437,0.980868752379732
6.6824766,TRACKING,1404.7803304060383,-5969.820033479601,38.25368875233205,-3266.6797545367635,-1999.0828938374743,1330.3322935297354,1.1151952957372768
6.6867685,TRACKING,1404.8652760219638,-5973.724230046907,39.148416143775876,-3266.668666298403,-1999.0769234305453,1330.2854388421977,0.9334579064082374
6.6911399,TRACKING,1405.13119400106,-5977.769817939826,40.128892109474556,-3266.6702855487038,-1999.0643441121565,1330.289221390023,0.9542000514217424
6.69534,TRACKING,1405.3875585649143,-5981.674200926952,40.75790012438257,-3266.6739448017893,-1999.1063512054795,1330.3282885044925,0.9435553128319308
6.6990418,TRACKING,1405.6019851183928,-5985.794507055367,41.382691285837815,-3266.6907139789814,-1999.1080929322293,1330.3135397946726,1.1272679453795758
6.7033701,TRACKING,1405.9638889921212,-5989.926938537117,41.73270539385579,-3266.697357898379,-1999.0537335705885,1330.2813766186978,0.9618068569387579
6.707363,TRACKING,1406.0378175603864,-5994.541994839943,41.74735115381381,-3266.6910809867477,-1999.0517124903445,1330.25533547565,1.1559697541862142
6.7117756,TRACKING,1406.1999209755368,-5999.133277639439,41.69054693846007,-3266.7128108288716,-1999.0577463811464,1330.3313269035864,1.0412216713705036
6.7155514,TRACKING,1406.536280647467,-6003.106203567891,41.64270814178815,-3266.71158089613,-1999.089119349929,1330.3114051637,1.0560480133046233
6.7199342,TRACKING,1406.737624034972,-6007.3599007229195,41.282038734398526,-3266.7002772571873,-1999.0358295796377,1330.288696159931,0.9751085554751119
6.7242125,TRACKING,1407.0336231621884,-6011.388580222732,40.786154616233105,-3266.70822301115,-1999.0224562301803,1330.280315561547,0.9512801341468464
6.7285235,TRACKING,1407.243587835932,-6015.357850163255,40.13269726231332,-3266.7566264590055,-1999.0673992932714,1330.3431947176034,0.9343946211951937
6.7324297,TRACKING,1407.5525672430456,-6019.34522740729,39.52374433231301,-3266.693817033459,-1999.0424285751699,1330.2860610814914,1.0356422397555065
6.7364305,TRACKING,1407.654749238371,-6023.186336663746,38.50426401592601,-3266.6911002680336,-1999.0340019100483,1330.2696973832553,0.9936543013993067
6.7407716,TRACKING,1407.8459886405226,-6027.03677323969,37.52672642530219,-3266.7189585790934,-1999.0673979331257,1330.3298029948305,0.9161702572184155
6.7450272,TRACKING,1408.022541465099,-6030.999348125426,36.239126355131155,-3266.7034762260428,-1999.0626224229868,1330.3157469178548,0.9799468770795821
6.749025,TRACKING,1408.270374483116,-6034.905665036401,34.8095953983596,-3266.6468541518016,-1999.026847906421,1330.2803740693798,1.0423353665197523
6.753093,TRACKING,1408.6364598757511,-6039.118337725353,33.713030834557074,-3266.645890312967,-1999.0670511306032,1330.2372461758157,1.073849283057538
6.7573656,TRACKING,1409.073256245782,-6043.118467637884,34.329962386065404,-3266.671712695236,-1999.0970937212066,1330.2792444918332,0.9527981934304589
6.7619043,TRACKING,1409.5317115235239,-6047.087055706847,35.212149601516955,-3266.683228753685,-1999.107097328789,1330.3289520445435,0.9014091226172373
6.7656097,TRACKING,1410.1334337891594,-6051.103657863301,36.03027077136227,-3266.66859598281,-1999.057005699039,1330.248672426825,1.118099077713403
6.7697114,TRACKING,1410.6087244736666,-6055.381755622929,36.41070008414403,-3266.6727435425164,-1999.0847490874382,1330.333106742459,1.0535137955343674
6.7739928,TRACKING,1410.841800274441,-6059.016401483301,37.11635875947952,-3266.679879971409,-1999.054955465346,1330.2870408233086,0.8665021215821639
6.7785097,TRACKING,1411.0006231651607,-6062.826023924229,37.513651830637116,-3266.6644605814477,-1999.0349658714313,1330.3119842660255,0.8487179267029695
6.7823347,TRACKING,1411.1025116198473,-6066.672493887302,37.832007261862024,-3266.70344506081,-1999.065462881921,1330.3720992613191,1.009403016709513
6.7862959,TRACKING,1411.08146433167,-6070.232502835255,38.07659819187643,-3266.6934584273154,-1999.0536202230205,1330.2630119530945,0.9008541486846964
6.7907475,TRACKING,1411.2346628282426,-6074.091619432167,38.08462355820105,-3266.7030446129725,-1999.0589077151426,1330.410037088508,0.867590205940165
6.7952622,TRACKING,1411.3972849278512,-6078.06539935546,37.94150493296086,-3266.6925552986977,-1999.0508688091588,1330.280693235281,0.881493866678941
6.7989505,TRACKING,1411.581767587479,-6082.000624123493,37.501354524062656,-3266.7227187539916,-1999.0836529673613,1330.345894729787,1.074765760020314
6.803115,TRACKING,1411.76437129184,-6086.056441878411,36.87143380188467,-3266.672814091504,-1999.0344714269384,1330.2837733560555,0.9865538737366175
6.8073735,TRACKING,1411.9198816736787,-6090.326212517394,36.11339470358539,-3266.6687212179363,-1999.065018105311,1330.2376331515652,1.0189798664622738
6.8120716,TRACKING,1411.957689074362,-6094.305621176986,35.16805019881561,-3266.677957200591,-1999.0480228915776,1330.2257646481348,0.8706349220044477
6.8157785,TRACKING,1412.0257589171356,-6098.257223339608,34.156678296616924,-3266.6719585169158,-1999.0697898007365,1330.1999753852049,1.1005266963165112
6.8200313,TRACKING,1412.2262438873408,-6102.178937122408,33.58209270110258,-3266.6544311937205,-1999.0861222421802,1330.1895923843329,0.9331851660573374
6.8246002,TRACKING,1412.641210936663,-6105.933781844479,34.322934161848295,-3266.6972449942027,-1999.0598854043808,1330.262727133859,0.8425797591751967
6.828763,TRACKING,1413.0334791413563,-6109.481691309186,35.20327478615034,-3266.666673087652,-1999.101105007388,1330.2687195411754,0.8831757773690774
6.8325789,TRACKING,1413.4525120455673,-6113.300118478627,35.94657284575432,-3266.6874762472244,-1999.0793492928904,1330.2774504947995,1.025342268241738
6.8364905,TRACKING,1413.7938912777292,-6117.10399602377,36.49738896123905,-3266.6646531114225,-1999.040370568009,1330.3146707156884,0.9864713806305802
6.8411692,TRACKING,1414.1410092390863,-6120.843182522384,36.97972564114008,-3266.644929028825,-1999.025353376098,1330.2899482143353,0.8092233894151452
6.8453772,TRACKING,1414.5864197533645,-6124.763713008298,37.14564892880028,-3266.689449338099,-1999.0233311002855,1330.3006871907503,0.9385071164590689
6.8493044,TRACKING,1414.932548027056,-6128.23442920423,37.91092690259918,-3266.6495971269983,-1999.0419254253393,1330.3635061073535,0.9092737565256044
6.8533934,TRACKING,1415.292349892822,-6132.126662954073,38.18229474733323,-3266.68378983395,-1999.0443318861762,1330.3862930462972,0.9582384528781073
6.8578943,TRACKING,1415.412402612551,-6136.128107160915,38.10096269886957,-3266.671336085337,-1999.0555387446552,1330.3234058121593,0.8896155970567284
6.8619707,TRACKING,1415.7551537967329,-6140.019011549865,37.67492052281669,-3266.663244081395,-1999.0442986638882,1330.3284790982539,0.9638745548869606
6.8657749,TRACKING,1415.8577073061517,-6143.967757836425,37.00272050178232,-3266.6460800946543,-1999.0379275443447,1330.3044998569349,1.053274019426805
6.8698662,TRACKING,1416.0414239743263,-6148.04644765905,36.64775871417033,-3266.666207450641,-1999.1113322361655,1330.2748667566773,1.0016929799481848
6.8743437,TRACKING,1416.3971344213078,-6151.799939951329,37.33926510327397,-3266.632090885364,-1999.0801055104891,1330.2137183836705,0.8561025365346189
6.87862,TRACKING,1416.7751814384708,-6155.722163306559,38.19646573668144,-3266.6344732997254,-1999.0769563665517,1330.2349721186943,0.9430023706313718
6.882281,TRACKING,1417.2166542501463,-6159.574242759534,38.715949133374224,-3266.623976382572,-1999.1078566015133,1330.2024612888074,1.0685442110814365
6.886648,TRACKING,1417.606878919312,-6163.329889833487,39.05165375339888,-3266.633407463635,-1999.0554062465887,1330.1851572879905,0.8680466067928311
6.8912907,TRACKING,1418.000227149191,-6167.067101891378,39.258315095489046,-3266.651804226181,-1999.0366372493725,1330.227777363512,0.810634689458397
6.8953532,TRACKING,1418.233787645279,-6171.000199741087,39.30111819740177,-3266.679046514296,-1999.0699536478087,1330.2036652909649,0.9699099176619186
6.8990982,TRACKING,1418.4009993751993,-6174.829674468043,39.14059663574556,-3266.6606714116433,-1999.005504296055,1330.2941154900013,1.0244281003538818
6.9034008,TRACKING,1418.3714847439228,-6178.643184506847,38.66577171345924,-3266.6892718018794,-1999.0280514934457,1330.2513352622561,0.8931971853428452
6.9075434,TRACKING,1418.7240358266872,-6182.42747871913,38.341214351289395,-3266.6595289273905,-1999.045045608665,1330.2698603370602,0.9208017655391254
6.9116877,TRACKING,1418.9793861918085,-6186.366378146719,37.75953831936444,-3266.66837663281,-1999.0253435413915,1330.2870307599433,0.962719138727961
6.9158449,TRACKING,1419.361768748817,-6190.204308518105,37.12897269739218,-3266.692558624413,-1999.0657469308235,1330.3299187160387,0.940088889332418
6.9201498,TRACKING,1419.6408678941498,-6194.182640321649,36.26558512531084,-3266.6906977839653,-1999.0416021853266,1330.2992369823244,0.9478727308778733
6.9241814,TRACKING,1420.0645645879679,-6198.271532410407,35.63179859805731,-3266.6640630856186,-1999.0539944361537,1330.259991546068,1.0316886723883334
6.9286661,TRACKING,1420.6158807531835,-6202.043355223228,36.18443330652623,-3266.6699330965084,-1999.077452617595,1330.2602178950376,0.8588652759346267
6.9324038,TRACKING,1420.9886884040748,-6206.897594110156,36.48054414575865,-3266.6325182813016,-1999.0508929749267,1330.2322067552593,1.304955013259896
6.9364227,TRACKING,1421.2510500695137,-6211.04476952266,36.929244909152615,-3266.6272981136667,-1999.0719946628867,1330.2062656417493,1.0399912380760616
6.9406435,TRACKING,1421.6522663721496,-6215.0314868427495,37.1392953478969,-3266.615168261379,-1999.0803104468675,1330.232989452276,0.9506153453431126
6.9451031,TRACKING,1422.3104271296868,-6218.971483560153,37.29286262771034,-3266.6500173186723,-1999.0908234035535,1330.2192774712498,0.8963899951168708
6.9489552,TRACKING,1422.7892934335155,-6222.749704000487,37.18519457633644,-3266.663520647294,-1999.133783733608,1330.338396456113,0.9890625511133558
6.9530911,TRACKING,1423.3100070339474,-6226.633134372837,36.95887647664949,-3266.621100215053,-1999.0737294256585,1330.2537497136857,0.9489387521391764
6.9573346,TRACKING,1423.710265577264,-6230.336847353802,36.615530482717894,-3266.6355257979667,-1999.0366120322906,1330.2956323923706,0.8815994162718386
6.9617668,TRACKING,1424.180025683492,-6234.0758739410885,36.17663620769432,-3266.6372042768076,-1999.041126556604,1330.2777343372109,0.8559841157821406
6.9656797,TRACKING,1424.699834046268,-6237.689275439409,35.619946725624956,-3266.6709537883917,-1999.04416893165,1330.257976323969,0.9437502449047034
6.9696707,TRACKING,1425.0967551323645,-6241.4064144538015,35.02705686935679,-3266.654746367196,-1999.030278271546,1330.3092470313459,0.9483826119516752
6.9738369,TRACKING,1425.5929226053127,-6245.172027416236,35.122139153605474,-3266.6659543634173,-1999.0213557387165,1330.3152719038092,0.9119462441768064
6.9787594,TRACKING,1426.1891532828977,-6249.007061607779,35.655004921617206,-3266.6549639175564,-1999.0410864208716,1330.3055329969186,0.7958385076584454
6.982365,TRACKING,1426.792326383213,-6253.07018781909,35.95531607446628,-3266.679707788132,-1999.0354812053924,1330.2583802281483,1.1422831633378892
6.9862912,TRACKING,1427.4095037963548,-6256.74643800106,35.8496097682477,-3266.697306461231,-1999.0854867439107,1330.309274244716,0.9498230467154077
6.9907617,TRACKING,1428.1032310243925,-6260.979971958753,35.550913921610466,-3266.668254465427,-1999.0772184737475,1330.2124068467356,0.9619465670464199
6.9953159,TRACKING,1428.837433748532,-6264.926569572414,35.059363313673906,-3266.6629215635735,-1999.0712529116906,1330.2239200776798,0.8880359466890697
6.9990328,TRACKING,1429.248357134559,-6268.401295752051,34.526261369238156,-3266.6716615545797,-1999.1131995772719,1330.2624165766892,0.9522233107426413
7.0031125,TRACKING,1429.65478570605,-6272.03564781095,34.16310987066061,-3266.630277587831,-1999.0887534611925,1330.2142689940797,0.9007999648708493
7.0076466,TRACKING,1429.9428813103402,-6275.654391255601,34.30530245829201,-3266.631343139932,-1999.0598147615328,1330.2459008603541,0.8012564800455945
7.0122577,TRACKING,1430.289800026902,-6279.184216527219,34.750434037325995,-3266.66742513779,-1999.0745465560726,1330.3132179940865,0.775228338427354
7.0158184,TRACKING,1430.50408723593,-6282.605733394282,34.99161344369227,-3266.6733165730775,-1999.0806565361772,1330.3077117097143,0.9651736419805328
7.0197184,TRACKING,1430.9099897353985,-6286.373276011896,35.104166540358534,-3266.678927035874,-1999.0822742986418,1330.3381533981465,0.9720553880623344
7.0246926,TRACKING,1431.2754150537196,-6290.199093865506,35.033447111443294,-3266.686925697399,-1999.0239356976576,1330.3196749510976,0.7727636083898431
7.0286463,TRACKING,1431.670530841348,-6293.978865426175,34.99330548765117,-3266.6484052947335,-1999.01654325701,1330.3117417145124,0.9612714722640141
7.0322739,TRACKING,1432.1629222016338,-6297.944112188687,34.898769783659624,-3266.6742924159666,-1999.0577674809383,1330.329055857663,1.1017807236415451
7.0363216,TRACKING,1432.6266093421461,-6301.894124218798,34.88013714550735,-3266.6603556874757,-1999.0941896225033,1330.341769388242,0.982577363434994
7.0409417,TRACKING,1432.891521567582,-6305.518439577328,35.17468447841846,-3266.6878425729055,-1999.0728506768842,1330.3560578793301,0.7891391083467393
7.0453902,TRACKING,1433.2074444088764,-6309.272637824874,35.42222091178665,-3266.6866026113985,-1999.0466616451074,1330.3130145768978,0.8487334642994805
7.0489792,TRACKING,1433.6134137688962,-6313.038373999537,35.5495775674997,-3266.680603127461,-1999.0670936692309,1330.247802458969,1.0559199019907746
7.0530611,TRACKING,1434.1921265270166,-6316.575272547483,35.59152522574463,-3266.6541347196303,-1999.0828939163812,1330.2535415799746,0.8780656682851627
7.0575,TRACKING,1434.704505474384,-6320.496730307231,35.43873953340581,-3266.6794245792757,-1999.124450586188,1330.333402214419,0.8916037958425921
7.0618298,TRACKING,1435.2930978040465,-6324.071366446032,35.58598331128197,-3266.6387080612876,-1999.063254834341,1330.2600835499982,0.8373969525029687
7.0656239,TRACKING,1435.869153444491,-6327.693438047177,35.915204247086656,-3266.641458055665,-1999.095466691694,1330.3043662078053,0.970543786692771
7.0694848,TRACKING,1436.4670583419177,-6331.062092408046,36.266814385021185,-3266.6617846476142,-1999.0844834963038,1330.2633955838292,0.8908089759618576
7.0738639,TRACKING,1437.0351556015326,-6334.843268574908,36.321489112664594,-3266.644718409368,-1999.0440626697018,1330.261497933856,0.8732400183630885
7.0781502,TRACKING,1437.5671765147263,-6338.416210908511,36.26558663804155,-3266.6522346383836,-1999.0342977281173,1330.2425002060222,0.8428638676843889
7.0823401,TRACKING,1438.0076067802345,-6341.771164250343,36.579466964197394,-3266.6806072640597,-1999.1059068843576,1330.2812382580294,0.8110613547189675
7.0865683,TRACKING,1438.6249439078044,-6345.775518805135,36.173629380647554,-3266.654705713515,-1999.0429624192107,1330.276498397261,0.9630424841651003
7.091012,TRACKING,1438.6834330714937,-6349.1687712549165,37.23450997948578,-3266.6641201952,-1999.024742439948,1330.2870220597845,0.8001680571256956
7.0951474,TRACKING,1439.2641604189037,-6352.808965067349,37.60265187157618,-3266.6734052123998,-1999.0253449193285,1330.2884729539528,0.8958172247771112
7.0991991,TRACKING,1439.7050406625715,-6356.790043896567,37.79294979942356,-3266.6702862852685,-1999.0531229882542,1330.2648346466462,0.9896919390075785
7.103117,TRACKING,1440.1430449429567,-6360.586732651767,37.812290368630876,-3266.6803891708787,-1999.0397378345076,1330.2528577574337,0.9755020094813259
7.1077163,TRACKING,1440.6587151223496,-6364.074040242055,37.751476708221254,-3266.6699035595075,-1999.072015145029,1330.2632213743632,0.7665845141328063
7.1120492,TRACKING,1441.1129384789867,-6368.079801667311,37.65854325554801,-3266.7191745350096,-1999.1064928268981,1330.3373885771807,0.9306706720190705
7.1158117,TRACKING,1441.6814237471683,-6371.65771055431,37.57259964488797,-3266.6738357246077,-1999.0660548812155,1330.2328850738897,0.963138683111355
7.11985,TRACKING,1442.240920366782,-6375.275417334255,37.536059376225516,-3266.6738357246077,-1999.0660548812155,1330.2328850738897,0.9065443324798984
7.12444,TRACKING,1442.7412235203142,-6378.92487331759,37.453523585460886,-3266.6312342722895,-1999.0348469792111,1330.2178937630542,0.802726390046885
7.1288086,TRACKING,1443.1250273705346,-6382.593442916725,37.16642788944625,-3266.620842472948,-1999.0478010461177,1330.2474941892146,0.8468954793513076
7.1325605,TRACKING,1443.4860799082232,-6386.2998846054925,36.98172608991649,-3266.6365889760186,-1999.0667755120419,1330.2158877825295,0.9937800100002339
7.1364632,TRACKING,1443.7538874143265,-6389.948427897243,36.82394381750619,-3266.627883678399,-1999.0513109084693,1330.2718632706853,0.9382631822699143
7.1409808,TRACKING,1444.115851438852,-6393.711901910781,36.809225306382494,-3266.6254054158912,-1999.0291049453115,1330.2859476573244,0.8369198494224849
7.1452479,TRACKING,1444.6023269788905,-6397.356863311591,36.922738142968825,-3266.6484501576315,-1999.0391206036027,1330.2663777451735,0.8621859023466012
7.1492084,TRACKING,1445.046506877483,-6400.919555565855,36.961158046367686,-3266.6648577290343,-1999.0396726430126,1330.2997967423928,0.9065724495727889
7.1529298,TRACKING,1445.628999821189,-6404.844617848364,37.03220803444972,-3266.642279557265,-1999.0458998554236,1330.2723437607433,1.0664494349594271
7.1574489,TRACKING,1446.0893180314276,-6408.565989415836,36.954250355246806,-3266.6717394335415,-1999.0576629302163,1330.2691198187963,0.82993151445241
7.1620214,TRACKING,1446.5701337507935,-6412.4691381802595,36.87560187431266,-3266.656214273227,-1999.0548758705115,1330.3019514426408,0.8602380864818476
7.1656335,TRACKING,1447.0910367931067,-6416.824267701504,36.73202473515315,-3266.672809657205,-1999.0619168640778,1330.2755563414967,1.21494974373051
7.1697011,TRACKING,1447.4349097352074,-6421.035768225558,36.55986277847132,-3266.672809657205,-1999.0619168640778,1330.2755563414967,1.039684766186117
7.1739766,TRACKING,1447.8482944874509,-6425.173337578526,36.54412637066984,-3266.6742760527545,-1999.0493481776455,1330.2379886231495,0.9725642607344931
7.1788235,TRACKING,1448.2901228825372,-6428.940790098324,36.44774260800435,-3266.7042921274574,-1999.084906551315,1330.2913258443582,0.7828707213949061
7.182723,TRACKING,1448.8741930212232,-6432.744541103209,36.31606229831204,-3266.6691441786757,-1999.083236596975,1330.2366926133188,0.9874559008275647
7.1864382,TRACKING,1449.4504333579066,-6436.4347177156815,36.13814972614376,-3266.657772239553,-1999.0578265765612,1330.2469761481832,1.006441685689335
7.1908442,TRACKING,1450.0085142290407,-6440.182818706241,36.06965358837342,-3266.6829992638413,-1999.0893413484835,1330.2346035878045,0.8601998418267447
7.1952488,TRACKING,1450.4895795359712,-6443.713100478294,36.079965002501815,-3266.6756244768117,-1999.05575455595,1330.2214808906508,0.8089095249239365
7.1988937,TRACKING,1450.9964339045387,-6447.332674953239,36.03223721132498,-3266.67536422832,-1999.067580715219,1330.2149232017491,1.0028263028470545
7.2029624,TRACKING,1451.5379167753842,-6450.82644589525,35.97170973485748,-3266.68888084996,-1999.0701770078676,1330.3165403528699,0.8690738917015074
7.2073884,TRACKING,1452.0941465693656,-6454.395396887333,35.79652698331211,-3266.686750040216,-1999.0455970264507,1330.2477214917187,0.8170541082163394
7.2117496,TRACKING,1452.6047091443245,-6458.059155262993,35.79151715368655,-3266.6787621192,-1999.0676135315684,1330.268575961973,0.8481989825515641
7.2156828,TRACKING,1453.235849411019,-6461.671921410614,35.90473797129156,-3266.6391310748472,-1999.0446239847086,1330.2802813671371,0.9328862726761225
7.2196559,TRACKING,1453.919484509613,-6465.148952324648,35.90748841043165,-3266.662116284745,-1999.0979616643372,1330.3570906718276,0.8918982815663831
7.2240853,TRACKING,1454.598880642828,-6469.038067360904,35.79651563124918,-3266.6739370460737,-1999.0876210515116,1330.36705024186,0.8916717481124885
7.2285129,TRACKING,1455.3089743424555,-6473.313577793013,35.41692071928904,-3266.646306855414,-1999.0665819511305,1330.3086221161007,0.9826245185075391
7.2323986,TRACKING,1456.0437264169339,-6476.937695041901,35.17769095287078,-3266.6285208336676,-1999.0561499422013,1330.336748480951,0.9536452160392147
7.2363691,TRACKING,1456.6953112817077,-6480.64239136119,35.14342885644943,-3266.649756246616,-1999.0725380660606,1330.26969717672,0.9474163377379687
7.2411184,TRACKING,1457.110684217272,-6484.113671988854,35.12378302186089,-3266.649756246616,-1999.0725380660606,1330.26969717672,0.7361293728822351
7.245198,TRACKING,1457.470585176301,-6487.451589785321,35.02241109714567,-3266.637717656432,-1999.0637045909193,1330.263145954095,0.8233146518968065
7.2490753,TRACKING,1457.823341273359,-6490.987209031179,34.8931627497171,-3266.6513337296756,-1999.058097208583,1330.2428753154843,0.9170100925074044
7.25306,TRACKING,1458.1561616706806,-6494.316236277407,35.023014597065476,-3266.6283387682033,-1999.0463685857096,1330.2376775513526,0.8402493969378911
7.2576582,TRACKING,1458.501626000447,-6497.829051128479,35.05996065739715,-3266.6363950412583,-1999.0336581853971,1330.2448596041788,0.7676818109004523
7.2618718,TRACKING,1458.935383965548,-6501.412607650917,35.215322280502896,-3266.677683813916,-1999.0406001685287,1330.1929289519187,0.8574744130101031
7.2656471,TRACKING,1459.4078835854757,-6505.135592987394,35.39350839877375,-3266.685712073167,-1999.02115786184,1330.2189849128492,0.9951730429636402
7.2697843,TRACKING,1459.9125175758695,-6508.834034693308,35.32634536177851,-3266.686764379461,-1999.0428149120298,1330.2071531975741,0.9023770983587405
7.2739342,TRACKING,1460.3299415395097,-6512.6074187479635,35.160411164937656,-3266.6630568539063,-1999.075276465533,1330.266476850545,0.9156911880663127
7.278465,TRACKING,1460.842961629142,-6516.3367166056505,35.08241957862493,-3266.669239837167,-1999.0465636052636,1330.236149802714,0.8310291912511798
7.2823754,TRACKING,1461.1980587158641,-6519.983740909148,35.27715450466627,-3266.676514983144,-1999.0310510183704,1330.2300808087289,0.9383801231698501
7.2865467,TRACKING,1461.5798858557635,-6523.595872366664,35.69163361996422,-3266.661972735194,-1999.053439257796,1330.2656550663726,0.8764241430024002
7.2906779,TRACKING,1462.1354033664943,-6527.133681516842,35.9187095723096,-3266.6488169466033,-1999.0443148370052,1330.2632274318778,0.8685975374678424
7.29509,TRACKING,1462.7481343014151,-6530.656904662979,35.95133563468915,-3266.6434743374593,-1999.034619898576,1330.3004619771514,0.8105563615883188
7.2989837,TRACKING,1463.4174770944014,-6534.22052298005,35.873713061905725,-3266.6478201982277,-1999.0505673927346,1330.2890201446578,0.9314442493656723
7.3031879,TRACKING,1464.010580324041,-6537.752747236162,35.75741106514037,-3266.635314005836,-1999.0821472564926,1330.3060348942488,0.8523763119637437
7.3076875,TRACKING,1464.5892001169502,-6541.270161650448,35.908100733503574,-3266.6547253797876,-1999.1007800707189,1330.3710731698036,0.7929309830782088
7.3119314,TRACKING,1465.2581668528767,-6544.707783751051,36.297814800814876,-3266.6428377658926,-1999.11629757099,1330.3194278604824,0.8303035405330849
7.3157003,TRACKING,1465.8491460472937,-6547.573306974988,36.947812950914845,-3266.621493743354,-1999.0797272456762,1330.2723931686312,0.79523509483254
7.3199094,TRACKING,1466.4680234820355,-6551.056228306732,37.306090213530155,-3266.617006879512,-1999.0531829165807,1330.234890183676,0.8447351931221627
7.3243365,TRACKING,1467.1700508942852,-6554.60679043296,37.23276427695344,-3266.620146507993,-1999.0685866298913,1330.2373149338066,0.8177007294378441
7.3287066,TRACKING,1467.6020494493594,-6558.024210578781,37.14440599984413,-3266.6644386701932,-1999.0342547214018,1330.2365153657954,0.7884830123273576
7.3326465,TRACKING,1467.8526663562434,-6561.6041449228005,37.618734153953,-3266.6959254267504,-1999.0445691358261,1330.2834390811865,0.9187814148822048
7.3365746,TRACKING,1468.4071062591663,-6565.202989121308,37.90746566616543,-3266.6814587512768,-1999.0469381520816,1330.2289184057227,0.9298978450980789
7.340532,TRACKING,1469.1174206511205,-6568.540629390515,38.36040418750508,-3266.72411640459,-1999.0908312368047,1330.3067109574852,0.8698429348255308
7.3455934,TRACKING,1469.5408059237698,-6572.254378642861,38.37746931603366,-3266.6695935130383,-1999.0182046301804,1330.275529744594,0.7385000739013532
7.3492664,TRACKING,1470.0323909419776,-6575.953525820851,38.36011824028273,-3266.6753922868224,-1999.0129870794017,1330.287281358841,1.0159837425390164
7.3533889,TRACKING,1470.644101829298,-6579.421229984925,38.21412002350416,-3266.694672747622,-1999.0268983696012,1330.3412978275587,0.8548865575222641
7.3579394,TRACKING,1471.194257543256,-6583.043223868315,37.98967503405658,-3266.6533671502093,-1999.0253610543732,1330.3147049542943,0.8065941907351519
7.3619811,TRACKING,1471.8408245071048,-6586.628811481366,37.839622913345664,-3266.6666796856293,-1999.035228671953,1330.2886857091626,0.9022207459028287
7.365932,TRACKING,1472.4398560376796,-6589.982334012566,37.82751669200689,-3266.6671358647454,-1999.0312995568681,1330.2620798861012,0.8622404278139967
7.3700351,TRACKING,1472.9599454628462,-6593.571408478708,37.80253942699283,-3266.699802060477,-1999.0906677356045,1330.3297074652698,0.8838798816724212
7.3744164,TRACKING,1473.3391979412468,-6597.054633674029,37.44177498441272,-3266.640424836152,-1999.0576183016617,1330.2450546821908,0.8039473721562818
7.3789324,TRACKING,1473.7578180846183,-6600.73399435652,37.11177948999993,-3266.619882558956,-1999.048616969718,1330.2459088201772,0.8232446499181946
7.3827245,TRACKING,1474.1002869013007,-6604.172663735615,36.70231014612797,-3266.654965733466,-1999.0562545509347,1330.2457944050318,0.9176593198720306
7.3867179,TRACKING,1474.5684051695373,-6607.727399529003,36.86598792383827,-3266.629280876126,-1999.073242594328,1330.232216987349,0.8987730515685789
7.3911923,TRACKING,1474.9350163570512,-6611.304232644645,36.97467957128888,-3266.632811876068,-1999.050451622014,1330.2463402927012,0.8039546275493547
7.3956043,TRACKING,1475.6751186594993,-6614.846512510822,37.379371736066304,-3266.621349514236,-1999.0295451714667,1330.23226171443,0.8253237938592349
7.3992541,TRACKING,1476.2094563593994,-6618.355609752407,37.43141582847621,-3266.6427074016483,-1999.0781225648545,1330.291109192856,0.9726363092555182
7.4032798,TRACKING,1476.9553254968946,-6621.977907356022,37.35321384390315,-3266.654034664981,-1999.038296449442,1330.308061249897,0.9188757997580018
7.4075194,TRACKING,1477.5721522725837,-6625.9084146453415,37.02488677707384,-3266.6844364445665,-1999.0884064690863,1330.3298578501501,0.9416306864400388
7.411883,TRACKING,1478.3463300260337,-6630.470695354914,36.50523854147017,-3266.6614364332936,-1999.0326216834233,1330.2931947628656,1.067143124983638
7.4156545,TRACKING,1478.5090526110694,-6634.247856488122,36.50080994288386,-3266.6668543922697,-1999.0401949827465,1330.38625480434,1.0024306509779644
7.4198234,TRACKING,1479.0018976969084,-6637.904695536546,36.63079919625799,-3266.6528419634838,-1999.0105161561555,1330.3128351648159,0.8856508363744233
7.4241623,TRACKING,1479.6116182396443,-6641.524632791569,36.62652099261952,-3266.67936697854,-1999.0680433603234,1330.3210278504598,0.8460507202241241
7.428628,TRACKING,1480.2021009188468,-6645.151982313844,36.50541726763685,-3266.6710288058416,-1999.0692282397583,1330.2731668234885,0.8234075967350247
7.4322737,TRACKING,1480.8431492225777,-6648.57502139164,36.278059944397604,-3266.6686335455433,-1999.0813010809266,1330.2648028345689,0.9572815738090463
7.4363309,TRACKING,1481.3830546033278,-6652.068467689354,36.066241247551844,-3266.6263557324182,-1999.0726390792001,1330.2663354522683,0.8728338162748207
7.4406334,TRACKING,1481.9197159071134,-6655.597856917829,36.04878781256129,-3266.627823612589,-1999.0621519956194,1330.2027265478062,0.8297500900376121
7.4448752,TRACKING,1482.470836525569,-6658.995924612572,36.03497791161993,-3266.6613311034585,-1999.101316059285,1330.2900444278312,0.8115652440166621
7.4487875,TRACKING,1483.0715618309443,-6662.314957309105,36.011571763811446,-3266.6445693616897,-1999.077222122221,1330.251882262947,0.8621628439890768
7.4530259,TRACKING,1483.59311399608,-6665.79814509234,35.80212039299927,-3266.6585062057534,-1999.0525036964623,1330.250965071177,0.832446412526146
7.4572714,TRACKING,1484.3322142662373,-6669.146308932523,35.88943221026791,-3266.6585244988432,-1999.0886983131168,1330.242245752719,0.8078865754849802
7.4616433,TRACKING,1485.0499271854992,-6672.535195981731,35.87687139965685,-3266.669465933188,-1999.0549461164878,1330.2651842933003,0.7923503195061473
7.4654792,TRACKING,1485.7101428772255,-6675.931085371782,35.764989915502895,-3266.683068918088,-1999.0849892476801,1330.3277453540268,0.9023387256375867
7.4700497,TRACKING,1486.4647094853115,-6679.412617255003,35.66820934996526,-3266.6345774194583,-1999.020446799089,1330.312209978561,0.7797129604203272
7.4743489,TRACKING,1487.2577087255331,-6682.831942925083,35.59484331521436,-3266.654079868025,-1999.060627142091,1330.282381304957,0.8166270415083113
7.4786075,TRACKING,1488.0729532756507,-6687.1935287446695,35.33974325039821,-3266.6524342881535,-1999.035670360613,1330.310875211247,1.0436409647777103
7.4824777,TRACKING,1488.7702699578422,-6690.780113609089,35.34461297091202,-3266.640014092906,-1999.0451929217436,1330.2707940653231,0.944071816084249
7.4864047,TRACKING,1489.3074985201408,-6694.051842787493,35.09672482880533,-3266.629669631404,-1999.037460475482,1330.277486272708,0.8466506156431255
7.4906886,TRACKING,1489.8963172222486,-6697.554987153748,35.077945525135085,-3266.630101798974,-1999.038113158468,1330.2756966091813,0.8292290961345554
7.4951645,TRACKING,1490.329066333769,-6700.923278220028,34.86984122677663,-3266.6233675615404,-1999.0592604192268,1330.2354745362404,0.7601480869482808
7.4990024,TRACKING,1490.7405991723595,-6704.071028488561,34.825861935147536,-3266.630665733764,-1999.065572811074,1330.239991080145,0.8272343074588026
7.5032013,TRACKING,1491.1934358865203,-6707.352213629301,35.05060686168567,-3266.6268136061,-1999.0466046823503,1330.2732457084278,0.790659863363967
7.5073926,TRACKING,1491.6745993567354,-6710.763849343103,35.26522195117604,-3266.669930890681,-1999.067691999614,1330.3636670445194,0.8236292033197538
7.5119082,TRACKING,1492.189528433906,-6714.237842774246,35.27953264811154,-3266.650449307482,-1999.0783838319453,1330.2790820916834,0.7777433040305224
7.5156518,TRACKING,1492.7502703729187,-6717.774175543483,35.289422834907526,-3266.6762335231547,-1999.0875885172443,1330.313545370185,0.9564397172383066
7.5196504,TRACKING,1493.2962769961612,-6721.2561453390645,35.25021509729761,-3266.6804122105214,-1999.0799969793409,1330.258395163454,0.8814928866141225
7.5242335,TRACKING,1493.9797273260685,-6724.919913465775,35.100790258176566,-3266.669238982024,-1999.0677815393515,1330.321155838688,0.8138516889733006
7.5285198,TRACKING,1494.4919333442178,-6728.340601846843,35.207279823930314,-3266.6581346156945,-1999.0527268963604,1330.288116207209,0.8073310266609589
7.5323285,TRACKING,1494.9590823768558,-6731.717865826445,35.52370383173578,-3266.67822724993,-1999.077075695227,1330.3864280089274,0.8990131313599597
7.5365013,TRACKING,1495.4502575208983,-6735.282604739304,35.767742603925186,-3266.6683989153526,-1999.0531318891371,1330.2864775802786,0.8643319294588898
7.5406021,TRACKING,1496.059623137281,-6738.769281142774,35.72349726578961,-3266.6826478430203,-1999.0856713228375,1330.3172970006478,0.863197852244668
7.5451834,TRACKING,1496.8186894274475,-6742.124949125933,35.74888467497565,-3266.6495120466725,-1999.0322552872717,1330.2477633708181,0.7509970217697414
7.5490489,TRACKING,1497.571728523097,-6745.667551096139,35.61693405328817,-3266.6724901667253,-1999.0969149718023,1330.2719513700072,0.9375646404598438
7.5531531,TRACKING,1498.2287872509028,-6749.107007161669,35.67237541629959,-3266.683751038265,-1999.0738989782676,1330.2993542888398,0.853295006545444
7.5574285,TRACKING,1498.8881658141213,-6752.4019690447285,35.921865828569935,-3266.659248647654,-1999.0654101863684,1330.262284618549,0.7881227332921803
7.5619014,TRACKING,1499.683345502356,-6755.86052131861,36.02554026650898,-3266.6553821890625,-1999.0575723320162,1330.310315408829,0.7937360128947488
7.5655901,TRACKING,1500.3229955927936,-6759.08449860018,35.99676410489918,-3266.637103999728,-1999.0323368837342,1330.2451029508725,0.8910850334150202
7.5698093,TRACKING,1501.1811337414802,-6762.443571117594,35.90973350498125,-3266.67327611289,-1999.0715212179282,1330.2756188087553,0.8219676895934871
7.5740078,TRACKING,1501.5704685120631,-6764.960508481743,36.561255199299175,-3266.652861374802,-1999.0669699698083,1330.2640464216595,0.6261485988494231
7.5784943,TRACKING,1502.4985027821508,-6768.463066931087,36.36327659594332,-3266.65604688806,-1999.0632509414424,1330.2754563668827,0.8088316814657955
7.5823577,TRACKING,1503.2497862191944,-6771.886777036039,36.37845176341638,-3266.6511332079726,-1999.052123281763,1330.3246311940838,0.9072845125379255
7.5867093,TRACKING,1503.2005690287904,-6774.938658585602,37.7221471164799,-3266.6578018358196,-1999.0564727360716,1330.4184737473925,0.7663742879509416
7.5909199,TRACKING,1503.8551408577068,-6778.3879588642985,37.67983416145271,-3266.654786545886,-1999.0512903429935,1330.3273597005164,0.8338751701285279
7.5953281,TRACKING,1504.3966409834504,-6782.0190435844015,37.38545553232596,-3266.619407567816,-1999.0626992744792,1330.3252899445686,0.835493594396222
7.599217,TRACKING,1505.18397302794,-6785.249219152351,37.56876720152411,-3266.655619769186,-1999.0837367442962,1330.370507056043,0.8562303363976536
7.6033744,TRACKING,1505.8455613417925,-6788.6307782717895,37.52330684721167,-3266.626699818653,-1999.066679534377,1330.307489256233,0.8288761710928703
7.6079189,TRACKING,1506.5120544820477,-6792.187726879213,37.538859971856326,-3266.6440601917325,-1999.0835869866949,1330.324404978669,0.7963222242820411
7.612054,TRACKING,1507.3114977861808,-6795.56592815006,37.53104950119567,-3266.6141276436624,-1999.0533634835767,1330.2792265450303,0.839523763976927
7.6157069,TRACKING,1508.0562604129336,-6798.836005824435,37.4079393811822,-3266.6504714558755,-1999.0749907391287,1330.216954940692,0.9187424822478765
7.6200485,TRACKING,1508.6308572719088,-6802.118087908306,37.20204850920599,-3266.646014712351,-1999.0964300818437,1330.2768802111782,0.768922792246739
7.6248744,TRACKING,1509.2246695302797,-6805.553620158819,36.974951841295265,-3266.6791043376184,-1999.08541925792,1330.2535811008904,0.7239813167973406
7.6287055,TRACKING,1509.8166917845867,-6809.140877506445,36.685529165251126,-3266.6554972892586,-1999.066285699192,1330.2337573666694,0.952019707827237
7.6323894,TRACKING,1510.4148031910943,-6812.31828735265,36.59837544471669,-3266.665948965192,-1999.0605574691447,1330.2392291629835,0.8779793414928901
7.6367928,TRACKING,1511.0927884408084,-6816.192759038932,36.427252537761944,-3266.667562623938,-1999.0842259234666,1330.2892767911562,0.8940965230003949
7.6412539,TRACKING,1511.6795384619018,-6819.6948010228125,36.394984508219885,-3266.713395798039,-1999.0852205503381,1330.328625671018,0.7959924576783335
7.6453844,TRACKING,1512.0306526895902,-6822.75685536815,36.41906631366263,-3266.7049860909874,-1999.0702108539479,1330.3394437895195,0.746208245360884
7.6492089,TRACKING,1513.1555241211568,-6827.004646427953,36.40273186625979,-3266.655373323064,-1999.048390692957,1330.280506308504,1.148970698601759
7.6533244,TRACKING,1514.0543910801775,-6830.856845563873,36.454525342885375,-3266.676142454504,-1999.0443570827847,1330.3430284048131,0.9612485781416253
7.6575753,TRACKING,1514.7187896002024,-6834.3321173045015,36.31591649237017,-3266.671861127669,-1999.0778418945697,1330.3713943064693,0.832982481144523
7.6623222,TRACKING,1515.4116274575274,-6837.8038805443775,36.24898660753075,-3266.622364234782,-1999.0537168141705,1330.2869713176026,0.745929670997492
7.6656885,TRACKING,1516.073734891718,-6841.197023685828,36.10744977206663,-3266.605231128715,-1999.0803520714123,1330.2777925786045,1.0278449876693954
7.6700399,TRACKING,1516.65565298152,-6844.7722778356365,36.05025786482761,-3266.6102848185824,-1999.0553395617194,1330.2815783318974,0.8325489146027247
7.6743549,TRACKING,1517.1346250198994,-6848.504417583969,35.90378382636455,-3266.5995233597605,-1999.0733702310902,1330.2666506283801,0.8726764813979204
7.6785341,TRACKING,1517.601012560808,-6851.793271841326,35.69145029655303,-3266.604832806861,-1999.0650874887824,1330.2660614004005,0.7964533873054703
7.6823388,TRACKING,1518.1832958828172,-6855.177461876005,35.553458759590214,-3266.6244375665233,-1999.0831028880218,1330.3414644136326,0.9032748802454859
7.6865264,TRACKING,1518.8954537185175,-6858.479674681225,35.48402632437187,-3266.6154705687622,-1999.0780575651163,1330.2864326872032,0.8068692848609015
7.6908273,TRACKING,1519.5835734118546,-6861.905202620088,35.52700609599693,-3266.611167497183,-1999.0396577770832,1330.2943527611167,0.8124400628678131
7.6952764,TRACKING,1520.2169993115058,-6865.183198485195,35.43475189694433,-3266.6801352219336,-1999.1014303813888,1330.3606326303318,0.7506933075166893
7.6991245,TRACKING,1520.8349607813534,-6868.284887857375,35.316681696782986,-3266.633415966507,-1999.0301874057286,1330.3309592629892,0.8224455978927527
7.7031758,TRACKING,1521.5178113865832,-6871.643478988574,35.188337770044996,-3266.6262421762854,-1998.9967907600417,1330.3314691068517,0.8465695463491013
7.7073473,TRACKING,1522.2896456642236,-6874.962039470919,35.24066914915695,-3266.651774721345,-1999.0579921006647,1330.3223124034132,0.8168613910069491
7.7117874,TRACKING,1523.032759384642,-6878.060292585411,35.2586450690531,-3266.6531052784176,-1999.0065280953881,1330.3164286810402,0.7175909036490451
7.7157516,TRACKING,1523.886472398793,-6881.53480033478,35.41631389877086,-3266.6936713954296,-1999.0491538430376,1330.3331507806997,0.903416855822384
7.7198458,TRACKING,1524.5424372089435,-6884.647905197724,35.195509004006006,-3266.6487777306133,-1999.0671695878464,1330.3197256929013,0.7789352956336781
7.7241153,TRACKING,1525.4128043484693,-6887.973089018216,34.90423875579905,-3266.6379811357624,-1999.0194788039687,1330.2674046798243,0.8079459642042564
7.7284947,TRACKING,1526.1972701429283,-6891.408836245448,34.55659108296585,-3266.645272772092,-1999.0191237791844,1330.252501690371,0.8086202660550781
7.7324948,TRACKING,1527.119222442509,-6895.571290755264,34.460710267678174,-3266.624517132003,-1999.0235585945245,1330.2339631929606,1.066076553682838
7.7367026,TRACKING,1527.9484481042557,-6898.800608251402,34.50014548468551,-3266.6205007531175,-1999.0267390403367,1330.2501747459503,0.7924130889482909
7.7408163,TRACKING,1528.8249865894159,-6902.152484462728,34.586271959747215,-3266.6086243465825,-1999.0870657010507,1330.295777580312,0.8424682857232294
7.7452905,TRACKING,1529.4969893901423,-6905.555985430735,34.42582908349936,-3266.6451609218975,-1999.0676758473,1330.2977439108392,0.7762094740033291
7.7490995,TRACKING,1530.1150282342192,-6908.571016798894,34.0969462952135,-3266.6164347170256,-1999.077493710717,1330.314987238986,0.8126139048918474
7.7530841,TRACKING,1530.6765719212394,-6911.64258239401,33.81157838693641,-3266.636862498443,-1999.0477633419391,1330.2861928102407,0.786901425473351
7.75702,TRACKING,1531.2622264456168,-6914.82078628651,33.68709070892241,-3266.6602258855214,-1999.0781067001772,1330.393153359032,0.821695200139828
7.761823,TRACKING,1531.8429253209138,-6918.048087436836,34.04002963203936,-3266.6397770152057,-1999.0419424049794,1330.4002851493744,0.6866682454741359
7.76564,TRACKING,1532.4728459759108,-6921.248228986982,34.321038293549705,-3266.610378589896,-1998.9981559951373,1330.3901651260373,0.8576454859927196
7.7698077,TRACKING,1533.1158451560696,-6924.496361062565,34.41888449494927,-3266.6493887529264,-1999.020542077111,1330.3504330378562,0.7948292386300652
7.774035,TRACKING,1533.8062599613463,-6927.9810155894265,34.336217265965466,-3266.644247271842,-1999.008431906252,1330.34138433434,0.8405729091325045
7.7786951,TRACKING,1534.560255323124,-6931.46200323217,34.240909151080324,-3266.6594868937204,-1999.0412158789195,1330.3641928527102,0.7645728143112703
7.7823396,TRACKING,1535.1291102129023,-6934.670232638211,33.94952922167212,-3266.630935721107,-1999.0713119658799,1330.3199577265823,0.8975920083761926
7.7864784,TRACKING,1535.7797663433287,-6938.13476119433,33.92885992468722,-3266.6456804078466,-1999.0376799376816,1330.2696306773012,0.8517343126527259
7.7907095,TRACKING,1536.3291431762166,-6941.395422591675,34.051641882612316,-3266.628183207281,-1999.065415900948,1330.196236564848,0.782041918151091
7.7953337,TRACKING,1536.8199474165265,-6944.6424129745765,34.53209409571086,-3266.6254687033556,-1999.0437089810434,1330.1852537576287,0.7177102181330025
7.7990249,TRACKING,1537.6168555039883,-6948.020983851809,34.7493460972593,-3266.609223830575,-1999.0173560489184,1330.2341474169896,0.942261183981856
7.8031575,TRACKING,1538.4620364211469,-6951.348054023686,34.52733120145176,-3266.635287619243,-1999.0421873704297,1330.1829331140996,0.8323852557383604
7.8076281,TRACKING,1539.3146458642643,-6954.7502318319175,34.289523758260955,-3266.6438162472673,-1999.100850450378,1330.1948195920877,0.7863460554560946
7.8120164,TRACKING,1540.1023580039148,-6957.929967661838,34.055792854839886,-3266.639342590458,-1999.0292676785339,1330.2189208800569,0.7483946719399563
7.8156672,TRACKING,1540.96342551523,-6961.207552112963,34.25809650073074,-3266.6166846359056,-1999.0323343128086,1330.2285118041689,0.9298887435785773
7.8197683,TRACKING,1541.8038289200506,-6964.389750999456,34.460700074810184,-3266.6546782748305,-1999.0522870654445,1330.2934184442638,0.8040603205553924
7.8241227,TRACKING,1542.734748100039,-6967.618694149005,34.59744632014182,-3266.651560850659,-1999.0414080465655,1330.3027926867803,0.7723773866152073
7.8284098,TRACKING,1543.7434468096228,-6971.008538220329,34.526395958282215,-3266.651705313469,-1999.0046700290363,1330.3103457389063,0.8251385866428604
7.8323645,TRACKING,1544.6042925103866,-6974.168764726806,34.32864008606465,-3266.6407360855414,-1999.017485577603,1330.3456533790286,0.8297317918612545
7.8364899,TRACKING,1545.421311679934,-6977.4516186850515,33.93673275870174,-3266.6461430046547,-1999.0035330684198,1330.3503610321966,0.8255245913044132
7.8409646,TRACKING,1544.3449070850834,-6979.41107444527,36.32247410216791,-3266.659669553764,-1999.0073752294506,1330.3493733291725,0.730671889373023
7.8457674,TRACKING,1545.036887424694,-6982.780874907834,36.64482491382013,-3266.6530067309795,-1999.025337316491,1330.3400654391312,0.7194105102802844
7.8490729,TRACKING,1545.8711603643376,-6986.2513884364325,36.86981055710257,-3266.6192347355454,-1999.011516779012,1330.2577155461627,1.0819736500484551
7.8534348,TRACKING,1547.2057977544498,-6989.4060072530465,36.55836647958676,-3266.616636334295,-1999.0382933809806,1330.2744130277536,0.7885229887465088
7.8576038,TRACKING,1548.1838286808559,-6992.404373021822,36.418720020228,-3266.644949600844,-1999.0684691326123,1330.305795932531,0.7572405093633385
7.8617797,TRACKING,1548.928581113962,-6996.0721899715645,36.30844334882047,-3266.6260840463087,-1999.0924125122724,1330.1726239789757,0.8966423426300573
7.8658551,TRACKING,1549.8057143917254,-6999.147967526502,36.14090219569734,-3266.615959181316,-1999.0576342756585,1330.1829929346006,0.7858826981962918
7.8700055,TRACKING,1550.7345526229685,-7002.191044550498,36.13037467871514,-3266.621636992904,-1999.0621044766115,1330.1962025251687,0.766599074365184
7.8743469,TRACKING,1551.8015148857526,-7005.259829692461,36.10209563335977,-3266.6306228286116,-1999.0407759792902,1330.2102517765366,0.7483991201716683
7.8786223,TRACKING,1552.8970294789337,-7009.941411144863,35.2446845082106,-3266.6227445208,-1999.0268295050898,1330.23851611216,1.1423266244458226
7.8824823,TRACKING,1553.7221732279268,-7012.596987161134,35.42126976658209,-3266.64610479557,-1999.0272975676287,1330.2740654159595,0.7218701000819132
7.8863565,TRACKING,1554.2929681926419,-7016.236532678563,35.11963133163425,-3266.66429067382,-1999.0318642386765,1330.3603502806568,0.954096572609809
7.8910871,TRACKING,1555.0710669582504,-7019.405632871771,34.94206285146343,-3266.671656555283,-1998.9970544509608,1330.3200600310645,0.6908324659349832
7.8950608,TRACKING,1555.8351671897733,-7022.5536225338265,35.053742917145854,-3266.638639300866,-1999.0141195984932,1330.3249613011499,0.8156933834089451
7.8990115,TRACKING,1556.6012890962688,-7026.043319345641,35.07461007051898,-3266.6894152328978,-1999.0296085378125,1330.3112269450364,0.9043624381168854
7.9038532,TRACKING,1557.171349166285,-7029.297037871254,34.91439277250433,-3266.6535398397423,-1999.0030033948422,1330.3101541850667,0.683058073508886
7.9087273,TRACKING,1558.0937515374524,-7032.503780600675,34.92378541814388,-3266.6716546599127,-1999.002432289348,1330.264911070484,0.6845944638236303
7.9133701,TRACKING,1558.8407107359221,-7035.942157144257,34.97379091623656,-3266.6460591557297,-1999.0155507992667,1330.2895000809924,0.7579331263130501
7.9169468,TRACKING,1559.6706072083175,-7039.253797366593,35.16549655119064,-3266.6754702805906,-1999.0348212563188,1330.248755407078,0.9560267923285785
7.9206083,TRACKING,1560.7304113858072,-7042.767066522932,35.23667863437952,-3266.648876602386,-1999.0491854245172,1330.23197307609,1.002411194489784
7.9247098,TRACKING,1561.4163523237462,-7045.901559779236,35.061717288073304,-3266.648876602386,-1999.0491854245172,1330.23197307609,0.7834783720958448
7.9299617,TRACKING,1562.1312631047645,-7049.2768916273035,34.78175531136061,-3266.601993833498,-1999.056377631961,1330.1988938240086,0.659104676610784
7.9339424,TRACKING,1563.056011786422,-7052.470335182227,34.6869913817599,-3266.618387767028,-1999.04686438865,1330.2333337734062,0.8355294023442238
7.9375317,TRACKING,1563.2772693898955,-7056.123675996066,34.11019494350816,-3266.6520015035017,-1999.0879360291494,1330.295271689352,1.0322919647282596
7.9420699,TRACKING,1564.1313107255937,-7059.400390903022,34.2180484450981,-3266.6403846438675,-1999.0683663036466,1330.2350296030734,0.7465298887394052
7.9461512,TRACKING,1564.9418196655422,-7062.613825515958,34.321550849391684,-3266.643589091369,-1999.0509441941522,1330.2881440968376,0.8124102364939987
7.9495355,TRACKING,1565.7432779116114,-7065.858507201031,34.337873333601806,-3266.627821062469,-1999.0318433325654,1330.279987726459,0.9875717038746412
7.9537119,TRACKING,1566.455842021562,-7068.993250837194,34.34568577885927,-3266.639455640039,-1999.0242188158954,1330.331585439661,0.7697347604876396
7.9602892,TRACKING,1567.1367242420392,-7072.037420170064,34.154218522737445,-3266.6595048271242,-1999.0347474327773,1330.3158669313004,0.47515794431886715
7.9646849,TRACKING,1567.9490484597345,-7075.200155471818,34.15462433376346,-3266.6521754508485,-1998.9959656279368,1330.3147982793607,0.7428598426315496
7.9686854,TRACKING,1568.7203234394442,-7078.151034275107,34.201673818925094,-3266.6392174907505,-1999.0184501544038,1330.306841082757,0.7624974879078846
7.9722394,TRACKING,1569.5620004787374,-7081.2002611056905,34.18333402152911,-3266.665062900438,-1999.0063034497064,1330.2445341123753,0.8900708189246715
7.9772622,TRACKING,1570.366960537421,-7084.36894276009,34.13189972959102,-3266.656895199992,-1999.0205768257679,1330.2121533486927,0.6509780093219494
7.981524,TRACKING,1571.3285783203087,-7087.522858168357,34.204544257784335,-3266.6740828277702,-1999.0523296674996,1330.214573585424,0.7738643868029198
7.9851174,TRACKING,1572.1799962563255,-7090.941653110338,34.099698826453036,-3266.684858670474,-1999.0711648606912,1330.2401370781222,0.9809034795677549
7.9884077,TRACKING,1573.074169460343,-7093.805300573052,33.8218125152743,-3266.659780687459,-1999.0385031432966,1330.2186118205057,0.9156752819876777
7.9934629,TRACKING,1573.929819737667,-7096.9875618236065,33.59570414529374,-3266.676682758924,-1999.1233802292174,1330.231533469198,0.6533938003077971
7.998347,TRACKING,1574.897687198935,-7100.295938629321,33.51404999710217,-3266.6765077223754,-1999.0706970176027,1330.228234164274,0.705966861469771
8.0019686,TRACKING,1575.8737737527083,-7103.301534599226,33.524734899912595,-3266.688311640588,-1999.0438057081567,1330.2832745923047,0.872580368838641
8.0052914,TRACKING,1576.7563294762708,-7106.428356146805,33.49778909223655,-3266.6644527365156,-1999.0626422075215,1330.2638990130135,0.9778195803427587
8.0095419,TRACKING,1577.7041579599631,-7109.450792231216,33.41160891191835,-3266.6756241723438,-1999.064164942678,1330.3079996367148,0.7454986427546068
8.0139067,TRACKING,1578.5068440560246,-7113.3457315842525,33.234031148927826,-3266.6767759590716,-1999.0498717224627,1330.3377773978305,0.9120126046092735
8.0167943,TRACKING,1579.1941951772926,-7116.200671003478,32.96807917908328,-3266.6497972418565,-1999.0371947470817,1330.311697521016,1.0211024436815128
8.0202478,TRACKING,1579.9039634225917,-7119.1301265720895,32.80374224949055,-3266.64164346444,-1999.0448957659912,1330.288543083489,0.8740957585045693
8.0249974,TRACKING,1580.6946927485853,-7122.279228859036,32.843548486538104,-3266.682414438369,-1999.0340813729222,1330.1826288836676,0.6836583559668945
8.0298757,TRACKING,1581.3387857949472,-7125.313687262824,32.88585372182891,-3266.649165052914,-1999.026654788882,1330.2456803848108,0.6359492585387005
8.0341499,TRACKING,1582.1669971715394,-7128.388340910141,33.07891009708259,-3266.615020177805,-1999.0122673908684,1330.345852944786,0.7463604947636204
8.0379869,TRACKING,1582.8786937966354,-7131.6773887453555,32.98178971160264,-3266.631244766129,-1999.0471940297084,1330.2825209720324,0.8773958829408995
8.0429912,TRACKING,1583.702979495935,-7134.853540809295,33.02842159524713,-3266.699545360939,-1999.0945055822363,1330.3349219806087,0.6557762910942483
8.0464425,TRACKING,1584.50193880963,-7138.096581887379,33.0557056747093,-3266.658951074754,-1999.0489354657261,1330.2466033678247,0.96778580117954
8.0492383,TRACKING,1585.2439074410634,-7141.196374910005,32.95420107919767,-3266.6551597032126,-1999.0619969032518,1330.2245530974415,1.1406292352576726
8.0539406,TRACKING,1586.0311351717612,-7144.403250346972,32.91900773611424,-3266.6647340008985,-1999.0488333833378,1330.2797777838232,0.7022679090874328
8.0594611,TRACKING,1586.8354555418891,-7147.617056688436,32.64269175895242,-3266.671765555585,-1999.0765316399916,1330.3176572426134,0.6021972144088511
8.063615,TRACKING,1587.5635781874394,-7150.69551101776,32.78865827532758,-3266.6590428478394,-1999.046881919077,1330.2334374805616,0.7623575424318622
8.0667155,TRACKING,1588.337024045271,-7153.883276183326,33.14477208043011,-3266.6820840437895,-1999.054825880104,1330.2524971440678,1.0641920933966906
8.0713934,TRACKING,1589.1406090365203,-7157.077173586153,33.2898676837147,-3266.7150952497595,-1999.1283500498669,1330.378496425686,0.7047247582687491
8.0754362,TRACKING,1590.0860963083921,-7160.163370701305,33.246443045470066,-3266.6774413991116,-1999.0554944235141,1330.3367603786053,0.7984741590938604
8.0789411,TRACKING,1591.0391230647222,-7163.437776847327,33.115949557806985,-3266.6522742475863,-1999.047364900641,1330.255262511252,0.9737149919077751
8.0829753,TRACKING,1592.0228621060803,-7166.500740809334,32.94731168143973,-3266.6769319054397,-1999.0266067688708,1330.2492829421064,0.7985423110202159
8.0865054,TRACKING,1592.9047388882839,-7169.539960592705,32.91902683799862,-3266.6989137947803,-1999.0648167981353,1330.2914160763592,0.8964918624454004
8.0909492,TRACKING,1594.0037065433078,-7172.741233094937,33.244453115892796,-3266.669279899414,-1999.0329202802734,1330.2645538896,0.7651697717087531
8.0953171,TRACKING,1594.9334400369446,-7176.006414836538,33.28451026990774,-3266.6574528703304,-1999.0426306259733,1330.2649700168772,0.7773084442161443
8.0989562,TRACKING,1595.8490563444363,-7179.172452156424,33.13540801513539,-3266.6488444912206,-1999.017797887564,1330.233622725506,0.9065834746770168
8.1031591,TRACKING,1596.9311884339413,-7182.190353149614,33.019574666954036,-3266.641775672005,-1999.0434862785517,1330.2549130354055,0.7633154856871737
8.1075058,TRACKING,1597.9135895347727,-7185.130108285659,32.82870839497423,-3266.7080984851686,-1999.1144336123225,1330.2616169205905,0.7144341840379133
8.1119342,TRACKING,1598.7078831779263,-7188.081984912404,32.79747867839571,-3266.674479458279,-1999.0961261438179,1330.274860763291,0.6903245903613598
8.1159949,TRACKING,1599.627902596625,-7191.114265661894,33.14365732043854,-3266.670413628645,-1999.1197572511694,1330.2777878675834,0.7849958510629439
8.12017,TRACKING,1600.4457998432276,-7194.071166053095,33.36836748712225,-3266.6680973910866,-1999.0922421914433,1330.3035522675932,0.7367852018396308
8.1243751,TRACKING,1601.1600471362722,-7197.149457681708,33.21718571994116,-3266.699484334576,-1999.090264951531,1330.2978194439863,0.7523440838123449
8.1288838,TRACKING,1601.9407469351072,-7200.419909216747,33.03469006157281,-3266.667239904477,-1999.0662806323478,1330.317330871844,0.7468430387276513
8.132676,TRACKING,1602.8789345910689,-7203.674272819873,33.022932279737525,-3266.7097838383256,-1999.1738252536998,1330.379714330665,0.893127598538164
8.1368245,TRACKING,1603.7235621065565,-7206.634792871729,33.11954980015905,-3266.7190462694807,-1999.1976141577932,1330.3444801006965,0.742476530233628
8.1412252,TRACKING,1604.595773890307,-7209.645042371828,33.28660856703658,-3266.704923121118,-1999.125642695289,1330.2913929930653,0.7131849561387278
8.145387,TRACKING,1605.556081560849,-7212.950102913128,33.4746798673974,-3266.698350006822,-1999.1210499020349,1330.2658944848952,0.8282187364573343
8.1492132,TRACKING,1606.478199694576,-7215.928368801853,33.6601253636378,-3266.655608522782,-1999.1302065108557,1330.2775566905543,0.816282747984695
8.1534668,TRACKING,1607.3048497033326,-7218.957262336824,33.75306632222316,-3266.673024582871,-1999.1516908925503,1330.3135156358117,0.7384446777362148
8.1573306,TRACKING,1608.2609128152642,-7221.879234834502,34.07095863001397,-3266.7028803617873,-1999.1561011302385,1330.3267121997483,0.799937501074654
8.1619266,TRACKING,1609.0545050114554,-7224.933543511534,34.00251692177594,-3266.699869578789,-1999.1477176530068,1330.3143629541976,0.6867853528058301
8.1657549,TRACKING,1609.8276193224865,-7227.9429328883025,33.9195571270704,-3266.711151530199,-1999.1287462520886,1330.2510034958214,0.8119052661512071
8.1698881,TRACKING,1610.7642072535134,-7231.118875140375,34.12717917989496,-3266.707908442237,-1999.1161209575132,1330.243200293372,0.8026872179788738
8.1743107,TRACKING,1611.4989756233372,-7234.278224203227,34.105838593005934,-3266.7361784479467,-1999.12267618989,1330.2681319637506,0.7334455975235518
8.1786818,TRACKING,1612.2943354595582,-7237.214469976545,33.967884751329215,-3266.7448650524434,-1999.1060651074913,1330.3002178120094,0.6966639156381278
8.182381,TRACKING,1613.2316819640291,-7240.391858546085,34.008120398955846,-3266.698949039199,-1999.1269260691802,1330.2222864411713,0.895601761461655
8.1863639,TRACKING,1614.0124761627678,-7243.467741273938,34.008341468867435,-3266.7283431270166,-1999.1568191184467,1330.2758370341946,0.796765097490444
8.1907393,TRACKING,1615.0187395665198,-7246.6640831145305,34.059919079206985,-3266.7099468997103,-1999.094605890581,1330.2353985420284,0.7659623960091696
8.1951785,TRACKING,1615.9236645736212,-7249.797368406901,34.00392510788237,-3266.730136620919,-1999.0835463480398,1330.2302709206042,0.7347776276299918
8.1989515,TRACKING,1616.8487714113417,-7253.04618941315,33.88970282542855,-3266.7345822468383,-1999.111514971952,1330.2536760973983,0.8958116965906697
8.203201,TRACKING,1617.8061005818058,-7256.093430130604,33.88311942356633,-3266.711498754281,-1999.1051196008875,1330.2291884164406,0.7516385575052157
8.2075479,TRACKING,1618.7003274534725,-7259.169058515015,33.79567396347234,-3266.7277438001342,-1999.071254978974,1330.2346823493274,0.7371187254672495
8.2118929,TRACKING,1619.2348172772524,-7262.4187096368005,33.49894584951252,-3266.7442149128483,-1999.1395072254863,1330.3038813170876,0.7610250404710437
8.2154878,TRACKING,1620.0344101117364,-7265.679642342708,33.309619203620265,-3266.7399496733933,-1999.1209273982051,1330.26290434516,0.9354549886387098
8.21992,TRACKING,1620.9481454797515,-7268.732191977997,33.249742471778504,-3266.736484108858,-1999.133026574818,1330.3725639310708,0.719041409182329
8.2240914,TRACKING,1621.7648559935724,-7271.891928997366,33.285899672936964,-3266.7151608811073,-1999.077093616256,1330.2481017938946,0.7824184296439372
8.2285964,TRACKING,1622.6560624639787,-7274.58927464257,33.34404705078756,-3266.683212265951,-1999.0677664486539,1330.273008356383,0.63071164205456
8.2323193,TRACKING,1623.4649236471216,-7277.710321267783,33.47609426839197,-3266.6993129008206,-1999.085796897052,1330.269242608276,0.8667597614988186
8.2363993,TRACKING,1624.2465510823786,-7280.517316629063,33.325068959212075,-3266.7177211593075,-1999.0972784566582,1330.2483349553786,0.7151225389310851
8.240554,TRACKING,1625.0871879358363,-7283.368527250368,33.2063897364727,-3266.718551574476,-1999.1086086397986,1330.299423364003,0.716037585788196
8.2450936,TRACKING,1625.9782654919454,-7286.147375994284,33.12981728666456,-3266.686825961127,-1999.0809886585891,1330.2290133934882,0.6430580712486217
8.2488715,TRACKING,1626.8638351084621,-7289.1328867635575,33.175180965954326,-3266.7279829757986,-1999.1268582942282,1330.2636954990794,0.8243766693630616
8.2533176,TRACKING,1627.853752288575,-7292.253052116725,33.24604532026597,-3266.6856716234483,-1999.0767783844387,1330.2127913412924,0.7364208196964895
8.2575997,TRACKING,1628.840538022985,-7295.371487360866,33.34601260563924,-3266.7202794006853,-1999.1284450635126,1330.2350798312748,0.7641964918998542
8.2618621,TRACKING,1629.8022194069663,-7298.297933640389,33.260449083285685,-3266.701079976277,-1999.105235687729,1330.2622187997918,0.7229722675140349
8.2655374,TRACKING,1630.803111406058,-7301.1423907247,33.030772233657956,-3266.7202238829077,-1999.0861974580157,1330.171788814807,0.8228303003784166
8.2697288,TRACKING,1631.7500065328636,-7304.235816510275,32.686879922521996,-3266.73473289083,-1999.1028901413229,1330.2735140281616,0.7761917004232263
8.2741048,TRACKING,1632.7468566807313,-7307.039895535086,32.494961104238044,-3266.7306746410964,-1999.0978468309434,1330.2155230217559,0.6814855538936183
8.2786631,TRACKING,1633.701406712713,-7309.897954793003,32.509511493330415,-3266.7199075433073,-1999.0516699899679,1330.2375898573125,0.6610543307688961
8.282565,TRACKING,1634.7022968461583,-7312.854262876798,32.66776136835075,-3266.756885837433,-1999.0843516054485,1330.2975393233912,0.8009310969551563
8.2865205,TRACKING,1635.6103681187406,-7316.1379130778705,32.68090797233875,-3266.741387882683,-1999.1421966296473,1330.2651366348125,0.861312877198958
8.2906223,TRACKING,1636.5037168838091,-7319.40080468992,32.4924147798479,-3266.7698629550923,-1999.101870346698,1330.2825025604511,0.8260335026039736
8.2951142,TRACKING,1637.2812423395578,-7321.973649509833,32.095587608320876,-3266.74362998581,-1999.0928255162987,1330.305792980439,0.604844377502174
8.2991863,TRACKING,1638.1193711514552,-7325.025375706903,31.941206341704017,-3266.722649755585,-1999.1150688767896,1330.298062717147,0.7780971948045514
8.3031888,TRACKING,1638.8607344989234,-7327.947895272226,31.818902205340805,-3266.7235150254132,-1999.1304360017298,1330.2671220844625,0.7539200497706954
8.3074311,TRACKING,1639.7233099712355,-7330.736336422528,31.970063893606707,-3266.7186765931583,-1999.115086532438,1330.265082131626,0.6889469589161463
8.3119156,TRACKING,1640.627765576877,-7333.71720575675,32.14540483319575,-3266.707561405686,-1999.1290602979736,1330.2179252993324,0.6957285341585197
8.3157276,TRACKING,1641.4757564187662,-7336.688965264661,32.16089608770101,-3266.7266541180225,-1999.1681082991963,1330.2762740935584,0.8107077481892977
8.319843,TRACKING,1642.3792560161141,-7339.7044628004305,32.20593722794311,-3266.7001922236536,-1999.1291660242719,1330.2510342815403,0.7649958460681611
8.3241844,TRACKING,1643.222528445744,-7342.7138408748215,31.998757383307346,-3266.6861984963034,-1999.1270343850942,1330.2479363602786,0.7214617255055766
8.3286314,TRACKING,1644.1535631757954,-7345.757283392728,31.937692851137044,-3266.6878402056914,-1999.095876595039,1330.1950963840331,0.7158202309470169
8.3323637,TRACKING,1645.101390011091,-7348.717579793812,31.933304567656954,-3266.7162862632194,-1999.1059946780701,1330.2655111207193,0.8328203861148997
8.3365146,TRACKING,1645.9473111182433,-7351.779081934215,31.955481121555415,-3266.702186551998,-1999.068311479343,1330.2527745023579,0.7652070896941819
8.3405902,TRACKING,1646.8806259108478,-7354.744674922127,31.795271146053075,-3266.7331464481676,-1999.1037666514032,1330.2817147676687,0.7638421535773433
8.3453069,TRACKING,1647.7797521288778,-7357.692268254437,31.966085569187175,-3266.73948735468,-1999.0889376700104,1330.2930073338748,0.6543574144199744
8.3489084,TRACKING,1648.5701782765668,-7360.629974725967,32.04413569210514,-3266.7378484516057,-1999.079625101787,1330.29837105192,0.8449775347237751
8.3531656,TRACKING,1649.5640582493986,-7363.642170886978,32.190797031301045,-3266.7470770393447,-1999.1139604207895,1330.2963801217522,0.7458696212017248
8.3575566,TRACKING,1650.6769845680753,-7366.640237492498,32.30402282684967,-3266.7308849932056,-1999.0844145931458,1330.2253310025328,0.7287572748945133
8.3619051,TRACKING,1651.689860959879,-7369.524270129918,32.15557596754497,-3266.746146511924,-1999.1149444813207,1330.2647698095577,0.7037660496746883
8.3657096,TRACKING,1652.7164510488383,-7372.460854701673,31.874608457135373,-3266.7477948037595,-1999.1745542893063,1330.2726312020288,0.8210059330013567
8.369747,TRACKING,1653.744577991441,-7375.5292638695255,31.992816497733152,-3266.7272456687997,-1999.1155279654076,1330.201675915263,0.802058998749255
8.3742916,TRACKING,1654.8103849632498,-7378.404032435496,32.26773311629869,-3266.7156679392688,-1999.1056070886357,1330.265332859362,0.677349306080737
8.3786656,TRACKING,1655.9003901601252,-7381.4698568593485,32.42158180154575,-3266.6998977461744,-1999.0867233809533,1330.2040427144273,0.7447330188968753
8.3824524,TRACKING,1656.7796035039055,-7384.2360805781855,32.292649416292264,-3266.732498270441,-1999.1737262914396,1330.3134457506492,0.767257025127304
8.3864755,TRACKING,1657.7951449932405,-7387.153981847627,32.172048788924165,-3266.710691703638,-1999.0756951697117,1330.2232466037945,0.7685435835436695
8.3910107,TRACKING,1658.9039287674568,-7389.928645175757,31.955818752048973,-3266.6831993182773,-1999.088334387561,1330.2284688676418,0.6605697641182702
8.3954589,TRACKING,1659.8359576864066,-7392.597848779592,31.702310369734956,-3266.7159443504247,-1999.10581310681,1330.2960997858784,0.6381434829408137
8.3989644,TRACKING,1660.8061129253324,-7395.375591629095,31.928155056134973,-3266.7058639982997,-1999.0757206844892,1330.3105549673176,0.8418036286521332
8.4030446,TRACKING,1661.7880066022497,-7398.152930846587,32.25572166318224,-3266.6988051261906,-1999.090970312362,1330.2329877491932,0.7264239068835402
8.4076519,TRACKING,1662.5649058379863,-7401.008745347883,32.32502868539484,-3266.719787683706,-1999.086008036476,1330.2652958624437,0.6425486118991505
8.4119542,TRACKING,1663.497494474395,-7403.959388158131,32.214382119403396,-3266.709088503448,-1999.0590000197296,1330.2846614656385,0.7197292411753226
8.41587,TRACKING,1664.4624604927826,-7406.927530632221,32.073565189621206,-3266.7347974353565,-1999.1268783005182,1330.307690867936,0.7978541494093179
8.4199252,TRACKING,1665.4695905495507,-7409.843196162631,32.126550752740755,-3266.732435746233,-1999.112452494225,1330.2640271549851,0.7607915498759013
8.4242382,TRACKING,1666.3383554005693,-7412.65305403091,32.15660046934844,-3266.7075772509384,-1999.102667098137,1330.2406329484122,0.6819501170771276
8.4288369,TRACKING,1667.3405722075904,-7415.574374423617,32.3678477316431,-3266.703011712278,-1999.130183152066,1330.2160292545084,0.6731621218222258
8.4325143,TRACKING,1668.3595855888896,-7418.67124662793,32.46857071048421,-3266.7528231042593,-1999.1741541542954,1330.2663913655704,0.8869775167369767
8.4367271,TRACKING,1669.2240768722627,-7421.471931402592,32.48942340743299,-3266.7513528734976,-1999.170794967382,1330.2840086493297,0.6957713915088972
8.4407181,TRACKING,1670.2085580486726,-7424.060735322541,32.77254445938424,-3266.73312811455,-1999.164514199512,1330.2265354476776,0.6975970016899635
8.4452246,TRACKING,1671.118911151238,-7426.984876236598,32.65035717560304,-3266.7227297908103,-1999.1221423065797,1330.1918536070357,0.6801304256682803
8.449167,TRACKING,1671.882010623081,-7429.981616654402,32.46276521275045,-3266.7438671104464,-1999.164809953325,1330.2345294345553,0.7858305121823976
8.4532258,TRACKING,1673.0562169852644,-7432.605350178194,32.87661041737836,-3266.704436787989,-1999.1377076710853,1330.232279573545,0.7155159216231587
8.4572618,TRACKING,1673.7196553660076,-7435.558544946069,32.691890693618106,-3266.7240976419125,-1999.1560386989458,1330.2075353892856,0.7513453707841621
8.4618687,TRACKING,1674.5762885385407,-7438.6801603956255,32.75763532669565,-3266.737941016358,-1999.1687512937149,1330.3018609508172,0.7027911038763756
8.4661726,TRACKING,1675.3884662134162,-7441.48583112688,32.69613152068403,-3266.746788369314,-1999.1613556129575,1330.325443847429,0.6788045882996906
8.4699125,TRACKING,1675.7266201279922,-7444.604540354914,32.13033714505297,-3266.753128804443,-1999.1734704833557,1330.3609969030404,0.8523232962053278
8.4741808,TRACKING,1677.151882968795,-7447.234058483862,32.70793523242063,-3266.7399921474307,-1999.1423706140474,1330.3528924006223,0.7136808756499663
8.4786565,TRACKING,1677.5062583861593,-7450.379999840268,32.16286314617943,-3266.740524974332,-1999.1658286419208,1330.3007942651834,0.717746606493287
8.4824149,TRACKING,1679.6830219232245,-7453.002064870963,33.18400877714464,-3266.7523384494857,-1999.2152068961968,1330.3340195288554,0.9465634801237895
8.4862742,TRACKING,1680.624564575426,-7455.923882035678,33.185269826664204,-3266.7523384494857,-1999.2152068961968,1330.3340195288554,0.7954227935733142
8.4904937,TRACKING,1681.752118257952,-7458.87319079435,33.23080697689581,-3266.7032311881603,-1999.1609982238983,1330.299918498926,0.7483889735973976
8.4952782,TRACKING,1682.7325673954356,-7461.579749477169,33.22006967843778,-3266.732865117672,-1999.1765488921897,1330.2311236627916,0.6016699610150597
8.4988941,TRACKING,1683.7151668371253,-7464.696287161475,33.16685535997834,-3266.7178810416776,-1999.1878278824072,1330.2728695141832,0.9038417618030835
8.5031745,TRACKING,1684.6021665702012,-7467.5426500720605,33.12343483433882,-3266.7269531839593,-1999.1759536443556,1330.2660923249668,0.6965898898914367
8.5073501,TRACKING,1685.2675187029931,-7470.56111989012,32.98999281500608,-3266.702424510327,-1999.1691912241615,1330.191732990398,0.7409258534021006
8.5120473,TRACKING,1686.1198276199505,-7473.632589881357,32.70094969443708,-3266.7135535174384,-1999.1782407643016,1330.2866956274586,0.6813867819674545
8.5157847,TRACKING,1686.9089627540998,-7476.429911436195,32.60732250544893,-3266.706907101233,-1999.1539362502576,1330.2763517982753,0.7780830519282834
8.5198649,TRACKING,1687.8264057302,-7479.229035126561,32.73354349023678,-3266.673620195908,-1999.1125484659515,1330.2556488767027,0.7225976809007041
8.5241796,TRACKING,1688.8285193773759,-7482.060602370527,32.73874917201264,-3266.696901395986,-1999.154257219361,1330.302580432765,0.6961479921768707
8.5286633,TRACKING,1689.6816901906943,-7484.748145088539,32.69924355667698,-3266.6958246883296,-1999.11631607397,1330.2845935963974,0.6289427484691129
8.532269,TRACKING,1690.577130758114,-7487.559607540766,32.91929472156301,-3266.717573433006,-1999.125116374469,1330.3740930384035,0.820592434232561
8.5363844,TRACKING,1691.5435343452982,-7490.1387145371,32.91659312217266,-3266.6953530694614,-1999.0989538529523,1330.3189815362543,0.6692475831095956
8.5406184,TRACKING,1692.3920102111094,-7492.700924298788,32.60816315867585,-3266.693310219271,-1999.1189971807971,1330.353533844656,0.6416173906735497
8.5454598,TRACKING,1693.3734663164323,-7495.47878531087,32.54548174334785,-3266.672310432675,-1999.0932174096101,1330.2704037582064,0.6086692489549341
8.549036,TRACKING,1694.3765714706615,-7498.378568094797,32.833511945291924,-3266.670061545564,-1999.091922229395,1330.3072818708151,0.8617722198340347
8.5530469,TRACKING,1695.36317531715,-7500.903474763585,33.0397653383418,-3266.7247735984847,-1999.1491872127617,1330.3000078547284,0.677816529336163
8.5574648,TRACKING,1696.3873005335342,-7503.616070762066,33.08849926467891,-3266.699778699563,-1999.0937785196638,1330.230581784573,0.6563964504168794
8.5620135,TRACKING,1697.3781010446717,-7506.309350826095,32.96728449872276,-3266.6903913569927,-1999.11797405781,1330.2510750155843,0.6314562464681482
8.5657024,TRACKING,1698.3094466002817,-7508.914319701035,32.59295759848517,-3266.683563721674,-1999.1387750273625,1330.3106133363294,0.756774112060061
8.569786,TRACKING,1699.271033899746,-7511.542718496539,32.12004560682121,-3266.6678402777757,-1999.088402158274,1330.2858255659498,0.6950842574982937
8.5739867,TRACKING,1700.3137847355538,-7514.3857281405635,32.06108958189772,-3266.6465965631837,-1999.0997015892542,1330.1972784170935,0.7210179517595375
8.5783888,TRACKING,1701.3011826083018,-7517.095416684062,32.29431103629177,-3266.6543839443607,-1999.1085320204843,1330.246324908138,0.657277022088398
8.5823978,TRACKING,1702.3608954824242,-7519.81746288884,32.5767577889845,-3266.675374476342,-1999.124900163198,1330.2911158325667,0.7320210946759474
8.5865798,TRACKING,1703.2519363427998,-7522.68437190125,32.45826949196381,-3266.6409179217885,-1999.102291900086,1330.2479541913967,0.7184417390446926
8.5910623,TRACKING,1704.034508957838,-7525.6386373756095,32.26563823914312,-3266.68600859283,-1999.1222046873731,1330.3258679427952,0.6831507513806977
8.5953562,TRACKING,1704.8819799802684,-7528.3355145549485,31.927651694827382,-3266.65887110158,-1999.11808118764,1330.3228376846619,0.6630409498360257
8.5989573,TRACKING,1705.7978148987165,-7530.9657829228545,31.65754736315964,-3266.6692418266084,-1999.137442536349,1330.3241429107395,0.7770452311209759
8.6032546,TRACKING,1706.6702471126125,-7533.7112019474225,31.6180231226723,-3266.6763912208567,-1999.1550559158889,1330.4256624658606,0.6704154999249304
8.6072911,TRACKING,1707.5064652330122,-7536.369761394901,31.68351072525037,-3266.7006007732825,-1999.1069333960697,1330.3743549679093,0.6906326808108976
8.6118621,TRACKING,1708.4198335508268,-7539.048684134756,31.888746603571647,-3266.6560664525373,-1999.0706659836812,1330.2937800800614,0.6208223908407138
8.6157283,TRACKING,1709.4145190560782,-7541.785326401835,31.921502832168507,-3266.6858938996606,-1999.0986418526834,1330.3006013842144,0.7531916473980939
8.6199263,TRACKING,1710.290980985915,-7544.663462849484,31.89364078386155,-3266.660508647592,-1999.1157680973397,1330.3050316471501,0.7167125019034848
8.6239777,TRACKING,1711.2367891135125,-7547.361325102371,31.941212830733505,-3266.673782336988,-1999.1025980144143,1330.2284461575973,0.7057422383753115
8.6285159,TRACKING,1712.105932609654,-7550.117093439322,31.90395164942826,-3266.6738558813317,-1999.1285682362911,1330.2713508444292,0.6367766310619448
8.6322998,TRACKING,1713.06864540522,-7552.856297674992,31.903133538155284,-3266.7040804383796,-1999.1178004342241,1330.2667566966495,0.7673183614236203
8.6364774,TRACKING,1713.985670998037,-7555.67571520871,31.985466486443627,-3266.6663344032654,-1999.1199911242109,1330.2296727951616,0.7099638604406319
8.6408472,TRACKING,1714.8976860472303,-7558.424415512216,31.874249791007383,-3266.6712064077656,-1999.1132237859836,1330.2243627804921,0.6632312801589847
8.6450133,TRACKING,1715.7637205321737,-7561.192631151602,32.0843025021881,-3266.6700716607406,-1999.1050498397803,1330.225321628227,0.6980434765226358
8.6488821,TRACKING,1716.902568909267,-7564.000148471451,32.30276333823485,-3266.630738612743,-1999.0899603684868,1330.279675891239,0.7851462330154944
8.6530844,TRACKING,1717.9475169041189,-7566.599520163246,32.37478103934509,-3266.6317558906676,-1999.0749115128658,1330.2859476899591,0.6668894735463078
8.6575478,TRACKING,1718.9186925375798,-7569.254709601099,32.37379813890682,-3266.6355666167733,-1999.0778315920734,1330.3287381291643,0.6334245795908334
8.6618026,TRACKING,1720.0286954469836,-7571.886960752949,32.38283701207363,-3266.667834568519,-1999.087709318178,1330.3730781023232,0.6714146139861162
8.665748,TRACKING,1721.0588327357762,-7574.662167365177,32.186244008233416,-3266.6863123309263,-1999.0870066421999,1330.3129818247521,0.7519515468034496
8.6699635,TRACKING,1722.0779271561344,-7577.266744845828,32.10441429531823,-3266.686545160169,-1999.11363448863,1330.3693037756775,0.6637523756917071
8.6741695,TRACKING,1723.1085356358494,-7580.076683440507,32.32788933042011,-3266.669248520603,-1999.1464327397669,1330.2904797525212,0.7135777510192699
8.6786362,TRACKING,1724.1363713021901,-7582.724348593218,32.348753439699,-3266.7009140302534,-1999.1876835720507,1330.324215122847,0.635871811622176
8.6823876,TRACKING,1725.2633853849522,-7585.440377526385,32.49093638349535,-3266.678331072194,-1999.1447945253162,1330.3131920872956,0.7847761246113486
8.6865729,TRACKING,1726.1598267327518,-7588.119880163614,32.14752279119387,-3266.6663076513814,-1999.1320594882225,1330.2933298046228,0.6800644563214315
8.6907175,TRACKING,1727.1976129103966,-7590.634568787601,31.997817690855978,-3266.6702831867083,-1999.100916793542,1330.2436124759895,0.6573689307444643
8.6951768,TRACKING,1728.2184927573119,-7593.293302298767,31.89585631698706,-3266.655888350327,-1999.132671106957,1330.2117077094472,0.6390726745887951
8.698946,TRACKING,1729.2964659873628,-7595.6554341847805,31.880446191942898,-3266.6562308723314,-1999.1387036581325,1330.2977338538858,0.6888790272200797
8.7032218,TRACKING,1730.2872264429257,-7598.1797054307335,32.07642875145468,-3266.6675567634074,-1999.1122220911345,1330.2140560644655,0.6358613732659758
8.7074442,TRACKING,1731.1138804346447,-7600.588098586482,32.04894630611111,-3266.6475898457456,-1999.1141597254993,1330.245914132077,0.6030840737080185
8.711975,TRACKING,1732.0699465200719,-7603.267359938735,32.16966730722397,-3266.644901204583,-1999.0902731807462,1330.2678525116523,0.628430515563959
8.7158583,TRACKING,1733.0270618901525,-7605.759629976508,32.08227521369435,-3266.6699648020026,-1999.0807100518762,1330.274073543054,0.6878592966619768
8.7198792,TRACKING,1733.9249712120647,-7608.447193486749,32.02172335662731,-3266.7023521670385,-1999.1310477558281,1330.3335064446433,0.7048765315327405
8.7242042,TRACKING,1734.7411133357516,-7611.125588863478,32.04617076489106,-3266.6487261119814,-1999.0958101821657,1330.2694929335175,0.6474189689648515
8.7285205,TRACKING,1735.8882707932164,-7614.079698496205,32.446210063409275,-3266.68546744829,-1999.1032382063227,1330.3246812164687,0.7400265955879148
8.7323669,TRACKING,1736.8948791142734,-7616.539439009505,32.449555207305494,-3266.6806426964063,-1999.091824992198,1330.3614902611143,0.690968813247006
8.7365997,TRACKING,1737.8114784602758,-7619.109298589301,32.377112782968894,-3266.6800891447956,-1999.0902166268136,1330.2210074043244,0.6448194977280144
8.7410647,TRACKING,1738.890374771859,-7621.818623066424,32.534038937623635,-3266.6840824104106,-1999.0948762528378,1330.2396611141792,0.6540782179735349
8.7449439,TRACKING,1739.870711468039,-7624.582764711862,32.487647294952325,-3266.6493992368896,-1999.1037800327347,1330.2568480273283,0.7561365607713508
8.7488662,TRACKING,1740.6110977553699,-7627.174371294058,32.43417768105295,-3266.663738272112,-1999.081910825357,1330.2441517880984,0.6873063930816222
8.7531238,TRACKING,1741.546371134514,-7629.872657330222,32.374772921379055,-3266.7047262271262,-1999.147454656709,1330.2534904182983,0.6708940631472489
8.7576607,TRACKING,1742.607543286123,-7632.470021944571,32.58664557276299,-3266.6643523828593,-1999.1279036550075,1330.2827446030046,0.6201957359148714
8.7619605,TRACKING,1743.367376979102,-7635.056663340743,32.387863428194734,-3266.635440007933,-1999.099738582119,1330.245917044121,0.6286926659016521
