arrival_time,timestamp,unix_time,ax,ay,az,gravity_x,gravity_y,gravity_z,gx,gy,gz,qw,qx,qy,qz
1790595424.956977,173685.64180462502,1790595424.9497027,-0.015353756956756115,0.010833501815795898,-0.022024989128112793,-0.008160053752362728,0.16825918853282928,0.9857089519500732,0.008527594618499279,0.02991156466305256,-0.011713036336004734,0.08443178927653468,-0.9964208355308831,4.524139290650167e-17,-0.004094682285756332
1790595424.957153,173685.65186162503,1790595424.9597597,-0.01680099219083786,0.007319271564483643,-0.012621641159057617,-0.008528615348041058,0.16826394200325012,0.9857053756713867,-0.007900646887719631,0.040350623428821564,0.006767704151570797,0.08443426579874698,-0.9964199340854146,-4.037401062436128e-06,-0.004279286745355417
1790595424.9670222,173685.661919625,1790595424.9698176,-0.009532006457448006,0.007489040493965149,-0.00797802209854126,-0.008915879763662815,0.16809411346912384,0.9857305884361267,-0.027439460158348083,0.04711531847715378,0.029104433953762054,0.08434805184525769,-0.9964262593073584,9.894528784249071e-05,-0.0044823043920236595
1790595424.9765,173685.67197762502,1790595424.9798756,0.00254178699105978,0.009696662425994873,-0.0054236650466918945,-0.009347222745418549,0.1677481234073639,0.9857858419418335,-0.04542458802461624,0.05121312290430069,0.060400839895009995,0.08417207977767892,-0.996440068592438,0.00034529919913075076,-0.004719476903072179
1790595424.9868002,173685.682035625,1790595424.9899337,0.01684604026377201,0.007290750741958618,-0.0016922950744628906,-0.009674422442913055,0.16723956167697906,0.9858688116073608,-0.06016837805509567,0.03955167531967163,0.08874858915805817,0.08391313888718267,-0.9964606593272466,0.0007403508720026861,-0.004916738339793213
1790595424.997344,173685.69209362502,1790595424.9999917,0.026329776272177696,0.009023934602737427,0.005785465240478516,-0.009835041128098965,0.16660505533218384,0.985974907875061,-0.06864442676305771,0.027124566957354546,0.11597808450460434,0.08358981133799229,-0.9964867528808675,0.0012673738089727653,-0.005041171022749499
1790595425.006784,173685.702151625,1790595425.0100496,0.03390834480524063,0.00962170958518982,0.011711418628692627,-0.009799470193684101,0.16591566801071167,0.986091136932373,-0.0731949657201767,0.006396651733666658,0.12730422616004944,0.08323831442331044,-0.9965149225939341,0.001893817489528526,-0.005075060408148096
1790595425.016733,173685.71220962502,1790595425.0201077,0.027165813371539116,0.0055169761180877686,0.02045416831970215,-0.009572440758347511,0.16519862413406372,0.986213743686676,-0.07320509105920792,-0.010732799768447876,0.12112011015415192,0.08287308505660945,-0.9965442991659401,0.0025161683387896483,-0.005012063199936002
1790595425.026742,173685.722267625,1790595425.0301657,0.020469456911087036,0.007919147610664368,0.0222700834274292,-0.009208480827510357,0.16449019312858582,0.9863358736038208,-0.07321494072675705,-0.023892277851700783,0.10444259643554688,0.08251282827140465,-0.9965733529688255,0.003078898421788355,-0.0048749938681204
1790595425.0371258,173685.73232562502,1790595425.0402236,0.01721748150885105,0.015870049595832825,0.027245700359344482,-0.008779383264482021,0.16378718614578247,0.9864564538002014,-0.0696399137377739,-0.032560065388679504,0.07315125316381454,0.08215623892279504,-0.9966021615053298,0.003515686592016635,-0.0046944781640403214
1790595425.046853,173685.742383625,1790595425.0502818,0.012217221781611443,0.019964635372161865,0.02347266674041748,-0.008341500535607338,0.163141131401062,0.9865676164627075,-0.05979793146252632,-0.034316420555114746,0.04056321829557419,0.08182936860708367,-0.996629043106103,0.003790360690823269,-0.004496069210130439
1790595425.0574179,173685.75244162502,1790595425.0603397,0.008384162560105324,0.0152873694896698,0.015079975128173828,-0.008017969317734241,0.16259993612766266,0.986659824848175,-0.04943450912833214,-0.023711981251835823,0.006271556951105595,0.08155613401781428,-0.9966517747451019,0.0038936065595850207,-0.004341067014317869
1790595425.069091,173685.762499625,1790595425.0703976,0.005119391717016697,0.014082491397857666,0.012736976146697998,-0.007835461758077145,0.16218729317188263,0.9867287278175354,-0.0352233462035656,-0.015294795855879784,-0.016460653394460678,0.08134822924889608,-0.9966692027538419,0.0038557864560349845,-0.004245533480822516
1790595425.077802,173685.77255662502,1790595425.0804546,0.009877501055598259,0.01820838451385498,0.01180565357208252,-0.007802312728017569,0.16190659999847412,0.9867749810218811,-0.02157677710056305,0.0027079074643552303,-0.026007819920778275,0.08120699606826327,-0.9966812145115906,0.0037477857278856953,-0.004219506503076797
1790595425.0877922,173685.782614625,1790595425.0905128,0.011687209829688072,0.021207958459854126,0.011233627796173096,-0.007964076474308968,0.16176043450832367,0.9867978096008301,-0.008043126203119755,0.02082379348576069,-0.024914326146245003,0.08113344802215891,-0.9966874125633627,0.0036196423105896514,-0.004289923071140869
1790595425.097543,173685.79267262502,1790595425.1005707,0.010806339792907238,0.025187477469444275,0.015275239944458008,-0.008273390121757984,0.16173295676708221,0.9867998361587524,0.004013802856206894,0.034755855798721313,-0.01313596311956644,0.0811194683193679,-0.9966882494515559,0.0035284762174435822,-0.00443761957671454
1790595425.106844,173685.802730625,1790595425.1106286,0.01916779950261116,0.030261114239692688,0.016454577445983887,-0.008669761009514332,0.1618320494890213,0.986780047416687,0.014197198674082756,0.04502686858177185,0.007244941778481007,0.08116888101767762,-0.9966832930129422,0.003527622359628731,-0.004636592063251664
1790595425.116854,173685.81278862501,1790595425.1206868,0.02431204542517662,0.032782480120658875,0.01583719253540039,-0.009144815616309643,0.16204197704792023,0.9867412447929382,0.026029089465737343,0.05598124861717224,0.03246987238526344,0.08127357852165935,-0.9966731459355176,0.003643355959601531,-0.004884767472982566
1790595425.1271522,173685.822846625,1790595425.1307447,0.026886241510510445,0.028254389762878418,0.012415289878845215,-0.00967433862388134,0.16235868632793427,0.9866843819618225,0.03595549240708351,0.06277923285961151,0.05650809779763222,0.08143138497320143,-0.996657955397726,0.0038887192560577316,-0.0051711151682834935
1790595425.1374269,173685.83290462501,1790595425.1408026,0.029315754771232605,0.018428951501846313,0.013431251049041748,-0.010150725953280926,0.1627541482448578,0.9866142868995667,0.041154514998197556,0.05449414253234863,0.07618166506290436,0.08162832385633559,-0.9966388982592318,0.004248343468355163,-0.0054404340119744345
1790595425.1469388,173685.842962625,1790595425.1508608,0.029184533283114433,0.00930224359035492,0.023347973823547363,-0.010523044504225254,0.16318339109420776,0.9865396022796631,0.04503021016716957,0.04633793979883194,0.08750622719526291,0.08184196799248737,-0.9966182370642397,0.004678656288585101,-0.005663585601444151
1790595425.1569421,173685.853020625,1790595425.1609187,0.032771576195955276,0.010207489132881165,0.028097033500671387,-0.010737895034253597,0.16365142166614532,0.9864596724510193,0.048258230090141296,0.02691497653722763,0.09082639217376709,0.08207521393182635,-0.9965958935896352,0.005144097246062793,-0.005810931569705481
1790595425.1669152,173685.863078625,1790595425.1709766,0.03241269290447235,0.010976433753967285,0.030801892280578613,-0.010760479606688023,0.1641337126493454,0.9863794445991516,0.04701506718993187,0.009327727369964123,0.08220493793487549,0.08231618033177858,-0.9965733834832006,0.005587289029573198,-0.005860244912532236
1790595425.176194,173685.873136625,1790595425.1810346,0.023274362087249756,0.009277686476707458,0.026290535926818848,-0.010701130144298077,0.16462701559066772,0.9862978458404541,0.05015892907977104,0.0038602573331445456,0.06509066373109818,0.08256333065628231,-0.9965507440111735,0.005962314841686468,-0.005863056800218176
1790595425.190649,173685.883194625,1790595425.1910927,0.02003174088895321,0.009840577840805054,0.023685693740844727,-0.010586564429104328,0.1651170253753662,0.9862173795700073,0.046613194048404694,-0.007732748985290527,0.045241061598062515,0.08280956058462338,-0.9965288304419065,0.006242591540130122,-0.005830467065322485
1790595425.196873,173685.893252625,1790595425.2011507,0.017787981778383255,0.00436149537563324,0.025187373161315918,-0.0104027409106493,0.16553017497062683,0.9861500263214111,0.035542167723178864,-0.01628868654370308,0.029846126213669777,0.08301779794125493,-0.9965108014937204,0.006422249475908003,-0.00575461023750733
1790595425.2069252,173685.90330962502,1790595425.2112076,0.014495927840471268,-0.0006615668535232544,0.021508514881134033,-0.01017769891768694,0.16580769419670105,0.9861054420471191,0.019545890390872955,-0.018378203734755516,0.02046487294137478,0.0831580528407879,-0.996498877583042,0.006536031168776199,-0.005652162048436707
1790595425.2172348,173685.913367625,1790595425.2212656,0.011413641273975372,-0.007299259305000305,0.017874598503112793,-0.009933549910783768,0.1658993810415268,0.9860926866531372,-0.002070188755169511,-0.025280050933361053,0.018700262531638145,0.08320465658367328,-0.9964951102938431,0.00662059111605905,-0.005537045822396763
1790595425.229055,173685.92342562502,1790595425.2313237,0.010347148403525352,-0.012098565697669983,0.02128291130065918,-0.0096147321164608,0.16577009856700897,0.986117422580719,-0.02459387294948101,-0.033599503338336945,0.022004181519150734,0.08313984510981243,-0.9965007161106165,0.0067114565057359195,-0.005384196132182489
1790595425.236172,173685.933483625,1790595425.2413816,0.018103111535310745,-0.011572733521461487,0.020458221435546875,-0.009176729246973991,0.1654273271560669,0.9861791133880615,-0.04458622261881828,-0.045276395976543427,0.028347298502922058,0.08296749389626437,-0.9965154501809913,0.0068202172007009385,-0.005172244040634246
1790595425.2477708,173685.94354162502,1790595425.2514396,0.025406554341316223,-0.006779655814170837,0.015028238296508789,-0.00865241326391697,0.16492201387882233,0.9862685799598694,-0.0575675368309021,-0.04928099364042282,0.03135853633284569,0.08271325181969169,-0.9965369783411708,0.006951801119355765,-0.00491824492322519
1790595425.258256,173685.953599625,1790595425.2614977,0.029885921627283096,-0.002255186438560486,0.006929636001586914,-0.008065867237746716,0.16433437168598175,0.9863718748092651,-0.05987036973237991,-0.05783133953809738,0.030599268153309822,0.08241769555612384,-0.9965619303965223,0.007089789486813896,-0.004633187157567606
1790595425.266308,173685.96365762502,1790595425.2715557,0.03174537420272827,0.00269925594329834,0.004723072052001953,-0.007407615892589092,0.16375915706157684,0.986472487449646,-0.055788543075323105,-0.06496008485555649,0.021704841405153275,0.08212891288150301,-0.9965863932061612,0.007197482347901632,-0.0043096407157741
1790595425.276294,173685.973715625,1790595425.2816136,0.022458728402853012,-0.00017639994621276855,0.0030617713928222656,-0.00674218637868762,0.16324737668037415,0.9865623116493225,-0.04570501670241356,-0.06595557183027267,0.006279812194406986,0.08187256761441718,-0.9966086524400313,0.007235668467565252,-0.003976983361396347
1790595425.288787,173685.98377362502,1790595425.2916718,0.009363291785120964,-0.0007301419973373413,0.006125926971435547,-0.006097916979342699,0.16288557648658752,0.9866260290145874,-0.026738516986370087,-0.06602215021848679,-0.006583255250006914,0.08169219921246366,-0.9966248320734967,0.00720895565892482,-0.0036501939019844814
1790595425.299249,173685.993831625,1790595425.3017297,-0.0022443518973886967,-0.0008221715688705444,0.008686065673828125,-0.005476607941091061,0.16270296275615692,0.9866600632667542,-0.008358976803719997,-0.061162419617176056,-0.019264163449406624,0.08160244189129406,-0.9966340060885892,0.007119939725664295,-0.003330519046239464
1790595425.3092859,173686.00388962502,1790595425.3117876,-0.009496927261352539,0.0004604458808898926,0.0029181241989135742,-0.004998932592570782,0.16271734237670898,0.9866601824760437,0.011232471093535423,-0.03977053612470627,-0.019407421350479126,0.08161173216829043,-0.9966348743049221,0.007001231345515787,-0.003081217692267263
1790595425.320093,173686.013947625,1790595425.3218458,0.00024052709341049194,0.009125664830207825,-0.0067522525787353516,-0.0047418782487511635,0.16293275356292725,0.9866260886192322,0.031644001603126526,-0.021331075578927994,-0.017102722078561783,0.08172170339673453,-0.9966270287216467,0.006900799420461703,-0.0029448169647310523
1790595425.3299708,173686.02400562502,1790595425.3319037,0.006754997652024031,0.0119113028049469,-0.012148439884185791,-0.004679807927459478,0.1633361577987671,0.9865593314170837,0.0486871711909771,0.005170040298253298,-0.011834456585347652,0.08192590204584413,-0.9966108332652789,0.006820309384988784,-0.0029085214018135905
1790595425.432011,173686.034062625,1790595425.3419607,0.006774023175239563,0.00858260691165924,-0.01939535140991211,-0.004897201433777809,0.16388776898384094,0.9864667654037476,0.06241070479154587,0.03483659029006958,-0.006646885070949793,0.0822039165149183,-0.9965878730549016,0.006782380934626016,-0.003016431518853957
1790595425.4322171,173686.044120625,1790595425.3520186,0.0030401404947042465,0.00353027880191803,-0.017055809497833252,-0.005328967235982418,0.16454553604125977,0.9863548874855042,0.06955250352621078,0.051290396600961685,-0.0012545166537165642,0.08253476868180738,-0.9965598269421541,0.006779848690546145,-0.0032351865038068393
1790595425.4323509,173686.054178625,1790595425.3620768,-0.00638257572427392,1.1354684829711914e-05,-0.010542631149291992,-0.005931276362389326,0.16524159908294678,0.9862353205680847,0.06951921433210373,0.07212856411933899,0.006091014016419649,0.08288430422748505,-0.9965295934864424,0.006813745299058484,-0.0035426853160873493
1790595425.432478,173686.064236625,1790595425.3721347,-0.010090295225381851,0.001140505075454712,-0.010137319564819336,-0.0067401607520878315,0.16589778661727905,0.9861201643943787,0.06283600628376007,0.09183195978403091,0.009081210941076279,0.08321285690791498,-0.9965001704583697,0.006890419006995438,-0.003957301628699852
1790595425.432596,173686.07429462502,1790595425.3821926,-0.009800013154745102,0.0020714402198791504,-0.009181022644042969,-0.007656048517674208,0.16646215319633484,0.9860179424285889,0.05130665376782417,0.09653297066688538,0.013652261346578598,0.08349456209552523,-0.9964738758446133,0.006985597274866152,-0.004426893360864712
1790595425.432715,173686.084352625,1790595425.3922508,-0.003992101177573204,0.0021387189626693726,-0.012044370174407959,-0.008611665107309818,0.16689839959144592,0.9859363436698914,0.037121061235666275,0.10162200778722763,0.017482953146100044,0.08371123448825464,-0.9964525761673819,0.00710131048348315,-0.0049177375398116304
1790595425.432827,173686.09441062502,1790595425.4023087,0.006118573248386383,0.003483027219772339,-0.013555765151977539,-0.00956706888973713,0.16720205545425415,0.9858763217926025,0.023174084722995758,0.09591272473335266,0.0253366157412529,0.08386065777625108,-0.9964364644732997,0.007247472104653189,-0.00541059326995347
1790595425.432939,173686.104468625,1790595425.4123666,0.01680172234773636,0.0033770352602005005,-0.006563782691955566,-0.010377784259617329,0.16735383868217468,0.985842227935791,0.0068768709897994995,0.07632224261760712,0.03238440304994583,0.08393353528804953,-0.9964266114493807,0.007424940365483731,-0.0058329369839833275
1790595425.4330502,173686.11452662502,1790595425.4224246,0.020178943872451782,0.0016378462314605713,0.004336953163146973,-0.010932126082479954,0.1673535704612732,0.9858365654945374,-0.007259986829012632,0.04681442305445671,0.03533252328634262,0.08393025104970171,-0.9964237225753846,0.007619518223527869,-0.006127484929631344
1790595425.433163,173686.124584625,1790595425.4324827,0.011913842521607876,-0.0037484169006347656,0.015943408012390137,-0.011166172102093697,0.16721609234809875,0.9858570098876953,-0.022921504452824593,0.013255663216114044,0.032400649040937424,0.08385878281918645,-0.9964274138055361,0.007805042664452545,-0.006259971691768404
1790595425.439167,173686.134644375,1790595425.4425423,0.004216618835926056,-0.0019166022539138794,0.019491910934448242,-0.011098343878984451,0.16691018640995026,0.9859097003936768,-0.039121512323617935,-0.016382388770580292,0.031038178130984306,0.08370344109527852,-0.9964393612769401,0.007965393722075402,-0.006238114627429249
1790595425.449127,173686.14470237502,1790595425.4526005,0.0051791612058877945,0.003399968147277832,0.017838001251220703,-0.010763884522020817,0.16644589602947235,0.9859919548034668,-0.0548085942864418,-0.03949862718582153,0.030550284311175346,0.08346921656267543,-0.9964588274628451,0.008109828538214016,-0.00608039505849015
1790595425.459156,173686.154759375,1790595425.4626575,0.006861443631350994,0.0033036023378372192,0.01516193151473999,-0.010248901322484016,0.16580982506275177,0.986104428768158,-0.07445739954710007,-0.0530884712934494,0.02955426275730133,0.08314903504130394,-0.9964859506343282,0.008244251475501434,-0.005830440505364762
1790595425.469285,173686.164817375,1790595425.4727154,0.013239452615380287,0.011554300785064697,0.01312863826751709,-0.009623127058148384,0.16500547528266907,0.98624587059021,-0.08739183843135834,-0.06235228106379509,0.03284166753292084,0.08274438171768665,-0.9965203183355906,0.008378362746856544,-0.005524048088239836
1790595425.47919,173686.174875375,1790595425.4827733,0.01795932464301586,0.017783641815185547,0.009367883205413818,-0.008956647478044033,0.16408611834049225,0.9864053130149841,-0.09734780341386795,-0.05837298184633255,0.03082672320306301,0.08228189842845875,-0.9965591016811437,0.008521093606910002,-0.0051973391588277
1790595425.489131,173686.184933375,1790595425.4928315,0.010993708856403828,0.016814619302749634,0.007490694522857666,-0.008384463377296925,0.16310200095176697,0.986573338508606,-0.10066423565149307,-0.04798106104135513,0.025857262313365936,0.0817865658205699,-0.9966001957957612,0.008644536680891724,-0.004915951890244055
1790595425.499228,173686.194991375,1790595425.5028894,0.0058044325560331345,0.01608709990978241,0.01307767629623413,-0.007925409823656082,0.1621205359697342,0.9867388010025024,-0.09711556881666183,-0.038969457149505615,0.011843708343803883,0.08129242329553434,-0.9966409895125025,0.008725886913653134,-0.004687799839324977
1790595425.509284,173686.205049375,1790595425.5129473,-0.0018660975620150566,0.015989765524864197,0.01977473497390747,-0.007594358641654253,0.1611955463886261,0.9868931174278259,-0.08808212727308273,-0.024827275425195694,0.003250220324844122,0.08082659103541635,-0.9966794509569175,0.008754254595992803,-0.004519764014490258
1790595425.518563,173686.215107375,1790595425.5230055,-0.0007977178320288658,0.018406853079795837,0.021715641021728516,-0.007396263536065817,0.16038067638874054,0.987027645111084,-0.07543717324733734,-0.01583084836602211,0.00017853034660220146,0.08041598628047605,-0.9967131834089078,0.008754635555408053,-0.004416661227391814
1790595425.5292559,173686.225165375,1790595425.5330634,0.009468400850892067,0.024387016892433167,0.021239876747131348,-0.007271145936101675,0.15971055626869202,0.9871370792388916,-0.059753820300102234,-0.009444588795304298,-0.005400792229920626,0.08007825665900117,-0.996740775446049,0.00873949959661834,-0.004349593106302711
1790595425.53953,173686.235223375,1790595425.5431213,0.019813280552625656,0.029875829815864563,0.014567136764526367,-0.007224790286272764,0.15921138226985931,0.9872182011604309,-0.04238761216402054,-0.0010878557804971933,-0.004428471904247999,0.07982657722304884,-0.9967613799889161,0.008710085622770128,-0.004321687782802185
1790595425.549449,173686.245281375,1790595425.5531795,0.02697143144905567,0.034253016114234924,0.0029244422912597656,-0.0072723436169326305,0.15892355144023895,0.9872641563415527,-0.017467085272073746,0.011927811428904533,-0.009765713475644588,0.07968123114042504,-0.9967732111432778,0.008675128971944654,-0.0043414255906745625
1790595425.559403,173686.255339375,1790595425.5632374,0.02311253547668457,0.03416900336742401,-0.0028426647186279297,-0.007472285069525242,0.15882442891597748,0.9872786402702332,-0.002263363916426897,0.022827863693237305,-0.012025139294564724,0.07963057970561419,-0.9967772761170355,0.008623707277548574,-0.004437153138742527
1790595425.569238,173686.265397375,1790595425.5732954,0.021364394575357437,0.02802431583404541,0.0034401416778564453,-0.007768820971250534,0.15888087451457977,0.9872671961784363,0.012858331203460693,0.03230392560362816,-0.016499515622854233,0.07965810302102758,-0.9967749291518467,0.008564136352474445,-0.004581388731172545
1790595425.5792708,173686.275455375,1790595425.5833535,0.011132744140923023,0.016955524682998657,0.009432792663574219,-0.008187806233763695,0.15902435779571533,0.9872406125068665,0.016250133514404297,0.045151278376579285,-0.014841431751847267,0.0797291161295022,-0.9967688274356908,0.008498267411535356,-0.004786929955169047
1790595425.5893471,173686.285512375,1790595425.5934105,0.010660966858267784,0.01145009696483612,0.012670397758483887,-0.008677328005433083,0.15920445322990417,0.987207293510437,0.019737808033823967,0.049132440239191055,-0.010895426385104656,0.07981825735860672,-0.9967608576111059,0.008452628410063298,-0.00502962990137017
1790595425.599828,173686.29557037502,1790595425.6034684,0.012563005089759827,0.008593365550041199,0.011532485485076904,-0.009175560437142849,0.1594061553478241,0.9871702790260315,0.020442480221390724,0.049614205956459045,-0.007468470372259617,0.07991819493935587,-0.996751788228023,0.008426070129617862,-0.005278321752292434
1790595425.609293,173686.305628375,1790595425.6135263,0.013706251978874207,0.007344260811805725,0.004186391830444336,-0.009693203493952751,0.15961770713329315,0.9871314167976379,0.02361137606203556,0.05142435431480408,-0.0043829320929944515,0.08002297464798648,-0.9967421596720483,0.008412094077735365,-0.005537803992018346
1790595425.6193259,173686.31568637502,1790595425.6235845,0.015881747007369995,0.009431377053260803,-0.0028994083404541016,-0.010190224274992943,0.15983465313911438,0.9870913028717041,0.019299717620015144,0.05022833123803139,0.0030550104565918446,0.08013036829494088,-0.996731919728341,0.008433470804398512,-0.005789810659630182
1790595425.628663,173686.325744375,1790595425.6336424,0.0153891546651721,0.00917808711528778,-0.00010848045349121094,-0.010689462535083294,0.15998119115829468,0.9870624542236328,0.009377047419548035,0.05115590989589691,0.00833818968385458,0.08020205269234966,-0.9967242957127028,0.008480271120681417,-0.006044666824218304
1790595425.63935,173686.33580237502,1790595425.6437004,0.012988435104489326,0.007955923676490784,-0.00025075674057006836,-0.011157387867569923,0.1600130796432495,0.9870516657829285,-0.004707080777734518,0.04559070244431496,0.014407533220946789,0.08021575279920946,-0.9967208882045082,0.00856197720451018,-0.006286112308776606
1790595425.648591,173686.345860375,1790595425.6537585,0.014053302817046642,0.0032580196857452393,-0.0004513263702392578,-0.011596647091209888,0.15987396240234375,0.9870691895484924,-0.022922037169337273,0.047204840928316116,0.021223628893494606,0.08014299431964982,-0.9967243115940254,0.008674064944213647,-0.006514829692714322
1790595425.660477,173686.35591837502,1790595425.6638165,0.016870252788066864,-0.0040404051542282104,-0.0014739036560058594,-0.012017972767353058,0.15955831110477448,0.9871156215667725,-0.04198920354247093,0.0429440513253212,0.020313892513513565,0.07998106150037107,-0.9967348863441975,0.008796533798430149,-0.006734531425522804
1790595425.669583,173686.365976375,1790595425.6738744,0.020044254139065742,-0.008913189172744751,0.00030922889709472656,-0.012384352274239063,0.15904474258422852,0.9871939420700073,-0.06063186377286911,0.037450481206178665,0.015278386883437634,0.07971951494287649,-0.996753573743205,0.008904398687686053,-0.006924510497492715
1790595425.679383,173686.37603437502,1790595425.6839323,0.01942209154367447,-0.012381955981254578,-8.589029312133789e-05,-0.012723490595817566,0.15836304426193237,0.9872987866401672,-0.07628459483385086,0.033294085413217545,0.006224971264600754,0.07937347244382764,-0.996779237320882,0.008974798962784166,-0.0070969638082191535
1790595425.689373,173686.386092375,1790595425.6939905,0.014685249887406826,-0.017223909497261047,-0.0024253129959106445,-0.013037310913205147,0.15754401683807373,0.9874258637428284,-0.08858413249254227,0.03115663304924965,-0.010963869281113148,0.07895870024480664,-0.9968110735098108,0.008978431483702963,-0.007250702838133178
1790595425.7007658,173686.39615037502,1790595425.7040484,0.014581461437046528,-0.01582580804824829,-0.005849003791809082,-0.013345514424145222,0.15661898255348206,0.9875691533088684,-0.09750572592020035,0.021970856934785843,-0.02671113982796669,0.07849113032891572,-0.9968477482891175,0.008896461458799569,-0.007394359313290298
1790595425.709255,173686.406208375,1790595425.7141063,0.014245166443288326,-0.01740659773349762,-0.005576491355895996,-0.013573792763054371,0.1556210070848465,0.9877237677574158,-0.10315003246068954,0.014871403574943542,-0.04119500890374184,0.07798775494545528,-0.9968879357785622,0.008736917869581156,-0.007491583471184829
1790595425.721339,173686.416265375,1790595425.7241635,0.0021190326660871506,-0.016032561659812927,-0.006305575370788574,-0.013807271607220173,0.15455211699008942,0.987887978553772,-0.10931578278541565,0.01792791485786438,-0.049255333840847015,0.07744912225258714,-0.9969310020140091,0.008518259201254067,-0.007586650814810717
1790595425.729741,173686.42632337502,1790595425.7342215,0.0043894825503230095,-0.010195344686508179,-0.00447392463684082,-0.014017789624631405,0.15346039831638336,0.9880553483963013,-0.1100047379732132,0.008709381334483624,-0.05060528963804245,0.07689934295706113,-0.9969750006141769,0.008277362940653144,-0.007668616295608596
1790595425.741062,173686.436381375,1790595425.7442794,0.004840719513595104,-0.006069660186767578,-0.001972198486328125,-0.014179105870425701,0.15235593914985657,0.9882238507270813,-0.11041539907455444,0.00955919548869133,-0.046729058027267456,0.07634343805805154,-0.9970192290172486,0.008036747107533654,-0.0077261354980742054
1790595425.751727,173686.44643937502,1790595425.7543373,0.0037082545459270477,0.00038805603981018066,0.0007957220077514648,-0.014374157413840294,0.1512845754623413,0.9883856177330017,-0.10521397739648819,0.016327086836099625,-0.03972015157341957,0.07580386252563309,-0.9970613575147078,0.007839608312432318,-0.007804285111044827
1790595425.7624042,173686.456497375,1790595425.7643955,0.005108918994665146,0.0029251128435134888,0.002043485641479492,-0.014569375663995743,0.1502429097890854,0.988541841506958,-0.10285681486129761,0.011882803402841091,-0.02832608111202717,0.07527907372666016,-0.9971017807986343,0.007679162048778045,-0.007885622246224399
1790595425.771489,173686.46655537502,1790595425.7744534,0.007884548977017403,0.006455704569816589,0.008413374423980713,-0.014781529083848,0.1492605060338974,0.9886873960494995,-0.09263720363378525,0.02544122189283371,-0.010846423916518688,0.07478362593101961,-0.9971389397580176,0.007591119647995005,-0.007981290873389104
1790595425.7813928,173686.476613375,1790595425.7845113,0.011299965903162956,0.013656094670295715,0.00207674503326416,-0.015068902634084225,0.14839255809783936,0.9888138771057129,-0.08157362788915634,0.03157714754343033,0.0039216033183038235,0.07434498848461685,-0.9971706711598121,0.007589352463669099,-0.008121660392797056
1790595425.791552,173686.48667137502,1790595425.7945695,0.007093246094882488,0.011535823345184326,0.001972198486328125,-0.015409297309815884,0.14765943586826324,0.9889184832572937,-0.06785915046930313,0.04300503805279732,0.018037956207990646,0.07397358269455792,-0.9971963516857273,0.007659371459391038,-0.008294494852863866
1790595425.801379,173686.496729375,1790595425.8046274,0.0071865469217300415,0.007556989789009094,0.0014590024948120117,-0.015899330377578735,0.14703014492988586,0.9890044927597046,-0.05868429318070412,0.06125861033797264,0.025893215090036392,0.07365344049209363,-0.9972168695223865,0.007794190440681883,-0.008547522973159511
1790595425.8122072,173686.50678737502,1790595425.8146853,0.007881678640842438,0.00819540023803711,0.0070552825927734375,-0.016487637534737587,0.14652897417545319,0.9890686869621277,-0.04371200129389763,0.06712288409471512,0.03296204283833504,0.07339713672177736,-0.9972315880921414,0.00796829674002593,-0.008853178194602896
1790595425.8222551,173686.516845375,1790595425.8247435,0.007229190319776535,0.007785171270370483,0.011986374855041504,-0.01714741624891758,0.1461610496044159,0.989112377166748,-0.03043641336262226,0.07566683739423752,0.0332011952996254,0.07320739834110083,-0.9972409384326287,0.008166540019688447,-0.009196934018366269
1790595425.83152,173686.52690337502,1790595425.8348014,0.00698469951748848,0.00496317446231842,0.015068888664245605,-0.017833705991506577,0.14597705006599426,0.9891271591186523,-0.00872925203293562,0.07010109722614288,0.02943974733352661,0.07311029855733735,-0.9972431216958119,0.008350981828829995,-0.009553733936901662
1790595425.841763,173686.536961375,1790595425.8448594,0.009074920788407326,0.005026921629905701,0.01267552375793457,-0.018443826586008072,0.14602012932300568,0.9891098141670227,0.015678351745009422,0.06064927950501442,0.029707128182053566,0.07312795196019944,-0.9972373244858368,0.008522732109578279,-0.009872437174249417
1790595425.851431,173686.54701837501,1790595425.8549163,0.008482338860630989,0.004808709025382996,0.014343500137329102,-0.018934620544314384,0.14629939198493958,0.989059329032898,0.037537045776844025,0.0462716706097126,0.029591547325253487,0.07326510654040026,-0.9972232420039416,0.008688020285793177,-0.010131973305383513
1790595425.862367,173686.557076375,1790595425.8649745,0.005861144512891769,0.00023652613162994385,0.020047545433044434,-0.019273627549409866,0.14675164222717285,0.9889854192733765,0.0521913580596447,0.0332336351275444,0.03918025642633438,0.0734898087933018,-0.9972030692242506,0.008873565056403401,-0.010317788147678586
1790595425.953559,173686.56713437501,1790595425.8750324,0.010499609634280205,0.004111796617507935,0.01972663402557373,-0.01951756328344345,0.14733199775218964,0.9888947010040283,0.061368875205516815,0.028250589966773987,0.04800251126289368,0.07377898762461076,-0.9971782850424504,0.009101021653619437,-0.01045976026467156
1790595425.953793,173686.577192375,1790595425.8850904,0.01636730507016182,0.005312234163284302,0.019562900066375732,-0.019708985462784767,0.1479473114013672,0.9887986183166504,0.05898774415254593,0.028244998306035995,0.05686071515083313,0.07408549137208459,-0.9971516578378339,0.009375190681750691,-0.010579191338887625
1790595425.953941,173686.587250375,1790595425.8951485,0.017479117959737778,0.006082996726036072,0.019124627113342285,-0.019981570541858673,0.1485498696565628,0.988703191280365,0.05958109721541405,0.042501699179410934,0.061708733439445496,0.07438480049712838,-0.9971247844005223,0.009682576295868219,-0.010741906804198335
1790595425.95407,173686.597308375,1790595425.9052064,0.02205035462975502,0.010160014033317566,0.011715888977050781,-0.020326122641563416,0.14915731549263,0.988604724407196,0.06092386320233345,0.04451025649905205,0.0600099042057991,0.07468602256442886,-0.9970969366217262,0.010003289756971295,-0.010941932752574253
1790595425.954188,173686.607366375,1790595425.9152644,0.023421071469783783,0.010337412357330322,0.00760573148727417,-0.02072027139365673,0.14977332949638367,0.9885031580924988,0.060402680188417435,0.05272930487990379,0.05144118517637253,0.07499152484841876,-0.9970684636307711,0.01029802516946587,-0.011165130866415234
1790595425.954304,173686.617424375,1790595425.9253225,0.02036697417497635,0.00559629499912262,0.003160238265991211,-0.021175703033804893,0.15037935972213745,0.9884018301963806,0.059024229645729065,0.04934762045741081,0.03784974291920662,0.07529219632859052,-0.9970405350165071,0.01053920702895582,-0.011415154757468956
1790595425.954419,173686.627482375,1790595425.9353805,0.021356521174311638,0.006140649318695068,0.009421169757843018,-0.021509114652872086,0.15096411108970642,0.9883051514625549,0.05665108561515808,0.027498513460159302,0.02425403892993927,0.07558355250310889,-0.9970145373717703,0.010704440878618514,-0.01159826362155621
1790595425.9545338,173686.637540375,1790595425.9454384,0.016317134723067284,0.003994017839431763,0.013457775115966797,-0.021672973409295082,0.15149331092834473,0.9882205128669739,0.04991808161139488,0.011824480257928371,0.010877246968448162,0.07584853326232809,-0.9969922855657184,0.010799435363630379,-0.0116907709171922
1790595425.954719,173686.647598375,1790595425.9554963,0.007852785289287567,-0.0034364014863967896,0.009419679641723633,-0.021723035722970963,0.15191997587680817,0.9881541728973389,0.03697751834988594,0.001207256456837058,3.072491381317377e-05,0.07606325640626914,-0.9969754580404897,0.010818292325905114,-0.01171983969531958
1790595425.9616761,173686.657656375,1790595425.9655545,0.0037968307733535767,-0.014333516359329224,0.007826685905456543,-0.021695401519536972,0.1521816998720169,0.9881144762039185,0.015331076458096504,-0.008471735753118992,-0.007362476550042629,0.07619570745511182,-0.9969657657989714,0.010793169232515162,-0.011705611644062674
1790595425.971736,173686.667714375,1790595425.9756124,0.006593156605958939,-0.021204188466072083,0.020125746726989746,-0.021577302366495132,0.15220123529434204,0.9881142973899841,-0.011592949740588665,-0.017565365880727768,-0.01242274884134531,0.07620676481084596,-0.99696629880936,0.01074008105492959,-0.011642437548124846
1790595425.98369,173686.677772375,1790595425.9856703,0.008336048573255539,-0.025645047426223755,0.0317041277885437,-0.021382316946983337,0.15191178023815155,0.988162636756897,-0.046161577105522156,-0.02486509084701538,-0.019691579043865204,0.07606269705737694,-0.9969793058991545,0.010657907094277365,-0.011536676211245137
1790595425.991715,173686.687829375,1790595425.9957273,0.0034199804067611694,-0.024420559406280518,0.03294867277145386,-0.021196475252509117,0.1512976586818695,0.9882609248161316,-0.07556607574224472,-0.019697226583957672,-0.030643563717603683,0.07575534633289,-0.9970053141948619,0.010529125234507424,-0.01143010515381739
1790595426.001724,173686.69788737502,1790595426.0057855,-0.0009117498993873596,-0.01931968331336975,0.02863377332687378,-0.02106091007590294,0.15043868124485016,0.9883946776390076,-0.09326597303152084,-0.019661538302898407,-0.04333192855119705,0.07532494463976055,-0.9970408233201622,0.010341084653755729,-0.011342962309260175
1790595426.01201,173686.707945375,1790595426.0158434,0.001758364960551262,-0.013281330466270447,0.02256321907043457,-0.02093867026269436,0.14946629106998444,0.9885450005531311,-0.09800160676240921,-0.017902523279190063,-0.05433877557516098,0.07483794533470649,-0.9970810274942741,0.010095202400874652,-0.011257699899318376
1790595426.0217118,173686.71800337502,1790595426.0259013,0.004918530583381653,-0.007252931594848633,0.01428532600402832,-0.020833458751440048,0.14851908385753632,0.988690197467804,-0.08900757879018784,-0.019239693880081177,-0.06084088236093521,0.07436416494994096,-0.9971204071629296,0.009798053859904078,-0.011177540054559395
1790595426.032309,173686.728061375,1790595426.0359595,0.009403683245182037,0.0007984936237335205,0.012087225914001465,-0.020710453391075134,0.14771559834480286,0.988813042640686,-0.07027091085910797,-0.02346879616379738,-0.05678408965468407,0.07396291781013518,-0.9971540727976004,0.009502002469027082,-0.011089582398001062
1790595426.041724,173686.73811937502,1790595426.0460174,0.015049206092953682,0.008727788925170898,0.016239643096923828,-0.020527122542262077,0.14714105427265167,0.988902747631073,-0.04457300156354904,-0.02900630608201027,-0.04277559742331505,0.07367693586931011,-0.9971790021587553,0.009241716155592902,-0.010975424103096494
1790595426.051755,173686.748177375,1790595426.0560753,0.014073031023144722,0.011172905564308167,0.022259116172790527,-0.02026810124516487,0.14681684970855713,0.9889558553695679,-0.01863834261894226,-0.03200289234519005,-0.03280205652117729,0.07351681612345615,-0.9971941731931248,0.009039353980279647,-0.010828979243981232
1790595426.0617778,173686.75823537502,1790595426.0661335,0.008542774245142937,0.011292949318885803,0.02299487590789795,-0.020002134144306183,0.14677312970161438,0.9889679551124573,0.00913469959050417,-0.028214015066623688,-0.014860606752336025,0.07349726192771962,-0.9971983641966962,0.008910245456497021,-0.010685883450545611
1790595426.071897,173686.768293375,1790595426.0761914,0.0030592866241931915,0.015448302030563354,0.023326635360717773,-0.019782928749918938,0.14698177576065063,0.9889414310455322,0.03265121206641197,-0.017445523291826248,-0.0015525243943557143,0.07360391453269297,-0.9971921912185135,0.008856672890635372,-0.010573037562513665
1790595426.081794,173686.77835137502,1790595426.0862494,-0.0027031302452087402,0.018248841166496277,0.028361082077026367,-0.019666265696287155,0.1474008858203888,0.988881528377533,0.052099213004112244,-0.0051726121455430984,0.01122212689369917,0.07381551339719482,-0.9971770470989412,0.008871616605595562,-0.010517686781602661
1790595426.0938098,173686.788409375,1790595426.0963075,-0.00036023370921611786,0.019293785095214844,0.025884628295898438,-0.01962878182530403,0.14798857271671295,0.9887940883636475,0.06597534567117691,0.003936730325222015,0.023523002862930298,0.07411107098365792,-0.9971543726459424,0.008955783564253835,-0.010508015702364867
1790595426.101781,173686.79846737502,1790595426.1063654,0.000844419002532959,0.015806183218955994,0.026770591735839844,-0.019689036533236504,0.14869913458824158,0.9886866807937622,0.07549827545881271,0.013849281705915928,0.031026991084218025,0.07446767444155251,-0.9971262380751523,0.009088170114459527,-0.010551616341845912
1790595426.113903,173686.808525375,1790595426.1164234,0.004343397915363312,0.013629153370857239,0.021736621856689453,-0.01980055868625641,0.14950282871723175,0.988562822341919,0.08453704416751862,0.018499162048101425,0.03586568683385849,0.0748706629952343,-0.9970936396401113,0.009257052058469117,-0.010624239069016514
1790595426.121813,173686.81858337502,1790595426.1264815,0.005803648382425308,0.010179057717323303,0.014110267162322998,-0.019979065284132957,0.1504046767950058,0.9884223937988281,0.09364399313926697,0.028902001678943634,0.040230605751276016,0.07532263752924846,-0.997056638053878,0.009448063940646742,-0.010732775893565636
1790595426.1318479,173686.82864037502,1790595426.1365385,0.0008335281163454056,0.003726378083229065,0.010676324367523193,-0.020242713391780853,0.15136422216892242,0.98827064037323,0.09758920222520828,0.03602435812354088,0.04536784440279007,0.07580303225060622,-0.9970164931087065,0.009666824517419428,-0.010886611416788382
1790595426.1418948,173686.838698375,1790595426.1465964,0.0058889687061309814,0.0010318458080291748,0.009262502193450928,-0.02055266685783863,0.15234974026679993,0.9881126880645752,0.09669996798038483,0.04134056344628334,0.05248727276921272,0.07629588024669336,-0.9969743507450844,0.00992424003132706,-0.011066997231719779
1790595426.1539478,173686.84875637502,1790595426.1566544,0.011240489780902863,0.0014697611331939697,0.009979069232940674,-0.020899305120110512,0.15328513085842133,0.9879607558250427,0.08960504084825516,0.044371239840984344,0.05494856834411621,0.07676293546613486,-0.9969333826841229,0.010208906597001282,-0.011267872285600842
1790595426.163845,173686.858814375,1790595426.1667125,0.014854364097118378,0.000654071569442749,0.01048433780670166,-0.02124779485166073,0.15413133800029755,0.9878216981887817,0.07900512963533401,0.041538167744874954,0.052737344056367874,0.07718492837846222,-0.9968955433953213,0.010493619031208408,-0.011469453294446617
1790595426.174057,173686.86887237502,1790595426.1767704,0.015954552218317986,-0.00213797390460968,0.013107895851135254,-0.02155453898012638,0.15486350655555725,0.9877009987831116,0.06676630675792694,0.03225305676460266,0.04309963062405586,0.07754989463625953,-0.9968625926630142,0.010746327523658996,-0.011647187664932949
1790595426.18384,173686.878930375,1790595426.1868284,0.013842519372701645,-0.002681240439414978,0.017636656761169434,-0.02173132821917534,0.15549832582473755,0.9875972867012024,0.059867653995752335,0.013670051470398903,0.03259612247347832,0.0778670543745697,-0.9968344663414448,0.010939960806018006,-0.01175473682315823
1790595426.194102,173686.88898837502,1790595426.1968863,0.01430298201739788,-0.003342747688293457,0.021207332611083984,-0.021703509613871574,0.15608353912830353,0.9875056147575378,0.057759761810302734,-0.01164915319532156,0.022771723568439484,0.0781609561748807,-0.9968100327721825,0.011071468226390858,-0.011754608192971586
1790595426.203902,173686.899046375,1790595426.2069445,0.014541015028953552,-0.0037254244089126587,0.021201610565185547,-0.021422741934657097,0.15666460990905762,0.9874199032783508,0.05821729078888893,-0.038072772324085236,0.021339209750294685,0.07845453858578949,-0.9967874670529236,0.011166187828385375,-0.011624754224205978
1790595426.214211,173686.90910437502,1790595426.2170024,0.021766716614365578,-0.006639912724494934,0.018489480018615723,-0.020866453647613525,0.1572444587945938,0.987339437007904,0.0578034371137619,-0.06636353582143784,0.023366941139101982,0.07874908225074147,-0.9967663055366612,0.011253422340946506,-0.011356145738764506
1790595426.2241018,173686.919162375,1790595426.2270603,0.026759160682559013,-0.011098355054855347,0.015554964542388916,-0.020060554146766663,0.15779659152030945,0.9872676134109497,0.05229202285408974,-0.08582565188407898,0.02551371417939663,0.07903101913487437,-0.9967472853934308,0.011342373310521542,-0.010962333596297414
1790595426.233935,173686.92922037502,1790595426.2371185,0.02304505743086338,-0.011959657073020935,0.011906206607818604,-0.01916932873427868,0.15827643871307373,0.9872086644172668,0.04127985239028931,-0.08378300815820694,0.016947124153375626,0.07927721691940308,-0.9967316915498636,0.011412933983012219,-0.010523845584133714
1790595426.243937,173686.939278375,1790595426.2471764,0.009846018627285957,-0.013733774423599243,0.005656599998474121,-0.018375694751739502,0.1586010605096817,0.9871720671653748,0.02421591430902481,-0.07306484878063202,-0.008217351511120796,0.07944539790335531,-0.9967225990744802,0.011405765070147636,-0.010127173503949176
1790595426.253964,173686.94933637502,1790595426.2572343,-0.005479108542203903,-0.01742565631866455,0.007391452789306641,-0.017760030925273895,0.15873758494853973,0.9871610999107361,0.005178307183086872,-0.05759720504283905,-0.039925482124090195,0.07951906854519004,-0.9967215081039446,0.011259435306376539,-0.009807509413967887
1790595426.264097,173686.959394375,1790595426.2672925,-0.013678498566150665,-0.018137499690055847,0.008876323699951172,-0.01735788770020008,0.15871702134609222,0.9871716499328613,-0.005940656643360853,-0.04060277342796326,-0.0755830779671669,0.07951379569024257,-0.9967276076480656,0.010950259899605085,-0.00958099357570143
1790595426.273529,173686.96945137501,1790595426.2773495,-0.019103560596704483,-0.012245967984199524,0.0060787200927734375,-0.017181845381855965,0.1586085706949234,0.9871922731399536,-0.010339133441448212,-0.022911928594112396,-0.09699196368455887,0.07946420755633088,-0.9967375813686926,0.010503380166147859,-0.009456416544903673
1790595426.283747,173686.979509375,1790595426.2874074,-0.015818515792489052,-0.00021535158157348633,-0.0014420747756958008,-0.017170988023281097,0.1585255265235901,0.9872053265571594,-0.0014433767646551132,-0.013339461758732796,-0.10246396064758301,0.07942723355054203,-0.9967461644993346,0.009987150966260105,-0.009409362221931693
1790595426.29477,173686.989567375,1790595426.2974653,-0.006224110722541809,0.014499634504318237,-0.0067574381828308105,-0.01722864992916584,0.15858106315135956,0.9871954917907715,0.017375851050019264,-0.00427805632352829,-0.0845310315489769,0.0794595444566793,-0.9967484002984058,0.009505768055382637,-0.009400214881097197
1790595426.303326,173686.999625375,1790595426.3075235,0.005440002307295799,0.02142147719860077,-0.016509056091308594,-0.017341868951916695,0.15884613990783691,0.987151026725769,0.039467040449380875,0.004706383682787418,-0.0484774224460125,0.07959609341299474,-0.9967404589213521,0.009163859308518022,-0.009431082870327595
1790595426.313341,173687.009683375,1790595426.3175814,0.019406165927648544,0.02691715955734253,-0.023183822631835938,-0.01743779331445694,0.15936243534088135,0.9870662689208984,0.06537637859582901,0.0060676466673612595,-0.0038302624598145485,0.07985757964788497,-0.9967204114451724,0.009031036661143368,-0.009471154660599994
1790595426.3233569,173687.019741375,1790595426.3276393,0.02741388976573944,0.02663835883140564,-0.0222245454788208,-0.017480427399277687,0.16009896993637085,0.9869464635848999,0.08396098017692566,0.0072729941457509995,0.04173482581973076,0.08022831335555958,-0.996689456129133,0.009129818746693679,-0.009504147669823725
1790595426.3333728,173687.029799375,1790595426.3376975,0.023177698254585266,0.02001143991947174,-0.01492166519165039,-0.017440402880311012,0.16100385785102844,0.9867995977401733,0.0958234965801239,0.0037842527963221073,0.0745479017496109,0.08068255852678424,-0.9966498636065275,0.009426305566989868,-0.009512608392032442
1790595426.344374,173687.039857375,1790595426.3477554,0.01418057456612587,0.005823597311973572,-0.012001991271972656,-0.017354410141706467,0.1619776040315628,0.9866419434547424,0.09664615243673325,0.004480935633182526,0.0894584059715271,0.08117070261537519,-0.9966063024067859,0.009840608193467102,-0.009508241818438587
1790595426.354063,173687.049915375,1790595426.3578134,0.003930114209651947,-0.010070621967315674,-0.011240839958190918,-0.017266295850276947,0.16290289163589478,0.986490786075592,0.08478309959173203,0.007702029310166836,0.08702241629362106,0.08163419869016401,-0.9965639151001792,0.01028342908102813,-0.009505288684218878
1790595426.364031,173687.059973375,1790595426.3678715,0.0022024717181921005,-0.01720474660396576,-0.008595824241638184,-0.017247650772333145,0.16367419064044952,0.98636394739151,0.06637746095657349,0.013491208665072918,0.06853821128606796,0.08202005445734149,-0.9965279234509477,0.010680671651397468,-0.00953295415328414
1790595426.3742201,173687.070031375,1790595426.3779294,0.0030998066067695618,-0.020031094551086426,-0.008673012256622314,-0.01732100173830986,0.16421164572238922,0.9862728714942932,0.03956049308180809,0.021033547818660736,0.030781511217355728,0.082288701528903,-0.9965022827767527,0.010938513017275404,-0.009594174804979472
1790595426.384073,173687.080089375,1790595426.3879874,-0.006089292466640472,-0.027174070477485657,-0.011951088905334473,-0.017592359334230423,0.16447298228740692,0.9862250089645386,0.013882826082408428,0.03795900195837021,-0.014753750525414944,0.08241879123352626,-0.9964896833313042,0.010991176770935484,-0.009736236417259186
1790595426.478431,173687.090147375,1790595426.3980453,-0.00793277658522129,-0.019262999296188354,-0.012411296367645264,-0.01808345876634121,0.16449639201164246,0.9862116575241089,-0.007064267061650753,0.046425722539424896,-0.05756299942731857,0.08242974870939966,-0.9964881498597629,0.010826079867631195,-0.0099691308730799
1790595426.4786282,173687.100205375,1790595426.4081035,-0.006357721984386444,-0.00858999788761139,-0.0072670578956604,-0.018666697666049004,0.16435198485851288,0.9862251281738281,-0.02012654021382332,0.04518415778875351,-0.09733065217733383,0.08235763749289289,-0.9964954631242113,0.010456886165560059,-0.010230406356220804
1790595426.478761,173687.110263375,1790595426.4181614,-0.010855019092559814,-0.011021062731742859,-0.00641709566116333,-0.019311605021357536,0.16406692564487457,0.9862597584724426,-0.03320132568478584,0.046061936765909195,-0.12967288494110107,0.08221633529344084,-0.996509793667364,0.009905681570715573,-0.010506882173431105
1790595426.478882,173687.12032037502,1790595426.4282184,-0.013110211119055748,-0.010517030954360962,-0.0048830509185791016,-0.01997084729373455,0.16366973519325256,0.986312747001648,-0.041160982102155685,0.04062376171350479,-0.13972818851470947,0.08201983295230798,-0.9965294186158946,0.009246457258459845,-0.010781233287982988
1790595426.479004,173687.13037687502,1790595426.4382749,-0.006573881953954697,-0.002832263708114624,0.00020611286163330078,-0.020541001111268997,0.1631872057914734,0.9863815307617188,-0.05070362240076065,0.028365762904286385,-0.13461944460868835,0.08178118415011794,-0.9965527333513459,0.008568994126676001,-0.011009234835606086
1790595426.4791229,173687.140434875,1790595426.448333,0.0037984438240528107,0.006045535206794739,0.0060274600982666016,-0.02096458524465561,0.16262535750865936,0.9864649176597595,-0.05713142827153206,0.014367921277880669,-0.11399165540933609,0.0815027350320519,-0.9965787825270217,0.007949302166177551,-0.011168391743649838
1790595426.4792361,173687.15049287502,1790595426.458391,0.016336726024746895,0.01216539740562439,0.005491375923156738,-0.02117377333343029,0.1620292216539383,0.9865588545799255,-0.058433178812265396,-0.0020022636745125055,-0.0800027921795845,0.08120632046205446,-0.9966060534640706,0.00747027113978772,-0.011231639815182378
1790595426.479386,173687.160550875,1790595426.4684489,0.021026091650128365,0.013745993375778198,0.003964066505432129,-0.02122446335852146,0.1614556908607483,0.9866516590118408,-0.054641373455524445,-0.00831422209739685,-0.047950852662324905,0.08092013721128763,-0.9966316865105929,0.007149282241550369,-0.01122857419969398
1790595426.4795,173687.17060887502,1790595426.4785068,0.02109682746231556,0.015035584568977356,0.0010210275650024414,-0.021173132583498955,0.16091379523277283,0.9867414236068726,-0.0529974028468132,-0.015357484109699726,-0.024294257164001465,0.08064866017748758,-0.996655473722451,0.006970467220073018,-0.011186137220554377
1790595426.4841862,173687.180666875,1790595426.488565,0.012253103777766228,0.019000083208084106,0.004904389381408691,-0.021057436242699623,0.16041308641433716,0.9868254661560059,-0.047412220388650894,-0.012840530835092068,-0.012951855547726154,0.08039727825620999,-0.9966772388418911,0.006871956908453472,-0.011118148006937683
1790595426.494169,173687.19072487502,1790595426.498623,-0.0044419486075639725,0.02015344798564911,0.01107025146484375,-0.020979195833206177,0.15996153652668,0.9869000911712646,-0.04316261410713196,-0.008806107565760612,-0.014257336966693401,0.08017030885592136,-0.9966964266354699,0.00680208700517693,-0.011071499017710065
1790595426.504364,173687.200782875,1790595426.5086808,-0.012261155992746353,0.021832361817359924,0.016060709953308105,-0.02094198204576969,0.15959493815898895,0.9869606494903564,-0.029540548101067543,-0.004856106825172901,-0.020563967525959015,0.07998631573813547,-0.9967122229379343,0.006712293862825995,-0.01104419311015781
1790595426.5142038,173687.21084087502,1790595426.518739,-0.010494641959667206,0.03305710852146149,0.01460409164428711,-0.020984256640076637,0.15935656428337097,0.9869983792304993,-0.016855379566550255,0.005948604084551334,-0.025819450616836548,0.07986709182524777,-0.9967224419407906,0.00659955453266756,-0.011055450170200293
1790595426.524218,173687.220898875,1790595426.528797,-0.005378248170018196,0.03932301700115204,0.00253903865814209,-0.021141542121767998,0.15927045047283173,0.987008810043335,0.00013665377628058195,0.016446253284811974,-0.034289103001356125,0.07982480331831122,-0.9967260220176619,0.006452323585951664,-0.011122240616256801
1790595426.53424,173687.23095687502,1790595426.5388548,-0.0039445701986551285,0.037443459033966064,-0.0057708024978637695,-0.021430807188153267,0.15936468541622162,0.9869872331619263,0.019250959157943726,0.02971998043358326,-0.03643347695469856,0.07987342522798756,-0.996721662321724,0.006287921039264278,-0.011254537744418674
1790595426.546289,173687.241014875,1790595426.548913,-0.0035706479102373123,0.030371665954589844,-0.00647425651550293,-0.021819990128278732,0.15958529710769653,0.9869430661201477,0.028283337131142616,0.03681650385260582,-0.03248986974358559,0.07998559879073011,-0.9967115935583902,0.006126600578014458,-0.011437646226299262
1790595426.556271,173687.25107287502,1790595426.558971,-0.0007823463529348373,0.025806143879890442,-0.00016021728515625,-0.022288953885436058,0.15987834334373474,0.9868851900100708,0.028938740491867065,0.0502295158803463,-0.022544827312231064,0.0801338024968321,-0.99669784084551,0.006000160910205607,-0.011663808806176432
1790595426.5663638,173687.261130875,1790595426.5690289,-0.00021113082766532898,0.021655991673469543,0.0012191534042358398,-0.02293645590543747,0.16010694205760956,0.9868329763412476,0.017096994444727898,0.07237076759338379,-0.020074745640158653,0.08024860226009094,-0.9966852523514798,0.005914827528354062,-0.01198260374944901
1790595426.576413,173687.271187875,1790595426.5790858,-0.0025503188371658325,0.018359631299972534,0.004477977752685547,-0.02375584840774536,0.16022956371307373,0.986794114112854,0.007435579318553209,0.08574862778186798,-0.018170319497585297,0.08030922101672243,-0.9966758803233687,0.005853146088259119,-0.012389168566922548
1790595426.586603,173687.281245875,1790595426.589144,-0.0016673412173986435,0.013878002762794495,0.005374431610107422,-0.024669339880347252,0.1602555811405182,0.9867672920227051,-0.0016340820584446192,0.09293968975543976,-0.021761590614914894,0.0803209213087078,-0.9966695025345064,0.005791392730055085,-0.012842612137387053
1790595426.5963788,173687.291303875,1790595426.599202,-0.007650386542081833,0.007321089506149292,0.008305966854095459,-0.025659561157226562,0.1602054238319397,0.9867500066757202,-0.0070568108931183815,0.0982883870601654,-0.028073549270629883,0.08029446332275991,-0.9966657028920646,0.005698464547662355,-0.013331787456397166
1790595426.606598,173687.301361875,1790595426.6092598,-0.0010270774364471436,0.010560870170593262,0.0058509111404418945,-0.0266981553286314,0.16013948619365692,0.9867332577705383,-0.002227700548246503,0.09815442562103271,-0.023032452911138535,0.08025998270513479,-0.9966620028707849,0.005609584751475294,-0.013845518726519766
1790595426.61639,173687.311419875,1790595426.619318,0.012614566832780838,0.015131458640098572,-0.0002130270004272461,-0.02762923203408718,0.1601313054561615,0.9867091178894043,-0.00033685629023239017,0.08418827503919601,-0.015233651734888554,0.08025455024346619,-0.9966562737922225,0.005553152774094296,-0.014308124423240086
1790595426.626404,173687.321477875,1790595426.629376,0.017851291224360466,0.015379562973976135,0.001004934310913086,-0.028456155210733414,0.16015782952308655,0.9866811633110046,0.008524280041456223,0.07864570617675781,-0.0027053430676460266,0.08026631308485,-0.9966493367303046,0.00553899818643169,-0.014722001269014323
1790595426.636357,173687.331535875,1790595426.6394339,0.021674927324056625,0.01539541780948639,-0.001201033592224121,-0.02913648821413517,0.1602640450000763,0.9866440892219543,0.012421282939612865,0.057910338044166565,0.00660054013133049,0.08031787489763685,-0.9966398315051619,0.005577179743519946,-0.015066818792308694
1790595426.6458938,173687.341593875,1790595426.649492,0.02016373723745346,0.014317363500595093,0.00782102346420288,-0.02957841381430626,0.1603960245847702,0.9866092801094055,0.013790414668619633,0.03861919790506363,0.01816744916141033,0.08038230439125273,-0.9966306376314819,0.00565825595637653,-0.015295566494542202
1790595426.6564019,173687.351651875,1790595426.65955,0.015296438708901405,0.013709679245948792,0.010846436023712158,-0.029838064685463905,0.160561203956604,0.9865745902061462,0.01692335680127144,0.019832728430628777,0.031840916723012924,0.08046295244585094,-0.9966211217590726,0.005798784489994527,-0.015437782434063426
1790595426.666535,173687.361709875,1790595426.6696079,0.01139923371374607,0.012134835124015808,0.014695167541503906,-0.029877638444304466,0.16076280176639557,0.9865407943725586,0.021712519228458405,0.0022492066491395235,0.04648670554161072,0.08056158200865651,-0.9966114750394868,0.005997189798866465,-0.015474397319494364
1790595426.6764958,173687.371767875,1790595426.6796658,0.012514356523752213,0.011057868599891663,0.014060914516448975,-0.02974153496325016,0.16101574897766113,0.9865034222602844,0.025126958265900612,-0.011638113297522068,0.06522710621356964,0.08068539298051353,-0.9966004073771868,0.006272227331287045,-0.01542929776112387
1790595426.686383,173687.381825875,1790595426.689724,0.01995818316936493,0.011199310421943665,0.006759762763977051,-0.029464423656463623,0.1613015979528427,0.986465334892273,0.02788412943482399,-0.018571386113762856,0.08029233664274216,0.08082493714804723,-0.9965885220226884,0.006631080022941534,-0.015320434045594347
1790595426.6964638,173687.391883875,1790595426.699782,0.02105044201016426,0.008716627955436707,0.004546046257019043,-0.02913760393857956,0.16163276135921478,0.9864205718040466,0.032241061329841614,-0.020079800859093666,0.08898170292377472,0.0809867684658825,-0.9965744599229097,0.007045622058837707,-0.01519144300830328
1790595426.706764,173687.40194187502,1790595426.7098398,0.021452898159623146,0.007091686129570007,0.005551397800445557,-0.028807632625102997,0.1619606614112854,0.9863763451576233,0.03005194291472435,-0.015170796774327755,0.09356686472892761,0.08114656043335285,-0.9965600780268493,0.007495455290341595,-0.015063865005502238
1790595426.7177012,173687.411999875,1790595426.719898,0.012663627043366432,0.0033440887928009033,0.0030605196952819824,-0.02856328897178173,0.16225981712341309,0.9863344430923462,0.025269171223044395,-0.0009638970950618386,0.08851245045661926,0.08129161408727313,-0.9965460538639037,0.007948770673692884,-0.014979551788494926
1790595426.726954,173687.42205687502,1790595426.729955,0.003499723970890045,-0.003049299120903015,0.004349470138549805,-0.028478380292654037,0.16250398755073547,0.9862971305847168,0.02000569924712181,0.01130848191678524,0.08144042640924454,0.08140883162249624,-0.9965332104518811,0.00837467878098298,-0.01497287085802853
1790595426.73689,173687.432114875,1790595426.740013,-0.0011976547539234161,-0.009856730699539185,0.008689820766448975,-0.028541725128889084,0.16271953284740448,0.9862592816352844,0.02211732044816017,0.03104250505566597,0.07092013955116272,0.08151169897450508,-0.996520420023921,0.008758090450263439,-0.01503707208089983
1790595426.746494,173687.44217287502,1790595426.7500708,0.004137193784117699,-0.012086823582649231,0.010076820850372314,-0.028749629855155945,0.16295073926448822,0.9862152338027954,0.017974507063627243,0.028658710420131683,0.060434479266405106,0.0816225348891261,-0.996506332074968,0.009096476427459045,-0.015170291989740762
1790595426.756525,173687.452230875,1790595426.760129,0.004791593179106712,-0.010838568210601807,0.02090752124786377,-0.028900494799017906,0.16318264603614807,0.9861726760864258,0.030695628374814987,0.02166658081114292,0.05524371191859245,0.08173453727783973,-0.9964929195546934,0.009392197938936149,-0.01527147241948665
1790595426.7689059,173687.46228887502,1790595426.770187,0.012085529044270515,-0.002593398094177246,0.019797086715698242,-0.02897702157497406,0.16355864703655243,0.986108124256134,0.0397903248667717,0.0107926269993186,0.0666220635175705,0.08191942985155386,-0.9964737672000539,0.009699451463789532,-0.015337167125680782
1790595426.77669,173687.472346875,1790595426.7802448,0.028111997991800308,0.0047496408224105835,0.021784067153930664,-0.028859691694378853,0.164058655500412,0.9860286116600037,0.05893738940358162,-0.012364889495074749,0.08046304434537888,0.0821669951037216,-0.9964502580743165,0.010058821873736216,-0.015310697997254626
1790595426.786529,173687.48240487502,1790595426.790303,0.03846041485667229,0.0080050528049469,0.017829537391662598,-0.028450647369027138,0.1647551953792572,0.9859237670898438,0.07491794973611832,-0.038175180554389954,0.10231055319309235,0.08251398266532985,-0.9964193877025983,0.010502061388504928,-0.015146122941026362
1790595426.7985122,173687.492462875,1790595426.800361,0.047698140144348145,0.012504413723945618,0.016278982162475586,-0.02781595289707184,0.16562698781490326,0.9857962131500244,0.09440190345048904,-0.05313681811094284,0.11610173434019089,0.08294952668630041,-0.9963816657047745,0.011031121460117739,-0.014876832430369805
1790595426.806525,173687.50252087502,1790595426.8104188,0.03741507977247238,0.009451717138290405,0.01236802339553833,-0.02702384442090988,0.1666349619626999,0.9856481552124023,0.10063423216342926,-0.06514927744865417,0.1242576614022255,0.08345447945587388,-0.9963380316125663,0.01160158829162122,-0.014533347622006311
1790595426.816523,173687.512578875,1790595426.820477,0.02560080960392952,0.003697037696838379,0.014520525932312012,-0.02618064545094967,0.16767466068267822,0.9854943752288818,0.10103131085634232,-0.061831243336200714,0.11949167400598526,0.08397617215823754,-0.9962925791708757,0.012177117773537615,-0.014165428128873926
1790595426.825873,173687.52263687502,1790595426.830535,0.01674945093691349,-0.006647154688835144,0.013233065605163574,-0.025431714951992035,0.1686500608921051,0.9853481650352478,0.08778874576091766,-0.05296291410923004,0.1028253436088562,0.08446608030125269,-0.9962493871749787,0.012698219546630212,-0.01384033617212343
1790595426.836554,173687.532694875,1790595426.8405929,0.009681448340415955,-0.012103065848350525,0.017281293869018555,-0.024802912026643753,0.1694824993610382,0.9852211475372314,0.0758359432220459,-0.04054459556937218,0.07431354373693466,0.08488479456119742,-0.9962120362171342,0.013120177879165976,-0.013566549625225249
1790595426.848406,173687.54275287502,1790595426.850651,0.00011136755347251892,-0.0156448632478714,0.019015371799468994,-0.024403365328907967,0.1702166646718979,0.9851043820381165,0.06875326484441757,-0.017559917643666267,0.04540572687983513,0.08525451439797753,-0.9961789347266168,0.013405631933059029,-0.013395759420933033
1790595426.8565388,173687.552810875,1790595426.860709,-0.003947542980313301,-0.01234486699104309,0.013151764869689941,-0.024281229823827744,0.17091453075408936,0.9849867820739746,0.06942624598741531,0.0020614538807421923,0.019430585205554962,0.08560601493275749,-0.9961473391547162,0.013559705745180709,-0.013352851551472235
1790595426.8677802,173687.56286887501,1790595426.8707669,0.0023407209664583206,-0.012435957789421082,0.01041877269744873,-0.02432863786816597,0.17160065472126007,0.9848661422729492,0.07062999904155731,0.009745205752551556,-0.0018949432997033,0.08595208550810339,-0.9961165093123437,0.01359989332548419,-0.013385239439561082
1790595426.8767529,173687.572926875,1790595426.8808248,0.008730204775929451,-0.008301973342895508,0.011198282241821289,-0.024431508034467697,0.17238003015518188,0.9847276210784912,0.08688220381736755,0.008260494098067284,-0.009214641526341438,0.08634591877687618,-0.9960821526754431,0.013570366277251517,-0.013440156114143282
1790595426.8892071,173687.582984875,1790595426.890883,0.017064452171325684,-0.002153754234313965,0.007516741752624512,-0.02454126812517643,0.17329663038253784,0.9845640063285828,0.09806668013334274,0.012031263671815395,-0.0037383832968771458,0.08680922207041242,-0.996041562454937,0.013536015079881879,-0.013499120459366527
1790595426.898579,173687.59304187502,1790595426.90094,0.027521587908267975,0.0027681589126586914,0.002833247184753418,-0.02463768608868122,0.17432564496994019,0.9843798875808716,0.10743754357099533,0.004612762480974197,0.00973321683704853,0.08732892466338407,-0.9959952050154658,0.013545891087833073,-0.013556080250001695
1790595426.906687,173687.603099875,1790595426.9109979,0.0368778221309185,0.008502095937728882,0.01087099313735962,-0.02459450252354145,0.1754276156425476,0.984184980392456,0.11367147415876389,-0.00632510706782341,0.03235304355621338,0.0878853428442222,-0.9959449961790343,0.013640332630686626,-0.01355098583055443
1790595427.0036201,173687.61315787502,1790595426.921056,0.0446668341755867,0.012618198990821838,0.014154255390167236,-0.024418417364358902,0.17657575011253357,0.9839838147163391,0.11619269102811813,-0.018089620396494865,0.041233353316783905,0.08846494385871577,-0.9958920638655088,0.013816603792271892,-0.013486897126865335
1790595427.0037692,173687.623215875,1790595426.931114,0.035066623240709305,0.00444146990776062,0.01976180076599121,-0.024095557630062103,0.17776401340961456,0.9837781190872192,0.12219305336475372,-0.03166268765926361,0.042066656053066254,0.08906571050257042,-0.9958377643594931,0.014007284834907565,-0.013350917089517285
1790595427.0038872,173687.63327387502,1790595426.941172,0.026180380955338478,0.0021067410707473755,0.01788783073425293,-0.023662682622671127,0.1790153533220291,0.9835615754127502,0.12847305834293365,-0.04180373623967171,0.03512059897184372,0.0896995272498947,-0.9957809473178608,0.014180392299120461,-0.013158833644522912
1790595427.004003,173687.643331875,1790595426.9512298,0.018927406519651413,0.000751197338104248,0.016145944595336914,-0.02312358096241951,0.18032518029212952,0.9833353757858276,0.13365183770656586,-0.06029246747493744,0.017875567078590393,0.09036481575799761,-0.9957227698364919,0.014277601154872149,-0.012907190193246378
1790595427.004182,173687.65338987502,1790595426.961288,0.008221575990319252,-0.003181859850883484,0.01244056224822998,-0.022473281249403954,0.18166415393352509,0.9831035733222961,0.1364566832780838,-0.06675143539905548,0.0020334855653345585,0.09104695856693176,-0.995664481723686,0.01428336883124475,-0.012591689753591252
1790595427.0043,173687.663447875,1790595426.971346,0.005316765978932381,-0.006377696990966797,0.0033227205276489258,-0.021826783195137978,0.18301376700401306,0.9828681945800781,0.13509154319763184,-0.06486378610134125,-0.01427837647497654,0.09173551088670703,-0.9956063861925522,0.014213726229617921,-0.012271210158651505
1790595427.004448,173687.67350587502,1790595426.9814038,-0.0008720140904188156,-0.007787749171257019,-0.00592958927154541,-0.02129901945590973,0.18427123129367828,0.98264479637146,0.12044362723827362,-0.0427883081138134,-0.015381990000605583,0.09237719044996046,-0.9955518417166703,0.014104016207170644,-0.012005802706542746
1790595427.004568,173687.683563875,1790595426.991462,0.003727952018380165,-0.008586198091506958,-0.013836026191711426,-0.021031422540545464,0.18534429371356964,0.9824485182762146,0.09535504877567291,-0.017531421035528183,-0.010935842990875244,0.09292359231532998,-0.995503840233368,0.014013344536954684,-0.011871256688448859
1790595427.0046809,173687.69362187502,1790595427.00152,0.007620442658662796,-0.009442344307899475,-0.011202335357666016,-0.020987151190638542,0.18612417578697205,0.9823022484779358,0.0632314682006836,0.005959789268672466,-0.005571703426539898,0.0933195966589063,-0.9954678482606317,0.013960440809476702,-0.011850064238553195
1790595427.0068312,173687.703679875,1790595427.0115778,0.013884458690881729,-0.010779798030853271,-0.011170506477355957,-0.02117815986275673,0.18659180402755737,0.9822090864181519,0.032434675842523575,0.030401483178138733,0.0014185616746544838,0.09355535868727258,-0.9954445415885165,0.013953581373305162,-0.011948945127526171
1790595427.018212,173687.71373787502,1790595427.021636,0.015256183221936226,-0.014658480882644653,-0.0036081671714782715,-0.021512284874916077,0.18676260113716125,0.9821693301200867,0.004147374536842108,0.03713821619749069,0.004125664941966534,0.09363934421515348,-0.9954341247799393,0.013984389230203599,-0.012120974589577168
1790595427.0291939,173687.723795875,1790595427.031694,0.01917640119791031,-0.011404573917388916,0.006369352340698242,-0.021861957386136055,0.18671312928199768,0.9821714758872986,-0.015297429636120796,0.03601755574345589,0.008458627387881279,0.09361136465008435,-0.9954339629145954,0.01403415812147786,-0.012300901961897266
1790595427.038823,173687.73385387502,1790595427.0417519,0.02503196708858013,-0.006753459572792053,0.009827077388763428,-0.02214805781841278,0.18648698925971985,0.9822075963020325,-0.02958369068801403,0.022708144038915634,0.005225017666816711,0.09349428057399126,-0.9954423121773454,0.01408551657776453,-0.012447677099548082
1790595427.0486279,173687.743911875,1790595427.05181,0.026034172624349594,-0.000966489315032959,0.01457512378692627,-0.022280516102910042,0.18616273999214172,0.9822664856910706,-0.03462319076061249,0.004999985918402672,-0.0025649946182966232,0.0933288962199161,-0.9954568457218087,0.014103391219483554,-0.01251336238870386
1790595427.058772,173687.75396987502,1790595427.061868,0.02616320364177227,0.007791370153427124,0.012146353721618652,-0.02227221056818962,0.18582762777805328,0.9823296666145325,-0.03174404427409172,-0.009170960634946823,-0.01741264946758747,0.09315973952487365,-0.9954733280504463,0.014059593617799343,-0.012502488067610557
1790595427.068552,173687.764026875,1790595427.071925,0.017942022532224655,0.006646066904067993,0.011860489845275879,-0.022168708965182304,0.1855386346578598,0.9823867082595825,-0.024901587516069412,-0.023203954100608826,-0.04112996160984039,0.0930159141358122,-0.9954898005432847,0.013907410112480296,-0.012434045096617117
1790595427.078807,173687.774084875,1790595427.0819829,0.008163122460246086,0.0037413686513900757,0.012259364128112793,-0.02197234146296978,0.18533062934875488,0.9824308156967163,-0.015209812670946121,-0.034744761884212494,-0.062138576060533524,0.09291513697369919,-0.9955046006279729,0.013638334144610633,-0.012308711357223733
1790595427.088577,173687.784142875,1790595427.092041,0.0004044603556394577,0.00764717161655426,0.01072084903717041,-0.021751509979367256,0.18520896136760712,0.9824585914611816,-0.007061604410409927,-0.036678217351436615,-0.0764131173491478,0.0928593520800595,-0.9955164818255334,0.013274962064922659,-0.012162992717548159
1790595427.098855,173687.794200875,1790595427.102099,-0.007132250815629959,0.009596988558769226,0.011450409889221191,-0.02155427262187004,0.18513591587543488,0.9824762940406799,-0.006279966328293085,-0.027668477967381477,-0.07369962334632874,0.0928284049411202,-0.9955261595518357,0.012876466189578087,-0.012026241607676765
1790595427.108545,173687.80425887502,1790595427.1121569,-0.004961768165230751,0.011130928993225098,0.0037889480590820312,-0.021512232720851898,0.1850515604019165,0.9824931025505066,-0.010140485130250454,-0.008419683203101158,-0.061355605721473694,0.09279013347920556,-0.9955348458918519,0.012526695996505528,-0.011971926304516317
1790595427.118853,173687.814316875,1790595427.122215,0.0035293009132146835,0.01200149953365326,-0.0016298294067382812,-0.021610980853438377,0.184867724776268,0.9825259447097778,-0.02536098286509514,0.009584085084497929,-0.03948439657688141,0.09269952411923978,-0.99554629447143,0.012270134089122947,-0.011996353976130728
1790595427.12883,173687.82437487502,1790595427.132273,0.013137230649590492,0.0108298659324646,-0.004681587219238281,-0.02186526171863079,0.18451344966888428,0.9825869798660278,-0.04605294391512871,0.031137313693761826,-0.014295420609414577,0.0925200645214359,-0.995563064447192,0.012151722471874743,-0.012110642977428327
1790595427.1389172,173687.834432875,1790595427.142331,0.014489240944385529,0.003438234329223633,-0.0016627907752990723,-0.022210193797945976,0.18397048115730286,0.9826807379722595,-0.06314324587583542,0.03518239036202431,0.0005759375635534525,0.09224327141810389,-0.9955867585453467,0.012139590710371895,-0.01227908294324652
1790595427.149385,173687.84449087502,1790595427.1523888,0.011842956766486168,-0.0005753934383392334,0.009147047996520996,-0.022524116560816765,0.1833149492740631,0.982796311378479,-0.06819339841604233,0.029372170567512512,0.008092709816992283,0.09190898961632522,-0.9956152856593053,0.012180571278640855,-0.012436091003842272
1790595427.158966,173687.854548875,1790595427.162447,0.011524967849254608,0.00447884202003479,0.012202739715576172,-0.022724920883774757,0.1826552301645279,0.982914388179779,-0.0654950812458992,0.013722370378673077,0.007470062002539635,0.09157301790350356,-0.9956441879110758,0.01224057696448095,-0.012537980392568723
1790595427.168902,173687.86460687502,1790595427.172505,0.010550200939178467,0.005842387676239014,0.013510823249816895,-0.022741982713341713,0.18205462396144867,0.9830254316329956,-0.05456120893359184,-0.009267900139093399,-0.0038627530448138714,0.0912685776949937,-0.9956718761341945,0.01225745217259664,-0.01254400359971904
1790595427.178895,173687.874664875,1790595427.1825628,0.010637620463967323,0.005287691950798035,0.011507391929626465,-0.02256999909877777,0.18155643343925476,0.9831213355064392,-0.04577544331550598,-0.027947576716542244,-0.012040521949529648,0.09101786226425267,-0.9956965002894834,0.012212860977633092,-0.012450167109771218
1790595427.188875,173687.88472287502,1790595427.192621,0.011597983539104462,0.008965477347373962,0.015314221382141113,-0.02221810817718506,0.18114405870437622,0.9832056164741516,-0.03759288042783737,-0.04975300654768944,-0.022726720198988914,0.0908123592231014,-0.9957189463105779,0.012106786845181758,-0.012260990325217234
1790595427.199287,173687.894780875,1790595427.202679,0.012964760884642601,0.011015757918357849,0.014440655708312988,-0.021692799404263496,0.18077225983142853,0.9832858443260193,-0.03771432116627693,-0.06476444751024246,-0.031397707760334015,0.09062896944858684,-0.995741011098962,0.01194848773414801,-0.01198030246149937
1790595427.208617,173687.90483887502,1790595427.2127368,0.009327983483672142,0.006013929843902588,0.010859847068786621,-0.021092524752020836,0.18037250638008118,0.9833724498748779,-0.04180387035012245,-0.06765930354595184,-0.03731072321534157,0.090432246699031,-0.9957651245493508,0.011749122632969046,-0.011658132926323258
1790595427.218931,173687.914896875,1790595427.222795,0.0031829550862312317,0.0014705955982208252,0.008791685104370117,-0.020501691848039627,0.17989566922187805,0.9834721088409424,-0.052772898226976395,-0.06539109349250793,-0.03781033307313919,0.09019659492704893,-0.9957927211228093,0.011529040299404781,-0.01133842986830272
1790595427.228951,173687.92495487502,1790595427.232853,0.006010143086314201,0.0028867870569229126,0.006981372833251953,-0.019956689327955246,0.17931872606277466,0.9835888743400574,-0.06337414681911469,-0.060272760689258575,-0.03960264101624489,0.0899099485543304,-0.9958245913316867,0.011305886641185495,-0.011040956634504008
1790595427.238952,173687.935011875,1790595427.24291,0.010452961549162865,0.003907874226570129,0.005925595760345459,-0.01945565454661846,0.17860275506973267,0.9837287664413452,-0.07872966676950455,-0.05344627797603607,-0.03880954906344414,0.08955254670838492,-0.9958621336480525,0.011089917557640943,-0.01076550357922477
1790595427.248949,173687.94506987502,1790595427.2529678,0.009065540507435799,0.006750717759132385,0.006283164024353027,-0.019029539078474045,0.1777588576078415,0.9838902354240417,-0.0895887017250061,-0.04864433407783508,-0.04141678661108017,0.08912997706450568,-0.9959050880653819,0.010870210270604449,-0.01052673726664159
1790595427.258961,173687.955127875,1790595427.263026,0.0028006955981254578,0.011792793869972229,0.008179306983947754,-0.018639326095581055,0.17680610716342926,0.9840690493583679,-0.10036571323871613,-0.0454820953309536,-0.04100053384900093,0.08865216104723223,-0.995952394647626,0.010647341969477824,-0.01030528475176922
1790595427.268961,173687.96518587501,1790595427.273084,-0.004085417836904526,0.01694495975971222,0.008081972599029541,-0.01828397437930107,0.17578907310962677,0.9842579364776611,-0.10506193339824677,-0.04318831488490105,-0.044635213911533356,0.08814168789241315,-0.9960022436954639,0.010416955326430366,-0.010100534447476979
1790595427.279062,173687.975243875,1790595427.2831419,-0.006515415385365486,0.01839408278465271,0.006114482879638672,-0.01788339950144291,0.17472144961357117,0.9844556450843811,-0.10759273916482925,-0.05398983135819435,-0.04489673674106598,0.08760593704578955,-0.9960543562104146,0.01017484489527877,-0.009872027663115063
1790595427.289011,173687.98530187501,1790595427.2932,-0.000762253999710083,0.021478891372680664,0.009293138980865479,-0.017349936068058014,0.17368128895759583,0.9846490025520325,-0.10009806603193283,-0.06949129700660706,-0.03271251171827316,0.0870844603010519,-0.9961051100320008,0.009955549442294596,-0.009579251616800791
1790595427.300918,173687.995359875,1790595427.303258,0.012495897710323334,0.025014415383338928,0.012590646743774414,-0.01658525876700878,0.17272447049617767,0.9848302602767944,-0.09239540994167328,-0.09294255822896957,-0.011655694805085659,0.08660543736415306,-0.9961520264825028,0.009812117250709362,-0.009177727708398465
1790595427.309011,173688.005417875,1790595427.3133159,0.019703317433595657,0.027628973126411438,0.012759566307067871,-0.015583452768623829,0.17186471819877625,0.9849972724914551,-0.08160481601953506,-0.1086227223277092,0.012118875980377197,0.08617565105625279,-0.9961943575411558,0.009768927895418464,-0.008666551873291435
1790595427.318478,173688.015475875,1790595427.323374,0.016622882336378098,0.02602371573448181,0.011086463928222656,-0.014425631612539291,0.17112018167972565,0.985144853591919,-0.07112932950258255,-0.11516885459423065,0.037115633487701416,0.08580384799718659,-0.996230598207348,0.009850411177145184,-0.008088507961816574
1790595427.328373,173688.025533875,1790595427.333432,0.012469586916267872,0.030627131462097168,0.013248205184936523,-0.013232536613941193,0.1704840362071991,0.9852719306945801,-0.057789020240306854,-0.10931283235549927,0.052522286772727966,0.08548640600049995,-0.9962606436387719,0.010033975929228525,-0.00750208982596787
1790595427.338397,173688.035591875,1790595427.34349,0.0002598688006401062,0.02709171175956726,0.011226058006286621,-0.012115960009396076,0.169991135597229,0.9853713512420654,-0.04238423332571983,-0.09601859748363495,0.05373375862836838,0.0852409681310382,-0.996283272947524,0.010263017750918388,-0.006958672929394317
1790595427.348381,173688.045649875,1790595427.3535478,-0.013516118749976158,0.019161447882652283,0.006975769996643066,-0.011203127913177013,0.1696511059999466,0.9854406714439392,-0.026034820824861526,-0.0699843317270279,0.04405316710472107,0.08507220554863651,-0.9962984846969475,0.0104725724004515,-0.006516610127322639
1790595427.358408,173688.055707875,1790595427.363606,-0.0201556459069252,0.01692977547645569,0.0006415843963623047,-0.010590816847980022,0.1695023775100708,0.9854727387428284,-0.004754034336656332,-0.041840314865112305,0.03347216174006462,0.084999028389516,-0.996304680355406,0.010646821644113772,-0.006223375422931725
1790595427.368418,173688.065765875,1790595427.373664,-0.018177002668380737,0.014757290482521057,-0.006567776203155518,-0.01026538759469986,0.16956913471221924,0.9854646325111389,0.01507346611469984,-0.01235672365874052,0.023562273010611534,0.08503361019692736,-0.996301176505084,0.01078374108477743,-0.006072134150052755
1790595427.380586,173688.075823875,1790595427.3837218,-0.011880047619342804,0.007365912199020386,-0.008267045021057129,-0.01024520955979824,0.16980421543121338,0.985424816608429,0.0316481813788414,0.013177664950489998,0.018097199499607086,0.08515190667346872,-0.99629005211648,0.010887290032059816,-0.006072206005014053
1790595427.39133,173688.085881875,1790595427.39378,-0.001934124156832695,0.005237355828285217,-0.008811235427856445,-0.010410248301923275,0.17017801105976105,0.9853586554527283,0.04352108761668205,0.026940615847706795,0.020132919773459435,0.08533935294810133,-0.9962723168060579,0.010991150855479035,-0.006166087224262397
1790595427.402017,173688.095939875,1790595427.403838,0.006288489326834679,0.006582736968994141,-0.0037346482276916504,-0.010683024302124977,0.17066362500190735,0.9852713942527771,0.0537223257124424,0.03539934381842613,0.025249117985367775,0.08558262380822873,-0.99624903511874,0.01111518996805279,-0.0063164720428491375
1790595427.411137,173688.105997875,1790595427.4138958,0.012776970863342285,0.008608788251876831,-0.0022875070571899414,-0.010976443998515606,0.17124682664871216,0.9851670861244202,0.06368467211723328,0.03238651156425476,0.029896868392825127,0.0858749096419303,-0.9962211521155243,0.011267285691729913,-0.006480287062582389
1790595427.421136,173688.116055875,1790595427.423954,0.01675209030508995,0.0073244571685791016,-0.0032385587692260742,-0.011182638816535473,0.17190557718276978,0.9850501418113708,0.07002858817577362,0.01987658068537712,0.03225136920809746,0.08620576900834552,-0.9961899345490801,0.011431514168611713,-0.006601935584007875
1790595427.429137,173688.126112875,1790595427.434011,0.016915392130613327,0.006181374192237854,0.0023833513259887695,-0.011254386976361275,0.17263665795326233,0.9849213361740112,0.07736373692750931,0.005682996939867735,0.036984607577323914,0.08657389300816272,-0.9961555963007455,0.011605369075690604,-0.006657509768732003
1790595427.527841,173688.13617087502,1790595427.444069,0.017478108406066895,0.008961394429206848,-0.0007134675979614258,-0.01117624156177044,0.1734272539615631,0.9847835302352905,0.0807933509349823,-0.005843696650117636,0.04193808510899544,0.08697284127689113,-0.996118739597042,0.011799201375212467,-0.006640103049989379
1790595427.528064,173688.146228875,1790595427.4541268,0.017150554805994034,0.005470797419548035,-0.0035182833671569824,-0.011001267470419407,0.17423221468925476,0.9846430420875549,0.07963727414608002,-0.012772709131240845,0.043189503252506256,0.0873795585703681,-0.9960809232439889,0.012012949896366105,-0.006576092344629715
1790595427.528207,173688.15628687502,1790595427.464185,0.014984962530434132,-0.0039936453104019165,-0.0037564635276794434,-0.01077354233711958,0.1749686449766159,0.9845150113105774,0.06490546464920044,-0.015844132751226425,0.04807960242033005,0.08775192688956193,-0.9960460757375791,0.012235794144075754,-0.00648613123742873
1790595427.528332,173688.166344875,1790595427.474243,0.012579667381942272,-0.012139961123466492,-0.0022426843643188477,-0.010519738309085369,0.17551611363887787,0.9844205379486084,0.04259110987186432,-0.018667349591851234,0.041013170033693314,0.08802898046846816,-0.9960196860174516,0.012451783599066811,-0.006381386962227424
1790595427.52846,173688.17640287502,1790595427.4843009,0.0008666897192597389,-0.01796649396419525,0.007449686527252197,-0.010281364433467388,0.17580366134643555,0.9843714833259583,0.014242293313145638,-0.01671019196510315,0.030900081619620323,0.08817483457076564,-0.996005254917966,0.012620093855684508,-0.006278538262860101
1790595427.528578,173688.186460875,1790595427.494359,-0.004620596766471863,-0.019890353083610535,0.011323630809783936,-0.010088883340358734,0.17580492794513702,0.9843732714653015,-0.014684961177408695,-0.014979138039052486,0.015472921542823315,0.0881759552876078,-0.9960042936859925,0.01273166988368628,-0.006191809569544625
1790595427.528694,173688.19651887502,1790595427.504417,-0.004554363898932934,-0.013741031289100647,0.011150717735290527,-0.00991097092628479,0.17553022503852844,0.9844239950180054,-0.03969923406839371,-0.017880918458104134,0.0024777601938694715,0.08803786595415039,-0.9960165443627119,0.012769252840060483,-0.006103978256138845
1790595427.528812,173688.206576875,1790595427.5144749,0.002430396154522896,-0.007693469524383545,0.007373809814453125,-0.009724104776978493,0.17506742477416992,0.9845085740089417,-0.053170301020145416,-0.018307290971279144,-0.0008469299646094441,0.087804934310966,-0.9960378135839373,0.012765138457636669,-0.006006694213745416
1790595427.528927,173688.21663487502,1790595427.524533,0.011643140576779842,-0.0018196851015090942,0.0013363361358642578,-0.009552696719765663,0.17450371384620667,0.9846105575561523,-0.06041969358921051,-0.01653761975467205,0.0018170301336795092,0.08752093080786265,-0.9960635539913189,0.012753926890230452,-0.005915871309784207
1790595427.531866,173688.226692875,1790595427.534591,0.018181219696998596,0.0060199350118637085,-0.0011833906173706055,-0.009392166510224342,0.17389671504497528,0.9847191572189331,-0.06103461608290672,-0.01412452943623066,0.01411417592316866,0.08721475140487894,-0.9960904249320552,0.012783950549887789,-0.0058338402282342005
1790595427.541256,173688.23675087502,1790595427.544649,0.02287568524479866,0.01029236614704132,0.003882765769958496,-0.009219073690474033,0.17330166697502136,0.9848257303237915,-0.0589325837790966,-0.013370322994887829,0.024602236226201057,0.0869143447432942,-0.9961159573513438,0.012878478241546988,-0.005751199124428381
1790595427.5518599,173688.246808875,1790595427.5547068,0.019517745822668076,0.011044919490814209,0.014065325260162354,-0.009019703604280949,0.17273220419883728,0.9849274754524231,-0.05652428790926933,-0.017407940700650215,0.037058908492326736,0.08662679415169115,-0.9961396002659985,0.013024747949951287,-0.005659993766595517
1790595427.5634902,173688.25686687502,1790595427.564765,0.015463759191334248,0.009219184517860413,0.024135887622833252,-0.008719376288354397,0.17222334444522858,0.9850192666053772,-0.04723544791340828,-0.027636876329779625,0.04418366402387619,0.08637030401491574,-0.9961600135127183,0.013222933057712596,-0.005522965027628678
1790595427.571583,173688.266924875,1790595427.574823,0.015155128203332424,0.0061151087284088135,0.02965909242630005,-0.008334451355040073,0.17180263996124268,0.9850960373878479,-0.03767869248986244,-0.03495258092880249,0.0513925738632679,0.08615884974643044,-0.9961762170650037,0.013451894355396357,-0.0053466700631258765
1790595427.581158,173688.27698287502,1790595427.5848808,0.017161929979920387,0.004216372966766357,0.03223228454589844,-0.007777779828757048,0.17153465747833252,0.9851475954055786,-0.016802441328763962,-0.0606483593583107,0.058828119188547134,0.08602570829253467,-0.9961856434240515,0.013709859152669236,-0.0050876965824411145
1790595427.591369,173688.287040875,1790595427.594939,0.018484948202967644,0.0022946149110794067,0.037207603454589844,-0.006949308328330517,0.17148800194263458,0.9851617217063904,0.008893067948520184,-0.08384902030229568,0.062210068106651306,0.08600642353755533,-0.9961853751916535,0.013984687055085635,-0.004695338148179332
1790595427.601591,173688.29709887502,1790595427.604997,0.0150974802672863,0.0023074299097061157,0.03381067514419556,-0.005926951300352812,0.17173458635807037,0.9851253628730774,0.04008028283715248,-0.09968124330043793,0.06576459109783173,0.0861369635379192,-0.9961722474034603,0.014266872953805706,-0.0042084897533014145
1790595427.61134,173688.307156875,1790595427.6150548,0.022107793018221855,0.01087293028831482,0.02314460277557373,-0.004773812834173441,0.17229385673999786,0.9850340485572815,0.07183128595352173,-0.1054038479924202,0.06980566680431366,0.0864267845907292,-0.9961449722157694,0.014568202632097443,-0.0036600991652083717
1790595427.621349,173688.317213875,1790595427.6251118,0.023296982049942017,0.014022201299667358,0.012134373188018799,-0.003643667558208108,0.17314235866069794,0.9848899841308594,0.09831082820892334,-0.09819146990776062,0.060696594417095184,0.08686313521072632,-0.9961045695824347,0.01485566162777275,-0.0031244140335381304
1790595427.6317818,173688.32727187502,1790595427.63517,0.01481750700622797,0.009056895971298218,0.0018504858016967773,-0.0026715153362601995,0.17420144379138947,0.984706461429596,0.11320162564516068,-0.0776774063706398,0.037895407527685165,0.08740537769321587,-0.9960553208139694,0.015067718649582808,-0.002663263012318071
1790595427.641401,173688.337329875,1790595427.645228,-0.00036173523403704166,0.00030122697353363037,-0.007960915565490723,-0.002033898374065757,0.17532771825790405,0.9845081567764282,0.11324583739042282,-0.044178303331136703,0.0011216786224395037,0.08797967786059219,-0.9960044349081176,0.015140493966467355,-0.0023584282277168494
1790595427.654253,173688.34738787502,1790595427.6552858,-0.01759975031018257,-0.006342023611068726,-0.006609916687011719,-0.0017636577831581235,0.17640149593353271,0.9843167662620544,0.1033167764544487,-0.014569810591638088,-0.03451647609472275,0.08852514977151224,-0.9959578938361612,0.01504191110249522,-0.0022223995243150284
1790595427.66142,173688.357445875,1790595427.665344,-0.030083002522587776,-0.009417101740837097,-0.007719993591308594,-0.001884167199023068,0.17735563218593597,0.9841451644897461,0.08940069377422333,0.020907755941152573,-0.06653299927711487,0.08900755827890297,-0.9959186480666191,0.014785882311489189,-0.002267392892838217
1790595427.671419,173688.36750387502,1790595427.675402,-0.027803897857666016,-0.004821404814720154,-0.014070749282836914,-0.0023779908660799265,0.17817679047584534,0.9839956164360046,0.07593761384487152,0.048230189830064774,-0.07966291159391403,0.08942031697357347,-0.9958863485226699,0.014428904958048308,-0.0024894734935098474
1790595427.681598,173688.377561875,1790595427.6854599,-0.013342739082872868,0.000536799430847168,-0.019147872924804688,-0.0030909825582057238,0.17886102199554443,0.9838692545890808,0.06467137485742569,0.06632556766271591,-0.0713096410036087,0.0897624727346796,-0.9958597692059231,0.014069013759637372,-0.002820036323193648
1790595427.6915,173688.38761987502,1790595427.695518,0.002285553840920329,0.004057109355926514,-0.01811760663986206,-0.0038724748883396387,0.1794758141040802,0.9837544560432434,0.05802466347813606,0.06768164783716202,-0.04377841576933861,0.09006899368459818,-0.9958346216923213,0.013807107689498313,-0.003193130347834749
1790595427.7015731,173688.397677875,1790595427.705576,0.01895766519010067,0.008723169565200806,-0.015816569328308105,-0.004538115579634905,0.1800282895565033,0.9836507439613342,0.05383151397109032,0.059246089309453964,-0.0029457672499120235,0.09034439656413604,-0.9958099198172935,0.01371045519809372,-0.0035224800530177284
1790595427.711491,173688.40773587502,1790595427.7156339,0.029345357790589333,0.009071171283721924,-0.014500677585601807,-0.00502285361289978,0.18053479492664337,0.9835556149482727,0.046962156891822815,0.04479391127824783,0.03559363633394241,0.09059709095410594,-0.9957845863945191,0.013815664908237645,-0.003779015864314569
1790595427.721278,173688.417793875,1790595427.725692,0.028538376092910767,0.006584733724594116,-0.009843289852142334,-0.005283989943563938,0.18096131086349487,0.983475923538208,0.040292538702487946,0.026107843965291977,0.06192031502723694,0.09081017291917083,-0.9957608781826842,0.014079714009729197,-0.003937266827426434
1790595427.731731,173688.42785187502,1790595427.73575,0.019436899572610855,0.006795376539230347,-0.0028448104858398438,-0.005322522949427366,0.18134577572345734,0.9834051132202148,0.036967579275369644,0.00786252785474062,0.07179531455039978,0.09100315305252105,-0.9957381357183646,0.014426446200215484,-0.003991123277077484
1790595427.741484,173688.437909875,1790595427.745808,0.00784745067358017,0.011682912707328796,0.0021833181381225586,-0.005207681562751532,0.1817225068807602,0.9833359718322754,0.03869224339723587,-0.004661253187805414,0.06285721808671951,0.09119335604407143,-0.995715781957271,0.01476757697879972,-0.0039675436145231256
1790595427.751482,173688.44796787502,1790595427.7558658,-0.004676461685448885,0.012727588415145874,-0.0004156827926635742,-0.005058655049651861,0.1821121871471405,0.9832649230957031,0.03922674059867859,-0.006027454975992441,0.03832124546170235,0.09139075483575641,-0.9956941807689909,0.01501818082531451,-0.00391872367575891
1790595427.7637792,173688.458025875,1790595427.765924,-0.01224096305668354,0.009954959154129028,-0.009153306484222412,-0.004986210726201534,0.18247386813163757,0.9831978678703308,0.03211743012070656,0.000857349019497633,0.008713285438716412,0.09157398307275347,-0.9956756234157781,0.015132571563243852,-0.00389570180429207
1790595427.771531,173688.46808387502,1790595427.775982,-0.01579463854432106,0.0035843849182128906,-0.010283827781677246,-0.005079392343759537,0.1827104538679123,0.9831537008285522,0.01408010721206665,0.01781422831118107,-0.017843224108219147,0.09169315211174942,-0.995664824758612,0.01511305525473271,-0.003942551470703696
1790595427.781321,173688.478141875,1790595427.7860398,-0.018287967890501022,-0.002567186951637268,-0.00836181640625,-0.0054241991601884365,0.18269751965999603,0.9831543564796448,-0.016928941011428833,0.0417453907430172,-0.03818977251648903,0.09168454779332441,-0.9956669638721543,0.014982942434443664,-0.004103584884326375
1790595427.7935061,173688.48819987502,1790595427.796098,-0.01766294054687023,-0.008527413010597229,-0.0038927197456359863,-0.006018706597387791,0.18234053254127502,0.9832167625427246,-0.05312689393758774,0.05952412262558937,-0.04968823865056038,0.0915002772268756,-0.9956856505323025,0.014780727241469439,-0.0043806936895745335
1790595427.803522,173688.498257875,1790595427.806156,-0.006593405269086361,-0.007860764861106873,0.002996206283569336,-0.006727518979460001,0.18161284923553467,0.9833470582962036,-0.09309908002614975,0.06542196124792099,-0.04717953875660896,0.09112769274730424,-0.9957215329902963,0.014565206279092035,-0.004711209867918979
1790595427.811519,173688.50831587502,1790595427.8162138,0.006990356370806694,-0.006254404783248901,0.011376500129699707,-0.007432868238538504,0.1805252730846405,0.9835420250892639,-0.1255025565624237,0.05741063877940178,-0.04324658215045929,0.09057305814881514,-0.9957733734701253,0.01436674737469693,-0.005038972286544938
1790595427.823933,173688.518373875,1790595427.826272,0.02258097194135189,-0.003875821828842163,0.01723313331604004,-0.007932539097964764,0.17915381491184235,0.9837891459465027,-0.1492001712322235,0.027315322309732437,-0.03896981477737427,0.0898763112825639,-0.9958379981519337,0.014185898987054897,-0.005263150955523163
1790595427.8335721,173688.528430875,1790595427.836329,0.027211815118789673,0.002253234386444092,0.01585519313812256,-0.008168849162757397,0.1776023805141449,0.9840682744979858,-0.16239506006240845,0.00627049058675766,-0.036656323820352554,0.0890905068515118,-0.9959105722816584,0.014009634177972349,-0.005354446824098295
1790595427.844767,173688.538488875,1790595427.846387,0.02312624454498291,0.006794631481170654,0.009466826915740967,-0.008203155361115932,0.17592962086200714,0.9843683838844299,-0.17470473051071167,-0.015084333717823029,-0.03877833113074303,0.08824493586983492,-0.9959884756322228,0.013825835089195559,-0.00534307148338771
1790595427.853626,173688.548546875,1790595427.8564448,0.012105441652238369,0.0020156651735305786,0.01253056526184082,-0.00803135335445404,0.1741168349981308,0.9846923351287842,-0.1919146031141281,-0.03091868944466114,-0.040101125836372375,0.08733020141475938,-0.9960725695136298,0.013623926944757158,-0.005225981430149045
1790595427.8636029,173688.558604875,1790595427.866503,0.004524055402725935,-0.002205789089202881,0.023043036460876465,-0.0077589270658791065,0.17212799191474915,0.9850442409515381,-0.2087596356868744,-0.037634383887052536,-0.04157891124486923,0.08632737980654426,-0.9961638456750482,0.013406124890618671,-0.005056175483549158
1790595427.8753421,173688.568662875,1790595427.876561,0.006000999826937914,-6.89476728439331e-05,0.02231311798095703,-0.007404817268252373,0.169960618019104,0.98542320728302,-0.22833599150180817,-0.04969823732972145,-0.042325131595134735,0.08523504964898757,-0.9962618790681295,0.013186396160724088,-0.004844460932235939
1790595427.884181,173688.578720875,1790595427.8866189,0.008088896051049232,0.0021630972623825073,0.024544119834899902,-0.006990266963839531,0.16759122908115387,0.9858318567276001,-0.24904367327690125,-0.047687284648418427,-0.03615991026163101,0.08404122985931073,-0.9963672681828362,0.012969305156858096,-0.0046018070643280016
1790595427.893468,173688.588778875,1790595427.896677,0.01618817076086998,0.010661453008651733,0.022120237350463867,-0.006559884175658226,0.16508954763412476,0.9862565994262695,-0.25597429275512695,-0.05001728609204292,-0.023667024448513985,0.08278076763383792,-0.9964760804807152,0.012795535972992343,-0.004354511376921983
1790595427.903604,173688.598836875,1790595427.906735,0.028973231092095375,0.01877453923225403,0.01574629545211792,-0.0060392762534320354,0.16246962547302246,0.9866949915885925,-0.2710656225681305,-0.05987124890089035,-0.011146439239382744,0.08146119639196588,-0.9965874224528329,0.012688548562153198,-0.004067142020410739
1790595427.913635,173688.608894875,1790595427.9167929,0.03474875167012215,0.019424647092819214,0.02180039882659912,-0.005406106822192669,0.15975958108901978,0.9871411323547363,-0.2766971290111542,-0.07115479558706284,0.006325761787593365,0.08009695065763955,-0.9966997842853987,0.012652962712860302,-0.0037288230158787623
1790595427.923393,173688.618952875,1790595427.926851,0.03349946811795235,0.019365981221199036,0.02592569589614868,-0.004584064241498709,0.15696485340595245,0.9875935316085815,-0.2860533595085144,-0.08939292281866074,0.01562365610152483,0.07869134760175035,-0.9968128074279103,0.012687830698128847,-0.003300975552815488
1790595427.936337,173688.629010875,1790595427.936909,0.021882835775613785,0.01851731538772583,0.032597362995147705,-0.0036333317402750254,0.15410563349723816,0.9880475997924805,-0.2891319692134857,-0.09792835265398026,0.01192212849855423,0.07725453968042947,-0.996926199671303,0.012725715431487292,-0.0028084176416913425
1790595427.944152,173688.639068875,1790595427.946967,0.006838778033852577,0.015965908765792847,0.027015268802642822,-0.002642617095261812,0.15117911994457245,0.9885028004646301,-0.2983204126358032,-0.09322094917297363,0.010101592168211937,0.07578463317985855,-0.9970400622219371,0.012748404981963715,-0.002294232485788442
1790595427.953017,173688.649126875,1790595427.9570248,0.002041869331151247,0.016190290451049805,0.018347442150115967,-0.0017672147369012237,0.14816239476203918,0.9889613389968872,-0.30787158012390137,-0.08331398665904999,0.006365442648530006,0.07426906279799328,-0.9971548470573502,0.012762712174203807,-0.001836707728945418
1790595428.051739,173688.65918487502,1790595427.967083,0.004088306799530983,0.013501688838005066,0.014286637306213379,-0.0009755195933394134,0.1450679451227188,0.9894212484359741,-0.3165894150733948,-0.07225334644317627,-0.0008530552149750292,0.07271437484077166,-0.9972703367114877,0.012747531684631603,-0.001418560799454298
1790595428.0519779,173688.669242875,1790595427.977141,-0.000732873217202723,0.009719520807266235,0.0063315629959106445,-0.0004115395713597536,0.14187680184841156,0.9898839592933655,-0.3213269114494324,-0.04396019130945206,-0.006342628970742226,0.07111007754658384,-0.9973867517217913,0.012714464754408737,-0.0011128043987193182
1790595428.052117,173688.67930087502,1790595427.9871988,-0.0005095950909890234,0.008235141634941101,0.012367308139801025,6.708000728394836e-05,0.1387072503566742,0.9903332591056824,-0.3148197531700134,-0.056039225310087204,-0.007802840322256088,0.06951666314513756,-0.9975000157976879,0.012663190449163583,-0.000848884939167985
1790595428.0522618,173688.689358875,1790595427.997257,0.01447605062276125,0.014850899577140808,0.019023776054382324,0.0006301440880633891,0.13564680516719818,0.9907569885253906,-0.2978415787220001,-0.05794817954301834,-0.009311255067586899,0.06797923613600576,-0.9976069173390414,0.012607058303851282,-0.0005432461727127391
1790595428.052385,173688.69941687502,1790595428.007315,0.018393499776721,0.017714083194732666,0.014825940132141113,0.001244553830474615,0.1328141689300537,0.9911403059959412,-0.27015188336372375,-0.07082456350326538,-0.016827760264277458,0.06655724671502664,-0.9977040724798331,0.012519893127274681,-0.00021149829954070082
1790595428.052504,173688.709474875,1790595428.0173728,0.01746438257396221,0.018652454018592834,0.0215376615524292,0.0020210871007293463,0.13025832176208496,0.9914778470993042,-0.24248164892196655,-0.09021396934986115,-0.022697634994983673,0.06527590995043427,-0.9977902396005607,0.012391893240562392,0.0002020980546028258
1790595428.05262,173688.71953287502,1790595428.027431,0.02331458032131195,0.025381386280059814,0.022983551025390625,0.0029763064812868834,0.12798500061035156,0.9917717576026917,-0.2149709165096283,-0.10651331394910812,-0.022707222029566765,0.06413800923960615,-0.9978657324585647,0.012241158571269724,0.0007045333875410969
1790595428.052736,173688.729589875,1790595428.037488,0.026683147996664047,0.02813221514225006,0.02141273021697998,0.004032786935567856,0.12593607604503632,0.9920303225517273,-0.19853229820728302,-0.10457400232553482,-0.015312155708670616,0.06311374997066908,-0.997932066809646,0.012114094252820265,0.0012544216189557147
1790595428.05285,173688.73964787502,1790595428.047546,0.020818207412958145,0.022238202393054962,0.013589859008789062,0.004969137255102396,0.12400232255458832,0.9922695159912109,-0.19232846796512604,-0.08531136065721512,-0.004102910868823528,0.06214683443583168,-0.9979929410433898,0.012035249527508786,0.0017401085715211448
1790595428.053325,173688.749705875,1790595428.0576038,0.01373247615993023,0.00967627763748169,0.01321864128112793,0.00570721598342061,0.12208367139101028,0.9925034642219543,-0.1952054798603058,-0.061287783086299896,0.006454925052821636,0.06118655302519164,-0.9980517255602762,0.012020409571469411,0.0021222552148556623
1790595428.063781,173688.75976387502,1790595428.067662,0.008102087303996086,-0.003629431128501892,0.018301010131835938,0.006180132273584604,0.12006956338882446,0.9927465915679932,-0.2087002396583557,-0.029436107724905014,0.012635855935513973,0.060176929035125455,-0.9981122734005653,0.012049339489604235,0.002369446744757105
1790595428.074091,173688.769821875,1790595428.07772,-0.0016766334883868694,-0.011621944606304169,0.02590388059616089,0.006330554839223623,0.11793018877506256,0.9930015802383423,-0.2200692743062973,-0.0006369506590999663,0.009147381410002708,0.05910261758127144,-0.9981755685821198,0.012096123432451889,0.002454843613705395
1790595428.084244,173688.77987987502,1790595428.0877779,-0.002878656145185232,-0.01313570886850357,0.027884602546691895,0.006235583685338497,0.11570559442043304,0.9932641386985779,-0.22458653151988983,0.020794305950403214,0.006611519493162632,0.05798414945285059,-0.998240845163556,0.012136482258262566,0.0024183223744684654
1790595428.0940428,173688.789937875,1790595428.097836,0.00885664764791727,-0.004309237003326416,0.019755125045776367,0.005959626287221909,0.11350138485431671,0.9935197234153748,-0.2140611857175827,0.035479504615068436,0.004559553228318691,0.056875007716621614,-0.9983044765273237,0.012166686046351845,0.002291718467751961
1790595428.106635,173688.79999587502,1790595428.107894,0.017276374623179436,0.0031162723898887634,0.010244965553283691,0.005611801519989967,0.11146228760480881,0.9937529563903809,-0.19282008707523346,0.03339744731783867,0.003410931909456849,0.05584854043955393,-0.9983625808602948,0.012191892097055903,0.0021284865791036454
1790595428.113826,173688.810053875,1790595428.1179519,0.025920972228050232,0.00735609233379364,0.006064176559448242,0.005344280041754246,0.10969439148902893,0.9939513206481934,-0.16268081963062286,0.018683483824133873,0.005993133410811424,0.05495895265083149,-0.9984119554168859,0.012215396358799783,0.0020039771283928117
1790595428.123839,173688.82011187501,1790595428.12801,0.036182526499032974,0.01201869547367096,0.005961775779724121,0.005290854722261429,0.10820556432008743,0.9941142201423645,-0.1347716897726059,-0.004646872170269489,0.015348817221820354,0.05421102556994989,-0.9984521253900728,0.01226633333482945,0.0019835271005475344
1790595428.133897,173688.830169875,1790595428.138068,0.04092523455619812,0.01646105945110321,0.00531160831451416,0.005461481399834156,0.10698285698890686,0.9942460656166077,-0.10926127433776855,-0.025362003594636917,0.019657544791698456,0.053598261762781124,-0.9984841269625352,0.01234822463921285,0.0020720381790947655
1790595428.143988,173688.840227875,1790595428.148126,0.0375480093061924,0.015866480767726898,0.004244327545166016,0.005802202969789505,0.10597524046897888,0.9943518042564392,-0.09084684401750565,-0.03736354038119316,0.021538270637392998,0.053094689363050736,-0.9985093663874506,0.012447249146003305,0.00224356298298417
1790595428.155715,173688.850285875,1790595428.1581838,0.027011390775442123,0.010645568370819092,0.00597536563873291,0.006206986494362354,0.10515367984771729,0.9944367408752441,-0.0753142237663269,-0.03888420760631561,0.015809010714292526,0.0526849706893868,-0.9985295924939473,0.012530555232135657,0.0024469192918378877
1790595428.164023,173688.860343875,1790595428.168242,0.016705624759197235,0.005099624395370483,0.0023763179779052734,0.006564023904502392,0.10442829132080078,0.9945111870765686,-0.07010481506586075,-0.030225735157728195,0.002589879324659705,0.05232315751978078,-0.9985477872336068,0.01256668784987215,0.0026283001252611106
1790595428.173897,173688.870401875,1790595428.1783,0.006397799588739872,-0.002331271767616272,0.010575056076049805,0.006846822332590818,0.10372620820999146,0.9945823550224304,-0.0712832659482956,-0.02682221494615078,-0.006689372472465038,0.05197244562877381,-0.9985659235078324,0.012540816770423775,0.002775614726884381
1790595428.184043,173688.880459875,1790595428.1883578,0.00040300237014889717,0.0008802935481071472,0.013751387596130371,0.007058539427816868,0.10300182551145554,0.9946561455726624,-0.07337038218975067,-0.014986328780651093,-0.014687111601233482,0.051609983660401794,-0.9985851875979078,0.012477826836031472,0.0028893772292887918
1790595428.193912,173688.890517875,1790595428.198416,-0.0017720870673656464,0.0033159255981445312,0.0058779120445251465,0.007097396068274975,0.10225990414619446,0.9947323203086853,-0.07765540480613708,0.005705900024622679,-0.017650412395596504,0.05123757055246033,-0.9986053338322596,0.012391842344183184,0.002917839518289705
1790595428.2039502,173688.900575875,1790595428.208474,-0.004194978624582291,0.0019795969128608704,-0.00806879997253418,0.006804224569350481,0.10138372331857681,0.9948241114616394,-0.09924778342247009,0.054565317928791046,-0.008130142465233803,0.05079576962718747,-0.9986290833937191,0.012329610858909693,0.002779630810311663
1790595428.213911,173688.910633875,1790595428.2185318,-0.0018447614274919033,-0.007376864552497864,-0.017831504344940186,0.00602565985172987,0.10025736689567566,0.9949429631233215,-0.12731270492076874,0.09611595422029495,0.0008644172921776772,0.05022559772802319,-0.9986588348514741,0.01232983360281923,0.00239677108810639
1790595428.224351,173688.920691875,1790595428.22859,0.007857436314225197,-0.013965338468551636,-0.008125662803649902,0.004944680258631706,0.0988045185804367,0.9950948357582092,-0.16211090981960297,0.12117763608694077,0.007290625013411045,0.04948983386371271,-0.9986962296382038,0.012379687578811114,0.0018620991749053945
1790595428.235696,173688.930749875,1790595428.238648,0.01578405499458313,-0.012723371386528015,-0.00021576881408691406,0.0036556341219693422,0.09705899655818939,0.9952719211578369,-0.18516188859939575,0.1347416490316391,0.0019576449412852526,0.04860598431338683,-0.9987398284812995,0.012439014023957211,0.0012247499761022195
1790595428.246007,173688.940807875,1790595428.2487059,0.012720569968223572,-0.01354847103357315,0.009393811225891113,0.0023551075719296932,0.09516801685094833,0.9954584836959839,-0.1905342936515808,0.12202239036560059,-0.017131095752120018,0.047649108740812615,-0.998786622852906,0.012430629757365896,0.0005859563480079853
1790595428.253966,173688.950865875,1790595428.258764,0.01920470967888832,-0.0018806159496307373,0.01754307746887207,0.0012573186540976167,0.09326580166816711,0.9956406354904175,-0.18715447187423706,0.08656000345945358,-0.0283906739205122,0.04668801721812676,-0.9988333487790466,0.012339080448375435,5.2633552064051025e-05
1790595428.266058,173688.960923875,1790595428.268822,0.03833650425076485,0.010740429162979126,0.021189987659454346,0.0006344335852190852,0.09146320819854736,0.9958080649375916,-0.1719462275505066,0.03201553225517273,-0.03693728893995285,0.04578007077109415,-0.9988770877340355,0.01219041026974568,-0.0002411318311161959
1790595428.27602,173688.97098087502,1790595428.278879,0.049004849046468735,0.01864936202764511,0.01919877529144287,0.0006014670943841338,0.08987142145633698,0.9959530234336853,-0.14448663592338562,-0.0352090448141098,-0.04229183867573738,0.04498161582562719,-0.9989157568528769,0.0119926984194312,-0.0002389765281534228
1790595428.286056,173688.981038875,1790595428.2889369,0.04973282665014267,0.021090783178806305,0.015649855136871338,0.0012010048376396298,0.08857438713312149,0.99606853723526,-0.11512448638677597,-0.08758063614368439,-0.04577472060918808,0.04433479126749197,-0.9989474627860503,0.011757517406119116,7.931883666582473e-05
1790595428.296274,173688.99109687502,1790595428.298995,0.041434235870838165,0.021512791514396667,0.008265316486358643,0.002221149392426014,0.08752679079771042,0.9961594939231873,-0.09466022253036499,-0.12179746478796005,-0.04674677550792694,0.0438153692592491,-0.9989731748103201,0.011504571025850112,0.0006071210731308993
1790595428.3067808,173689.001154875,1790595428.309053,0.02422991208732128,0.014120183885097504,0.004495501518249512,0.0034647807478904724,0.08660337328910828,0.99623703956604,-0.09243062883615494,-0.13190415501594543,-0.04913057014346123,0.04335924190429408,-0.9989956112920314,0.011237269308746975,0.0012464028079838695
1790595428.316035,173689.01121287502,1790595428.3191109,0.008173411712050438,0.0006128400564193726,0.008140921592712402,0.004689739551395178,0.08564538508653641,0.9963147044181824,-0.10059960931539536,-0.11972019821405411,-0.05064431205391884,0.04288536266723427,-0.9990181756538986,0.010955977836079933,0.0018768614950245492
1790595428.326082,173689.021270875,1790595428.329169,-0.003564124461263418,-0.005981519818305969,0.011716127395629883,0.005746124312281609,0.08456459641456604,0.9964017271995544,-0.11550896614789963,-0.09860454499721527,-0.049468424171209335,0.04234870642501638,-0.9990429417502779,0.010680496077776295,0.0024230759399740706
1790595428.335387,173689.03132887502,1790595428.339227,-0.010726943612098694,-0.004844874143600464,0.014032602310180664,0.006576545536518097,0.08338215202093124,0.9964960813522339,-0.11880409717559814,-0.07391038537025452,-0.04683296009898186,0.041759697205900184,-0.9990693012114994,0.010419481255598667,0.002855816292713234
1790595428.346121,173689.041386875,1790595428.349285,-0.01320481114089489,-0.0019432976841926575,0.008078217506408691,0.007162324618548155,0.08218957483768463,0.9965912699699402,-0.1177995502948761,-0.05056564137339592,-0.04030128940939903,0.04116425618543397,-0.9990955227107049,0.010186311431955974,0.0031647127419812374
1790595428.356302,173689.05144487502,1790595428.3593428,-0.008179750293493271,0.007779926061630249,-0.00038754940032958984,0.007554132491350174,0.08107227832078934,0.9966795444488525,-0.1041409969329834,-0.037119608372449875,-0.03005344793200493,0.04060562694043354,-0.9991195091534314,0.009998401682293842,0.003374045624291476
1790595428.365144,173689.061502875,1790595428.369401,0.005103158764541149,0.01698014885187149,-0.006015658378601074,0.007882063277065754,0.08012709021568298,0.9967537522315979,-0.08415024727582932,-0.03083241917192936,-0.015311785973608494,0.0401331001025993,-0.9991393723599007,0.009868675829814546,0.003548024698419853
1790595428.375488,173689.07156087502,1790595428.379459,0.0146887032315135,0.019034169614315033,-0.013354182243347168,0.008092659525573254,0.07935478538274765,0.9968135952949524,-0.07116520404815674,-0.011251259595155716,0.001660539535805583,0.03974694772126081,-0.9991547377575111,0.009828415955690355,0.0036587727897982583
1790595428.385443,173689.081618875,1790595428.3895168,0.02063792571425438,0.017293311655521393,-0.019829511642456055,0.008155399933457375,0.0787000060081482,0.996864914894104,-0.060920022428035736,-0.001958159264177084,0.01663496159017086,0.03941927797546856,-0.9991671546311269,0.00987232382163104,0.0036916145288485424
1790595428.395436,173689.09167687502,1790595428.399575,0.024130143225193024,0.009402178227901459,-0.009564638137817383,0.008172704838216305,0.07806149870157242,0.9969152212142944,-0.06788419187068939,0.003209704766049981,0.028277503326535225,0.03909981124882093,-0.9991785837008847,0.009988569002251242,0.0036988397156394476
1790595428.405466,173689.101734875,1790595428.409633,0.02836224064230919,0.007317252457141876,0.006220102310180664,0.008182552643120289,0.07736930251121521,0.9969688653945923,-0.07169730961322784,-0.003313708119094372,0.03420543298125267,0.038753596466324355,-0.9991903565829189,0.010151381539257289,0.003700870307892006
1790595428.415547,173689.11179287502,1790595428.4196908,0.027785545215010643,0.0043671950697898865,0.01556330919265747,0.008316738530993462,0.076626718044281,0.9970248937606812,-0.076962910592556,-0.01850837469100952,0.027603723108768463,0.038382767419186684,-0.999202805001086,0.010305912549432744,0.003765801967616996
1790595428.425472,173689.121850875,1790595428.429749,0.02246074378490448,-0.000693000853061676,0.017596125602722168,0.0085908817127347,0.07584281265735626,0.9970826506614685,-0.078607939183712,-0.034115295857191086,0.008455861359834671,0.03799174909607035,-0.9992163462205488,0.010392872335709017,0.003903656533342225
1790595428.439639,173689.13190929167,1790595428.4398074,0.015175925567746162,-0.0033472776412963867,0.018914341926574707,0.009024507366120815,0.07506388425827026,0.9971380233764648,-0.0747050791978836,-0.05410418286919594,-0.014061964116990566,0.0376036522674464,-0.9992304675977373,0.010367605518867446,0.004125568781051385
1790595428.449808,173689.14196729168,1790595428.4498653,0.012244876474142075,0.0003283768892288208,0.017615199089050293,0.009636220522224903,0.07434841990470886,0.9971857070922852,-0.06643863022327423,-0.06930284947156906,-0.03913749009370804,0.037247765084413575,-0.9992439045781827,0.010221874809529555,0.00444072582039865
1790595428.456196,173689.15202529167,1790595428.4599233,0.006987571716308594,-0.00039799511432647705,0.01275491714477539,0.010361665859818459,0.07373202592134476,0.9972244501113892,-0.05620170012116432,-0.08259201794862747,-0.05756816267967224,0.03694145194529655,-0.9992562469560566,0.00995841075373634,0.004816536884648006
1790595428.465548,173689.16208329168,1790595428.4699814,0.0036073196679353714,0.004372157156467438,0.010286808013916016,0.011178436689078808,0.07324957847595215,0.9972508549690247,-0.042169239372015,-0.08847707509994507,-0.05953384190797806,0.03670224312362386,-0.9992659712506513,0.009641476218958623,0.005239200316448342
1790595428.476352,173689.17214129167,1790595428.4800394,0.009042717516422272,0.012744970619678497,0.0031746625900268555,0.012014403939247131,0.07288764417171478,0.9972679615020752,-0.03319545090198517,-0.08096829056739807,-0.0510985441505909,0.036523340290430674,-0.9992730937953879,0.00934199024152603,0.0056701228453916765
1790595428.574667,173689.18219929168,1790595428.4900973,0.0072171976789832115,0.014263980090618134,-0.0041656494140625,0.012649733573198318,0.07255880534648895,0.9972837567329407,-0.03417229652404785,-0.05037282779812813,-0.030095258727669716,0.036360343120290343,-0.9992790514610933,0.009124906337438714,0.00599740604950611
1790595428.574813,173689.19225729167,1790595428.5001554,0.010955522768199444,0.012394875288009644,-0.011664032936096191,0.01300076674669981,0.07220014184713364,0.9973054528236389,-0.03891565278172493,-0.02335985377430916,-0.008299416862428188,0.036181670177060504,-0.9992854037726842,0.009022645463325062,0.006178344119142059
1790595428.574882,173689.20231429167,1790595428.5102124,0.004504011943936348,0.003506384789943695,-0.007971048355102539,0.013089362531900406,0.07176550477743149,0.99733567237854,-0.04810755327343941,0.007264100946485996,0.006975410506129265,0.03596430258871853,-0.999293026068547,0.00901593057526717,0.006224830211394968
1790595428.574943,173689.2123722917,1790595428.5202703,-0.00015198253095149994,-0.0034711360931396484,-0.0016181468963623047,0.012893060222268105,0.07123569399118423,0.9973760843276978,-0.05703766644001007,0.03258384019136429,0.022210288792848587,0.0356984444215738,-0.9993024498271105,0.00909112529773698,0.0061262644002343415
1790595428.575003,173689.22243029167,1790595428.5303283,0.0023639751598238945,-0.00013631582260131836,0.004591047763824463,0.01249807421118021,0.07064744830131531,0.9974228739738464,-0.056710630655288696,0.048389967530965805,0.03235693275928497,0.0354027877876639,-0.9993128322681806,0.009236162800582133,0.00592612361409492
1790595428.575058,173689.2324882917,1790595428.5403864,0.008441466838121414,0.0023927390575408936,0.008728742599487305,0.012020561844110489,0.07011731714010239,0.9974664449691772,-0.046940289437770844,0.05053754150867462,0.03199048340320587,0.035135954924709334,-0.9993221122814541,0.009409151513939534,0.005683534350189372
1790595428.575111,173689.24254629167,1790595428.5504444,0.013500520028173923,0.0061813220381736755,0.00643765926361084,0.011539144441485405,0.0697314441204071,0.9974991679191589,-0.028542108833789825,0.04951754957437515,0.02927139401435852,0.03494125009226647,-0.9993287369440094,0.009574586560127774,0.0054386748937611295
1790595428.575163,173689.2526042917,1790595428.5605023,0.020808331668376923,0.012656576931476593,0.0031692981719970703,0.011097792536020279,0.06954282522201538,0.9975175857543945,-0.009573211893439293,0.040150679647922516,0.021194027736783028,0.03484533577795899,-0.9993320002597269,0.00971354923893252,0.005213907161743246
1790595428.5752141,173689.26266229167,1790595428.5705605,0.020645327866077423,0.012039817869663239,0.006717324256896973,0.010772510431706905,0.06948817521333694,0.997524619102478,-0.0007810518727637827,0.028214655816555023,0.00502144917845726,0.03481671342407878,-0.9993330649607516,0.009784990095703843,0.005048941409621254
1790595428.576791,173689.2727202917,1790595428.5806184,0.016299284994602203,0.007546916604042053,0.01219320297241211,0.010540921241044998,0.06949501484632492,0.9975268840789795,0.0008005994604900479,0.01604507677257061,-0.007992087863385677,0.034818967216462736,-0.9993336545402584,0.009782416628476245,0.004933134273284864
1790595428.586397,173689.28277829167,1790595428.5906763,0.013237847946584225,0.0010431036353111267,0.018384158611297607,0.01042852271348238,0.06945276260375977,0.9975304007530212,-0.010893073864281178,0.006048901006579399,-0.017276931554079056,0.03479693692408004,-0.999335161076529,0.009718535050322922,0.004879330072644456
1790595428.5963259,173689.2928362917,1790595428.6007342,0.01029389537870884,-0.009752064943313599,0.02404797077178955,0.010412273928523064,0.06927689164876938,0.9975432753562927,-0.024156682193279266,-0.007067433558404446,-0.027303200215101242,0.034708186005476496,-0.9993395110411926,0.009600736187755483,0.004876133582131065
1790595428.6065989,173689.30289429167,1790595428.6107924,0.010242055170238018,-0.014412224292755127,0.026270747184753418,0.01055566594004631,0.06896268576383591,0.9975636005401611,-0.038645610213279724,-0.024415798485279083,-0.035388823598623276,0.034550733308152545,-0.9993460768699454,0.009445028199888274,0.004954740556674321
1790595428.616339,173689.3129522917,1790595428.6208503,0.012935912236571312,-0.01407545804977417,0.026197612285614014,0.010852529667317867,0.06851908564567566,0.9975906014442444,-0.050922781229019165,-0.0397164560854435,-0.04171915724873543,0.03432895634871753,-0.9993547149165647,0.009244789015940495,0.0051121995275960706
1790595428.62654,173689.32301029167,1790595428.6309083,0.014304363168776035,-0.010401397943496704,0.01640141010284424,0.011269359849393368,0.06800362467765808,0.9976216554641724,-0.05227593332529068,-0.04780127853155136,-0.05160028487443924,0.034071431635527616,-0.9993647303960643,0.00899845963050145,0.005331476425741328
1790595428.63655,173689.3330682917,1790595428.6409664,0.00897298101335764,-0.0034391507506370544,0.005814194679260254,0.01173318549990654,0.06751108914613724,0.9976494908332825,-0.046536289155483246,-0.05184795334935188,-0.061680883169174194,0.03382524260333103,-0.9993742902618015,0.008704514315855777,0.00557564918197546
1790595428.648417,173689.34312629167,1790595428.6510243,0.0011487072333693504,-8.697807788848877e-05,-0.00182265043258667,0.01221797987818718,0.06708859652280807,0.9976721405982971,-0.038101524114608765,-0.05087323486804962,-0.064842589199543,0.03361388363107486,-0.9993827623892955,0.008375709098416012,0.005831049125940742
1790595428.659379,173689.3531842917,1790595428.6610823,0.0006147893145680428,0.003645777702331543,-0.0047994256019592285,0.012660345062613487,0.06675855070352554,0.9976885914802551,-0.029735738411545753,-0.04652935266494751,-0.06019936501979828,0.03344851152069875,-0.9993895626748366,0.00804971812458842,0.0060646235115629455
1790595428.6664588,173689.36324229167,1790595428.6711404,0.005793487653136253,0.006836608052253723,-0.008183836936950684,0.013066367246210575,0.06649742275476456,0.9977011680603027,-0.02128313109278679,-0.039817389100790024,-0.049891866743564606,0.03331760250519948,-0.9993949824049886,0.007762129965107259,0.006278366600216755
1790595428.678422,173689.37330029169,1790595428.6811984,0.00602102093398571,0.010074354708194733,-0.011547267436981201,0.013357629999518394,0.06634193658828735,0.9977074265480042,-0.00919530913233757,-0.024848029017448425,-0.038154784590005875,0.03323941347306898,-0.9993983090842582,0.0075314927931951735,0.006432343045379871
1790595428.68851,173689.38335829167,1790595428.6912563,0.006239664740860462,0.011395193636417389,-0.013529300689697266,0.013520455919206142,0.0663333535194397,0.9977057576179504,0.007878482341766357,-0.012092286720871925,-0.022860515862703323,0.033234678485291276,-0.9993991190943814,0.007367338599937471,0.006519294372342032
1790595428.6964731,173689.39341629168,1790595428.7013144,0.003483821637928486,0.015614181756973267,-0.00913780927658081,0.01356023270636797,0.06650889664888382,0.9976935386657715,0.02553444169461727,0.0013319100253283978,-0.011146069504320621,0.03332219842135943,-0.9993966732687938,0.007283993372329714,0.0065413443423703995
1790595428.709105,173689.40347429167,1790595428.7113724,0.0013891495764255524,0.01672688126564026,-0.0025092363357543945,0.013488158583641052,0.06684578210115433,0.9976720213890076,0.04061299189925194,0.013079646043479443,0.007259570062160492,0.03349061405205228,-0.9993913315926904,0.00727796958886309,0.006504294401773776
1790595428.718434,173689.41353229168,1790595428.7214303,-0.002699309028685093,0.01788192242383957,0.0063544511795043945,0.013319417834281921,0.06730819493532181,0.9976434111595154,0.05144566670060158,0.02194690704345703,0.025984521955251694,0.03372214027283881,-0.999383537189039,0.007366133649634305,0.006415262072980897
1790595428.728431,173689.42359029167,1790595428.7314882,6.116367876529694e-05,0.0176585391163826,0.014980554580688477,0.013137681409716606,0.06786727160215378,0.9976081252098083,0.0588172972202301,0.018605172634124756,0.04383675381541252,0.0340026404565243,-0.9993733283008441,0.007551608734520856,0.0063160241936689445
1790595428.738471,173689.43364829168,1790595428.7415464,0.005078651010990143,0.015720747411251068,0.017492294311523438,0.012987750582396984,0.068477563560009,0.9975684881210327,0.0649191290140152,0.017279451712965965,0.051920246332883835,0.034309264100141436,-0.9993615244152354,0.00779708523827352,0.006230341186936661
1790595428.7483761,173689.44370629167,1790595428.7516043,0.006449191831052303,0.013909950852394104,0.012377798557281494,0.012837906368076801,0.06912864744663239,0.9975249767303467,0.06535029411315918,0.01924007013440132,0.052337031811475754,0.03463645101770094,-0.9993484845938965,0.008067227123260788,0.006143535543994809
1790595428.758492,173689.45376429168,1790595428.7616622,0.006218128837645054,0.012057043612003326,0.0069571733474731445,0.012687502428889275,0.06976087391376495,0.9974831938743591,0.06042131781578064,0.017867743968963623,0.04119303449988365,0.03495398945548822,-0.9993360419302337,0.00831135210141226,0.006057257983075207
1790595428.7682402,173689.4638212917,1790595428.7717192,0.0007834397256374359,0.003909289836883545,0.0068266987800598145,0.012506956234574318,0.07032499462366104,0.9974457621574402,0.05063899606466293,0.02314106747508049,0.026479870080947876,0.035236865583240615,-0.9993251622187205,0.00849053576559237,0.005958318966290324
1790595428.77876,173689.47387929168,1790595428.7817774,-0.0007852809503674507,-0.002357400953769684,0.004183173179626465,0.012259882874786854,0.07074758410453796,0.9974190592765808,0.034400902688503265,0.028346216306090355,0.010871348902583122,0.03544807370231625,-0.999317609854975,0.008593171922203833,0.005829308034858028
1790595428.7883751,173689.4839372917,1790595428.7918353,0.0008176332339644432,-0.006041832268238068,0.006637871265411377,0.011969220824539661,0.07098350673913956,0.9974055290222168,0.012337946332991123,0.030215488746762276,-0.006612836383283138,0.03556506513320603,-0.9993140890932406,0.008608865171595256,0.005682333018510702
1790595428.798541,173689.49399529168,1790595428.8018932,0.002859717234969139,-0.0028012916445732117,0.009518682956695557,0.01165138091892004,0.0709930956363678,0.9974087476730347,-0.009474940598011017,0.030855713412165642,-0.020895635709166527,0.03556809789456005,-0.999315467491008,0.008542415499413194,0.005525635599694501
1790595428.808526,173689.5040532917,1790595428.8119514,0.004716595634818077,0.00474211573600769,0.010768294334411621,0.011350900866091251,0.07080443203449249,0.9974256753921509,-0.026858724653720856,0.02531154453754425,-0.02837592177093029,0.035471625420935626,-0.9993207209470863,0.008422318024434343,0.005380351932959625
1790595428.818562,173689.51411129168,1790595428.8220093,0.0032587554305791855,0.006776399910449982,0.008667230606079102,0.011099757626652718,0.0704791396856308,0.997451663017273,-0.03657526895403862,0.019267767667770386,-0.026297857984900475,0.035306867115385096,-0.9993283744570648,0.008284278494350256,0.0052609201164393925
1790595428.828555,173689.5241692917,1790595428.8320673,0.008606142364442348,0.010906793177127838,0.010395407676696777,0.01100139319896698,0.07011766731739044,0.997478187084198,-0.034977637231349945,-0.003691344289109111,-0.011262982152402401,0.03512486190280066,-0.9993358247382674,0.008185197252042998,0.0052166576795908285
1790595428.838571,173689.53422729168,1790595428.8421254,0.017755255103111267,0.012465745210647583,0.015655159950256348,0.011160141788423061,0.06980995088815689,0.997498095035553,-0.026425162330269814,-0.027908267453312874,0.010423405095934868,0.034971344063716346,-0.9993408737461863,0.008177259171942858,0.005297592817320542
1790595428.8485382,173689.5442852917,1790595428.8521833,0.022935673594474792,0.011128678917884827,0.017246723175048828,0.011579698882997036,0.06959060579538345,0.9975086450576782,-0.015561861917376518,-0.052348095923662186,0.03553514927625656,0.0348638157024461,-0.999342645119577,0.008282909326304882,0.005504693941344805
1790595428.8586051,173689.55434329167,1790595428.8622413,0.024342719465494156,0.010514691472053528,0.01782703399658203,0.012217332608997822,0.06948743760585785,0.9975082874298096,-0.004831720143556595,-0.06568361073732376,0.05912676081061363,0.03481620345669465,-0.9993405906393306,0.008515531768866299,0.0058160228484739505
1790595428.8687081,173689.5644012917,1790595428.8722994,0.020092124119400978,0.01014488935470581,0.013074398040771484,0.012927889823913574,0.06947578489780426,0.9975002408027649,0.0034621628001332283,-0.06311925500631332,0.07284843176603317,0.03481548062536232,-0.9993357529886719,0.008841181260197683,0.0061602268358035535
1790595428.878606,173689.57445929167,1790595428.8823574,0.010638863779604435,0.005060441792011261,0.008844316005706787,0.013561566360294819,0.06952479481697083,0.9974879622459412,0.007508303038775921,-0.05105965584516525,0.07385723292827606,0.03484524944241027,-0.9993294349581204,0.009201818792177541,0.00646447820841089
1790595428.888619,173689.5845172917,1790595428.8924153,-0.0010960092768073082,-0.0026022419333457947,0.008521318435668945,0.014004936441779137,0.06961913406848907,0.9974753260612488,0.012240474112331867,-0.025453897193074226,0.064838707447052,0.03489689433037089,-0.9993230383431487,0.009545354554780963,0.006673882751190971
1790595428.900647,173689.59457529167,1790595428.9024734,-0.0014501828700304031,0.0008086487650871277,0.004153251647949219,0.01416074763983488,0.06974828243255615,0.9974642395973206,0.015124944038689137,0.0026576316449791193,0.04964857175946236,0.03496430416102676,-0.9993174609520994,0.009835022870088148,0.006741100353535819
1790595428.90866,173689.6046332917,1790595428.9125314,-0.0001004757359623909,0.006498873233795166,0.0012359619140625,0.014046996831893921,0.06994792819023132,0.9974514842033386,0.02623804844915867,0.02549290657043457,0.030067145824432373,0.03506510029032896,-0.9993122534161765,0.010038582573273454,0.006676085863688288
1790595428.919018,173689.61469129167,1790595428.9225893,-0.0009976522997021675,0.0029459670186042786,-0.0016159415245056152,0.013723472133278847,0.07025071233510971,0.9974347352981567,0.034655503928661346,0.04154564440250397,0.009707547724246979,0.035215773787992455,-0.9993070222182029,0.010141825056244082,0.006509094423943247
1790595428.9286861,173689.6247492917,1790595428.9326472,0.003558507189154625,-0.00101500004529953,-0.0017448663711547852,0.013271927833557129,0.07067164778709412,0.9974112510681152,0.0474378764629364,0.047745481133461,-0.0062775444239377975,0.03542436540400219,-0.9993010015221363,0.010154854120374581,0.006280624639354127
1790595428.938678,173689.63480729167,1790595428.9427054,0.008624888956546783,-0.00041951239109039307,0.0025110244750976562,0.012767923064529896,0.07117479294538498,0.9973821043968201,0.053237177431583405,0.05094766616821289,-0.013346106745302677,0.03567354501328954,-0.999294117666374,0.010114760925336592,0.006027386587012822
1790595428.948676,173689.6448652917,1790595428.9527633,0.016674060374498367,0.0009161829948425293,0.0049250125885009766,0.012271856889128685,0.07173120975494385,0.9973487257957458,0.059128619730472565,0.04536967724561691,-0.013835063204169273,0.03594935102505622,-0.9992863941002209,0.010053096815250512,0.005778649990215274
1790595428.9585469,173689.65492329167,1790595428.9628212,0.0210268497467041,0.00033671408891677856,0.008122622966766357,0.011855830438435078,0.07234116643667221,0.9973092675209045,0.061785656958818436,0.0365639328956604,-0.005341443233191967,0.036252552274956974,-0.9992769425379393,0.010011864535739216,0.005568986089493918
1790595428.968687,173689.6649812917,1790595428.9728794,0.01881420984864235,-0.0013063326478004456,0.012801647186279297,0.011535514146089554,0.07294662296772003,0.9972689151763916,0.05971584841609001,0.026540327817201614,0.005722393281757832,0.036554281830586864,-0.9992667570863102,0.010020692501058331,0.005405421369772608
1790595428.979011,173689.67503929167,1790595428.9829373,0.02163149043917656,-0.0022870302200317383,0.010492444038391113,0.01134274061769247,0.07353058457374573,0.9972282648086548,0.05449285730719566,0.014946522191166878,0.01747732050716877,0.036846201886057646,-0.9992559253879237,0.010085995298146822,0.005303686010313789
1790595428.9887412,173689.6850972917,1790595428.9929953,0.019080843776464462,-0.0027732253074645996,0.010406315326690674,0.011238358914852142,0.07403203845024109,0.9971923232078552,0.046612564474344254,0.011573628522455692,0.025165066123008728,0.03709750225641433,-0.9992457615509681,0.010201476543594197,0.005244685761414493
1790595428.998831,173689.69515529167,1790595429.0030534,0.01364501565694809,-0.0017477646470069885,0.01087862253189087,0.01118102390319109,0.07444091141223907,0.9971625804901123,0.03558468073606491,0.002531663980334997,0.029465805739164352,0.037302794940960185,-0.9992368734827818,0.010342554763106217,0.005208680519454255
1790595429.1028218,173689.7052132917,1790595429.0131114,0.0183247160166502,0.005990952253341675,0.010474026203155518,0.011185774579644203,0.07474357634782791,0.9971399903297424,0.027008768171072006,0.00040699413511902094,0.0284332986921072,0.03745523438375739,-0.9992296709262487,0.010490575154539057,0.00520396894889375
1790595429.103179,173689.71527129167,1790595429.0231693,0.0211750827729702,0.006112635135650635,0.008964061737060547,0.011173541657626629,0.07495759427547455,0.9971240758895874,0.016903668642044067,0.00427789893001318,0.016004592180252075,0.037562991189500954,-0.999224498043788,0.010604246902843362,0.005192470359399127
1790595429.103283,173689.7253292917,1790595429.0332274,0.01435675099492073,-0.0013261884450912476,0.011292994022369385,0.011155935935676098,0.07508745044469833,0.9971145391464233,0.008998874574899673,0.002105291932821274,-0.001519807381555438,0.03762817072389708,-0.999221664290794,0.010645576169850601,0.005181427255208637
1790595429.103359,173689.73538729167,1790595429.0432854,0.006066813133656979,-0.004439353942871094,0.01656162738800049,0.01112983375787735,0.07514887303113937,0.9971103668212891,0.00259210797958076,0.0012474877294152975,-0.01531844399869442,0.03765859225678455,-0.9992210551488178,0.010604559792378239,0.005169590922685912
1790595429.103435,173689.74544429168,1790595429.0533423,0.0020237891003489494,-0.00523531436920166,0.016517043113708496,0.011114020831882954,0.07516663521528244,0.9971091747283936,0.0005992645164951682,-0.0015083514153957367,-0.033644188195466995,0.037666762885412264,-0.9992220711040729,0.010479801399012988,0.005166289167291863
1790595429.103512,173689.75550229166,1790595429.0634003,-0.0008241757750511169,-0.006565026938915253,0.018150925636291504,0.01110859028995037,0.07518407702445984,0.9971076846122742,0.003290921449661255,-0.003396532731130719,-0.04500017315149307,0.03767443411249317,-0.9992237958642546,0.010278500253084667,0.0051710721728175976
1790595429.103582,173689.76556029168,1790595429.0734584,0.0012011993676424026,-0.0029136687517166138,0.01907205581665039,0.011127894744277,0.0752558782696724,0.9971023201942444,0.010170665569603443,-0.008069581352174282,-0.054105788469314575,0.03770920178368404,-0.9992250098230424,0.010026841273246255,0.005189865300302988
1790595429.1036491,173689.77561829166,1790595429.0835164,0.004674958065152168,0.0035564079880714417,0.01502537727355957,0.011178914457559586,0.07540811598300934,0.9970901608467102,0.019432075321674347,-0.00896307174116373,-0.05364319682121277,0.03778431735220093,-0.9992246663547226,0.009753616751779437,0.005224974585976604
1790595429.103714,173689.78567629168,1790595429.0935743,0.010432980954647064,0.009700082242488861,0.011979341506958008,0.011265012435615063,0.07567314058542252,0.9970693588256836,0.0340253971517086,-0.015402063727378845,-0.04473545402288437,0.03791620515206184,-0.9992218994908915,0.009501165874379401,0.005276363713986535
1790595429.103779,173689.79573429166,1790595429.1036325,0.013522136956453323,0.014273278415203094,0.010195732116699219,0.011410715989768505,0.07607429474592209,0.9970368146896362,0.045658618211746216,-0.017870813608169556,-0.031409263610839844,0.0381168798547569,-0.9992155983601122,0.00930622621963776,0.005354833928729456
1790595429.108926,173689.80579229168,1790595429.1136904,0.013257105834782124,0.01838914304971695,0.0064688920974731445,0.011584197171032429,0.07659710943698883,0.9969949126243591,0.05887429043650627,-0.0178937166929245,-0.00879343319684267,0.0383791336950721,-0.9992060370988395,0.009205401246650969,0.0054431247773293655
1790595429.120917,173689.81585029166,1790595429.1237483,0.014372006058692932,0.018640369176864624,0.00717616081237793,0.011781550943851471,0.07723088562488556,0.9969436526298523,0.0655050203204155,-0.020014658570289612,0.015575556084513664,0.03869774445634866,-0.9991930680190515,0.00922193247681555,0.0055383765603008945
1790595429.130941,173689.82590829168,1790595429.1338062,0.010501730255782604,0.014156684279441833,0.009262561798095703,0.011989718303084373,0.07793040573596954,0.9968868494033813,0.07218609750270844,-0.017200496047735214,0.03047620877623558,0.03904990804091071,-0.9991778138196905,0.009334541201964648,0.00563497917191898
1790595429.14247,173689.83596629166,1790595429.1438644,0.006478225812315941,0.012740567326545715,0.008163690567016602,0.012183266691863537,0.07867512851953506,0.9968260526657104,0.07680241763591766,-0.01239029411226511,0.04413289949297905,0.03942516216525856,-0.9991607671243381,0.009528368679122025,0.005720777096962197
1790595429.151242,173689.84602429168,1790595429.1539223,0.0010789278894662857,0.014402039349079132,0.0027030110359191895,0.012272502295672894,0.07945504039525986,0.9967628121376038,0.07835477590560913,0.0015830460470169783,0.04563359171152115,0.039817817356857244,-0.9991426699120834,0.009763026971144487,0.005752440590339425
1790595429.160985,173689.8560822917,1790595429.1639802,-0.0021308399736881256,0.010053403675556183,-0.004316449165344238,0.012232149951159954,0.0802178829908371,0.9967024326324463,0.07384178042411804,0.013710016384720802,0.04204311594367027,0.040201255058301175,-0.9991253034181667,0.009992145660651854,0.005719380939849249
1790595429.171071,173689.86614029168,1790595429.1740384,0.0013950467109680176,0.006020396947860718,-0.006350278854370117,0.012093717232346535,0.08093973249197006,0.9966457486152649,0.06989338248968124,0.018660832196474075,0.03569627180695534,0.04056350362905274,-0.9991090434970443,0.01019783250355942,0.0056382224315543565
1790595429.180414,173689.8761982917,1790595429.1840963,0.004899921827018261,0.0050588250160217285,-0.0009570121765136719,0.011915259063243866,0.08161140978336334,0.9965932965278625,0.06448077410459518,0.02055034600198269,0.03077767789363861,0.040900205150139056,-0.9990941168284168,0.01037268054547895,0.00553840199646385
1790595429.1909509,173689.88625629168,1790595429.1941543,0.009711280465126038,0.003009900450706482,0.0003426074981689453,0.011742569506168365,0.0822259783744812,0.996544599533081,0.05920904874801636,0.01718197949230671,0.021430516615509987,0.04120807473473855,-0.9990805151194726,0.010507651081081837,0.005443289825747228
1790595429.200947,173689.8963142917,1790595429.2042124,0.011512955650687218,-0.0008401796221733093,0.003941059112548828,0.01161936204880476,0.08276492357254028,0.9965015649795532,0.04785466194152832,0.011304648593068123,0.01311373058706522,0.04147806085970432,-0.9990687775279646,0.010600047250238777,0.00537501687097233
1790595429.211238,173689.90637229168,1790595429.2142704,0.014654959551990032,0.0027558133006095886,0.0024654269218444824,0.011529111303389072,0.083197221159935,0.9964662790298462,0.04009527340531349,0.008539222180843353,0.004797743633389473,0.041694541555893215,-0.9990594200735695,0.010649370186070421,0.005325544221460046
1790595429.221025,173689.9164302917,1790595429.2243283,0.01707886904478073,0.005332536995410919,-0.0004200935363769531,0.011470316909253597,0.08355019986629486,0.9964375495910645,0.03003332018852234,0.005037166178226471,-0.007693281397223473,0.04187115268361157,-0.9990522604585722,0.010647141843677469,0.005294368084286751
1790595429.231031,173689.92648829168,1790595429.2343864,0.011108968406915665,0.005841463804244995,0.00018203258514404297,0.01144351065158844,0.0838194414973259,0.9964149594306946,0.02407716028392315,-0.0017677431460469961,-0.01705988496541977,0.04200564706136665,-0.9990472792299462,0.01058415530335532,0.005282193405235384
1790595429.241229,173689.9365462917,1790595429.2444444,0.0075146909803152084,0.005920290946960449,0.004260540008544922,0.011497750878334045,0.08404580503702164,0.9963954091072083,0.02113836258649826,-0.01103154942393303,-0.021314816549420357,0.04211888167601268,-0.9990434485483726,0.010483119120453013,0.00531241990115479
1790595429.251776,173689.94660429168,1790595429.2545023,0.0027251197025179863,0.007638990879058838,0.0052225589752197266,0.011618133634328842,0.08421920239925385,0.996379554271698,0.01435901876538992,-0.018120884895324707,-0.018315564841032028,0.04220589240310892,-0.9990405666159627,0.010378556352495336,0.005376188508292234
1790595429.261326,173689.9566622917,1790595429.2645602,0.0025292793288826942,0.009970098733901978,0.008499979972839355,0.011844492517411709,0.0843295082449913,0.9963675737380981,0.007562365382909775,-0.0297426525503397,-0.007871978916227818,0.042261992051154704,-0.9990383305815629,0.01030537691264967,0.0054920020092013196
1790595429.271007,173689.96672029168,1790595429.2746184,0.0042794859036803246,0.011261999607086182,0.009331107139587402,0.012184740044176579,0.08436513692140579,0.9963605999946594,0.00024160195607692003,-0.0378519743680954,0.009491831064224243,0.04228162859118013,-0.9990366330971729,0.010300800918600153,0.005662290442613228
1790595429.280884,173689.9767782917,1790595429.2846763,0.0059303902089595795,0.01399608701467514,0.007520079612731934,0.012593773193657398,0.08436235040426254,0.9963555932044983,0.0015079351142048836,-0.04179292172193527,0.02908257767558098,0.04228292427881777,-0.9990344508797528,0.010390789071427436,0.005863194859431461
1790595429.291216,173689.98683629167,1790595429.2947342,0.012025529518723488,0.016582883894443512,-0.0003908872604370117,0.013090426102280617,0.08438478410243988,0.9963470697402954,0.005751415621489286,-0.04943140223622322,0.04083351045846939,0.0422978545091588,-0.9990305501406879,0.010558654141287236,0.0061045228402169536
1790595429.300831,173689.9968942917,1790595429.3047924,0.012918107211589813,0.011180847883224487,-0.008737802505493164,0.01361691951751709,0.08447679132223129,0.9963324069976807,0.014761689119040966,-0.04733629152178764,0.046741995960474014,0.04234819611779785,-0.999024604883557,0.010772104544394182,0.006358482769813048
1790595429.3110578,173690.00695229167,1790595429.3148503,0.016666412353515625,0.010403208434581757,-0.01402270793914795,0.014125815592706203,0.08468985557556152,0.996307373046875,0.028868453577160835,-0.04533519223332405,0.05136551335453987,0.04245943859790657,-0.9990156952311063,0.011014727906680127,0.006601726890752197
1790595429.320988,173690.0170102917,1790595429.3249083,0.01942482590675354,0.01261117309331894,-0.015146732330322266,0.014587012119591236,0.08503012359142303,0.9962717890739441,0.03830083832144737,-0.03673611208796501,0.043750204145908356,0.042634266149485865,-0.9990041519345805,0.011252034858334986,0.006820576078790634
1790595429.331302,173690.02706829167,1790595429.3349664,0.011792473495006561,0.012419290840625763,-0.011826872825622559,0.014895142987370491,0.08543560653924942,0.996232271194458,0.0431426502764225,-0.01784529723227024,0.025488905608654022,0.04284056773187905,-0.9989922697384843,0.011427567920293426,0.006965026823116108
1790595429.341096,173690.03712529168,1790595429.3450234,-0.00044066086411476135,0.008564256131649017,-0.007620334625244141,0.015028052031993866,0.08588791638612747,0.9961912035942078,0.04757761210203171,-0.007519954815506935,-0.005503365304321051,0.043068513416289235,-0.9989813516375934,0.01148265446914169,0.007026643030122481
1790595429.350431,173690.04718329167,1790595429.3550813,-0.018640179187059402,0.002289026975631714,-0.005165457725524902,0.015039099380373955,0.08639534562826157,0.9961475729942322,0.05305706709623337,0.0056528388522565365,-0.03203164413571358,0.04332230363146919,-0.9989715539714173,0.011384632998256169,0.007033574828016851
1790595429.3616781,173690.05724129168,1790595429.3651392,-0.032786108553409576,-0.011819988489151001,-0.019007205963134766,0.014795990660786629,0.08693931996822357,0.9961039423942566,0.05308662727475166,0.035329241305589676,-0.049472685903310776,0.043592251363902414,-0.9989628764866945,0.011186345144226702,0.006917531694281423
1790595429.3718169,173690.06729929167,1790595429.3751974,-0.03686290234327316,-0.028444036841392517,-0.028480052947998047,0.014295144006609917,0.0874042809009552,0.9960703253746033,0.03573692962527275,0.056373804807662964,-0.03810524940490723,0.043821044976469964,-0.9989569028254096,0.010967053860093511,0.006673945875472769
1790595429.381789,173690.07735729168,1790595429.3852553,-0.018205424770712852,-0.03084087371826172,-0.017622947692871094,0.013627780601382256,0.0876038521528244,0.9960622191429138,-0.00022160314256325364,0.07229631394147873,0.001511134672909975,0.04391682929489176,-0.9989557514937575,0.010886030454657416,0.006342433264861252
1790595429.391147,173690.08741529167,1790595429.3953133,0.020752035081386566,-0.015488505363464355,0.0008273124694824219,0.012939365580677986,0.08738822489976883,0.9960906505584717,-0.0431341826915741,0.06693723797798157,0.05027281492948532,0.04380574054125178,-0.9989612489928749,0.011034475536327887,0.005992534110263135
1790595429.40292,173690.09747329168,1790595429.4053714,0.047434188425540924,-0.0034338682889938354,0.01948833465576172,0.012395518831908703,0.08676240593194962,0.9961520433425903,-0.07970257848501205,0.05249544233083725,0.0839759111404419,0.04349091044410798,-0.9989725946759677,0.01139140694049385,0.005708201255489743
1790595429.411147,173690.10753129167,1790595429.4154294,0.05446399375796318,0.0017163008451461792,0.02895641326904297,0.012079578824341297,0.0858389139175415,0.9962358474731445,-0.09964939206838608,0.022824900224804878,0.0883895680308342,0.04302852455738932,-0.9989883744488021,0.011838732362881696,0.00553598640019302
1790595429.420492,173690.11758929168,1790595429.4254873,0.04474688321352005,0.015283636748790741,0.046788573265075684,0.012153131887316704,0.08487533032894135,0.9963173270225525,-0.08879221230745316,-0.027026012539863586,0.07085797935724258,0.042548149908572294,-0.999003853214011,0.01224586572640078,0.005561066800165249
1790595429.430232,173690.12764729167,1790595429.4355454,0.030301343649625778,0.03387641906738281,0.06444716453552246,0.0127284349873662,0.08412010222673416,0.9963745474815369,-0.05632668361067772,-0.07856057584285736,0.03641558811068535,0.04217465125268261,-0.9990149785236244,0.012503971249454932,0.0058426221819943966
1790595429.4425862,173690.137705,1790595429.4456031,0.016928676515817642,0.04848838597536087,0.06208616495132446,0.013787257485091686,0.08382085710763931,0.996385395526886,-0.002150530694052577,-0.12624074518680573,0.005061394535005093,0.04203194657951055,-0.9990166564265281,0.012586564794613873,0.006370855735422526
1790595429.451173,173690.14776300002,1790595429.455661,0.009951663203537464,0.049671076238155365,0.045664072036743164,0.01522532943636179,0.08407249301671982,0.9963432550430298,0.05196516960859299,-0.16105917096138,-0.012875260785222054,0.04216695601504608,-0.9990068632373529,0.01252681191048332,0.00709148996885192
1790595429.46343,173690.157821,1790595429.465719,0.01106659322977066,0.04401881992816925,0.03110659122467041,0.01690276339650154,0.08482668548822403,0.9962525367736816,0.09511024504899979,-0.17634305357933044,-0.014946667477488518,0.042554974641633186,-0.9989855587250835,0.012414516446107728,0.007931127614889004
1790595429.471267,173690.16787900002,1790595429.4757771,0.014902908354997635,0.034968018531799316,0.01651608943939209,0.018651163205504417,0.08585135638713837,0.9961333870887756,0.1072569191455841,-0.1698657125234604,-0.0005645330529659986,0.04307921824553987,-0.9989567130184894,0.012335625841064426,0.008803356514817893
1790595429.4837818,173690.177937,1790595429.485835,0.00890170969069004,0.020828887820243835,0.006045222282409668,0.020151017233729362,0.08688318729400635,0.9960145950317383,0.09279356151819229,-0.1246604174375534,0.0172959566116333,0.04360630732869919,-0.998926805177731,0.012350873076780493,0.009547178696696034
1790595429.4932768,173690.18799500001,1790595429.495893,-0.0065956078469753265,-0.008505046367645264,0.004156649112701416,0.02113722264766693,0.08756110072135925,0.9959346652030945,0.040394000709056854,-0.06560322642326355,0.03888780251145363,0.04395382355979575,-0.9989052331463257,0.012476488254811478,0.010031203851578336
1790595429.5023181,173690.198053,1790595429.505951,-0.013074785470962524,-0.03900083899497986,0.008670449256896973,0.021497635170817375,0.08761565387248993,0.9959225654602051,-0.02978961542248726,0.004131640773266554,0.051312778145074844,0.04398580522152525,-0.9988993852592023,0.012700956718983044,0.010201383369998564
1790595429.513263,173690.208111,1790595429.516009,-0.008488131687045097,-0.05154594033956528,0.01600492000579834,0.0212139580398798,0.08693137019872665,0.9959886074066162,-0.10207127034664154,0.05513809993863106,0.05175806209445,0.04364351430425726,-0.9989124529478476,0.012969239878646151,0.01005188798470134
1790595429.523263,173690.218169,1790595429.526067,0.0011455044150352478,-0.05103127658367157,0.03680074214935303,0.020644040778279305,0.08563850820064545,0.996112585067749,-0.14943745732307434,0.061384543776512146,0.036457136273384094,0.04299372680722099,-0.9989404301546249,0.013202488900379507,0.009764742386181885
1790595429.623722,173690.228227,1790595429.536125,0.0213908888399601,-0.029977478086948395,0.04468393325805664,0.020189303904771805,0.08407017588615417,0.9962554574012756,-0.1563536822795868,0.02951449528336525,0.00989449955523014,0.04220549095500295,-0.9989745893495608,0.013322632813005943,0.009542148778726302
1790595429.624018,173690.238285,1790595429.546183,0.04661386087536812,0.00762476772069931,0.03181040287017822,0.02015860006213188,0.08267705142498016,0.9963727593421936,-0.11599933356046677,-0.024968987330794334,-0.005023197270929813,0.04150695565204165,-0.9990038851665792,0.013327447599088969,0.009535617211416133
1790595429.624167,173690.248343,1790595429.556241,0.07008905708789825,0.038796573877334595,0.004636645317077637,0.020715992897748947,0.08182444423437119,0.9964315295219421,-0.05354953929781914,-0.0884009525179863,-0.01641114056110382,0.04108273987963319,-0.9990195009510155,0.013258490471216008,0.009822932918116728
1790595429.6243021,173690.258401,1790595429.566299,0.08513763546943665,0.048871852457523346,-0.02241075038909912,0.021856989711523056,0.08160633593797684,0.9964249134063721,0.008047778159379959,-0.13915494084358215,-0.013777274638414383,0.04098014609433138,-0.9990192547316037,0.013152907984541048,0.010399686378055412
1790595429.624428,173690.268459,1790595429.5763571,0.08543279767036438,0.04298313707113266,-0.029814064502716064,0.023377621546387672,0.08189507573843002,0.9963667392730713,0.044851332902908325,-0.16126850247383118,-0.004378446377813816,0.04113442036721527,-0.9990056646129828,0.013078580927190669,0.011161929478134259
1790595429.624556,173690.278517,1790595429.586415,0.06762975454330444,0.024540908634662628,-0.027920126914978027,0.02496057190001011,0.08237771689891815,0.9962886571884155,0.0488378182053566,-0.15214237570762634,-0.0036167819052934647,0.041386615680707096,-0.9989866756995845,0.01303620717470675,0.011952873644685861
1790595429.624674,173690.288575,1790595429.596473,0.03647303581237793,0.0003771558403968811,-0.017263174057006836,0.026316875591874123,0.0827682763338089,0.9962214231491089,0.024926625192165375,-0.11634283512830734,-0.012481113895773888,0.04159078550936713,-0.998970711125072,0.012970020919566096,0.0126320062320131
1790595429.624788,173690.298633,1790595429.6065311,0.007750537246465683,-0.019591741263866425,-0.009178757667541504,0.02713104337453842,0.08283969759941101,0.9961933493614197,-0.013621830381453037,-0.04935795068740845,-0.03237093240022659,0.041630431197996295,-0.9989653474025445,0.01284141951839794,0.013044424185072314
1790595429.6249018,173690.308691,1790595429.616589,-0.011760417371988297,-0.036877937614917755,-0.0059822797775268555,0.027263343334197998,0.08251727372407913,0.9962167739868164,-0.05296630784869194,0.014953396283090115,-0.05828748270869255,0.04146661662972346,-0.9989741812493992,0.012607840392462499,0.013122327931995999
1790595429.6250172,173690.318749,1790595429.626647,-0.020024532452225685,-0.050074562430381775,0.0017632842063903809,0.02679942362010479,0.08185888826847076,0.9962834119796753,-0.08180940896272659,0.06533614546060562,-0.07711710035800934,0.04112918539799381,-0.9989950417535545,0.012272215364847653,0.012907937079792908
1790595429.6337962,173690.328807,1790595429.6367052,-0.01240437850356102,-0.052447475492954254,0.0076940059661865234,0.025908393785357475,0.08096641302108765,0.9963797330856323,-0.09913060814142227,0.09321970492601395,-0.08683177828788757,0.04067103208156874,-0.9990240554502322,0.011865931905438797,0.012483780307695775
1790595429.643546,173690.338865,1790595429.646763,0.01165836863219738,-0.04060128331184387,0.00859898328781128,0.024916939437389374,0.08001501858234406,0.9964820146560669,-0.09096615016460419,0.08956718444824219,-0.08062101900577545,0.0401830599744615,-0.9990544671587995,0.01145398009311872,0.012009568827129615
1790595429.65346,173690.348922,1790595429.65682,0.03312104567885399,-0.023879028856754303,0.006898343563079834,0.024007847532629967,0.07925344258546829,0.9965651631355286,-0.06370443850755692,0.07980243861675262,-0.06518374383449554,0.03979179153776189,-0.9990792873349487,0.011097817446949178,0.0115729773062383
1790595429.663371,173690.35898000002,1790595429.666878,0.05504481866955757,-0.010493822395801544,0.003886699676513672,0.023278536275029182,0.07882296293973923,0.996616780757904,-0.025395667180418968,0.05423688516020775,-0.04608940705657005,0.03956879561834015,-0.9990951583237287,0.010828966179671254,0.011220932553576122
1790595429.6734521,173690.369038,1790595429.6769361,0.07048284262418747,0.003557726740837097,0.008314371109008789,0.022885683923959732,0.07877898961305618,0.9966295957565308,0.013604730367660522,0.02193859964609146,-0.023217380046844482,0.0395426650099865,-0.9991001809932586,0.010659548289040593,0.011031260931206984
1790595429.683424,173690.37909600002,1790595429.686994,0.07231061160564423,0.017680063843727112,0.014224410057067871,0.022736385464668274,0.07907623052597046,0.9966095089912415,0.043708305805921555,0.004792637657374144,-0.014446260407567024,0.03968986412295976,-0.9990960593812734,0.010573864358378218,0.010958423121041628
1790595429.692798,173690.389154,1790595429.697052,0.05702849477529526,0.011758632957935333,0.0227200984954834,0.022774966433644295,0.07959602773189545,0.9965670704841614,0.05644753575325012,-0.013592494651675224,-0.023160655051469803,0.03994967537719693,-0.9990863301587825,0.010489608420623495,0.010978457897736618
1790595429.7035751,173690.39921200002,1790595429.70711,0.032314836978912354,-0.001145772635936737,0.027974605560302734,0.022891459986567497,0.08020187169313431,0.9965161085128784,0.06179862469434738,-0.011260896921157837,-0.0414443202316761,0.040252253020531786,-0.9990751940124519,0.010334483460717617,0.011039953935450595
1790595429.713464,173690.40927,1790595429.717168,0.009390268474817276,-0.010439880192279816,0.02652949094772339,0.02292783558368683,0.0808136984705925,0.9964653849601746,0.057482440024614334,-0.00551619241014123,-0.06574060767889023,0.040556112053521394,-0.9990652730625093,0.010062696877342953,0.011066158068422996
1790595429.723457,173690.41932800002,1790595429.727226,-0.006189895793795586,-0.017213009297847748,0.02646791934967041,0.02285248413681984,0.08139175921678543,0.9964202642440796,0.054182518273591995,0.01080445758998394,-0.08253850042819977,0.04084134333877082,-0.9990576783368067,0.009689085507416541,0.011040931341644564
1790595429.733485,173690.429386,1790595429.737284,-0.005412044003605843,-0.01534658670425415,0.025149047374725342,0.022608689963817596,0.08193621784448624,0.9963810443878174,0.051115889102220535,0.022023288533091545,-0.08519154042005539,0.04110842271564265,-0.9990518594694273,0.009268386015439643,0.010933702816037385
1790595429.7435122,173690.43944400002,1790595429.747342,0.010329175740480423,-0.006161056458950043,0.024239003658294678,0.022309355437755585,0.08245524764060974,0.9963446855545044,0.04947564750909805,0.02525397017598152,-0.07995043694972992,0.041362689226421834,-0.999046503535134,0.008855301164520903,0.01079869526029657
1790595429.75345,173690.449502,1790595429.7574,0.02511417865753174,0.000984087586402893,0.022201061248779297,0.02200494520366192,0.0829852893948555,0.9963076114654541,0.053159598261117935,0.020690375939011574,-0.06374669820070267,0.041623181625878074,-0.9990403217690542,0.00849916770311367,0.010658939612715444
1790595429.763498,173690.45956000002,1790595429.767458,0.03664555773139,0.002125762403011322,0.021541357040405273,0.021826112642884254,0.08353736996650696,0.996265709400177,0.05636684224009514,0.006080009508877993,-0.05013927444815636,0.04189624517712165,-0.9990321398221922,0.008224942594037572,0.010578700513586258
1790595429.773898,173690.469618,1790595429.7775161,0.03477262705564499,0.0011215880513191223,0.022278308868408203,0.021791700273752213,0.08414483070373535,0.9962154626846313,0.062128059566020966,-0.00853674951940775,-0.044425997883081436,0.04219819139844301,-0.9990214432092229,0.007993672912407606,0.010568874180563907
1790595429.78352,173690.47967600002,1790595429.787574,0.02852979488670826,0.0005656704306602478,0.02300548553466797,0.021946268156170845,0.08476176112890244,0.9961594343185425,0.05950191617012024,-0.028719782829284668,-0.05089081823825836,0.04250567409582823,-0.9990092499917044,0.007760855164683732,0.010653808543138712
1790595429.793511,173690.489734,1790595429.797632,0.019054969772696495,0.0024004578590393066,0.025690197944641113,0.02226581610739231,0.08538361638784409,0.996099054813385,0.06005478650331497,-0.043211374431848526,-0.07158225029706955,0.042815447743640205,-0.9989964867977965,0.007452593238178885,0.010824684618388133
1790595429.803574,173690.49979200002,1790595429.8076901,0.014611389487981796,0.005580589175224304,0.02161639928817749,0.02268107794225216,0.08598767966032028,0.9960378408432007,0.05835568904876709,-0.05245067924261093,-0.10039206594228745,0.043115210665103786,-0.9989842960840503,0.00702116519293389,0.01104904229786367
1790595429.813397,173690.50985,1790595429.817748,0.011385560035705566,0.01008617877960205,0.011929452419281006,0.02309929020702839,0.08660903573036194,0.9959744215011597,0.05954505875706673,-0.04954144358634949,-0.1288982629776001,0.04342178751206953,-0.9989723446366982,0.006439264187114277,0.011281634633125193
1790595429.823596,173690.51990800002,1790595429.827806,0.003487970679998398,0.011357046663761139,0.000868678092956543,0.023413263261318207,0.08724553138017654,0.995911717414856,0.05996983125805855,-0.03753724321722984,-0.15448299050331116,0.043733802134229796,-0.9989610319600364,0.005719915728867257,0.011468393532989124
1790595429.833347,173690.529966,1790595429.8378642,-0.004189269617199898,0.01164565235376358,-0.003986239433288574,0.023552656173706055,0.0878724455833435,0.9958531856536865,0.056707460433244705,-0.01784449815750122,-0.17357546091079712,0.044039027333632415,-0.9989507921152748,0.004890673418125814,0.011573090005842812
1790595429.8436038,173690.54002400002,1790595429.847922,-0.004717802628874779,0.017424799501895905,-0.004317939281463623,0.023470839485526085,0.08845620602369308,0.9958033561706543,0.051358502358198166,0.004743902012705803,-0.18098171055316925,0.04432121812001064,-0.9989422892226536,0.00399592914974135,0.011570553978676384
1790595429.853346,173690.550082,1790595429.85798,-0.005172187462449074,0.02151937037706375,-0.0016241073608398438,0.02311651222407818,0.08898507058620453,0.9957648515701294,0.04585215076804161,0.03499261662364006,-0.18239052593708038,0.04457525281292521,-0.9989358770226183,0.003086220136985666,0.011432852724740558
1790595429.863613,173690.56014000002,1790595429.868038,-0.005051789805293083,0.024690091609954834,0.0046926140785217285,0.02250782772898674,0.08947645127773285,0.9957345128059387,0.045447882264852524,0.05262593924999237,-0.17802560329437256,0.04481057845526468,-0.9989306554020775,0.002188090258158062,0.011167806898634171
1790595429.8738198,173690.570198,1790595429.878096,-0.005730092525482178,0.030037134885787964,0.012569785118103027,0.021782323718070984,0.09003455936908722,0.9957004189491272,0.058935992419719696,0.060361091047525406,-0.16987232863903046,0.045080186786000113,-0.9989236388760575,0.0013265743898836781,0.010843030522408995
1790595429.883631,173690.58025600002,1790595429.888154,-0.009816570207476616,0.03488968312740326,0.01751786470413208,0.021016504615545273,0.09076672047376633,0.9956503510475159,0.08217447251081467,0.06009477376937866,-0.15953314304351807,0.045438228952705044,-0.9989118675549852,0.0005169061518463238,0.01049618621238573
1790595429.893662,173690.590314,1790595429.898212,-0.01263858936727047,0.036321595311164856,0.017324626445770264,0.020344261080026627,0.09180672466754913,0.9955689311027527,0.1207229271531105,0.04666711762547493,-0.1425352543592453,0.045951991387169676,-0.998891585508668,-0.0002262193825578612,0.010193824672956521
1790595429.9036648,173690.60037200002,1790595429.9082701,-0.011282496154308319,0.03516329079866409,0.010380864143371582,0.019812144339084625,0.09322445094585419,0.9954480528831482,0.15732142329216003,0.034413114190101624,-0.12196047604084015,0.0466566642913223,-0.998860977969221,-0.0008741279220821416,0.009958199062307715
1790595429.913273,173690.61043,1790595429.918328,-0.005811095237731934,0.03405347466468811,0.0031380653381347656,0.01942192204296589,0.09497515112161636,0.9952904582023621,0.1879914402961731,0.022911986336112022,-0.0938529372215271,0.04752992485921653,-0.9988209441832169,-0.0013986209011788557,0.00978897946909455
1790595429.9256809,173690.62048800002,1790595429.928386,0.0011202599853277206,0.03804668039083481,-0.002896428108215332,0.019158655777573586,0.09700914472341537,0.9950991868972778,0.2140108048915863,0.017440522089600563,-0.06651026010513306,0.048546871614889915,-0.9987724445205164,-0.0017871324218164705,0.00967796807716092
1790595429.9354281,173690.630546,1790595429.9384441,0.004899920895695686,0.038989707827568054,-0.007091045379638672,0.01890377514064312,0.09923994541168213,0.9948838949203491,0.22769998013973236,0.02301318570971489,-0.045072078704833984,0.04966399130381095,-0.9987180460200102,-0.0020538140508636034,0.009566151073438426
1790595429.943785,173690.64060400001,1790595429.948502,0.0023152977228164673,0.034538306295871735,-0.008205771446228027,0.01860448531806469,0.10155510157346725,0.9946557283401489,0.23292003571987152,0.029683604836463928,-0.03366442769765854,0.05082461948654265,-0.9986605562232023,-0.0022282929708638023,0.0094281227943689
1790595429.955633,173690.650662,1790595429.95856,-0.0033519770950078964,0.02524808794260025,-0.007226049900054932,0.018214022740721703,0.10387206077575684,0.9944237470626831,0.22861504554748535,0.04256638139486313,-0.03254590183496475,0.05198680562600754,-0.9986021582771267,-0.0023687088411290676,0.009243073120228252
1790595429.965728,173690.66072,1790595429.9686182,-0.014385435730218887,0.019267797470092773,-0.010052859783172607,0.017650799825787544,0.10609868913888931,0.9941988587379456,0.21517406404018402,0.06415476649999619,-0.038755595684051514,0.053104004601560104,-0.9985454898143775,-0.002516800305772392,0.008972101651428336
1790595429.976205,173690.670778,1790595429.978676,-0.024515606462955475,0.013170227408409119,-0.013871073722839355,0.01680990494787693,0.10818322002887726,0.9939888715744019,0.19935356080532074,0.09451666474342346,-0.046223364770412445,0.05415014279365202,-0.9984924429017003,-0.002697529704542114,0.008563934316726982
1790595429.9855192,173690.680836,1790595429.988734,-0.02531055547297001,0.01147468388080597,-0.018548667430877686,0.015712758526206017,0.11007709056138992,0.9937986731529236,0.17679312825202942,0.1133825033903122,-0.04909904673695564,0.0551009635460271,-0.9984442428285523,-0.002902614906495043,0.008028807418730218
1790595429.995754,173690.690894,1790595429.998792,-0.018843751400709152,0.012577086687088013,-0.021249771118164062,0.014433946460485458,0.11175180971622467,0.9936312437057495,0.15441352128982544,0.1296626776456833,-0.048269737511873245,0.055942291068281164,-0.9984017011993069,-0.003110271940485564,0.007402800787499914
1790595430.0055099,173690.700952,1790595430.00885,-0.008234264329075813,0.0064494311809539795,-0.02234339714050293,0.01304076798260212,0.1131797730922699,0.9934890866279602,0.1311396211385727,0.13757945597171783,-0.04149225726723671,0.05666039502884176,-0.9983655203231574,-0.003290177205649669,0.00671778665751525
1790595430.016097,173690.71101,1790595430.018908,0.002878200262784958,-0.0008175298571586609,-0.01977550983428955,0.011648153886198997,0.11443479359149933,0.9933627247810364,0.11945473402738571,0.13144512474536896,-0.03206812962889671,0.05729216185663605,-0.9983333877407905,-0.0034351655409791495,0.00603093606010674
1790595430.02712,173690.721067,1790595430.028965,0.010507071390748024,0.0028300657868385315,-0.010335922241210938,0.010366936214268208,0.11556316167116165,0.9932460188865662,0.10719700157642365,0.11745128035545349,-0.027852611616253853,0.057860572854065255,-0.9983037679899555,-0.003548007374768233,0.005397914096959184
1790595430.035795,173690.73112500002,1790595430.0390232,0.013124598190188408,0.010944388806819916,-0.0061931610107421875,0.0092752855271101,0.11663461476564407,0.9931314587593079,0.10608460009098053,0.09245084971189499,-0.029182327911257744,0.05840029716206419,-0.9982746851479686,-0.003656576412627739,0.004859572247725818
1790595430.046082,173690.741183,1790595430.049081,0.007245535030961037,0.009005799889564514,-0.006045877933502197,0.008425225503742695,0.11768820136785507,0.9930147528648376,0.10379534214735031,0.07198392599821091,-0.03273019194602966,0.058930683135616356,-0.9982449599474317,-0.003790108634224697,0.004443765401732504
1790595430.143327,173690.75124100002,1790595430.059139,0.004156971350312233,0.009223118424415588,-0.006280779838562012,0.007790644187480211,0.11870686709880829,0.9928988218307495,0.09848819673061371,0.04676911607384682,-0.03114374727010727,0.05944326709639586,-0.9982153988210896,-0.00392817138210558,0.004136206867430095
1790595430.147545,173690.761299,1790595430.069197,0.005079492460936308,0.013497389853000641,-0.008213341236114502,0.007386921439319849,0.11966633796691895,0.9927865862846375,0.09132136404514313,0.030787484720349312,-0.020422659814357758,0.059925882114304295,-0.9981868228947476,-0.004043743615000417,0.0039429349074451845
1790595430.147774,173690.77135700002,1790595430.079255,0.005196210462599993,0.012036032974720001,-0.00796365737915039,0.007102359086275101,0.12048683315515518,0.9926895499229431,0.07160039246082306,0.024363674223423004,-0.005107619799673557,0.06033869588892978,-0.99816228768457,-0.004100955503413128,0.0038056194727917425
1790595430.147917,173690.781415,1790595430.089313,0.0034587769769132137,0.005831226706504822,-0.00893092155456543,0.006901926826685667,0.12107642740011215,0.992619514465332,0.046061206609010696,0.01681787334382534,0.009513400495052338,0.06063556618530706,-0.9981448052449784,-0.004085603201664396,0.003705570779451565
1790595430.1480398,173690.79147300002,1790595430.099371,-0.0009712968021631241,0.0020835399627685547,-0.004529714584350586,0.006723844911903143,0.12139087915420532,0.9925820827484131,0.018017588183283806,0.02289600670337677,0.026065479964017868,0.060794371729451555,-0.9981358358371478,-0.003987772821020854,0.003611088337755284
1790595430.1481652,173690.801531,1790595430.1094291,0.0008284053765237331,0.006695352494716644,-0.0030896663665771484,0.006526314187794924,0.12144824862480164,0.9925763607025146,-0.006433958653360605,0.023472314700484276,0.03799457848072052,0.06082418359979935,-0.9981350580745205,-0.0038193123357593063,0.0035019947481147833
1790595430.1482828,173690.81158900002,1790595430.119487,0.00298571540042758,0.0062054917216300964,0.0004900693893432617,0.006367908325046301,0.12128198891878128,0.9925978183746338,-0.027670804411172867,0.019054129719734192,0.04311903193593025,0.06074159602931704,-0.9981412083765616,-0.0036088185400253744,0.0034094971035818662
1790595430.1484,173690.821647,1790595430.129545,0.00335728470236063,0.005534261465072632,0.0016671419143676758,0.006255737505853176,0.12093089520931244,0.9926414489746094,-0.04130911827087402,0.013157093897461891,0.04701736569404602,0.06056603935492487,-0.9981529535409817,-0.003377660651551493,0.0033386068059257186
1790595430.148513,173690.83170500002,1790595430.1396031,0.005641186609864235,0.001705177128314972,-0.001363992691040039,0.0062606558203697205,0.1204722672700882,0.9926971197128296,-0.051257889717817307,-0.0031374571844935417,0.04773535579442978,0.060336256597297536,-0.9981676785102747,-0.0031366052173233596,0.0033256725438696073
1790595430.148629,173690.841763,1790595430.149661,0.007507988717406988,-0.005403175950050354,0.0032243728637695312,0.006453786976635456,0.11992068588733673,0.9927626252174377,-0.05940423160791397,-0.024722911417484283,0.04720618575811386,0.06005945995077387,-0.9981847787541184,-0.0029062250111230544,0.003407625471857562
1790595430.1549718,173690.85182100002,1790595430.159719,0.012782943435013294,-0.007594659924507141,0.00533294677734375,0.0068551041185855865,0.11928928643465042,0.9928359985351562,-0.06705150008201599,-0.043014299124479294,0.04934417083859444,0.05974234557097922,-0.9982038182679812,-0.0026733546255767646,0.0035937194036917914
1790595430.165941,173690.861879,1790595430.1697772,0.01940840855240822,-0.007851958274841309,0.004243910312652588,0.007431786507368088,0.1185700073838234,0.9929178357124329,-0.07694967091083527,-0.06026226282119751,0.04695185273885727,0.05938096257457207,-0.9982248939590105,-0.002442900268911762,0.003867820738069273
1790595430.175918,173690.87193700002,1790595430.179835,0.022411491721868515,-0.007922142744064331,0.008535623550415039,0.008167105726897717,0.11778569221496582,0.9930053949356079,-0.0794098973274231,-0.07688091695308685,0.03691413253545761,0.05898671880704757,-0.9982472722910217,-0.0022526598648149434,0.004223832931658573
1790595430.185981,173690.881995,1790595430.189893,0.02103237807750702,-0.0055823251605033875,0.011328697204589844,0.008996902965009212,0.11695649474859238,0.9930962324142456,-0.08602172881364822,-0.08116008341312408,0.020920252427458763,0.05856968290409065,-0.9982702898102878,-0.0021317346466544,0.004631317205601518
1790595430.19592,173690.89205300002,1790595430.199951,0.01299381349235773,-0.006139621138572693,0.007619023323059082,0.00981806218624115,0.11609473824501038,0.9931895732879639,-0.0877261534333229,-0.08160163462162018,-0.0011174052488058805,0.0581359228369941,-0.9982937155864499,-0.002111619951256136,0.00504039263692464
1790595430.205288,173690.902111,1790595430.210009,0.004126482643187046,-0.00552966445684433,0.006516695022583008,0.010567713528871536,0.11521010845899582,0.9932847619056702,-0.08955254405736923,-0.06999078392982483,-0.016904624179005623,0.05769029206067163,-0.9983173896944202,-0.0021832659121399744,0.005418928082262289
1790595430.2162912,173690.91216900002,1790595430.220067,0.00017001666128635406,-0.005574613809585571,0.0017231106758117676,0.011182504706084728,0.11433952301740646,0.9933785796165466,-0.08592239022254944,-0.057287245988845825,-0.024845903739333153,0.05725151517159041,-0.998340599690455,-0.0023109328853942296,0.005733070034116852
1790595430.225983,173690.922227,1790595430.230125,0.0014064712449908257,-0.003872893750667572,0.0023826956748962402,0.01167029608041048,0.11352282762527466,0.9934667944908142,-0.07724714279174805,-0.04568438604474068,-0.0194210447371006,0.05683987769889089,-0.9983623701057703,-0.0024431084503508606,0.0059838131684666765
1790595430.236063,173690.93228500002,1790595430.240183,0.007557635195553303,-0.0007767006754875183,0.0028876066207885742,0.012080413289368153,0.1128222867846489,0.9935418367385864,-0.0610378161072731,-0.039715174585580826,-0.010741271078586578,0.056486904174978314,-0.9983809424338165,-0.002534352968160094,0.00619339185503185
1790595430.246001,173690.942343,1790595430.250241,0.011847675777971745,0.0025592073798179626,0.0007774829864501953,0.012444301508367062,0.11233975738286972,0.9935919642448425,-0.035230983048677444,-0.03358324617147446,0.0016525485552847385,0.056243850796514026,-0.998393396254451,-0.002570111266302296,0.006376949119185785
1790595430.2561438,173690.95240100002,1790595430.260299,0.01112721674144268,0.0018002018332481384,-0.005424857139587402,0.01273751724511385,0.11210697144269943,0.9936147332191467,-0.01063456293195486,-0.021974794566631317,0.012844482436776161,0.05612676668123446,-0.998399173212154,-0.0025403355401307118,0.006521779618607401
1790595430.266026,173690.962459,1790595430.2703571,0.011073701083660126,0.0037331506609916687,-0.008245110511779785,0.012897842563688755,0.11211186647415161,0.9936120510101318,0.012552781961858273,-0.006543906405568123,0.026394646614789963,0.05612968837251518,-0.9983987440711827,-0.0024442967056463195,0.0065966819325574255
1790595430.2760162,173690.97251700002,1790595430.280415,0.018186243250966072,0.016276970505714417,-0.011808514595031738,0.012911155819892883,0.11230914294719696,0.9935895800590515,0.02561718411743641,0.01197651494294405,0.038744788616895676,0.05622987691984001,-0.9983935039762473,-0.002278792637531599,0.006594307901575743
1790595430.2880378,173690.982575,1790595430.290473,0.018644241616129875,0.01945536583662033,-0.00979471206665039,0.01274307630956173,0.11259450763463974,0.9935595393180847,0.031921420246362686,0.03252226859331131,0.04189610853791237,0.05637475611606517,-0.9983864392316126,-0.0020713926439358994,0.006498798613667306
1790595430.296059,173690.99263300002,1790595430.3005311,0.015004798769950867,0.009785763919353485,-0.007276415824890137,0.012369454838335514,0.11291045695543289,0.9935283064842224,0.03140263631939888,0.051152944564819336,0.04246868938207626,0.05653527424924636,-0.9983790697375569,-0.001840571737045719,0.006298994744934809
1790595430.3063328,173691.002691,1790595430.310589,0.010718070901930332,-0.003982335329055786,-0.0025529861450195312,0.011849661357700825,0.11317451298236847,0.993504524230957,0.021384088322520256,0.06251132488250732,0.038269151002168655,0.05666965648195234,-0.9983734871617417,-0.0016216541867199062,0.0060265315699402815
1790595430.316062,173691.01274900002,1790595430.320647,0.005870337598025799,-0.013105995953083038,0.007222592830657959,0.011219487525522709,0.11332598328590393,0.9934943318367004,0.010293622501194477,0.07112506031990051,0.03632637485861778,0.05674737419005964,-0.9983712604477352,-0.0014113649222751126,0.0056991175210410385
1790595430.3261929,173691.022807,1790595430.330705,0.00468291062861681,-0.015021875500679016,0.014223217964172363,0.010530087165534496,0.1133650541305542,0.9934976696968079,-0.0027617262676358223,0.07318314909934998,0.03437560796737671,0.05676845077711518,-0.9983723623101854,-0.0012120253095217683,0.005342544003011974
1790595430.336092,173691.03286500002,1790595430.340763,0.009625764563679695,-0.01498614251613617,0.017396211624145508,0.00985969603061676,0.11328354477882385,0.9935137033462524,-0.014354824088513851,0.06791562587022781,0.029717547819018364,0.056728703556263194,-0.9983765715992772,-0.0010333357666758778,0.004996579208749502
1790595430.3481548,173691.042923,1790595430.350821,0.01774989627301693,-0.012264661490917206,0.018210172653198242,0.009288663044571877,0.1131102666258812,0.9935389161109924,-0.019139723852276802,0.05291510373353958,0.028399551287293434,0.056642642651883554,-0.9983830391882205,-0.000867721336474369,0.004701083067507708
1790595430.358101,173691.05298100002,1790595430.360879,0.02742324024438858,-0.0026956722140312195,0.02006065845489502,0.008892662823200226,0.1129101887345314,0.9935653805732727,-0.019261164590716362,0.031142430379986763,0.023941686376929283,0.05654290900486284,-0.9983897925341101,-0.0007188104774499619,0.004494211737903166
1790595430.368147,173691.063039,1790595430.370937,0.036460988223552704,0.007918402552604675,0.022982478141784668,0.008750786073505878,0.11271785199642181,0.9935884475708008,-0.01889844238758087,0.002585886511951685,0.013440308161079884,0.056446758619161,-0.99839563045962,-0.0006174428184726874,0.004417332575304333
1790595430.378345,173691.07309700001,1790595430.380995,0.03803379461169243,0.01075628399848938,0.02599918842315674,0.008856450207531452,0.1125350296497345,0.9936084151268005,-0.01726352795958519,-0.022517334669828415,-0.007703859359025955,0.05635494044301377,-0.9984006394268634,-0.0006056101548294984,0.004469502632346508
1790595430.386286,173691.083155,1790595430.391053,0.027975477278232574,0.0077156126499176025,0.023478984832763672,0.009133882820606232,0.11235611140727997,0.9936262369155884,-0.01943879760801792,-0.03475003316998482,-0.031411852687597275,0.05626451333444152,-0.9984050415068872,-0.0007111630420020983,0.004614314335362468
1790595430.398135,173691.09321300001,1790595430.4011111,0.011478284373879433,0.0010847151279449463,0.02025294303894043,0.009472020901739597,0.11213581264019012,0.9936479330062866,-0.025903621688485146,-0.03988087922334671,-0.050532016903162,0.056152727498265116,-0.998410292199822,-0.0009268061206800594,0.004795677067244956
1790595430.408471,173691.10327000002,1790595430.411168,-0.002796194516122341,-0.007954508066177368,0.017807960510253906,0.009784706868231297,0.11180613934993744,0.9936820864677429,-0.041122257709503174,-0.035930078476667404,-0.06787025928497314,0.055985458043607474,-0.9984185118410417,-0.00123776950929648,0.004969509812096997
1790595430.418159,173691.113329,1790595430.421227,-0.008422636426985264,-0.01080188900232315,0.01522517204284668,0.01000953745096922,0.11134234815835953,0.9937317371368408,-0.052567724138498306,-0.024402320384979248,-0.07144395262002945,0.055750514291837604,-0.9984304263391358,-0.0016000033269690942,0.005101977814901797
1790595430.428222,173691.12338600002,1790595430.431284,-0.009553350508213043,-0.00829489529132843,0.01198357343673706,0.010102647356688976,0.11072740703821182,0.993799090385437,-0.06979358196258545,-0.01138878520578146,-0.06816320866346359,0.05543969470133559,-0.9984466516928547,-0.001959017246887669,0.00516795886908757
1790595430.438217,173691.133444,1790595430.441342,-0.004639674909412861,-0.0024884194135665894,0.009981989860534668,0.010087050497531891,0.11001741886138916,0.9938787221908569,-0.07256565988063812,8.597731357440352e-05,-0.056864216923713684,0.05508139693650722,-0.9984658932994173,-0.0022821164930997887,0.005177169726380349
1790595430.448218,173691.14350179167,1790595430.4513998,0.0037127509713172913,0.008501961827278137,0.004972517490386963,0.00995910819619894,0.10929616540670395,0.9939591884613037,-0.07033233344554901,0.014149597845971584,-0.033766619861125946,0.054718086784868905,-0.9984855024183739,-0.002510539161240727,0.005124687276659256
1790595430.458218,173691.15355979168,1790595430.4614577,0.017979828640818596,0.025628358125686646,0.002063453197479248,0.00979115255177021,0.10866452008485794,0.9940301775932312,-0.05469559133052826,0.012352497316896915,-0.008257264271378517,0.05440048718606174,-0.9985029978081945,-0.0026180166376748087,0.005045550931897123
1790595430.467586,173691.16361779167,1790595430.471516,0.025000903755426407,0.037941351532936096,-0.0008224248886108398,0.00966704823076725,0.10823814570903778,0.9940780997276306,-0.030270671471953392,0.014981569722294807,0.018124010413885117,0.0541866201994812,-0.9985150674274271,-0.002592713340060177,0.004981411707822839
1790595430.477569,173691.17367579168,1790595430.4815738,0.022409699857234955,0.03989066183567047,-0.0026437044143676758,0.009542189538478851,0.108058862388134,0.9940989017486572,-0.004918977152556181,0.015394093468785286,0.033691782504320145,0.05409740098352577,-0.9985206190351522,-0.002455549833853674,0.004911198944621266
1790595430.487581,173691.18373379167,1790595430.4916317,0.015349662862718105,0.03514494001865387,-0.001310110092163086,0.00947637390345335,0.1081201359629631,0.9940928816795349,0.016518404707312584,0.008850440382957458,0.04644273221492767,0.054129268856008,-0.9985195981622453,-0.0022461853970110533,0.0048669764283656635
1790595430.497613,173691.19379179168,1790595430.50169,0.0072149112820625305,0.030640877783298492,0.0004405975341796875,0.009432410821318626,0.10836698859930038,0.9940662980079651,0.03313625976443291,0.010963126085698605,0.049033187329769135,0.05425446976365269,-0.9985134636869853,-0.0020024789214269237,0.004832031949026149
1790595430.5075788,173691.20384979167,1790595430.5117478,-0.0013621831312775612,0.018524765968322754,-0.0013359785079956055,0.009342520497739315,0.10873385518789291,0.9940272569656372,0.03969269618391991,0.01866498962044716,0.042828287929296494,0.05443994841529399,-0.9985041454566718,-0.0017621938233034998,0.004774335619834838
1790595430.517615,173691.21390779168,1790595430.5218058,-0.004897678270936012,0.009898737072944641,0.0008425712585449219,0.009170126169919968,0.10913537442684174,0.9939847588539124,0.04038858041167259,0.024709299206733704,0.032963141798973083,0.05464268226731471,-0.9984938419769277,-0.0015615907223899385,0.004677437392193581
1790595430.5276082,173691.22396579167,1790595430.531864,-2.8721056878566742e-05,0.00862133502960205,0.0022706985473632812,0.008955098688602448,0.10951249301433563,0.9939451217651367,0.03446624428033829,0.02463526278734207,0.023518776521086693,0.05483293557322222,-0.9984841372413354,-0.0014092648453124092,0.004561738266445016
1790595430.538613,173691.23402379168,1790595430.5419219,0.001935330219566822,0.0029385536909103394,0.005685329437255859,0.008715289644896984,0.10977840423583984,0.9939178228378296,0.017798852175474167,0.026524776592850685,0.006748583167791367,0.05496701796702614,-0.9984774205497495,-0.0013245936747440222,0.0044372095760706635
1790595430.548317,173691.24408179166,1790595430.5519798,0.00043982546776533127,-0.0038904324173927307,0.006348729133605957,0.008471292443573475,0.10986302047967911,0.9939106702804565,-0.001011854037642479,0.02331140637397766,0.001960752299055457,0.05500977513496755,-0.9984756729439603,-0.0012955436629988365,0.004313488729331746
1790595430.558309,173691.25413979168,1790595430.562038,0.0012260926887392998,-0.005357846617698669,0.007235705852508545,0.008264859206974506,0.10975874960422516,0.9939237833023071,-0.021134965121746063,0.01812197081744671,-0.003919507376849651,0.05495750288477033,-0.9984789426485219,-0.0012978303017501672,0.004210158789379767
1790595430.568384,173691.26419779166,1790595430.5720959,0.006737387739121914,-0.0030624642968177795,0.008388638496398926,0.008124656043946743,0.10943176597356796,0.9939610958099365,-0.04300324618816376,0.008068270049989223,-0.0032289496157318354,0.05479328422135999,-0.9984882718888869,-0.0013119236097389405,0.0041404720787419575
1790595430.579094,173691.27425579168,1790595430.5821538,0.012938886880874634,0.0016021579504013062,0.010243117809295654,0.008148742839694023,0.10894804447889328,0.9940140247344971,-0.05323777347803116,-0.01460748165845871,0.000943691236898303,0.054550271863543824,-0.998501508182158,-0.0013225168150129674,0.004152737710492033
1790595430.673824,173691.28431379166,1790595430.5922117,0.015778692439198494,0.006657540798187256,0.010962724685668945,0.008391215465962887,0.10839399695396423,0.9940725564956665,-0.05614355206489563,-0.03458145633339882,0.004852944985032082,0.05427191382890534,-0.9985161737684919,-0.0013141126051128868,0.004273267839837085
1790595430.67408,173691.29437179168,1790595430.60227,0.016078174114227295,0.010683976113796234,0.009243965148925781,0.00885467417538166,0.10784660279750824,0.994128406047821,-0.05320901423692703,-0.05733736604452133,0.008797086775302887,0.05399685464240331,-0.9985301952551998,-0.0012905861798434511,0.004503644156568886
1790595430.674228,173691.30442979166,1790595430.6123278,0.015604203566908836,0.01474500447511673,0.010996222496032715,0.009542267769575119,0.10734086483716965,0.9941765069961548,-0.048539694398641586,-0.07598268985748291,0.013559351675212383,0.053742693566109674,-0.9985422783469374,-0.0012548929172218593,0.00484563878492766
1790595430.6743581,173691.31448779168,1790595430.6223857,0.00875434372574091,0.01925889402627945,0.013839483261108398,0.010380164720118046,0.10688582062721252,0.9942173361778259,-0.04352176561951637,-0.08808062970638275,0.018404973670840263,0.05351406435738007,-0.9985525714493204,-0.0011977922078268586,0.005261797029682054
1790595430.674481,173691.32454579166,1790595430.632444,-0.0006103264167904854,0.018486492335796356,0.012156486511230469,0.011276204138994217,0.10646802932024002,0.9942522644996643,-0.04081865772604942,-0.08503344655036926,0.019188741222023964,0.05330426887815013,-0.9985613909306206,-0.0011266124664133855,0.005706364741597184
1790595430.674602,173691.33460379168,1790595430.6425018,-0.009433750994503498,0.014800965785980225,0.009923934936523438,0.012088769115507603,0.10604894906282425,0.9942876100540161,-0.04179923236370087,-0.07172989100217819,0.021908361464738846,0.05309399154092591,-0.9985703307137168,-0.0010459790528580992,0.0061086530711773
1790595430.674721,173691.34466179166,1790595430.6525598,-0.012414500117301941,0.014525480568408966,0.009414196014404297,0.012780697084963322,0.10562250763177872,0.9943241477012634,-0.04360991716384888,-0.0597509890794754,0.022035662084817886,0.052880200932244846,-0.9985795701764353,-0.0009557349067701398,0.006450049767679516
1790595430.6748369,173691.35471979168,1790595430.662618,-0.011723938398063183,0.014877840876579285,0.00981450080871582,0.013280321843922138,0.10516335815191269,0.9943666458129883,-0.04739772900938988,-0.037320781499147415,0.01934187300503254,0.05265011919214686,-0.9985902893006217,-0.0008635614146735297,0.006695065453126441
1790595430.674954,173691.36477779166,1790595430.6726758,-0.004096812568604946,0.018265314400196075,0.00886690616607666,0.013587764464318752,0.1046750396490097,0.9944136738777161,-0.04945182427763939,-0.01995137892663479,0.019019898027181625,0.05240548041838616,-0.9986021361394245,-0.0007734902193930514,0.0068439841286051855
1790595430.6786802,173691.37483579168,1790595430.6827338,0.001349746249616146,0.024880558252334595,0.015074610710144043,0.013741182163357735,0.10419383645057678,0.9944621920585632,-0.04514229670166969,-0.006375916767865419,0.016183098778128624,0.05216441315518413,-0.9986143501786431,-0.0006918912733408962,0.006916266501033411
1790595430.688458,173691.38489379166,1790595430.692792,0.0011608470231294632,0.030795946717262268,0.01922762393951416,0.013808012008666992,0.10377161204814911,0.9945054054260254,-0.03730994090437889,-0.006521059200167656,0.007288672029972076,0.051952840510906935,-0.9986252031140317,-0.0006320820823730512,0.006946394371084064
1790595430.701503,173691.39495179168,1790595430.7028499,-0.0027398355305194855,0.03409803658723831,0.023104190826416016,0.01389399729669094,0.10347550362348557,0.9945350289344788,-0.020844945684075356,-0.010926193557679653,-0.0014201306039467454,0.05180424623511989,-0.9986326235497085,-0.0006214653856605471,0.006988749614854012
1790595430.709005,173691.4050097917,1790595430.7129078,-0.004046415910124779,0.033474430441856384,0.01891195774078369,0.014010395854711533,0.10335144400596619,0.9945465326309204,-0.0036395948845893145,-0.011227130889892578,0.000812397338449955,0.05174190714894285,-0.9986355016363134,-0.0006264716338419204,0.007047228682092547
1790595430.717851,173691.41506779168,1790595430.7229657,-0.003500332124531269,0.030939772725105286,0.015483856201171875,0.014135696925222874,0.10338365286588669,0.9945412874221802,0.0110141821205616,-0.012225283309817314,0.007158176973462105,0.05175816509950788,-0.9986342018134016,-0.0006123196577190006,0.007109250943841825
1790595430.7286122,173691.4251257917,1790595430.733024,0.0010129129514098167,0.02738652378320694,0.01215982437133789,0.014276382513344288,0.10353419184684753,0.9945236444473267,0.019884373992681503,-0.011860696598887444,0.023878568783402443,0.05183423658898353,-0.998629827533131,-0.000540729199833293,0.007176051839427918
1790595430.738923,173691.43518379168,1790595430.7430818,0.007088594138622284,0.024327538907527924,0.010460376739501953,0.014395765028893948,0.10375500470399857,0.9944985508918762,0.023741429671645164,-0.004651519935578108,0.04490821808576584,0.05194629873318056,-0.9986236169861195,-0.0003739358123463482,0.007227254338405741
1790595430.74851,173691.4452417917,1790595430.7531397,0.014316092245280743,0.016957350075244904,0.011065006256103516,0.014461971819400787,0.10398411005735397,0.9944740533828735,0.022903332486748695,0.0025850876700133085,0.062456849962472916,0.0520632582078938,-0.9986175476809148,-0.00010632611297157839,0.007246539815388674
1790595430.758525,173691.45529979168,1790595430.763198,0.014890161342918873,0.010580994188785553,0.013254106044769287,0.01446773111820221,0.10419588536024094,0.9944514036178589,0.02118346467614174,0.01054500974714756,0.07453908771276474,0.05217212346274329,-0.9986118555636364,0.00024337214886639125,0.007231206323022084
1790595430.7705688,173691.4653577917,1790595430.7732558,0.014581653289496899,0.007569238543510437,0.014920949935913086,0.014410038478672504,0.10438481718301773,0.9944329261779785,0.019127503037452698,0.018566185608506203,0.07892318069934845,0.05226980508584039,-0.998607056958172,0.0006390099498149883,0.00718162177126243
1790595430.780617,173691.47541579168,1790595430.7833138,0.00947996973991394,0.002255864441394806,0.010252237319946289,0.014247437007725239,0.10455595701932907,0.9944169521331787,0.017362892627716064,0.029468901455402374,0.06935630738735199,0.052358358022338125,-0.9986027453958676,0.0010197049046489163,0.007080221491865159
1790595430.790564,173691.4854737917,1790595430.793372,0.009359311312437057,-0.005482867360115051,0.006436467170715332,0.01398661732673645,0.10472629219293594,0.9944025278091431,0.019193017855286598,0.033442869782447815,0.05452808737754822,0.05244594316164523,-0.9985987440562398,0.0013426801333139725,0.0069326050688815885
1790595430.800289,173691.49553179168,1790595430.8034298,0.014616718515753746,-0.012719027698040009,0.007567644119262695,0.013703585602343082,0.10492820292711258,0.9943856000900269,0.02312490902841091,0.03207879886031151,0.03679729625582695,0.052548696207861914,-0.9985941586595867,0.0015817219915984085,0.006778204357493624
1790595430.8120599,173691.5055897917,1790595430.8134878,0.025456435978412628,-0.013688765466213226,0.005881905555725098,0.0134534677490592,0.1051807701587677,0.9943624138832092,0.029050175100564957,0.023255478590726852,0.018716298043727875,0.05267623442664597,-0.9985881121281915,0.001726793422880885,0.006645155297896423
1790595430.819875,173691.51564779168,1790595430.823546,0.03196054697036743,-0.013333834707736969,0.0002840757369995117,0.0132664879783988,0.10551244020462036,0.9943292737007141,0.03650409355759621,0.017856718972325325,0.000270976684987545,0.052842923254777616,-0.9985797292780682,0.0017793463896895447,0.006548518915196193
1790595430.830827,173691.5257057917,1790595430.8336039,0.03374757617712021,-0.012943357229232788,-0.0050466060638427734,0.013081640936434269,0.10591547936201096,0.9942893981933594,0.042934298515319824,0.017242593690752983,-0.017267003655433655,0.05304485302889105,-0.9985698166941686,0.0017419884741965502,0.0064576524368189885
1790595430.840998,173691.53576379167,1790595430.8436618,0.034116972237825394,-0.006406717002391815,-0.006328463554382324,0.012880083173513412,0.106367327272892,0.9942434430122375,0.04556603357195854,0.018688956275582314,-0.03028932772576809,0.05327080519657961,-0.9985585050209697,0.0016268759857241103,0.0063625479527358985
1790595430.850697,173691.5458217917,1790595430.85372,0.03393891826272011,-0.0009293034672737122,-0.003947734832763672,0.01264615822583437,0.10682561993598938,0.9941976070404053,0.04386533796787262,0.02053958736360073,-0.04629546031355858,0.05349955899250223,-0.9985473107287173,0.0014434966856563302,0.006254938996112667
1790595430.860497,173691.55587879167,1790595430.863777,0.02791859768331051,0.0006652325391769409,-0.0019665956497192383,0.012364593334496021,0.10726048797369003,0.9941542744636536,0.042212314903736115,0.02570958249270916,-0.05489347502589226,0.053716183561646674,-0.9985367868491948,0.0011982765290212067,0.006126894546474655
1790595430.871331,173691.56593679168,1790595430.8738348,0.024087678641080856,0.0022396519780158997,-0.006807684898376465,0.012029862962663174,0.10768496990203857,0.994112491607666,0.04217502847313881,0.0313086099922657,-0.057357966899871826,0.05392747779665598,-0.9985266022201769,0.0009269721002456254,0.005973744122758102
1790595430.880991,173691.57599479167,1790595430.8838928,0.017233461141586304,0.003577709197998047,-0.014410614967346191,0.011590377427637577,0.10811690986156464,0.9940705895423889,0.041849326342344284,0.04432614520192146,-0.05263777822256088,0.05414257181068177,-0.9985163332766954,0.0006563068649245476,0.005768212732050116
1790595430.890635,173691.58605279168,1790595430.893951,0.0141871627420187,-0.0007982328534126282,-0.01823258399963379,0.01106612291187048,0.1085255891084671,0.9940323233604431,0.03856751322746277,0.05065913870930672,-0.03858853876590729,0.054346349720693646,-0.9985068665182311,0.00043657148964070566,0.00551757386352984
1790595430.9009862,173691.59611079167,1790595430.9040089,0.014487449079751968,-0.002644836902618408,-0.012600421905517578,0.010491176508367062,0.10887683182954788,0.9940001964569092,0.031740497797727585,0.055462151765823364,-0.01572583243250847,0.05452188553784351,-0.998498872259596,0.00031034115426482894,0.005236528589070525
1790595430.91261,173691.60616879168,1790595430.9140668,0.01957981288433075,-0.0029957666993141174,-0.0034050345420837402,0.009976443834602833,0.10915142297744751,0.9939749240875244,0.025135062634944916,0.04575759172439575,0.00856991857290268,0.05465964523868909,-0.9984925535319015,0.0003086906510553164,0.004978854157233962
1790595430.921314,173691.61622679167,1790595430.9241247,0.02343245968222618,-0.006502158939838409,0.009403109550476074,0.009618060663342476,0.1093771830201149,0.9939536452293396,0.019572783261537552,0.030606869608163834,0.03166298568248749,0.05477348954521044,-0.9984871723463237,0.00042495285267812535,0.004793005389522124
1790595430.9313989,173691.62628479168,1790595430.934183,0.02493179589509964,-0.009925633668899536,0.013982772827148438,0.009430980309844017,0.10955053567886353,0.9939364194869995,0.01589176245033741,0.015431909821927547,0.052171722054481506,0.054861529768299645,-0.9984827389923352,0.0006446389281272179,0.004687236244362622
1790595430.941275,173691.63634279167,1790595430.9442408,0.032491136342287064,-0.003069452941417694,0.015586018562316895,0.009440002962946892,0.10969816893339157,0.9939202666282654,0.014155913144350052,-0.0057807001285254955,0.06647104024887085,0.05493710857222486,-0.9984784577869,0.0009487516497050234,0.004674992869522658
1790595430.9508328,173691.64640079168,1790595430.9542987,0.035314444452524185,-0.005859024822711945,0.01833474636077881,0.00969897024333477,0.10983271151781082,0.993902862071991,0.013718889094889164,-0.03174492344260216,0.059867724776268005,0.05500636734444526,-0.9984737463643014,0.001265480265037092,0.004787182243555498
1790595430.960774,173691.65645879167,1790595430.964357,0.030979033559560776,-0.013910003006458282,0.015516102313995361,0.01018916629254818,0.10996435582637787,0.9938831925392151,0.013041913509368896,-0.05048052594065666,0.04471913352608681,0.05507415595812844,-0.9984684662463424,0.0015201545322515572,0.0050185478530547735
1790595430.9709241,173691.66651679168,1790595430.9744148,0.027010899037122726,-0.014063723385334015,0.00433725118637085,0.010739332064986229,0.1101028174161911,0.9938621520996094,0.014890146441757679,-0.05246324837207794,0.019458254799246788,0.055144994157188564,-0.9984629622098913,0.0016695828247239506,0.005285721018830902
1790595430.9843369,173691.67657479167,1790595430.9844728,0.018067585304379463,-0.0159442201256752,-0.0017619132995605469,0.011259794235229492,0.11022855341434479,0.9938424825668335,0.010163568891584873,-0.049474917352199554,-0.014796390198171139,0.055208669201836265,-0.9984580334674641,0.0016697830510868947,0.005546262538072378
1790595430.992714,173691.68663279168,1790595430.994531,0.0058530354872345924,-0.020014338195323944,-0.0032428503036499023,0.011664044111967087,0.11031614989042282,0.993828296661377,0.00842532329261303,-0.035756707191467285,-0.04207994416356087,0.05525219225966868,-0.9984547240345105,0.0015173912748234087,0.005757079127573985
1790595431.0011451,173691.69669079166,1790595431.0045888,0.0008166953921318054,-0.016770973801612854,-0.0050640106201171875,0.011863344348967075,0.11038392782211304,0.9938181638717651,0.004730454180389643,-0.018083704635500908,-0.06294740736484528,0.05528480477155422,-0.9984525758424535,0.0012417943415169643,0.005872106604659284
1790595431.010823,173691.70674879168,1790595431.0146468,-0.0011670105159282684,-0.01251094788312912,0.0023369193077087402,0.01192444283515215,0.1103811040520668,0.9938178062438965,-0.005797021556645632,-0.0052973367273807526,-0.0774855986237526,0.05528129003795078,-0.9984528609716913,0.0008799941323892335,0.005922737651711036
1790595431.020735,173691.71680679166,1790595431.024705,-0.0008407179266214371,-0.0027672722935676575,0.002081155776977539,0.011735481210052967,0.11029627174139023,0.9938296675682068,-0.013553212396800518,0.02282164990901947,-0.0800294503569603,0.05523623428631495,-0.9984561127447648,0.00048205131681414653,0.005850145732074259
1790595431.0328052,173691.72686479168,1790595431.0347629,0.006745355203747749,0.012338541448116302,0.0027790069580078125,0.011382073163986206,0.11015930026769638,0.9938488006591797,-0.0145561583340168,0.0287834033370018,-0.07820305973291397,0.05516503770416189,-0.9984610068184725,8.594257661312384e-05,0.005695060298334301
1790595431.041624,173691.73692279166,1790595431.0448208,0.008596045896410942,0.02171418070793152,-0.00039565563201904297,0.010919931344687939,0.11006098240613937,0.9938646554946899,-0.0063573503866791725,0.05043783038854599,-0.06634559482336044,0.055113608635809615,-0.9984649518378331,-0.0002709894199959543,0.005483317859656387
1790595431.0508192,173691.74698079168,1790595431.054879,0.013972471468150616,0.031101718544960022,-0.010535240173339844,0.010227954015135765,0.11005763709545135,0.9938727021217346,0.004642569925636053,0.0731615200638771,-0.04556788504123688,0.05511054642963139,-0.9984668543343964,-0.0005364641040036573,0.0051514395836843715
1790595431.060829,173691.75703879166,1790595431.0649369,0.016098283231258392,0.03931276500225067,-0.01013338565826416,0.009399140253663063,0.1101778894662857,0.9938675761222839,0.018253453075885773,0.08540034294128418,-0.018901385366916656,0.05517038071098228,-0.9984654930660054,-0.0006792277140212839,0.004744323756727782
1790595431.070189,173691.76709679168,1790595431.0749948,0.018710630014538765,0.04017127305269241,-0.00416254997253418,0.008465259335935116,0.11043327301740646,0.993847668170929,0.030849406495690346,0.10055026412010193,0.007835685275495052,0.05529887754005169,-0.998460496121285,-0.0006762350533656353,0.0042766087445767565
1790595431.080848,173691.77715479166,1790595431.0850527,0.016883045434951782,0.030974067747592926,0.0021222829818725586,0.0074394503608345985,0.11076511442661285,0.9938188791275024,0.03724285587668419,0.10792242735624313,0.03611419349908829,0.0554663273396012,-0.9984533749543165,-0.0005371747612378818,0.0037553284829601984
1790595431.090729,173691.78721279168,1790595431.095111,0.014642670750617981,0.025050625205039978,0.012383341789245605,0.0064297029748559,0.1111648678779602,0.9937810897827148,0.04248981550335884,0.10527391731739044,0.06147867068648338,0.05566821204301168,-0.9984440334784177,-0.0002596750588640604,0.0032343395484361725
1790595431.100855,173691.79727079166,1790595431.1051688,0.017524780705571175,0.020846553146839142,0.019365668296813965,0.005470200441777706,0.11156951636075974,0.9937416315078735,0.038596272468566895,0.10137797892093658,0.08161617070436478,0.05587260427550648,-0.9984341732242284,0.00013097642875213922,0.0027320601236704104
1790595431.1970172,173691.80732879168,1790595431.1152267,0.021569635719060898,0.0128263458609581,0.02344357967376709,0.00459917401894927,0.11191453784704208,0.9937072396278381,0.029390526935458183,0.09274055063724518,0.09274685382843018,0.05604688119351027,-0.9984253869898873,0.0005989394156996172,0.002269591978419097
1790595431.19746,173691.81738679166,1790595431.125285,0.02763369493186474,0.0040212273597717285,0.024698734283447266,0.0038299160078167915,0.11211371421813965,0.9936881065368652,0.010858654044568539,0.08342853933572769,0.09649311751127243,0.05614760795046388,-0.9984201776699881,0.001102991063731763,0.0018559598062284296
1790595431.197637,173691.82744479168,1790595431.1353428,0.03321053087711334,-0.0032019689679145813,0.028193116188049316,0.003181670792400837,0.11213476210832596,0.9936881065368652,-0.006094763055443764,0.06585860252380371,0.0876530259847641,0.05615852556908739,-0.9984195163813657,0.0015877332051908264,0.001504047738122194
1790595431.197771,173691.83750279166,1790595431.1454008,0.030554968863725662,-0.011189579963684082,0.03209507465362549,0.0026939206290990114,0.11197419464588165,0.9937077164649963,-0.025042887777090073,0.051555559039115906,0.07517771422863007,0.056077985310382335,-0.9984236507910643,0.002015514014999338,0.0012358825239651163
1790595431.197896,173691.84756079168,1790595431.155459,0.03253164142370224,-0.01421046257019043,0.03506064414978027,0.0023346811067312956,0.11162282526493073,0.9937475919723511,-0.0440639853477478,0.03526420518755913,0.05867516249418259,0.05590146591680683,-0.9984328744861762,0.002362744379189976,0.0010368846209848359
1790595431.198018,173691.8576187917,1790595431.1655169,0.037513673305511475,-0.013497397303581238,0.038040757179260254,0.002128648804500699,0.1111234501004219,0.9938046932220459,-0.05608416348695755,0.02029937133193016,0.03197537362575531,0.05565056707827007,-0.9984465855958757,0.0026006146488023623,0.0009210294841137583
1790595431.198186,173691.86767679168,1790595431.1755748,0.03351014107465744,-0.013164319097995758,0.04041397571563721,0.001981790643185377,0.11051567643880844,0.9938724637031555,-0.0644635260105133,0.01190188992768526,-0.00023688818328082561,0.055345151256285724,-0.9984633345056426,0.002686263432613972,0.0008435198543971145
1790595431.198326,173691.8777347917,1790595431.185633,0.03308659419417381,-0.012947864830493927,0.04282975196838379,0.001932312618009746,0.1098719909787178,0.9939440488815308,-0.06377270072698593,-0.005069636274129152,-0.030091987922787666,0.05502169882437625,-0.9984814540843638,0.0026079320297341326,0.0008239145900797946
1790595431.198443,173691.88779279168,1790595431.1956909,0.03693300858139992,-0.010456427931785583,0.04074966907501221,0.001992149744182825,0.10927264392375946,0.9940098524093628,-0.05570066720247269,-0.014816539362072945,-0.055971790105104446,0.054720552142071055,-0.9984984930390279,0.0023859735419823314,0.0008668146276528944
1790595431.203821,173691.8978507917,1790595431.2057488,0.038918498903512955,-0.010051704943180084,0.0339357852935791,0.0020818542689085007,0.10877636820077896,0.994064211845398,-0.043049052357673645,-0.01863710954785347,-0.07470312714576721,0.05447109810736879,-0.9985128442889237,0.0020483726594538888,0.0009307341573550779
1790595431.2133949,173691.90790879168,1790595431.2158067,0.03995499387383461,-0.008426576852798462,0.028573155403137207,0.0022050270345062017,0.10843298584222794,0.9941016435623169,-0.02568843774497509,-0.023353833705186844,-0.08620984852313995,0.054298350403717166,-0.9985229875765506,0.001632063079620105,0.0010153949076575051
1790595431.221076,173691.9179667917,1790595431.225865,0.037461865693330765,-0.00252474844455719,0.02400839328765869,0.0023177850525826216,0.10826841741800308,0.9941187500953674,-0.006341371685266495,-0.016390999779105186,-0.08948393911123276,0.05421531666646112,-0.9985279038180926,0.0011847163262579763,0.001096276541796701
1790595431.2331672,173691.92802479168,1790595431.2359228,0.03541863337159157,1.4163553714752197e-05,0.020593225955963135,0.0023621146101504564,0.10829299688339233,0.9941161274909973,0.010217631235718727,-0.011555232107639313,-0.08670386672019958,0.05422717785601173,-0.9985276792724249,0.0007343737065844709,0.0011429169868686553
1790595431.2423759,173691.9380827917,1790595431.2459807,0.03453560173511505,0.0022503212094306946,0.015761613845825195,0.002344877226278186,0.10848301649093628,0.9940956830978394,0.027128970250487328,-0.00028420210583135486,-0.07709065079689026,0.054322121638110024,-0.998522772829521,0.0003185134495782485,0.001156845205679981
1790595431.2531252,173691.94814079168,1790595431.256039,0.03340381756424904,0.0062675997614860535,0.00803232192993164,0.0021644053049385548,0.10882971435785294,0.9940579533576965,0.04049031436443329,0.02137475460767746,-0.06394395977258682,0.054495841159493165,-0.9985133805058147,-2.743850389881276e-05,0.0010853113832457535
1790595431.263474,173691.9581987917,1790595431.2660968,0.030627146363258362,0.011829644441604614,0.0012466907501220703,0.0017672493122518063,0.10929492115974426,0.9940078854560852,0.05253392830491066,0.046011924743652344,-0.04915090277791023,0.05472923996268109,-0.9985007959824465,-0.000298625954123892,0.0009013194881240874
1790595431.272938,173691.96825679168,1790595431.2761548,0.02706085331737995,0.010464690625667572,-0.0044574737548828125,0.0011221180902794003,0.10988165438175201,0.9939441680908203,0.06480763852596283,0.07475968450307846,-0.038524091243743896,0.05502390898055149,-0.9984847625811907,-0.0004989179040066496,0.0005894045312541135
1790595431.283126,173691.9783147917,1790595431.286213,0.021896803751587868,0.004951149225234985,-0.003937065601348877,0.00021316584025043994,0.1105886772274971,0.9938661456108093,0.07720278948545456,0.0980737954378128,-0.031718116253614426,0.05537924224131628,-0.9984651533446002,-0.0006518755689042174,0.0001429026268250968
1790595431.2931478,173691.98837279167,1790595431.2962708,0.01770249381661415,-0.003475680947303772,-0.0005042552947998047,-0.0008568046032451093,0.11140141636133194,0.9937753081321716,0.0853283628821373,0.10862763226032257,-0.029828602448105812,0.05578790569066319,-0.9984423096232543,-0.0007727278207404758,-0.0003858945332031832
1790595431.303147,173691.9984307917,1790595431.3063288,0.015092926099896431,-0.010016165673732758,0.010874271392822266,-0.0019856418948620558,0.11229610443115234,0.9936727285385132,0.09282143414020538,0.10939569026231766,-0.03060225024819374,0.05623794661023225,-0.9984165222922899,-0.0008940183762974831,-0.0009440380826629092
1790595431.313592,173692.00848879167,1790595431.316387,0.021545447409152985,-0.00684715062379837,0.015392899513244629,-0.0030518078710883856,0.11323171108961105,0.9935638904571533,0.09503745287656784,0.09634300321340561,-0.03623989596962929,0.056708726572313795,-0.9983891430336767,-0.0010342110983722083,-0.0014696224551931612
1790595431.323191,173692.0185467917,1790595431.3264449,0.027445608749985695,-0.00197795033454895,0.011874556541442871,-0.004008124116808176,0.11419136822223663,0.9934507608413696,0.09648913890123367,0.08513908833265305,-0.04873332008719444,0.057191815411724994,-0.9983605968455014,-0.001224464694497919,-0.0019372085200562745
1790595431.332884,173692.02860479167,1790595431.3365028,0.03163663297891617,-0.003384537994861603,0.004892468452453613,-0.0048422128893435,0.11514019221067429,0.9933375120162964,0.09398656338453293,0.06777367740869522,-0.06265658885240555,0.05766976150745415,-0.9983318871995187,-0.0014814880993786461,-0.002339572156637225
1790595431.343333,173692.0386627917,1790595431.346561,0.037671905010938644,-0.004736706614494324,-0.0010102391242980957,-0.005491130985319614,0.11604981869459152,0.9932278990745544,0.08815450966358185,0.04772833362221718,-0.07685922831296921,0.05812829454901311,-0.9983038913275042,-0.0018130693425682,-0.0026446604818100962
1790595431.3537111,173692.04872079167,1790595431.356619,0.03698684647679329,-0.00900200754404068,-0.005184173583984375,-0.005965744145214558,0.11686664074659348,0.9931294322013855,0.07666642963886261,0.03021165542304516,-0.08800429105758667,0.05854043540842069,-0.9982784249188213,-0.0022160341987417,-0.0028580649015891367
1790595431.363677,173692.0587787917,1790595431.3666768,0.029484381899237633,-0.013933248817920685,-0.010044515132904053,-0.006321554072201252,0.11755594611167908,0.9930459856987,0.060627005994319916,0.018958203494548798,-0.09920554608106613,0.05888871570378959,-0.9982563875768727,-0.0026806427819891375,-0.0030081623790182825
1790595431.3785741,173692.06883679167,1790595431.3767347,0.025189554318785667,-0.019046664237976074,-0.009950697422027588,-0.006558588240295649,0.11807645857334137,0.9929826259613037,0.04490130767226219,0.005571556277573109,-0.10105777531862259,0.059152251188023475,-0.998239033361086,-0.0031835353682284047,-0.0030964334542773167
1790595431.38357,173692.0788947917,1790595431.386793,0.02193215675652027,-0.018475227057933807,-0.009723901748657227,-0.00668864231556654,0.1184358224272728,0.9929390549659729,0.028369737789034843,-0.004321021493524313,-0.1011752188205719,0.0593346989533993,-0.9982263844894984,-0.0036893589719455212,-0.0031309672438194023
1790595431.4032152,173692.08895179167,1790595431.3968499,0.018812913447618484,-0.016889020800590515,-0.01325690746307373,-0.006743227131664753,0.1186196506023407,0.9929169416427612,0.011662395671010017,-0.00750642828643322,-0.0947577953338623,0.059428769946102966,-0.9982188855166414,-0.0041856824319072145,-0.0031284356039115767
1790595431.4033432,173692.09900979168,1790595431.4069078,0.015601210296154022,-0.013908833265304565,-0.016378164291381836,-0.006751129869371653,0.11867599189281464,0.9929103851318359,0.0011266644578427076,-0.01568765938282013,-0.0940358117222786,0.0594585913415582,-0.9982151423729606,-0.0046616844288056986,-0.0031039277666932434
1790595431.413276,173692.10906779167,1790595431.4169657,0.01085294596850872,-0.010966308414936066,-0.019421935081481934,-0.006717831362038851,0.11861736327409744,0.9929174780845642,-0.010362478904426098,-0.00864998996257782,-0.09352768212556839,0.05943050286013258,-0.9982145835982194,-0.005136165865991209,-0.0030591324793778937
1790595431.423237,173692.11912579168,1790595431.427024,0.0019720480777323246,-0.00643988698720932,-0.02739030122756958,-0.0068396166898310184,0.11845492571592331,0.9929358959197998,-0.020619111135601997,0.008242973126471043,-0.0926339253783226,0.05935061932551303,-0.9982167066372591,-0.005598237838323367,-0.0030930652846510825
1790595431.432686,173692.12918379167,1790595431.4370818,0.0031428495422005653,-0.0057131946086883545,-0.022673726081848145,-0.007033858448266983,0.11820127815008163,0.9929648637771606,-0.028477566316723824,0.006263978313654661,-0.09636528044939041,0.059225187561906555,-0.9982212047449794,-0.006070351413921944,-0.003163037942429898
1790595431.445251,173692.13924175,1790595431.4471397,0.00507332431152463,-0.002617567777633667,-0.01056218147277832,-0.007255349773913622,0.11789799481630325,0.9929991960525513,-0.03129465878009796,0.01843595691025257,-0.09413009136915207,0.059075001820002596,-0.9982268084542814,-0.0065455373393104215,-0.003246754447044176
1790595431.45331,173692.14929975002,1790595431.457198,0.005616881884634495,0.004435807466506958,-0.01146763563156128,-0.0076158014126122,0.11757374554872513,0.993034839630127,-0.03105257637798786,0.030365319922566414,-0.09395965188741684,0.058914831132131494,-0.9982326039822089,-0.0070070081438046595,-0.00340109517763173
1790595431.4633,173692.15935775,1790595431.4672558,-0.0005644466727972031,0.006850741803646088,-0.0028606653213500977,-0.008056786842644215,0.1172950491309166,0.9930645227432251,-0.023067088797688484,0.03565382584929466,-0.09081312268972397,0.05877799537939132,-0.9982367373979707,-0.007461061242009516,-0.0035961880343238764
1790595431.473804,173692.16941575002,1790595431.4773138,-0.002504146657884121,0.00912436842918396,0.005254626274108887,-0.008527975529432297,0.11711190640926361,0.9930823445320129,-0.011842131614685059,0.0372578464448452,-0.08886288851499557,0.05868946074098652,-0.9982377997350373,-0.007902830101056055,-0.0038068836280112386
1790595431.483299,173692.17947375,1790595431.4873717,-0.0037434911355376244,0.01775859296321869,0.003987312316894531,-0.009012876078486443,0.11706836521625519,0.9930830597877502,0.004913147073239088,0.03908104822039604,-0.08792413026094437,0.05867131899542478,-0.9982344634224926,-0.008336408358860199,-0.004024435311294888
1790595431.493761,173692.18953175002,1790595431.4974298,-0.0009536230936646461,0.02415233850479126,-0.0007985830307006836,-0.00949866697192192,0.11720538139343262,0.9930624961853027,0.024530524387955666,0.03786478191614151,-0.0856495201587677,0.0587440923136854,-0.9982256575675208,-0.008762020647921207,-0.004242143584104075
1790595431.5033011,173692.19958975,1790595431.5074878,0.0007254201918840408,0.027851425111293793,-0.007745027542114258,-0.01000277791172266,0.117519311606884,0.9930199980735779,0.039567261934280396,0.04268217459321022,-0.08245372772216797,0.05890601961676027,-0.9982113131633881,-0.00917434021234696,-0.00446895861400746
1790595431.512761,173692.20964775002,1790595431.5175457,-0.00026828330010175705,0.026429541409015656,-0.011459052562713623,-0.010550213977694511,0.11793412268161774,0.9929651618003845,0.04507148265838623,0.04841116815805435,-0.07410365343093872,0.059118913590742186,-0.9981940202861447,-0.009554700065234465,-0.004718765689279634
1790595431.522789,173692.21970575,1790595431.5276039,0.0003781253471970558,0.020995229482650757,-0.00822591781616211,-0.011135589331388474,0.11837883293628693,0.9929060339927673,0.04206956923007965,0.051559820771217346,-0.061497051268815994,0.059346964940312406,-0.9981760420983059,-0.009879173836169491,-0.0049905982699345285
1790595431.5326898,173692.22976375002,1790595431.5376618,-0.0018646614626049995,0.013120017945766449,0.009066939353942871,-0.01170042622834444,0.11874675005674362,0.9928559064865112,0.030502131208777428,0.04874219745397568,-0.04830561578273773,0.059536184769587525,-0.9981608367955545,-0.010143386847161814,-0.005255980953929792
1790595431.5427961,173692.23982175,1790595431.5477197,-0.0028304951265454292,0.009081028401851654,0.0243910551071167,-0.012214694172143936,0.11898629367351532,0.9928209781646729,0.016934921965003014,0.044510167092084885,-0.034717634320259094,0.05966033928625132,-0.9981501709232061,-0.010330898413496357,-0.005501178648130837
1790595431.555594,173692.24987975002,1790595431.557778,-0.002174369990825653,0.008767008781433105,0.028299331665039062,-0.012626676820218563,0.11908669769763947,0.992803692817688,0.004742704797536135,0.03196694701910019,-0.019962655380368233,0.05971372618872255,-0.9981445641852117,-0.01045361231557096,-0.005699689497392578
1790595431.5646772,173692.25993775,1790595431.5678358,-0.0007849782705307007,0.00800364464521408,0.025373339653015137,-0.012917432934045792,0.1190871074795723,0.9927999377250671,-0.0038585069123655558,0.022622179239988327,-0.008687897585332394,0.059715887819261744,-0.9981429475316456,-0.010517455640603848,-0.005841505126576539
1790595431.5763059,173692.26999575002,1790595431.5778937,0.009177395142614841,0.01079925149679184,0.0184861421585083,-0.01308365911245346,0.11902278661727905,0.9928051233291626,-0.008429557085037231,0.008229391649365425,-0.002280864166095853,0.05968461517381895,-0.9981439983061048,-0.010541728570327888,-0.005923644788008722
1790595431.5846038,173692.28005375,1790595431.587952,0.017080875113606453,0.013408809900283813,0.011530756950378418,-0.013098347932100296,0.11891569197177887,0.9928179383277893,-0.013004601001739502,-0.004566831514239311,0.0020390492863953114,0.05963086897497017,-0.9981471892779434,-0.010543291927954302,-0.005931458132858512
1790595431.592843,173692.29011175002,1790595431.5980098,0.02097429893910885,0.012672945857048035,0.009617447853088379,-0.012978712096810341,0.11875131726264954,0.9928393959999084,-0.020220700651407242,-0.019277334213256836,-0.0019674100913107395,0.059547582179330934,-0.9981525664692121,-0.010543099555673096,-0.005872388803381695
1790595431.60348,173692.30016975,1790595431.6080678,0.018439603969454765,0.010745599865913391,0.01266932487487793,-0.01270232442766428,0.11852717399597168,0.9928697347640991,-0.025641299784183502,-0.034193165600299835,-0.010811768472194672,0.05943363711287511,-0.9981597232589564,-0.010584208765583922,-0.005732653759789963
1790595431.613774,173692.31022775001,1790595431.6181257,0.005691579543054104,0.006366737186908722,0.0128287672996521,-0.01235969178378582,0.11823679506778717,0.9929082989692688,-0.031054971739649773,-0.039302971214056015,-0.02661949209868908,0.05928637890070645,-0.9981682851243051,-0.010687545494882707,-0.00555639781070544
1790595431.6235561,173692.32028575,1790595431.6281838,-0.00724587868899107,0.0032010823488235474,0.008678793907165527,-0.011995472945272923,0.11789297312498093,0.9929539561271667,-0.03605452924966812,-0.04112297669053078,-0.042299918830394745,0.05911254998976813,-0.9981776929932222,-0.01087554406271092,-0.0053646313154153595
1790595431.721348,173692.33034375,1790595431.6382418,-0.015035170130431652,0.005535334348678589,0.0065544843673706055,-0.011667728424072266,0.1175118088722229,0.9930028915405273,-0.03792726248502731,-0.03271990641951561,-0.04787471517920494,0.058920369489537286,-0.998187324316995,-0.011113019902648543,-0.0051884859782416306
1790595431.721507,173692.34040175,1790595431.6482997,-0.014347882941365242,0.00822514295578003,-0.0013077259063720703,-0.011470011435449123,0.11711086332798004,0.9930528998374939,-0.04174010828137398,-0.017566518858075142,-0.041948381811380386,0.05871890164581588,-0.998197240014553,-0.011345572577952684,-0.005077960727010845
1790595431.721632,173692.35045975,1790595431.6583579,-0.005834911018610001,0.009800657629966736,-0.006960749626159668,-0.01142280176281929,0.11666446924209595,0.9931057691574097,-0.045644037425518036,0.00025668591842986643,-0.028468258678913116,0.05849521889936192,-0.9982083627263639,-0.011530643644691621,-0.0050459540933963185
1790595431.7217522,173692.36051775,1790595431.6684158,0.008498525246977806,0.015260986983776093,-0.006204128265380859,-0.011535041965544224,0.11620903760194778,0.9931579828262329,-0.046474676579236984,0.017504382878541946,-0.009742509573698044,0.05826745062445077,-0.99822043469873,-0.011616726056208247,-0.005099719148609413
1790595431.721869,173692.37057575,1790595431.6784737,0.013227852992713451,0.017366990447044373,-0.003919839859008789,-0.011808806098997593,0.11575096845626831,0.993208110332489,-0.044867727905511856,0.03485221415758133,-0.0008390288567170501,0.05803899219551545,-0.9982327982637982,-0.011633470547516279,-0.0052384656873669284
1790595431.721986,173692.38063375,1790595431.6885319,0.012616118416190147,0.019794069230556488,-0.0007872581481933594,-0.012219410389661789,0.11535333096981049,0.9932495951652527,-0.03438099846243858,0.0466015487909317,-0.003970639780163765,0.05784162814970527,-0.9982432153942515,-0.011630529012108806,-0.005446544665518742
1790595431.7221,173692.39069175,1790595431.6985898,0.005451874807476997,0.0227094367146492,0.0019797086715698242,-0.01274559460580349,0.11507771164178848,0.9932747483253479,-0.01857699826359749,0.05767231062054634,-0.015016633085906506,0.0577064633259562,-0.9982491851907719,-0.011659605639072772,-0.005709959872632423
1790595431.722212,173692.40074975,1790595431.7086477,-0.007090732455253601,0.02314688265323639,5.3763389587402344e-05,-0.01338658295571804,0.11497598886489868,0.9932783246040344,-0.0007053240551613271,0.06473235040903091,-0.03102089837193489,0.057659776001975346,-0.9982489906617211,-0.011751674789660944,-0.006026244605828744
1790595431.7223291,173692.41080775,1790595431.718706,-0.011640168726444244,0.02174483984708786,-0.0021080970764160156,-0.014086175709962845,0.1150657907128334,0.9932582974433899,0.0194444190710783,0.06479253619909286,-0.04503631964325905,0.05771025580206559,-0.998241947314427,-0.011922784305599924,-0.00636621304069419
1790595431.72487,173692.42086575,1790595431.7287638,-0.0076384106650948524,0.022521935403347015,-0.004537820816040039,-0.014792029745876789,0.11534152179956436,0.993215799331665,0.036862824112176895,0.06558003276586533,-0.05219915509223938,0.05785473123677075,-0.9982285309306258,-0.01215302871251397,-0.006704782039255083
1790595431.7356002,173692.43092375,1790595431.7388217,-0.004785661585628986,0.023875102400779724,-0.007136940956115723,-0.015508553013205528,0.11572787165641785,0.9931600689888,0.042998477816581726,0.06584395468235016,-0.050491269677877426,0.05805512818769164,-0.9982115697334875,-0.01239723042023631,-0.00704715707979414
1790595431.745897,173692.44098175,1790595431.74888,0.001075582578778267,0.022886261343955994,-0.0055201053619384766,-0.016197064891457558,0.11615212261676788,0.9930995106697083,0.042159318923950195,0.06132110580801964,-0.0371411107480526,0.05827428735021935,-0.9981938332801928,-0.012602182445298564,-0.007377474079310497
1790595431.7562869,173692.45103975,1790595431.7589378,0.0011813193559646606,0.014475949108600616,0.0038411617279052734,-0.01680634543299675,0.11652108281850815,0.9930463433265686,0.030237145721912384,0.05488025024533272,-0.015999605879187584,0.058464590626444615,-0.9981790564097544,-0.012717318453040067,-0.007673632896051851
1790595431.76558,173692.46109775,1790595431.7689958,0.0032856520265340805,0.007061481475830078,0.012147068977355957,-0.01732376031577587,0.1167486310005188,0.9930104613304138,0.014730357564985752,0.04647158458828926,0.008970458060503006,0.05858242405206776,-0.9981700025872007,-0.012722631298206503,-0.007931071697707954
1790595431.775661,173692.47115575,1790595431.7790537,0.006497872993350029,0.006206117570400238,0.01640331745147705,-0.017728358507156372,0.11681052297353745,0.992996096611023,-0.002291502896696329,0.03750099614262581,0.027085812762379646,0.05861540138280181,-0.9981676825532922,-0.012622623183871416,-0.008139212830219695
1790595431.787622,173692.48121375,1790595431.7891119,0.004749780520796776,0.0009786561131477356,0.01960277557373047,-0.017994433641433716,0.11672795563936234,0.9930011630058289,-0.014821409247815609,0.023208340629935265,0.03450564295053482,0.05857427678678974,-0.9981710434862174,-0.012456084602598907,-0.008282759659000334
1790595431.7955709,173692.49127175,1790595431.7991698,0.0031247027218341827,-0.003803141415119171,0.018804311752319336,-0.018124109134078026,0.11653535068035126,0.9930211901664734,-0.02388308010995388,0.00952049158513546,0.0348646380007267,0.05847677539138357,-0.9981783567743817,-0.012270082392627916,-0.008359768037883058
1790595431.805805,173692.50132975,1790595431.8092277,0.004361113533377647,-0.0011760517954826355,0.01768946647644043,-0.01807878166437149,0.11627335101366043,0.9930524230003357,-0.026860227808356285,-0.010937378741800785,0.026126809418201447,0.05834351032558738,-0.9981880963222478,-0.012113724326337009,-0.008347758627516525
1790595431.8169699,173692.51138775,1790595431.8192859,0.005487112328410149,0.006887011229991913,0.011596977710723877,-0.01787726953625679,0.11600753664970398,0.9930872321128845,-0.028065841645002365,-0.021837962791323662,0.015234212391078472,0.05820780372724436,-0.998198038436784,-0.01201161522358099,-0.00825433881399033
1790595431.825632,173692.52144575,1790595431.8293438,0.004830321297049522,0.010330736637115479,0.0040822625160217285,-0.017617199569940567,0.11572238057851791,0.9931252002716064,-0.028895415365695953,-0.028041796758770943,-0.0008126635802909732,0.05806260308973625,-0.9982079412861355,-0.011978860773422965,-0.008127641109110165
1790595431.8354461,173692.53150375,1790595431.8394017,0.0004956517368555069,0.018880382180213928,0.003754138946533203,-0.01729559525847435,0.11544300615787506,0.9931634068489075,-0.025307072326540947,-0.0380273200571537,-0.012563329190015793,0.057920588650494806,-0.9982169230310034,-0.012028116561731856,-0.007965324779080107
1790595431.8452082,173692.54156175,1790595431.84946,0.0032076891511678696,0.02886217087507248,0.001903831958770752,-0.016955876722931862,0.11519631743431091,0.9931979179382324,-0.023798391222953796,-0.03158992528915405,-0.0272903423756361,0.05779531379210202,-0.9982242856643256,-0.01213361242493147,-0.007790506454088226
1790595431.855645,173692.55161975,1790595431.8595178,-0.0035428572446107864,0.02607347071170807,-0.0022792816162109375,-0.016720831394195557,0.11494853347539902,0.9932307004928589,-0.024262314662337303,-0.021324772387742996,-0.031032882630825043,0.05767052268209251,-0.9982305828319405,-0.012290823218331698,-0.007665160733253802
1790595431.865642,173692.56167775,1790595431.8695757,-0.009249189868569374,0.020904183387756348,-0.00417327880859375,-0.016599221155047417,0.11468571424484253,0.9932633638381958,-0.02899768203496933,-0.008247852325439453,-0.019729895517230034,0.05753868170576102,-0.9982371185567276,-0.012422790610870885,-0.0075982141808841695
1790595431.87565,173692.57173575,1790595431.879634,-0.007265303283929825,0.02045968919992447,0.0030499696731567383,-0.016614718362689018,0.11433672904968262,0.9933031797409058,-0.040342215448617935,0.008021398447453976,-0.002673147711902857,0.057363884591271425,-0.9982463559074904,-0.012482200811100365,-0.007604667936952092
1790595431.8915598,173692.58179375,1790595431.8896918,-0.0036394651979207993,0.01810789853334427,0.009836077690124512,-0.01676156558096409,0.1138809472322464,0.9933533668518066,-0.05227743834257126,0.022790225222706795,0.02692842110991478,0.05713532844472324,-0.9982597304707668,-0.0124174901546463,-0.007684679007369601
1790595431.8957949,173692.59185175,1790595431.8997498,0.003610648214817047,0.01819470524787903,0.015601277351379395,-0.016992628574371338,0.11329057812690735,0.9934167265892029,-0.06635463982820511,0.03137465938925743,0.05750550329685211,0.056838461664696686,-0.9982783525066894,-0.012194095914352103,-0.00781667799961053
1790595431.905696,173692.60190975002,1790595431.9098077,0.011044878512620926,0.021539680659770966,0.018458545207977295,-0.017239965498447418,0.11261585354804993,0.9934888482093811,-0.07060877233743668,0.033625829964876175,0.08368624746799469,0.056498096648550426,-0.9983008797517483,-0.011822700118627015,-0.00796555720786557
1790595431.915562,173692.61196775,1790595431.9198658,0.017207013443112373,0.02263128012418747,0.020569205284118652,-0.017451178282499313,0.11195152252912521,0.9935603141784668,-0.06659112870693207,0.02944333478808403,0.09871579706668854,0.05616182613962841,-0.9983242713290815,-0.011349775677767238,-0.00810174107162306
1790595431.925706,173692.62202575002,1790595431.9299238,0.01943003386259079,0.021274052560329437,0.01878058910369873,-0.017598995938897133,0.11135559529066086,0.9936245083808899,-0.056289490312337875,0.021296458318829536,0.10151796787977219,0.0558591091358443,-0.9983460678562779,-0.010834041292015095,-0.008207893451116912
1790595431.935723,173692.63208375,1790595431.9399817,0.021952498704195023,0.01898220181465149,0.019507110118865967,-0.017649533227086067,0.1108856126666069,0.9936763048171997,-0.04093237221240997,0.012305359356105328,0.09112498909235,0.055619186125905065,-0.998364331753178,-0.010335264027434666,-0.008263444221833897
1790595431.945066,173692.64214175002,1790595431.9500399,0.019144155085086823,0.009131103754043579,0.02167975902557373,-0.017648814246058464,0.1105286031961441,0.9937163591384888,-0.03369469940662384,0.006597672589123249,0.07267593592405319,0.05543635665224011,-0.9983786228677499,-0.009914197315683304,-0.008288238700573958
1790595431.9574552,173692.65219975,1790595431.9600978,0.014766082167625427,0.0006526857614517212,0.023265600204467773,-0.017619499936699867,0.11024850606918335,0.9937480688095093,-0.025582443922758102,-0.00012840714771300554,0.04587654396891594,0.05529299604369233,-0.9983895263280708,-0.009611683327189202,-0.008291644572953227
1790595431.9678001,173692.66225775002,1790595431.9701557,0.011662479490041733,-0.0008420795202255249,0.02533113956451416,-0.017552392557263374,0.1100342720746994,0.9937729239463806,-0.018800703808665276,-0.006504813674837351,0.016483768820762634,0.05518373631319488,-0.998397268966794,-0.009452954090549928,-0.00826779820023208
1790595431.975744,173692.67231575,1790595431.9802139,0.0028720032423734665,-0.0024522915482521057,0.0231931209564209,-0.017489945515990257,0.10988973826169968,0.9937900304794312,-0.010528926737606525,-0.003137512831017375,-0.006611962802708149,0.055110621208292784,-0.9984017915032276,-0.009428079388243095,-0.008238552292304064
1790595431.987764,173692.68237375002,1790595431.9902718,0.0009032990783452988,-0.001082591712474823,0.01667153835296631,-0.01750488393008709,0.10983230173587799,0.9937962889671326,-0.0001551149762235582,0.0020087796729058027,-0.01638789474964142,0.055082333003631696,-0.9984027919546657,-0.009487492251495689,-0.008243014848617329
1790595431.99778,173692.69243175,1790595432.0003297,0.012920230627059937,0.00897844135761261,0.010010480880737305,-0.017558922991156578,0.10988782346248627,0.99378901720047,0.010449858382344246,0.005420022644102573,-0.011886886321008205,0.05511111111434404,-0.9984002591619052,-0.009561961407941114,-0.008265714125709426
1790595432.0058692,173692.70248975002,1790595432.010388,0.023909715935587883,0.01199774444103241,0.0036954879760742188,-0.017668891698122025,0.11002708971500397,0.9937715530395508,0.018863584846258163,0.015458009205758572,-8.721847552806139e-05,0.05518190698069977,-0.9983955603193305,-0.00959649725502473,-0.00831823870239355
1790595432.0167491,173692.71254775,1790595432.0204458,0.027438074350357056,0.008767075836658478,-0.0014355182647705078,-0.017855580896139145,0.1102365255355835,0.9937452673912048,0.02275632694363594,0.02432979829609394,0.017265407368540764,0.05528767746996293,-0.998389400653105,-0.009552455198388774,-0.008413207604415733
1790595432.028136,173692.72260575002,1790595432.0305037,0.02421375922858715,0.0012434124946594238,-0.0003674030303955078,-0.018125521019101143,0.11046648025512695,0.9937145709991455,0.021874288097023964,0.03649112209677696,0.03250960633158684,0.055403439264062215,-0.9983829442779435,-0.009423111907963922,-0.008554520929659276
1790595432.03887,173692.73266375,1790595432.0405617,0.018471073359251022,-0.0013094693422317505,0.0012947320938110352,-0.018501611426472664,0.11066952347755432,0.9936853051185608,0.017368219792842865,0.04816668853163719,0.042659979313611984,0.05550555443239162,-0.9983774689031022,-0.009223589408400085,-0.00875304747914518
1790595432.0477738,173692.74272175002,1790595432.0506198,0.012405624613165855,-0.008380413055419922,0.0040991902351379395,-0.019012700766324997,0.11082819849252701,0.993657648563385,0.011924716643989086,0.0607416033744812,0.03665588051080704,0.05558581337079349,-0.998372520760089,-0.009007206077799122,-0.00902035773130333
1790595432.058075,173692.75277975,1790595432.0606778,0.0035774093121290207,-0.012857884168624878,0.006930828094482422,-0.019599154591560364,0.11094166338443756,0.9936336874961853,0.009251968935132027,0.06343778967857361,0.02483357861638069,0.055643990943973355,-0.9983680740462955,-0.008832926545938145,-0.009323292786079665
1790595432.0673122,173692.76283775002,1790595432.0707357,0.0008389055728912354,-0.010737381875514984,0.007186174392700195,-0.020232848823070526,0.11106422543525696,0.9936074018478394,0.013656836934387684,0.06654009968042374,0.0062005044892430305,0.055707574323689564,-0.9983623784950283,-0.008732863434901506,-0.009645733662039479
1790595432.0778408,173692.77289575,1790595432.0807939,0.007489679381251335,-0.005927585065364838,0.004411578178405762,-0.020856399089097977,0.11124406009912491,0.9935744404792786,0.02245432510972023,0.05614392086863518,-0.011099922470748425,0.0558007997790168,-0.9983541519420625,-0.008730163410918304,-0.009957438059145925
1790595432.0879831,173692.78295275,1790595432.0908508,0.010202363133430481,0.0004978924989700317,-0.00014084577560424805,-0.021402331069111824,0.11150189489126205,0.993533730506897,0.03157644718885422,0.04864019900560379,-0.029655762016773224,0.055933824679049296,-0.9983431412407694,-0.008822275314918498,-0.010224642750502382
1790595432.0985222,173692.79301075,1790595432.1009088,0.013329127803444862,0.004279300570487976,-0.0032944679260253906,-0.021904585883021355,0.11185562610626221,0.9934830069541931,0.04005968198180199,0.04448726400732994,-0.03889640048146248,0.056115611382945005,-0.9983289963894086,-0.00898455029824816,-0.010465607806102109
1790595432.108164,173692.80306875,1790595432.1109667,0.00900368019938469,0.004358522593975067,-0.007158756256103516,-0.02240091562271118,0.11226468533277512,0.9934257864952087,0.0411800742149353,0.04747852683067322,-0.043506331741809845,0.05632567680727423,-0.9983128288771512,-0.009186227263817782,-0.0107010919208275
1790595432.117389,173692.81312675,1790595432.1210248,0.006884602829813957,0.003974460065364838,-0.004174768924713135,-0.0229521244764328,0.11263348162174225,0.9933714866638184,0.033194318413734436,0.0547710619866848,-0.03952383995056152,0.05651587192855048,-0.9982973726834362,-0.00938545928518081,-0.010964303197756592
1790595432.127979,173692.82318475,1790595432.1310828,0.007775362581014633,0.00820808857679367,-0.0018743276596069336,-0.023598751053214073,0.1128707006573677,0.9933294057846069,0.015233960933983326,0.06699097901582718,-0.029725003987550735,0.05664016644059755,-0.998285286125084,-0.009549180233054691,-0.011277846985839954
1790595432.137905,173692.83324275,1790595432.1411407,0.008880946785211563,0.010287486016750336,-0.0001399517059326172,-0.024383900687098503,0.11292754858732224,0.9933041930198669,-0.002407616702839732,0.08457556366920471,-0.015771372243762016,0.05667390938685723,-0.9982780231165194,-0.009647834432989272,-0.011665257215760469
1790595432.147943,173692.84330075,1790595432.1511989,0.010805372148752213,0.010231629014015198,0.0009815692901611328,-0.025270728394389153,0.11280027776956558,0.9932964444160461,-0.020979169756174088,0.08971253037452698,-0.003597264876589179,0.05661490755478468,-0.9982758227772202,-0.00967527078475015,-0.012108476806010144
1790595432.2459788,173692.85335875,1790595432.1612568,0.01548801176249981,0.010640770196914673,0.006483793258666992,-0.02615392580628395,0.1125437393784523,0.9933027029037476,-0.029692234471440315,0.0874730795621872,0.011975036934018135,0.05648996020556255,-0.9982778915735189,-0.009622439638872502,-0.012555012721013815
1790595432.2463381,173692.86341675,1790595432.1713147,0.01995779573917389,0.010999009013175964,0.012952446937561035,-0.02693108841776848,0.11221601068973541,0.9933189749717712,-0.037457745522260666,0.07014069706201553,0.024055136367678642,0.05632778382217639,-0.9982831232375191,-0.00950155930459087,-0.012952580011724302
1790595432.2465038,173692.87347475,1790595432.181373,0.020711209625005722,0.009657561779022217,0.02020430564880371,-0.02747087925672531,0.11184848845005035,0.9933456182479858,-0.03603268787264824,0.04423319920897484,0.03310215845704079,0.05614375391951317,-0.9982913465798641,-0.009338131090487988,-0.013233773989579251
1790595432.246641,173692.88353275,1790595432.1914308,0.022110989317297935,0.013157308101654053,0.024401426315307617,-0.027726242318749428,0.11152255535125732,0.9933751225471497,-0.03085816465318203,0.01576986536383629,0.03974195197224617,0.055978769435555464,-0.9983004867226988,-0.00914878642908723,-0.013373712200202333
1790595432.246769,173692.89359075,1790595432.2014887,0.027014585211873055,0.016505390405654907,0.02601754665374756,-0.027716513723134995,0.11124150454998016,0.993407130241394,-0.025945698842406273,-0.010583179071545601,0.040311336517333984,0.05583481714508945,-0.9983103237434698,-0.008947027367845844,-0.013381311330822609
1790595432.246892,173692.90364875,1790595432.211547,0.026900501921772957,0.014596164226531982,0.023650169372558594,-0.027449842542409897,0.1110144853591919,0.9934396743774414,-0.021930450573563576,-0.03195584565401077,0.03536957502365112,0.05571706839088238,-0.998320088989209,-0.008766087635581139,-0.013258774558113164
1790595432.247013,173692.91370675,1790595432.2216048,0.022105885669589043,0.007711939513683319,0.023703813552856445,-0.027049757540225983,0.11077287048101425,0.9934777617454529,-0.026935063302516937,-0.03904091939330101,0.025135047733783722,0.055591919660552644,-0.9983308537119452,-0.008624201275526235,-0.013067253989344671
1790595432.2471309,173692.92376475,1790595432.2316628,0.019352048635482788,0.0007438138127326965,0.02336883544921875,-0.026599999517202377,0.11047782003879547,0.9935227632522583,-0.034864094108343124,-0.044902268797159195,0.013853630982339382,0.05544043894701775,-0.9983428914848261,-0.00853507202768724,-0.01284810277727396
1790595432.247252,173692.93382275,1790595432.2417207,0.018510552123188972,-0.0020285025238990784,0.021924734115600586,-0.026185743510723114,0.11007628589868546,0.9935782551765442,-0.04596361890435219,-0.034730326384305954,-0.0016382434405386448,0.05523650544712938,-0.998356991285277,-0.00851100168195306,-0.012643527189744604
1790595432.248062,173692.94388075,1790595432.2517788,0.01408551074564457,-0.003547459840774536,0.016219139099121094,-0.02592634968459606,0.10959634184837341,0.9936380386352539,-0.05066116526722908,-0.01870821602642536,-0.01885611191391945,0.05499488591333518,-0.9983715196692168,-0.008563877880995734,-0.012512581775302333
1790595432.258093,173692.95393875,1790595432.2618368,0.00988459400832653,-0.003745436668395996,0.010757923126220703,-0.02583005465567112,0.10907716304063797,0.9936978220939636,-0.0503234788775444,-0.005699207540601492,-0.03371096029877663,0.054735336914973336,-0.9983853174883377,-0.008698439026859696,-0.012459032501941776
1790595432.268047,173692.96399675,1790595432.2718947,0.008342131972312927,0.0013576149940490723,0.010599255561828613,-0.02585924230515957,0.108597531914711,0.993749737739563,-0.04090148210525513,0.0037771183997392654,-0.042848531156778336,0.05449700678003166,-0.998396594955691,-0.008893911270848846,-0.012464916247955907
1790595432.278084,173692.97405475,1790595432.2819529,0.011362088844180107,0.004898451268672943,0.00996696949005127,-0.025964777916669846,0.10823053121566772,0.9937869906425476,-0.027758512645959854,0.00458858348429203,-0.04668135195970535,0.05431598925786218,-0.9984039059897359,-0.009117336352651613,-0.012507134520693033
1790595432.287966,173692.98411275,1790595432.2920108,0.0157315656542778,0.008592307567596436,0.011777997016906738,-0.02603127248585224,0.10803092271089554,0.9938069581985474,-0.008487081155180931,-0.0005984551389701664,-0.04000241309404373,0.05421884833350182,-0.9984068596843274,-0.009338951741825958,-0.012529249937561418
1790595432.2980921,173692.99417075,1790595432.3020687,0.018995825201272964,0.015631064772605896,0.008239507675170898,-0.026045406237244606,0.10804170370101929,0.9938051104545593,0.011909004300832748,-0.004839539062231779,-0.02631962113082409,0.054226480012754805,-0.9984047897203159,-0.009509588700108691,-0.01252701448093569
1790595432.308085,173693.00422875,1790595432.3121269,0.022082069888710976,0.018525362014770508,0.0008740425109863281,-0.026018867269158363,0.10822971910238266,0.9937856793403625,0.02660752460360527,-0.0020562694407999516,-0.008393618278205395,0.05432189819827707,-0.998399060322379,-0.009599770084243541,-0.01250798072322746
1790595432.3184168,173693.01428675,1790595432.3221848,0.024664349853992462,0.01523037999868393,-0.008582890033721924,-0.026052916422486305,0.10853393375873566,0.9937512278556824,0.032532788813114166,0.010472305119037628,0.016473649069666862,0.05447457618336922,-0.9983906643686337,-0.009576065835228314,-0.012524962899602393
1790595432.328106,173693.02434475,1790595432.3322427,0.03164113685488701,0.01286645233631134,-0.0070765018463134766,-0.026178507134318352,0.10888370871543884,0.9937098026275635,0.034942418336868286,0.019846100360155106,0.038629017770290375,0.05464910619125482,-0.9983816469419382,-0.009433754083176258,-0.012594089351063731
1790595432.338152,173693.03440275003,1790595432.342301,0.02841629832983017,0.008224233984947205,-0.0009759664535522461,-0.026325862854719162,0.10923820734024048,0.99366694688797,0.03286302089691162,0.021722031757235527,0.0479934886097908,0.05482502768467374,-0.9983730337827248,-0.009206398803303548,-0.012678818089183443
1790595432.348109,173693.04446075,1790595432.3523588,0.017460599541664124,-0.0026334375143051147,0.004376053810119629,-0.026539601385593414,0.10956733673810959,0.9936251640319824,0.03058488853275776,0.031877923756837845,0.044070299714803696,0.054988279615279315,-0.998364790796559,-0.008962003319861814,-0.012797922870270685
1790595432.35843,173693.05451875002,1790595432.3624167,0.007659759372472763,-0.0071752965450286865,0.004006505012512207,-0.026824818924069405,0.10988251119852066,0.9935827255249023,0.029492726549506187,0.03251335397362709,0.028918776661157608,0.0551454514377635,-0.9983559020707834,-0.008766816244559713,-0.012950251114089322
