arrival_time,timestamp,unix_time,ax,ay,az,gravity_x,gravity_y,gravity_z,gx,gy,gz,qw,qx,qy,qz
1790595288.217401,173548.902837625,1790595288.2112014,-0.017956577241420746,-0.011745739728212357,-0.004174232482910156,-0.11180393397808075,0.031414251774549484,0.9932336807250977,-0.07166574150323868,-0.03248156979680061,-0.006048949435353279,0.01573376267980932,-0.9983069931273697,8.221979412408043e-17,-0.05599677064500912
1790595288.220027,173548.91289562502,1790595288.2212596,-0.02882828563451767,-0.011054227128624916,-0.006272315979003906,-0.11153712123632431,0.03066171519458294,0.9932875037193298,-0.0722830668091774,-0.02066326141357422,-0.0304190032184124,0.015360907940170082,-0.9983204557782555,-7.60977926260597e-05,-0.055861212998481805
1790595288.229978,173548.922953625,1790595288.2313175,-0.03082757443189621,-0.008368011564016342,-0.008340120315551758,-0.11139938235282898,0.029913362115621567,0.9933257102966309,-0.06852268427610397,-0.0108939865604043,-0.045613937079906464,0.014995735745140633,-0.9983300006415257,-0.00025115891169586287,-0.05578909287476681
1790595288.239948,173548.93301162502,1790595288.2413754,-0.025202341377735138,-0.0032393336296081543,-0.010624170303344727,-0.11134834587574005,0.02924025058746338,0.993351399898529,-0.05604550242424011,1.0325718903914094e-05,-0.04330018162727356,0.014670231169565614,-0.9983363656744364,-0.0004608980443126865,-0.055760174271973426
1790595288.249967,173548.943069625,1790595288.2514336,-0.019370101392269135,0.0017109736800193787,-0.012845158576965332,-0.11141271889209747,0.028699716553092003,0.9933594465255737,-0.04373797029256821,0.009363347664475441,-0.03000754490494728,0.01440930083444712,-0.9983382846300731,-0.0006362905204194513,-0.055789898828280546
1790595288.2600179,173548.95312762502,1790595288.2614915,-0.009541936218738556,0.008368775248527527,-0.012304067611694336,-0.11156685650348663,0.028343813493847847,0.9933528304100037,-0.024785852059721947,0.02205677144229412,-0.0022680594120174646,0.014235187980345069,-0.9983365655249001,-0.000708873759754611,-0.055866268983256404
1790595288.267989,173548.963185625,1790595288.2715495,-0.007236473262310028,0.009710611775517464,-0.01236414909362793,-0.11188866943120956,0.02817689999938011,0.9933213591575623,-0.012418664060533047,0.0425865463912487,0.027777990326285362,0.014147818008195366,-0.9983287348360277,-0.0006375906820341434,-0.05602895526547253
1790595288.280917,173548.973244625,1790595288.2816086,-0.003953807055950165,0.008627347648143768,-0.006970405578613281,-0.11236370354890823,0.02816152572631836,0.9932681322097778,-9.648420382291079e-05,0.05500965937972069,0.0590677335858345,0.014127818772370205,-0.9983155331484572,-0.0004133245800210202,-0.05627080041137372
1790595288.288436,173548.983302625,1790595288.2916665,0.0015198513865470886,0.008225694298744202,-0.001832127571105957,-0.11296983808279037,0.028288526460528374,0.9931958913803101,0.009673322550952435,0.07082777470350266,0.0827200710773468,0.014171200330157356,-0.9982975233620605,-4.967312890936317e-05,-0.056580540933821075
1790595288.300095,173548.993360625,1790595288.3017244,-0.000561833381652832,0.005141962319612503,0.005305171012878418,-0.11368050426244736,0.028518863022327423,0.9931080937385559,0.017287032678723335,0.07543770223855972,0.09031353890895844,0.014261864660744923,-0.9982754534805448,0.00038918951769401967,-0.05694400602199682
1790595288.310024,173549.00341987502,1790595288.3117838,-0.003427937626838684,0.00422300212085247,0.010813117027282715,-0.114400215446949,0.028812209144234657,0.9930169582366943,0.020113978534936905,0.07654531300067902,0.09057719260454178,0.014382640865621696,-0.9982523595058863,0.0008479749967530848,-0.05731246635356301
1790595288.32005,173549.013477875,1790595288.3218417,-0.008686155080795288,-0.00043012015521526337,0.01457124948501587,-0.11515393853187561,0.02911657840013504,0.9929208159446716,0.02206421084702015,0.07553890347480774,0.07526241987943649,0.014511315564130906,-0.9982278382107814,0.001259840921220058,-0.057697500335824096
1790595288.330032,173549.02353587502,1790595288.3319,-0.016193293035030365,-0.0030252784490585327,0.023645401000976562,-0.11582549661397934,0.029407653957605362,0.9928340911865234,0.020718250423669815,0.06266465038061142,0.05882938206195831,0.014637473337356896,-0.9982056383187912,0.0015957678817344924,-0.05804025293438944
1790595288.3400362,173549.033593875,1790595288.3419578,-0.011365890502929688,-0.005091086030006409,0.032198429107666016,-0.1163652092218399,0.029611894860863686,0.9927650690078735,0.00749219348654151,0.049223676323890686,0.04342752322554588,0.014724458380282456,-0.9981879012067956,0.0018549358116999716,-0.058315589619265945
1790595288.35008,173549.043652875,1790595288.3520167,-0.0034189075231552124,-0.006831314414739609,0.03413820266723633,-0.11675909906625748,0.029658403247594833,0.992717444896698,-0.007402334362268448,0.03203031048178673,0.03083130344748497,0.014736424845790883,-0.9981756019389438,0.002044924905885309,-0.058516443263166205
1790595288.3600771,173549.053710875,1790595288.3620749,0.00417724996805191,-0.007203269749879837,0.03769958019256592,-0.1169700175523758,0.029542073607444763,0.9926962852478027,-0.022535746917128563,0.011847011744976044,0.019744830206036568,0.014670314308083176,-0.9981700257803511,0.0021760402247882143,-0.058624211423878636
1790595288.370054,173549.063768875,1790595288.3721328,0.005599111318588257,-0.004997648298740387,0.03923487663269043,-0.11698806285858154,0.029274320229887962,0.9927020072937012,-0.034289874136447906,-0.006162615492939949,0.007977121509611607,0.014531906878731703,-0.998171301717001,0.002248315326435582,-0.058633926898965516
1790595288.3796961,173549.073826875,1790595288.3821907,0.0016641318798065186,-0.004457101225852966,0.033427655696868896,-0.11688300967216492,0.028871094807982445,0.9927259087562561,-0.047705017030239105,-0.015066094696521759,-0.0048958002589643,0.014329082871364167,-0.9981772495726734,0.0022632487627649027,-0.05858071420731649
1790595288.390209,173549.083884875,1790595288.3922489,-0.0025684908032417297,-0.008497580885887146,0.028140902519226074,-0.11669397354125977,0.028333937749266624,0.9927637577056885,-0.05569929629564285,-0.02229977399110794,-0.017053930088877678,0.014062358279207248,-0.9981868177510657,0.0022246709041901748,-0.05848431327450959
1790595288.4005709,173549.093942875,1790595288.4023068,-0.004639171063899994,-0.00586465559899807,0.023835361003875732,-0.11642379313707352,0.0277456846088171,0.9928117394447327,-0.055655352771282196,-0.03258863091468811,-0.028216836974024773,0.013773637284931714,-0.9981990595024028,0.0021254220731370746,-0.058346250861660225
1790595288.4105458,173549.104000875,1790595288.4123647,-0.0062337592244148254,-0.003855966031551361,0.02278345823287964,-0.11604993790388107,0.02715606801211834,0.9928720593452454,-0.052566081285476685,-0.042305972427129745,-0.04033954441547394,0.013487772384744981,-0.9982144855293283,0.001966186004297855,-0.05815532528893431
1790595288.4201732,173549.11405987502,1790595288.4224238,-0.008720196783542633,0.0013032741844654083,0.016278624534606934,-0.11560817062854767,0.02663549780845642,0.9929376244544983,-0.04099012166261673,-0.04911594092845917,-0.049587905406951904,0.013239573555514198,-0.9982313116414254,0.0017537148755969924,-0.057929764672380035
1790595288.430424,173549.124117875,1790595288.4324818,-0.010470502078533173,0.0056001245975494385,0.006634354591369629,-0.11517016589641571,0.026229649782180786,0.9929996728897095,-0.02846660651266575,-0.040080636739730835,-0.055007703602313995,0.013051180784440484,-0.9982472576375667,0.0014993141854432698,-0.05770579532936268
1790595288.44078,173549.13417587502,1790595288.4425397,-0.013908728957176208,0.008085878565907478,0.0013713836669921875,-0.1148446723818779,0.025971664115786552,0.9930437803268433,-0.01084873080253601,-0.02722955122590065,-0.05305827036499977,0.012937531214258046,-0.9982586750448472,0.0012309827788057714,-0.05753845644107969
1790595288.450517,173549.144233875,1790595288.4525979,-0.01622942090034485,0.010039092972874641,-0.0020536184310913086,-0.11467548459768295,0.02586476504802704,0.9930661916732788,0.0002939352416433394,-0.009033236652612686,-0.0378795824944973,0.012897128742726388,-0.998264545915252,0.0010032395003382755,-0.057450385005046484
1790595288.4614131,173549.15429187502,1790595288.4626558,-0.014699459075927734,0.01245058886706829,-0.0003586411476135254,-0.11467956751585007,0.025894682854413986,0.9930649995803833,0.013000142760574818,0.007942285388708115,-0.016688011586666107,0.012920350857773905,-0.9982643724201145,0.0008601343286070236,-0.057450611392673885
1790595288.47027,173549.164349875,1790595288.4727137,-0.008808434009552002,0.013687299564480782,0.0006822347640991211,-0.114802785217762,0.026061782613396645,0.9930465221405029,0.0208604633808136,0.016921130940318108,0.013824357651174068,0.013004755142650778,-0.9982597496648057,0.0008479418873188401,-0.057512507893024416
1790595288.4797912,173549.17440787502,1790595288.4827719,0.00028651952743530273,0.013173244893550873,-0.0004023313522338867,-0.1150018647313118,0.026301173493266106,0.9930171966552734,0.020401068031787872,0.02404295653104782,0.04453752934932709,0.013116231099378201,-0.9982522771251363,0.0009941809281136622,-0.05761466808334401
1790595288.490925,173549.184465875,1790595288.4928298,0.007503315806388855,0.00732213631272316,-0.0006451606750488281,-0.11521491408348083,0.026567580178380013,0.9929856657981873,0.0171381626278162,0.020951826125383377,0.07342004776000977,0.013232578293711291,-0.9982440401638808,0.0012896711857643404,-0.05772588862776325
1790595288.591466,173549.194524875,1790595288.5028887,0.010000154376029968,0.002014145255088806,0.003820061683654785,-0.11537712067365646,0.026794379577040672,0.9929604530334473,0.007577680516988039,0.016793033108115196,0.09022645652294159,0.013322257812944983,-0.9982371033387182,0.001702338477193137,-0.057813158130225605
1790595288.59176,173549.204582875,1790595288.5129468,0.009621113538742065,-0.004014478996396065,0.005924403667449951,-0.11547107994556427,0.026902591809630394,0.9929463267326355,-0.006593531928956509,0.00666343467310071,0.09220598638057709,0.013349611617434885,-0.9982326836125925,0.002164935625283117,-0.05786670915048732
1790595288.5919201,173549.214640875,1790595288.5230048,0.006138555705547333,-0.007976194843649864,0.006578683853149414,-0.11546756327152252,0.02685125172138214,0.9929485321044922,-0.022600993514060974,-0.001928189187310636,0.081444151699543,0.013298469444326208,-0.9982321785171993,0.00260348677399977,-0.05787070981165404
1790595288.592057,173549.224698875,1790595288.5330627,0.003994055092334747,-0.00790398195385933,0.0010727643966674805,-0.11541352421045303,0.026611190289258957,0.9929612278938293,-0.040912359952926636,-0.003125014016404748,0.055348630994558334,0.013157614565489582,-0.9982343662509966,0.0029596953537500297,-0.05784784175885199
1790595288.592185,173549.234756875,1790595288.5431209,-0.003865472972393036,-0.011191658675670624,-0.004124164581298828,-0.11544279754161835,0.02614520862698555,0.9929702281951904,-0.06121177226305008,0.012440896593034267,0.023938510566949844,0.012911919149188576,-0.9982359752801581,0.0031705449463362047,-0.05786441168951561
1790595288.5923069,173549.244814875,1790595288.5531788,-0.014913029968738556,-0.014391958713531494,-0.0008568167686462402,-0.11561039835214615,0.025469768792390823,0.9929679036140442,-0.07535049319267273,0.02006552554666996,-0.007440451066941023,0.012570035815435664,-0.9982352113200871,0.0032275811839347236,-0.057948036357129126
1790595288.592428,173549.254872875,1790595288.5632367,-0.01773916929960251,-0.015838036313652992,0.012449264526367188,-0.11579027771949768,0.02465755119919777,0.9929678440093994,-0.0815332904458046,0.012958615086972713,-0.02825385332107544,0.012166769176347889,-0.9982354028953759,0.0031614168181627765,-0.05803601330405112
1790595288.592545,173549.26493187502,1790595288.5732958,-0.019117429852485657,-0.013079337775707245,0.02600264549255371,-0.11586157232522964,0.023836711421608925,0.9929792881011963,-0.07406258583068848,-0.0012048747157678008,-0.039124079048633575,0.011764245089138283,-0.9982387344482448,0.0030107676727238572,-0.05806847877174519
1790595288.592662,173549.274989875,1790595288.5833538,-0.01094372570514679,-0.009405089542269707,0.023994386196136475,-0.11579553782939911,0.023122675716876984,0.9930039048194885,-0.058120906352996826,-0.014518016949295998,-0.0406561940908432,0.011417182295867787,-0.9982454378306942,0.002829265843149935,-0.05803189270620584
1790595288.59283,173549.28504787502,1790595288.5934117,0.0014204159379005432,-0.0022603608667850494,0.01656925678253174,-0.11555594205856323,0.022600263357162476,0.9930439591407776,-0.03708726167678833,-0.0324498787522316,-0.03565717488527298,0.011166189925446372,-0.9982559606718822,0.0026492810257672367,-0.05790854850543101
1790595288.600673,173549.295105875,1790595288.6034698,0.004734806716442108,0.0030635055154561996,0.008987665176391602,-0.11523877084255219,0.022296540439128876,0.993087887763977,-0.019244080409407616,-0.029715346172451973,-0.023040182888507843,0.011022738090042651,-0.9982673367724804,0.002504553318291248,-0.05774704715721769
1790595288.61086,173549.30516387502,1790595288.6135278,0.003461509943008423,0.0036494992673397064,0.00469815731048584,-0.11498776823282242,0.022153044119477272,0.9931198358535767,-0.0061506484635174274,-0.021674197167158127,-0.011563556268811226,0.010955903129430605,-0.9982755407650933,0.0024212482769134765,-0.05761977522042062
1790595288.620327,173549.315221875,1790595288.6235857,0.0008313506841659546,0.0012678559869527817,0.007136225700378418,-0.11482954770326614,0.022139064967632294,0.9931386709213257,0.0035541770048439503,-0.008139213547110558,-0.0014043962582945824,0.010950872720656233,-0.9982803306002754,0.002389497503217484,-0.05753989055723053
1790595288.630344,173549.32527987502,1790595288.6336439,-0.006084457039833069,0.0005881674587726593,0.011426448822021484,-0.11484123021364212,0.022193141281604767,0.9931361079216003,0.007578745950013399,0.009738586843013763,0.001753846532665193,0.010977991369432996,-0.9982796909123818,0.002388780217601822,-0.05754583714482949
1790595288.640321,173549.335338875,1790595288.6437027,-0.006188012659549713,0.0015073157846927643,0.015258312225341797,-0.11496656388044357,0.022311586886644363,0.9931190013885498,0.015615100972354412,0.014341594651341438,-7.254933007061481e-05,0.011037118139232744,-0.9982754081596587,0.002390420348702495,-0.057609015885510956
1790595288.650363,173549.345396875,1790595288.6537607,-0.005594633519649506,0.0027388688176870346,0.01796555519104004,-0.1151173859834671,0.022499095648527145,0.9930968880653381,0.023657847195863724,0.01608569733798504,-0.008263100869953632,0.011132247609731439,-0.9982699258976082,0.0023673450304779646,-0.05768484565399566
1790595288.6603572,173549.355454875,1790595288.6638188,-0.008695587515830994,0.0005345139652490616,0.015503525733947754,-0.11528182774782181,0.02276558429002762,0.9930719137191772,0.032688625156879425,0.017022065818309784,-0.017161788418889046,0.011269637417449994,-0.9982638294534517,0.002297506622015521,-0.05776709942745293
1790595288.670381,173549.365512875,1790595288.6738768,-0.014706984162330627,-0.0018207952380180359,0.009944796562194824,-0.11543499678373337,0.023121997714042664,0.9930460453033447,0.04315405339002609,0.01236712746322155,-0.024935821071267128,0.011455065786402902,-0.9982576205012703,0.0021764359051023013,-0.05784321443977807
1790595288.682375,173549.375570875,1790595288.6839347,-0.016097329556941986,-0.00013658776879310608,0.012327075004577637,-0.1154942512512207,0.02355876937508583,0.9930289387702942,0.05160852521657944,-0.0009297701762989163,-0.029356403276324272,0.011682817852167687,-0.9982536709464768,0.0020211657808881563,-0.05787180051450746
1790595288.690389,173549.38562887502,1790595288.6939929,-0.006323173642158508,0.00046882592141628265,0.009296715259552002,-0.11544172465801239,0.024067237973213196,0.993022620677948,0.05622777342796326,-0.010800243355333805,-0.022871073335409164,0.011946206690018057,-0.9982523776764843,0.0018720953903052112,-0.05784431822048747
1790595288.702432,173549.395686875,1790595288.7040508,0.0019525662064552307,-0.0004112906754016876,0.00709986686706543,-0.11534041166305542,0.024565892294049263,0.9930223226547241,0.046486996114254,-0.008804736658930779,-0.010187234729528427,0.012201783221178706,-0.9982524859348529,0.001773325673865369,-0.0577928376715553
1790595288.712538,173549.40574487502,1790595288.7141087,0.001351960003376007,-0.00648113340139389,0.0012155771255493164,-0.11530435085296631,0.024959459900856018,0.9930165410041809,0.03103666752576828,0.0032324842177331448,0.0029301648028194904,0.012400493763129438,-0.9982510834018761,0.0017468497391170269,-0.057774882434126394
1790595288.722435,173549.41580387502,1790595288.7241678,-0.0024254992604255676,-0.01584072969853878,0.005011081695556641,-0.11535689234733582,0.025163786485791206,0.9930055737495422,0.007890602573752403,0.006361166015267372,0.010733227245509624,0.012500912378216836,-0.9982482793259551,0.001779860812846355,-0.057801949050527275
1790595288.732571,173549.425861875,1790595288.7342257,-0.008275315165519714,-0.021127473562955856,0.016433000564575195,-0.11542744189500809,0.025170981884002686,0.992996871471405,-0.007714456878602505,0.007722307462245226,0.006495072040706873,0.012501605332062052,-0.9982460021288507,0.0018294798575698556,-0.057838040666623174
1790595288.744586,173549.43591987502,1790595288.7442837,-0.013697788119316101,-0.019374409690499306,0.017659306526184082,-0.11549819260835648,0.02506588213145733,0.9929917454719543,-0.011516118422150612,0.005076723173260689,-0.012028544209897518,0.012449166351466433,-0.9982447376381364,0.0018251295531836057,-0.057873401125621116
1790595288.752429,173549.445977875,1790595288.7543418,-0.01847546547651291,-0.01413763128221035,0.01986706256866455,-0.11548119783401489,0.02495604008436203,0.9929960370063782,-0.003869118168950081,-0.011382676661014557,-0.031530607491731644,0.01240019894708573,-0.9982459916572044,0.0017207911544460206,-0.0578634315507168
1790595288.7625139,173549.45603587502,1790595288.7643998,-0.020031414926052094,-0.0072272829711437225,0.017572343349456787,-0.11529853194952011,0.0249579269438982,0.9930171370506287,0.010421138256788254,-0.027303854003548622,-0.04252120852470398,0.012412364202753342,-0.9982515888893688,0.0015285075832824218,-0.05776924112889536
1790595288.772494,173549.466093875,1790595288.7744577,-0.012380734086036682,0.001668015494942665,0.011987924575805664,-0.11501464992761612,0.025065310299396515,0.9930474162101746,0.019588537514209747,-0.030873822048306465,-0.041219718754291534,0.012479309438064674,-0.9982594908226228,0.0013026974324782407,-0.0576238765730786
1790595288.7825332,173549.47615187502,1790595288.7845159,-0.007689639925956726,0.0026194509118795395,0.0008984208106994629,-0.11474664509296417,0.02522776834666729,0.9930744171142578,0.01960531435906887,-0.024302205070853233,-0.028231482952833176,0.012571376786733899,-0.9982664783925754,0.0011185152586767426,-0.057487037811783596
1790595288.7925131,173549.486210875,1790595288.7945747,-0.005855537950992584,0.0028595533221960068,-0.0005393028259277344,-0.1145513579249382,0.02538439817726612,0.9930931925773621,0.015295521356165409,-0.01705174893140793,-0.006601821631193161,0.012655234698386149,-0.9982712723133629,0.0010253439407619553,-0.057387861668987857
1790595288.802603,173549.49626887502,1790595288.804633,-0.005599677562713623,0.002742871642112732,0.004698634147644043,-0.11442572623491287,0.025516342371702194,0.9931042790412903,0.00979689322412014,-0.005910414271056652,0.017140524461865425,0.012720011889524983,-0.998274024057825,0.0010486453752312597,-0.057325144921911785
1790595288.8131158,173549.506326875,1790595288.8146908,-0.009369462728500366,0.00016365200281143188,0.00807100534439087,-0.11440959572792053,0.025593116879463196,0.9931038618087769,0.0011211130768060684,0.004613333381712437,0.038867659866809845,0.012750443953898839,-0.998273769271786,0.00118852673534503,-0.0573188980022092
1790595288.822786,173549.51638487502,1790595288.8247488,-0.005344606935977936,0.00027070939540863037,0.003915309906005859,-0.11448246985673904,0.025653919205069542,0.9930943250656128,-2.2182008251547813e-05,0.009637387469410896,0.051745641976594925,0.012767466179567886,-0.9982710758729582,0.0014220544663416858,-0.057358557888905
1790595288.832395,173549.526442875,1790595288.8348067,-0.003833368420600891,-0.003511248156428337,0.005434930324554443,-0.11454407870769501,0.025727976113557816,0.9930849075317383,0.003196514444425702,0.00355792255140841,0.05412996932864189,0.012788989266819293,-0.9982683005339738,0.0016926341979583222,-0.05739307269619798
1790595288.84255,173549.53650087502,1790595288.8448648,-0.004995860159397125,-0.0092262402176857,0.008214354515075684,-0.11454130709171295,0.025827741250395775,0.9930830597877502,0.0048101237043738365,-0.0017577469116076827,0.04492581635713577,0.012824636823763343,-0.998267383814816,0.0019418831584561837,-0.05739499962301485
1790595288.852577,173549.546558875,1790595288.8549228,-0.009725742042064667,-0.014503031969070435,0.010100364685058594,-0.11446532607078552,0.02593180164694786,0.993088960647583,0.00804932601749897,-0.011510775424540043,0.022182155400514603,0.01286733617759046,-0.998268519396102,0.0021068050612273364,-0.05735908842574198
1790595288.8625548,173549.556617875,1790595288.864982,-0.020682431757450104,-0.018107587471604347,0.013822674751281738,-0.11429660022258759,0.026057351380586624,0.9931050539016724,0.01394609734416008,-0.02156846970319748,-0.001828637789003551,0.012927750890370208,-0.9982724519786428,0.0021520352155070025,-0.05727506641228857
1790595288.872618,173549.56667587502,1790595288.8750398,-0.020354337990283966,-0.015937434509396553,0.013629317283630371,-0.11404484510421753,0.026191269978880882,0.9931303858757019,0.015382872894406319,-0.028902815654873848,-0.025405069813132286,0.012999290189718963,-0.9982789571472256,0.0020773775196213386,-0.057147781120282556
1790595288.882585,173549.576733875,1790595288.8850977,-0.0194280743598938,-0.01451793685555458,0.010652482509613037,-0.1137351393699646,0.026328174397349358,0.993162214756012,0.019563769921660423,-0.03452261909842491,-0.04169749096035957,0.013078070533417524,-0.9982872796865598,0.0019023565167401615,-0.056990055841730274
1790595288.892247,173549.58679187502,1790595288.895156,-0.01486409455537796,-0.00981392152607441,0.0023823976516723633,-0.11343159526586533,0.026491718366742134,0.9931927919387817,0.02135048434138298,-0.027614377439022064,-0.04636707901954651,0.013173313250975852,-0.9982953521242723,0.0016715502994578265,-0.05683469916104813
1790595288.902606,173549.596849875,1790595288.9052138,-0.007928825914859772,-0.00652397982776165,-0.0029168128967285156,-0.11322574317455292,0.026634998619556427,0.9932124018669128,0.016852404922246933,-0.016743088141083717,-0.04563843831419945,0.013258765799330255,-0.9983006323660747,0.0014325258735687465,-0.05672826877571133
1790595288.911972,173549.60690787502,1790595288.9152718,-0.005195043981075287,-0.005988042801618576,-0.0027567148208618164,-0.11313660442829132,0.026724664494395256,0.993219792842865,0.012861392460763454,-0.003976160194724798,-0.042477797716856,0.01331637237729922,-0.9983027720880635,0.0012095960035398852,-0.056680608432470025
1790595288.921957,173549.616965875,1790595288.9253297,-0.007501713931560516,-0.002860693261027336,-0.003266751766204834,-0.11319506913423538,0.026801664382219315,0.9932113289833069,0.013266192749142647,0.014400983229279518,-0.04204742982983589,0.013366894592208835,-0.9983008828534363,0.0009989764651827091,-0.05670723821489057
1790595288.931974,173549.62702487502,1790595288.9353888,-0.01019391417503357,0.0014880020171403885,-0.002311229705810547,-0.11338680237531662,0.026908544823527336,0.9931866526603699,0.0196580458432436,0.02271830104291439,-0.04174542799592018,0.01343256861112533,-0.9982949040215942,0.0007853373955668525,-0.05680079976754525
1790595288.942343,173549.637082875,1790595288.9454467,-0.009109355509281158,0.006587449461221695,-0.0035744309425354004,-0.11363209784030914,0.027119146659970284,0.9931526184082031,0.033218592405319214,0.023629100993275642,-0.04219949617981911,0.013550346240443318,-0.9982865298214191,0.0005700009594591164,-0.056921304409869276
1790595288.95411,173549.64714087502,1790595288.955505,-0.009840570390224457,0.009995298460125923,-0.005689263343811035,-0.11386217176914215,0.02749546989798546,0.9931159019470215,0.05003299564123154,0.018966173753142357,-0.039304375648498535,0.013751669261312506,-0.9982774267831747,0.00034634963657711543,-0.05703409529836721
1790595288.962029,173549.657198875,1790595288.9655628,-0.00990469753742218,0.006533000618219376,-0.0030788779258728027,-0.11401168256998062,0.028012827038764954,0.9930843114852905,0.06116660684347153,0.009876538999378681,-0.030825935304164886,0.014022040297152115,-0.9982695706612674,0.00015125463197846403,-0.05710677982853431
1790595288.972615,173549.66725687502,1790595288.9756207,-0.005654267966747284,0.0017177555710077286,-0.004837632179260254,-0.11409652233123779,0.028601400554180145,0.9930582046508789,0.06309899687767029,0.0065103028900921345,-0.017816659063100815,0.014324985897725991,-0.9982630458144279,1.0435811589101568e-05,-0.05714767236154518
1790595288.9823968,173549.677314875,1790595288.9856787,-0.0069626495242118835,0.0016507096588611603,-0.004031836986541748,-0.11417660862207413,0.02923300303518772,0.9930300712585449,0.06556854397058487,0.007167570758610964,-0.01363549567759037,0.014647157489923887,-0.9982559874784287,-8.937206978183723e-05,-0.057186729113749904
1790595288.991967,173549.68737287502,1790595288.9957368,-0.013094514608383179,0.002377636730670929,-0.004473567008972168,-0.1142856553196907,0.029864123091101646,0.9929993152618408,0.06436319649219513,0.016427647322416306,-0.014596630819141865,0.014968441316727374,-0.998248280877731,-0.00017747743147553566,-0.05724044035160425
1790595289.002666,173549.697431875,1790595289.0057957,-0.019613072276115417,0.0029598474502563477,-0.005022406578063965,-0.11452671140432358,0.03047209419310093,0.992952823638916,0.06027151644229889,0.03244416415691376,-0.018299490213394165,0.015278784326828049,-0.9982366203645522,-0.0002753702290062645,-0.057360297808663266
1790595289.012817,173549.707489875,1790595289.015854,-0.020022720098495483,0.0012727323919534683,-0.004363894462585449,-0.1149258092045784,0.031030066311359406,0.9928895831108093,0.0558440163731575,0.045067548751831055,-0.01995091699063778,0.015565295529124834,-0.9982207364158623,-0.00039207216499300833,-0.057559213810929336
1790595289.022754,173549.717547875,1790595289.0259118,-0.01607072353363037,0.002270229160785675,-0.003591001033782959,-0.11539876461029053,0.031543176621198654,0.992818295955658,0.05114459991455078,0.04929132014513016,-0.02189023047685623,0.01582965823596925,-0.9982028258059595,-0.0005125239325262591,-0.05779513898831667
1790595289.116811,173549.727605875,1790595289.0359697,-0.008636608719825745,0.00034466758370399475,-0.0036367177963256836,-0.11593593657016754,0.03197338059544563,0.992742121219635,0.03772226721048355,0.05495373532176018,-0.018765011802315712,0.016052159907871393,-0.9981836922539282,-0.0006254164767669258,-0.05806338904966064
1790595289.117056,173549.737663875,1790595289.046028,-0.005203954875469208,-0.0018581710755825043,0.00205230712890625,-0.1164846420288086,0.032268866896629333,0.992668092250824,0.024220040068030357,0.05213664472103119,-0.013646414503455162,0.016205654133549116,-0.9981650814056854,-0.0007110979519961072,-0.058337843306399066
1790595289.117203,173549.747721875,1790595289.0560858,-0.0021169036626815796,-0.0024938881397247314,0.0068929195404052734,-0.1169930025935173,0.032416313886642456,0.9926038384437561,0.007076473906636238,0.04876002296805382,-0.009434625506401062,0.01628349385052631,-0.9981489433600246,-0.0007713471143085777,-0.05859240005282641
1790595289.117333,173549.757779875,1790595289.0661438,0.0007138848304748535,0.00032257288694381714,0.01148974895477295,-0.11741288751363754,0.03242272511124611,0.9925540089607239,-0.0015979744493961334,0.03617525473237038,-0.007708630990236998,0.016289559197144636,-0.9981364282814144,-0.0008135493222285067,-0.05880277536684985
1790595289.117457,173549.767837875,1790595289.0762017,-0.002475738525390625,0.0021958425641059875,0.014334797859191895,-0.11774804443120956,0.03234999254345894,0.9925165772438049,-0.010504916310310364,0.03199116140604019,-0.006544563453644514,0.016255540371296107,-0.9981270348860766,-0.0008495409005089532,-0.05897066364429678
1790595289.117577,173549.77789687502,1790595289.0862608,-0.00651240348815918,0.00607653334736824,0.013887941837310791,-0.11799908429384232,0.032238222658634186,0.9924902319908142,-0.008129909634590149,0.018426349386572838,-0.010843171738088131,0.016202028636410785,-0.9981204043049845,-0.0008877883817866032,-0.05909623344791238
1790595289.1177201,173549.787954875,1790595289.0963187,-0.007984817028045654,0.010573811829090118,0.013643383979797363,-0.11814410239458084,0.03216598927974701,0.9924755096435547,-0.003530097659677267,0.012627583928406239,-0.015945522114634514,0.01616967728809013,-0.9981166564664954,-0.0009503503081030755,-0.05916811946340147
1790595289.117837,173549.79801287502,1790595289.106377,-0.013777308166027069,0.0097598135471344,0.012130141258239746,-0.11825673282146454,0.03214074671268463,0.9924626350402832,0.002173061715438962,0.008048279210925102,-0.01700998842716217,0.016162223534916517,-0.9981133362328383,-0.001036047552217813,-0.059223356787502957
1790595289.11795,173549.808070875,1790595289.1164348,-0.011274613440036774,0.010435797274112701,0.012320101261138916,-0.11830278486013412,0.03218192979693413,0.9924558997154236,0.0099130067974329,-0.0010272418148815632,-0.011247172951698303,0.016187475091868995,-0.9981115749636018,-0.0011130211248032566,-0.059245254106511804
1790595289.124886,173549.81812887502,1790595289.1264927,-0.009060658514499664,0.008771080523729324,0.016571879386901855,-0.11822789907455444,0.032290250062942505,0.9924612045288086,0.01220383495092392,-0.013364550657570362,-9.650550782680511e-05,0.016244082073741416,-0.9981128544746078,-0.001153617620865226,-0.05920694117595851
1790595289.134625,173549.828186875,1790595289.136551,-0.0064809322357177734,0.009226415306329727,0.01789754629135132,-0.11804576218128204,0.032430000603199005,0.9924781918525696,0.013674434274435043,-0.0220366008579731,0.021432755514979362,0.01631154878681124,-0.9981171479990352,-0.0011136920544747419,-0.05911602085946644
1790595289.146142,173549.83824487502,1790595289.1466088,0.003939300775527954,0.01087896153330803,0.009936809539794922,-0.11778489500284195,0.0325780026614666,0.9925046563148499,0.009606987237930298,-0.026875032112002373,0.03798776492476463,0.016377189359523703,-0.9981239243164746,-0.0009741573887465555,-0.058987157927856235
1790595289.154921,173549.848303875,1790595289.1566677,0.004002831876277924,0.009614992886781693,0.0025550127029418945,-0.11752799898386002,0.03268229961395264,0.9925317764282227,-0.00017853162717074156,-0.01939554512500763,0.05341092869639397,0.016415818791833885,-0.9981309212197984,-0.0007472805368472288,-0.0588617480005068
1790595289.166881,173549.858361875,1790595289.1667259,0.002806462347507477,0.008914008736610413,-0.0031369924545288086,-0.11739974468946457,0.032666124403476715,0.9925474524497986,-0.018230503425002098,-0.0034402806777507067,0.06026803329586983,0.016390899846258057,-0.9981350176109592,-0.0004637304596182262,-0.05880193432216908
1790595289.174866,173549.868419875,1790595289.1767838,-0.00969965010881424,0.004140745848417282,0.00263899564743042,-0.11739056557416916,0.032480280846357346,0.9925545454025269,-0.03206589072942734,0.005964939016848803,0.057608600705862045,0.016279803061541056,-0.9981368854128864,-0.00015869798239915819,-0.05880225479429657
1790595289.1854668,173549.878477875,1790595289.1868417,-0.02019266039133072,0.001089584082365036,0.008632183074951172,-0.11744138598442078,0.03218976780772209,0.9925581216812134,-0.04001223295927048,0.006687720771878958,0.05600963905453682,0.01611676586357276,-0.9981377833927678,0.0001382047863373811,-0.05883247930187745
1790595289.194914,173549.888535875,1790595289.1969,-0.01696992665529251,0.0009197890758514404,0.012224197387695312,-0.11745978146791458,0.031840767711400986,0.9925673007965088,-0.04260668158531189,-0.0018599609611555934,0.0482124388217926,0.015925716547079836,-0.9981400066379371,0.0004127566340454704,-0.05884591887245844
1790595289.2049139,173549.898593875,1790595289.2069578,-0.008153557777404785,0.0020076073706150055,0.006372332572937012,-0.1173650249838829,0.03147011622786522,0.9925901889801025,-0.04277472943067551,-0.014655385166406631,0.04429972171783447,0.015725463892203903,-0.9981456090572497,0.000659074316648043,-0.05880191875605105
1790595289.214914,173549.908651875,1790595289.2170157,0.002868957817554474,0.0018677636981010437,0.00015729665756225586,-0.11717230826616287,0.031075894832611084,0.99262535572052,-0.04629356414079666,-0.020614739507436752,0.041604336351156235,0.015514212183252706,-0.9981542416810761,0.0008920506148593587,-0.05870835396400585
1790595289.2249658,173549.918710875,1790595289.2270749,0.004252895712852478,0.0012659858912229538,0.00046765804290771484,-0.11693883687257767,0.030655335634946823,0.9926661252975464,-0.047572411596775055,-0.02240012213587761,0.041126832365989685,0.015290662472128404,-0.9981642272693013,0.0011106156782428782,-0.058593965428105826
1790595289.2353861,173549.92876887502,1790595289.2371328,0.0014885962009429932,0.0008685048669576645,0.0009981393814086914,-0.11676853895187378,0.03019832633435726,0.9927001595497131,-0.054123520851135254,-0.005843517370522022,0.03590730205178261,0.015049862564601082,-0.9981725085338898,0.0013126520370825507,-0.05851095220078506
1790595289.2450292,173549.938826875,1790595289.2471907,-0.010418817400932312,-0.003619108349084854,0.001538395881652832,-0.11682402342557907,0.02968105860054493,0.9927092790603638,-0.05671025067567825,0.017687641084194183,0.029581494629383087,0.01478030295189371,-0.9981745436825288,0.0014896791075714123,-0.058540893465556396
1790595289.255004,173549.94888487502,1790595289.2572489,-0.01652880758047104,-0.004916606470942497,0.004728436470031738,-0.11709220707416534,0.029162762686610222,0.9926930665969849,-0.053000468760728836,0.03681765869259834,0.023787522688508034,0.014511528933295183,-0.9981702494533876,0.0016429697682134837,-0.058677311592424404
1790595289.2653172,173549.958942875,1790595289.2673068,-0.014628909528255463,-0.006393237039446831,0.006821036338806152,-0.11748148500919342,0.028701530769467354,0.9926605820655823,-0.04412867873907089,0.042783405631780624,0.02004178613424301,0.014272812166300691,-0.9981618836217521,0.001769668493695669,-0.05887421915946662
1790595289.2750049,173549.96900087502,1790595289.2773647,-0.007569789886474609,-0.005661997944116592,0.006952464580535889,-0.11790299415588379,0.02835174836218357,0.9926203489303589,-0.029518045485019684,0.04155968129634857,0.014227572828531265,0.014091481677208351,-0.9981516381104418,0.001869078548970544,-0.059087047938562856
1790595289.285045,173549.979058875,1790595289.287423,0.0003472268581390381,-0.0023209676146507263,0.011393547058105469,-0.11820591986179352,0.02818455919623375,0.9925892949104309,-0.006802612449973822,0.019805386662483215,0.007610948756337166,0.014003832231384083,-0.9981437400806109,0.0019318332199383661,-0.05923997659001103
1790595289.2950249,173549.989117875,1790595289.2974818,0.0015126317739486694,0.0005073398351669312,0.015378117561340332,-0.11834892630577087,0.02819436974823475,0.9925715327262878,0.006456734146922827,0.009417193941771984,-0.00023738667368888855,0.014007525482846844,-0.9981392503512984,0.001951102312868193,-0.05931215758697608
1790595289.3057191,173549.999175875,1790595289.3075397,-0.007038220763206482,0.001459214836359024,0.022495388984680176,-0.11837353557348251,0.028325876221060753,0.9925651550292969,0.019142968580126762,-0.005321004893630743,-0.0011095718946307898,0.014074008053327513,-0.9981376735576496,0.0019408591320074153,-0.059324564797670724
1790595289.315012,173550.009238625,1790595289.3176026,-0.010647393763065338,0.00015863217413425446,0.025938689708709717,-0.11827388405799866,0.028558338060975075,0.9925702214241028,0.02586611732840538,-0.011903008446097374,0.0002774023450911045,0.014191299282662622,-0.9981389602498021,0.0019279730979341768,-0.05927461497891344
1790595289.325058,173550.01929662502,1790595289.3276606,-0.00479569286108017,-0.0013860631734132767,0.022192001342773438,-0.11814413964748383,0.028806036338210106,0.9925786256790161,0.022038090974092484,-0.01449319813400507,0.008073540404438972,0.014314541483446052,-0.9981410341227093,0.001943716571839757,-0.059209962808147526
1790595289.3350248,173550.029354625,1790595289.3377185,0.00036035478115081787,-0.004727911204099655,0.0194014310836792,-0.11797485500574112,0.029035089537501335,0.992591917514801,0.018205534666776657,-0.01765543594956398,0.020498517900705338,0.014425574722711387,-0.9981442393845212,0.002008258186460693,-0.05912612306852312
1790595289.345061,173550.03941262502,1790595289.3477767,0.004970677196979523,-0.005943916738033295,0.011182308197021484,-0.11785498261451721,0.02918298728764057,0.9926020503044128,0.0076173399575054646,-0.0037547999527305365,0.025795279070734978,0.014493039532229244,-0.9981465462352458,0.002121565641250482,-0.05906771888004555
1790595289.3552399,173550.049470625,1790595289.3578346,0.0012443438172340393,-0.007381299510598183,0.00011092424392700195,-0.11789754778146744,0.029231814667582512,0.992595374584198,-0.0035943021066486835,0.012662522494792938,0.023565948009490967,0.014509982933686154,-0.9981445948914486,0.0022481704302421577,-0.059091033667568904
1790595289.365083,173550.05952962502,1790595289.3678935,-0.0056157708168029785,-0.009765362367033958,-0.0003852248191833496,-0.11810223758220673,0.029174473136663437,0.9925726652145386,-0.013818975538015366,0.03023352660238743,0.01259798463433981,0.01447541156570196,-0.9981386870816614,0.00234424698891264,-0.05919523402773562
1790595289.375087,173550.069587625,1790595289.3779516,-0.013256393373012543,-0.012538492679595947,0.0007394552230834961,-0.11848779767751694,0.02901792712509632,0.9925317764282227,-0.017920244485139847,0.045068930834531784,-0.0036198676098138094,0.01439475907520689,-0.9981283634307104,0.0023766238141673173,-0.059389263236698686
1790595289.385102,173550.07964562502,1790595289.3880095,-0.016434907913208008,-0.015749070793390274,0.006189703941345215,-0.11894083768129349,0.0288257896900177,0.9924829006195068,-0.017072293907403946,0.04401937872171402,-0.021775169298052788,0.014301574558443504,-0.9981162587725806,0.0023191867368920678,-0.05961588662469102
1790595289.3951051,173550.089703625,1790595289.3980675,-0.015373438596725464,-0.012948121875524521,0.015312671661376953,-0.11934622377157211,0.028664616867899895,0.9924392104148865,-0.007334445137530565,0.035192862153053284,-0.038316063582897186,0.014229248365167906,-0.9981056487276037,0.0021735316218659795,-0.059817354823126896
1790595289.4055932,173550.09976162502,1790595289.4081256,-0.010557010769844055,-0.009912677109241486,0.015835285186767578,-0.11964602768421173,0.02860463596880436,0.9924047589302063,0.005141665227711201,0.0220006313174963,-0.04530712589621544,0.014211847902688078,-0.9980974548997307,0.001959619261482101,-0.059964951407448584
1790595289.4151208,173550.109819625,1790595289.4181836,0.00032654404640197754,-0.006245633587241173,0.011110782623291016,-0.11980266124010086,0.028675993904471397,0.9923838376998901,0.019402893260121346,0.007759376894682646,-0.046372123062610626,0.014261772086483333,-0.9980926492746044,0.0017226256961611216,-0.060040416574788785
1790595289.427834,173550.11987762502,1790595289.4282415,0.009060807526111603,-0.002779897302389145,0.003708362579345703,-0.11986992508172989,0.02885710448026657,0.9923702478408813,0.02574867196381092,0.005480776075273752,-0.04220268130302429,0.014366293748907135,-0.9980896261876592,0.001493284694188161,-0.06007117240647959
1790595289.436844,173550.12993662502,1790595289.4383006,0.004650376737117767,-0.0025616008788347244,0.0009492635726928711,-0.11997607350349426,0.02903553657233715,0.9923521876335144,0.019825536757707596,0.017035167664289474,-0.038780782371759415,0.014468033429509093,-0.9980853910940364,0.0012879766747361623,-0.06012177934238126
1790595289.447111,173550.139994625,1790595289.4483585,-0.00327879935503006,-0.004161994904279709,-0.004426896572113037,-0.12028662115335464,0.029140561819076538,0.992311418056488,0.009452523663640022,0.046038586646318436,-0.040353648364543915,0.014532360118293104,-0.9980753988360107,0.0010931522037874852,-0.06027520180742487
1790595289.457443,173550.15005262502,1790595289.4584165,-0.012447528541088104,-0.003169313073158264,-0.009554803371429443,-0.1209140345454216,0.029109181836247444,0.9922360181808472,-0.004692855756729841,0.07752300798892975,-0.046667736023664474,0.014529370736316055,-0.9980567216970304,0.0008822690441831837,-0.06058757620498611
1790595289.467461,173550.160110625,1790595289.4684746,-0.019039742648601532,-0.0030613988637924194,-0.008026838302612305,-0.12184444069862366,0.028940239921212196,0.9921272993087769,-0.01624591462314129,0.1044936403632164,-0.05156023055315018,0.014459231263378692,-0.9980296780337828,0.0006449986428881937,-0.06105183953756471
1790595289.4751732,173550.17016862502,1790595289.4785326,-0.01737453043460846,-0.0008240602910518646,-0.0012165307998657227,-0.12292980402708054,0.028701800853013992,0.9920003414154053,-0.017966050654649734,0.10583747178316116,-0.052740275859832764,0.014355092030299332,-0.9979980023902074,0.0003985356090500651,-0.06159393459579248
1790595289.485218,173550.180226625,1790595289.4885905,-0.005764760076999664,0.005842085927724838,0.009425222873687744,-0.12388890236616135,0.028490111231803894,0.9918867945671082,-0.011514009907841682,0.0813092291355133,-0.04609622061252594,0.014263945655001222,-0.9979696304852987,0.00016224172794427813,-0.062072794628704776
1790595289.495209,173550.19028462502,1790595289.4986486,0.006577946245670319,0.012477602809667587,0.01940333843231201,-0.12451288104057312,0.02838536910712719,0.9918118119239807,0.00011681299656629562,0.04213865473866463,-0.0311747957020998,0.01422382422921026,-0.9979508522830444,-3.1948929130377955e-05,-0.06238381992784197
1790595289.5051038,173550.200343625,1790595289.5087075,0.01177775114774704,0.01584922894835472,0.022181689739227295,-0.12476883083581924,0.02837066911160946,0.9917799830436707,0.0009394634398631752,0.008511452935636044,-0.017261110246181488,0.01422423831498123,-0.9979428706580112,-0.00015425206228574973,-0.06251081459034934
1790595289.515232,173550.21040162502,1790595289.5187654,0.007900208234786987,0.00973578542470932,0.019872069358825684,-0.12473655492067337,0.028319576755166054,0.9917859435081482,-0.00939200446009636,-0.013250035233795643,-0.0013540501240640879,0.014201513287644735,-0.9979443594731008,-0.00020052312752056583,-0.06249389542653087
1790595289.527277,173550.220459625,1790595289.5288236,0.000910632312297821,0.004270050674676895,0.01690077781677246,-0.12456761300563812,0.028139544650912285,0.9918119311332703,-0.03004375286400318,-0.018171023577451706,0.007401358336210251,0.014109832258268411,-0.997950861458073,-0.00017861476950758334,-0.06240917115413855
1790595289.537237,173550.23051762502,1790595289.5388815,-0.011419825255870819,-0.0011371355503797531,0.017002582550048828,-0.12438318878412247,0.02770262584090233,0.9918476343154907,-0.05980378016829491,-0.01826636493206024,0.008981412276625633,0.013887328338965863,-0.9979598247241538,-0.0001232895381160221,-0.062317018763237746
1790595289.634649,173550.240575625,1790595289.5489395,-0.020429477095603943,-0.005626099184155464,0.020316004753112793,-0.12419309467077255,0.026988334953784943,0.991891086101532,-0.08726895600557327,-0.019790491089224815,0.01187813188880682,0.013524840824767915,-0.9979707163069267,-5.187312673862088e-05,-0.06222211297482872
1790595289.6391098,173550.25063362502,1790595289.5589976,-0.02001608908176422,-0.005793225020170212,0.024303913116455078,-0.12395036220550537,0.026041574776172638,0.9919467568397522,-0.10321330279111862,-0.031998954713344574,0.007648766040802002,0.013045344600630159,-0.9979846637197041,2.791269527829005e-05,-0.062100697929382505
1790595289.6392572,173550.260691625,1790595289.5690556,-0.019595615565776825,-0.0008720234036445618,0.02691042423248291,-0.12353161722421646,0.02499610371887684,0.9920259118080139,-0.10532652586698532,-0.05166613310575485,0.008130798116326332,0.012517212724254915,-0.9980044895160568,9.399638251161801e-05,-0.06189048799288888
1790595289.639384,173550.270750625,1790595289.5791144,-0.0074575841426849365,0.007012292742729187,0.021008968353271484,-0.12289799749851227,0.02400875650346279,0.9921287894248962,-0.09524060040712357,-0.07494695484638214,0.010415524244308472,0.012017567726245905,-0.9980302375733474,0.0001702418804211292,-0.06157232916393434
1790595289.639534,173550.28080862502,1790595289.5891726,-0.006304353475570679,0.007953893393278122,0.01607125997543335,-0.12212860584259033,0.02312818355858326,0.9922446012496948,-0.081386037170887,-0.076713427901268,0.005159775726497173,0.011572395467188783,-0.9980592333259257,0.00023135718191930727,-0.0611857292343969
1790595289.639649,173550.290866625,1790595289.5992305,-0.013818912208080292,0.004631711170077324,0.007342338562011719,-0.1213889941573143,0.022391540929675102,0.9923526644706726,-0.06611387431621552,-0.0700366199016571,-0.001711179967969656,0.011201428998043111,-0.9980863007307292,0.0002594421416845237,-0.06081378335344825
1790595289.639762,173550.30092462501,1790595289.6092885,-0.01823361963033676,0.005003102123737335,-0.0020159482955932617,-0.12083476781845093,0.021791264414787292,0.9924336075782776,-0.053903546184301376,-0.03992345929145813,-0.007749897427856922,0.010900941069203276,-0.9981065831977723,0.00025326080382117574,-0.060534763987911785
1790595289.6398778,173550.310982625,1790595289.6193466,-0.025058463215827942,0.0012518540024757385,-0.012165963649749756,-0.12064747512340546,0.02130056545138359,0.9924668073654175,-0.04134301096200943,0.002130253240466118,-0.012478074058890343,0.010657344171295898,-0.9981149015747539,0.00021556970481312397,-0.06043997131857483
1790595289.6399949,173550.32104062501,1790595289.6294045,-0.023693107068538666,0.0002874936908483505,-0.019518673419952393,-0.12085315585136414,0.02093740925192833,0.9924495220184326,-0.026345420628786087,0.037361208349466324,-0.018643291667103767,0.010479333184432256,-0.9981105864022256,0.0001514829964082679,-0.06054255391165617
1790595289.64011,173550.331098625,1790595289.6394625,-0.015949778258800507,-0.00020398199558258057,-0.023607373237609863,-0.12139435112476349,0.020726986229419708,0.9923880100250244,-0.010931044816970825,0.06942540407180786,-0.02244442142546177,0.010379838594396722,-0.9980951821488975,5.633451983734888e-05,-0.06081360015660179
1790595289.647285,173550.34115762502,1790595289.6495216,-0.01295662671327591,-0.002021491527557373,-0.028095126152038574,-0.12226656079292297,0.02063714899122715,0.9922829866409302,-0.0031104055233299732,0.10627023875713348,-0.026739034801721573,0.010342302486324602,-0.9980688851401394,-6.131376253549423e-05,-0.06125093005729646
1790595289.657899,173550.351215625,1790595289.6595795,-0.017903052270412445,-0.0029692836105823517,-0.027344107627868652,-0.12353043258190155,0.02060837484896183,0.9921268820762634,0.005827429238706827,0.14317072927951813,-0.031078388914465904,0.010337204260942307,-0.9980297645635171,-0.00020441553341364138,-0.06188503167882706
1790595289.6677408,173550.36127362502,1790595289.6696374,-0.02266031503677368,-0.005102893337607384,-0.02074253559112549,-0.1250597983598709,0.02066679112613201,0.9919341206550598,0.012562563642859459,0.1601017713546753,-0.03086853213608265,0.010376161680763232,-0.9979814253613934,-0.00034829057579333094,-0.06265275466571556
1790595289.67738,173550.371331625,1790595289.6796956,-0.02122446894645691,-0.00803188607096672,-0.001769423484802246,-0.12664826214313507,0.020818687975406647,0.9917294383049011,0.028116222470998764,0.15370965003967285,-0.02851882576942444,0.010462464851740091,-0.9979300894805636,-0.0004958923688857494,-0.0634502782826019
1790595289.687399,173550.38138962502,1790595289.6897535,-0.018496215343475342,-0.0027473289519548416,0.013495683670043945,-0.12806423008441925,0.02117988094687462,0.9915398955345154,0.051596514880657196,0.12945252656936646,-0.029466111212968826,0.010654018050756435,-0.99788252481087,-0.0006470852163186444,-0.06416108042488532
1790595289.6974301,173550.391447625,1790595289.6998115,-0.011344850063323975,0.008279133588075638,0.018908262252807617,-0.12921889126300812,0.02181113325059414,0.9913763403892517,0.0835011824965477,0.09755264222621918,-0.029645608738064766,0.010981713092517805,-0.9978414341735027,-0.0008100348951624084,-0.06474029752630353
1790595289.707971,173550.40150562502,1790595289.7098696,-0.008759275078773499,0.013851823285222054,0.02728039026260376,-0.1299581229686737,0.022723425179719925,0.991258978843689,0.10407277196645737,0.05309037119150162,-0.022842297330498695,0.011449904684494793,-0.9978118851754669,-0.0009697064312666468,-0.0651104280354049
1790595289.717058,173550.411564625,1790595289.7199285,-0.005907222628593445,0.008623633533716202,0.029448986053466797,-0.13036881387233734,0.023755457252264023,0.9911810755729675,0.10523231327533722,0.032800547778606415,-0.013963052071630955,0.011975715303148626,-0.9977922272686838,-0.0010954052852623,-0.06531549286210422
1790595289.727475,173550.421622625,1790595289.7299864,-0.006615132093429565,0.00048296526074409485,0.02173370122909546,-0.13069844245910645,0.024709222838282585,0.9911139607429504,0.08677633851766586,0.0362650528550148,-0.007016463205218315,0.012459356627293429,-0.9977753297428528,-0.001176344219625491,-0.06548023604121524
1790595289.737747,173550.431680625,1790595289.7400446,-0.013967856764793396,-0.004893532022833824,0.01655566692352295,-0.13109725713729858,0.025431804358959198,0.9910435080528259,0.05931435525417328,0.042912837117910385,-0.00344330002553761,0.012825071750428811,-0.9977576130558145,-0.0012242790308609048,-0.06568020547615665
1790595289.747452,173550.441738625,1790595289.7501025,-0.016827940940856934,-0.011062778532505035,0.018520355224609375,-0.13156355917453766,0.02584848366677761,0.9909707903862,0.024882612749934196,0.050725486129522324,-0.0038632804062217474,0.013036023662597816,-0.9977393624271587,-0.001248775684238211,-0.06591451270811023
1790595289.757497,173550.451796625,1790595289.7601604,-0.022213250398635864,-0.018368085846304893,0.025596320629119873,-0.13208335638046265,0.02596689574420452,0.9908983707427979,-0.000250969547778368,0.048080697655677795,-0.002000665757805109,0.013097062277346501,-0.9977211896211973,-0.0012658429543711044,-0.06617590344060828
1790595289.767467,173550.461854625,1790595289.7702186,-0.016600504517555237,-0.014798728749155998,0.028710365295410156,-0.13244712352752686,0.025907067582011223,0.9908515214920044,-0.011963285505771637,0.025525590404868126,0.003975734114646912,0.013066857024826501,-0.9977094711991175,-0.001256689948542483,-0.0663591408219879
1790595289.77749,173550.471912625,1790595289.7802765,-0.00507277250289917,-0.011485228314995766,0.02951669692993164,-0.13257654011249542,0.02573687583208084,0.9908387064933777,-0.02305109053850174,-0.0007265196181833744,0.012578276917338371,0.012978674517625593,-0.9977063108055676,-0.0012114046439894173,-0.06642490937170581
1790595289.787771,173550.481971625,1790595289.7903357,0.0018022507429122925,-0.009108461439609528,0.03500711917877197,-0.1323714554309845,0.025511587038636208,0.9908716678619385,-0.025146465748548508,-0.04111948236823082,0.018424447625875473,0.012859876358469836,-0.9977146658991913,-0.0011262153974519252,-0.06632281187319938
1790595289.7975821,173550.49202962502,1790595289.8003936,0.0034757256507873535,-0.0045462120324373245,0.043416380882263184,-0.13174086809158325,0.025282837450504303,0.9909616112709045,-0.026625584810972214,-0.08169194310903549,0.02050757221877575,0.012737900936673319,-0.9977373185521355,-0.0010250496943705217,-0.06600672825040296
1790595289.807586,173550.502087625,1790595289.8104515,0.003251701593399048,-0.0011331643909215927,0.044867753982543945,-0.13076916337013245,0.02501310035586357,0.9910972118377686,-0.03200383856892586,-0.10980746895074844,0.019717680290341377,0.012595052194155491,-0.9977713939211541,-0.000922372037154288,-0.06551897818350187
1790595289.818037,173550.51214562502,1790595289.8205094,0.001728937029838562,-0.00046743638813495636,0.043387651443481445,-0.12955160439014435,0.024698331952095032,0.9912652969360352,-0.0364513173699379,-0.13133487105369568,0.022727318108081818,0.0124296034258744,-0.9978136046392984,-0.0008205800989997119,-0.06490751468379327
1790595289.828243,173550.522203625,1790595289.8305676,-0.00022780895233154297,-0.0006147418171167374,0.04280281066894531,-0.12817463278770447,0.024326825514435768,0.9914530515670776,-0.04440245032310486,-0.14103515446186066,0.029705066233873367,0.01223354354224778,-0.997860738700432,-0.0006845654803013174,-0.06421631807529057
1790595289.838191,173550.53226162502,1790595289.8406255,-0.007849052548408508,-0.0010862015187740326,0.04096341133117676,-0.12676376104354858,0.02391328476369381,0.9916446208953857,-0.04701660946011543,-0.13901887834072113,0.037813324481248856,0.01201394059416734,-0.9979088369802456,-0.0005066269583693077,-0.06350860060511282
1790595289.847589,173550.542320625,1790595289.8506846,-0.006140366196632385,0.0034934449940919876,0.03276526927947998,-0.1253596693277359,0.02354506589472294,0.9918321371078491,-0.03623320534825325,-0.13947321474552155,0.042091961950063705,0.011815575770219364,-0.9979558996453877,-0.000300781037641894,-0.06280465946069745
1790595289.859612,173550.552378625,1790595289.8607426,-0.002052716910839081,0.011867964640259743,0.020412087440490723,-0.12399990856647491,0.023303475230932236,0.9920086860656738,-0.020509103313088417,-0.13200411200523376,0.038227979093790054,0.011681083684260442,-0.9980001634146438,-9.635185727454843e-05,-0.062123064504192055
1790595289.868225,173550.562436625,1790595289.8708005,0.0034323185682296753,0.017033874988555908,0.01636528968811035,-0.12263376265764236,0.023249264806509018,0.9921797513961792,0.0007016431773081422,-0.14098748564720154,0.03479090332984924,0.011642369018063202,-0.9980430194068233,8.215087847836571e-05,-0.061438072526506404
1790595289.878033,173550.572494625,1790595289.8808584,0.007771819829940796,0.016659311950206757,0.014285087585449219,-0.12120542675256729,0.02336442470550537,0.9923525452613831,0.01221448928117752,-0.14239737391471863,0.03443457558751106,0.011689724818904323,-0.9980862797365458,0.0002447010589708122,-0.06072177870665921
1790595289.8898282,173550.582552625,1790595289.8909166,0.010795913636684418,0.006697004660964012,0.010331451892852783,-0.11977394670248032,0.023545850068330765,0.9925220012664795,0.014870725572109222,-0.14364905655384064,0.03346438333392143,0.011770613126000164,-0.9981286698785987,0.000405620144913688,-0.06000403491066513
1790595289.8990211,173550.592610625,1790595289.9009745,0.007481791079044342,-0.007112517952919006,0.011259198188781738,-0.11832143366336823,0.02368350140750408,0.9926931858062744,0.004165350459516048,-0.14388181269168854,0.025469308719038963,0.011831108864036355,-0.9981714771399333,0.0005445029129026274,-0.05927554596133938
1790595289.9096608,173550.602668625,1790595289.9110324,-0.0022990405559539795,-0.01426517590880394,0.0112152099609375,-0.11691765487194061,0.023695042356848717,0.9928590059280396,-0.005713645368814468,-0.13579991459846497,0.0078421114012599,0.01183210524523656,-0.9982129610854936,0.0006242088528591227,-0.05857088021985154
1790595289.9176588,173550.612727625,1790595289.9210916,-0.014352992177009583,-0.01752726547420025,0.0069828033447265625,-0.11557536572217941,0.023645970970392227,0.993017315864563,-0.002839295659214258,-0.13368989527225494,-0.019410282373428345,0.011809412229133131,-0.9982526205667258,0.0005908705592214106,-0.05789582675946681
1790595289.9274812,173550.62278562502,1790595289.9311495,-0.022296644747257233,-0.018073029816150665,-0.0018939971923828125,-0.11429980397224426,0.023596644401550293,0.9931660890579224,0.00013225933071225882,-0.12022149562835693,-0.04687253385782242,0.011794930668553364,-0.99828996831434,0.000411529621848716,-0.057252659823456294
1790595289.939672,173550.632843625,1790595289.9412076,-0.01715955138206482,-0.018111079931259155,-0.011181831359863281,-0.11315027624368668,0.02355840429663658,0.9932985305786133,0.00733584351837635,-0.11605071276426315,-0.06910514086484909,0.01179267246886768,-0.9983232266727214,0.00011122868343537073,-0.056671476198733445
1790595289.950656,173550.64290162502,1790595289.9512656,-0.01290246844291687,-0.014323407784104347,-0.0031092166900634766,-0.11192945390939713,0.023631200194358826,0.9934352040290833,0.02369777299463749,-0.13079343736171722,-0.08412669599056244,0.011851432173195902,-0.9983574148047762,-0.00029195256969591306,-0.056053340648858384
1790595289.9591491,173550.652959625,1790595289.9613235,-0.0067516714334487915,-0.011159690096974373,0.002653360366821289,-0.1106187030673027,0.023809164762496948,0.993577778339386,0.03194798156619072,-0.13632403314113617,-0.08296103030443192,0.011964391363683756,-0.9983928788869404,-0.0007326463925266759,-0.05538960379078701
1790595289.969067,173550.66301762502,1790595289.9713814,-0.004538498818874359,-0.008325764909386635,0.004477024078369141,-0.10924604535102844,0.024103282019495964,0.9937223792076111,0.04529014974832535,-0.14013980329036713,-0.08337967842817307,0.012134538126138746,-0.9984286835864211,-0.0011670268001580872,-0.0546948043443768
1790595289.979006,173550.673075625,1790595289.9814396,-0.013349033892154694,-0.008875280618667603,0.0015230774879455566,-0.10795809328556061,0.02450021170079708,0.9938533902168274,0.05367431417107582,-0.12006516754627228,-0.08781730383634567,0.012356823488561541,-0.99846085188903,-0.0016227904005945049,-0.0540421713343744
1790595289.989275,173550.683134625,1790595289.9914985,-0.024222515523433685,-0.00676257349550724,-0.008561015129089355,-0.106880784034729,0.024966243654489517,0.9939585328102112,0.05942327901721001,-0.09732390195131302,-0.08561327308416367,0.012613530348406028,-0.9984863181561688,-0.0020808484767682878,-0.05349512059916863
1790595289.99907,173550.693192625,1790595290.0015566,-0.02904251217842102,0.00032125040888786316,-0.019582509994506836,-0.10613486170768738,0.025527071207761765,0.9940240383148193,0.07286664843559265,-0.057464633136987686,-0.10232806950807571,0.012919155278522642,-0.9985015898640845,-0.002565466389191909,-0.053113871902146136
1790595290.009077,173550.703250625,1790595290.0116146,-0.03599686175584793,-0.0028756894171237946,-0.022969305515289307,-0.10569601505994797,0.02617579698562622,0.9940539598464966,0.07951842993497849,-0.03786350414156914,-0.11138787865638733,0.013273437982491601,-0.9985074701898194,-0.0031337253009925364,-0.05288534502038313
1790595290.019299,173550.713308625,1790595290.0216725,-0.03536193072795868,-0.0009420011192560196,-0.007994890213012695,-0.10541542619466782,0.026927649974822998,0.994063675403595,0.09581217914819717,-0.026545599102973938,-0.10458270460367203,0.013679380992553756,-0.9985079630961209,-0.003700438671081834,-0.05273577680815864
1790595290.029782,173550.72336662502,1790595290.0317307,-0.03935416787862778,0.005854679271578789,-0.002606689929962158,-0.10519210249185562,0.02785191871225834,0.9940617680549622,0.10850986838340759,-0.0239732526242733,-0.09074997901916504,0.01416941497095482,-0.9985054059253603,-0.004224619891531048,-0.05261482871420802
1790595290.041476,173550.733424625,1790595290.0417886,-0.03761369735002518,0.014712139964103699,0.002920806407928467,-0.10493364930152893,0.028943179175257683,0.9940577745437622,0.1247897669672966,-0.03620035946369171,-0.05033197999000549,0.014736210808955269,-0.9985026356823704,-0.0046221021472635316,-0.052477290724025946
1790595290.04976,173550.74348262502,1790595290.0518465,-0.012109994888305664,0.0208776593208313,0.003642857074737549,-0.10448215901851654,0.03019343875348568,0.9940682053565979,0.12796905636787415,-0.05226268246769905,0.013003583997488022,0.015368230068319014,-0.9985046264388301,-0.004756904510295184,-0.05224610043574264
1790595290.059783,173550.75354162502,1790595290.0619056,0.003142237663269043,0.01785890758037567,-0.0022687911987304688,-0.10389580577611923,0.03147269785404205,0.9940902590751648,0.1165371686220169,-0.06638143211603165,0.0765809565782547,0.015997515342828405,-0.9985110146256981,-0.00456855380146115,-0.05195217304250875
1790595290.069824,173550.763599625,1790595290.0719635,0.0009156838059425354,0.00985535979270935,0.0006875991821289062,-0.10305780917406082,0.03264031559228897,0.9941399097442627,0.0963304340839386,-0.09434648603200912,0.13317526876926422,0.016554290807881643,-0.9985256161092986,-0.00406938825619699,-0.05153752452325021
1790595290.165077,173550.77365762502,1790595290.0820215,-0.005790926516056061,0.003473859280347824,0.004319190979003906,-0.10199695080518723,0.0336354598402977,0.99421626329422,0.06977951526641846,-0.10384251922369003,0.15042269229888916,0.017014760865796168,-0.9985473094418125,-0.003377695245094162,-0.05101511368906207
1790595290.165317,173550.783715625,1790595290.0920796,-0.02899724245071411,-0.0067414790391922,0.0035113096237182617,-0.10088535398244858,0.034298792481422424,0.9943068623542786,0.03274346515536308,-0.10897602885961533,0.1501193642616272,0.01730739226131803,-0.998572206321183,-0.0026409342314089607,-0.050469027403822524
1790595290.165455,173550.79377362502,1790595290.1021376,-0.04128459095954895,-0.015854354947805405,0.01422107219696045,-0.09970638900995255,0.03459208086133003,0.9944155216217041,-0.004188986029475927,-0.11520569771528244,0.13623151183128357,0.01741667769085195,-0.9986010448826728,-0.0019296995314037892,-0.049889378315215935
1790595290.165581,173550.803831625,1790595290.1121955,-0.04825814068317413,-0.022692326456308365,0.01762092113494873,-0.09850066155195236,0.03445678576827049,0.9945403933525085,-0.0487375445663929,-0.11414309591054916,0.11559280753135681,0.01731631756788587,-0.998633320191792,-0.0013035610117419327,-0.04929512723334931
1790595290.165699,173550.81389062502,1790595290.1222546,-0.04788649082183838,-0.02736508846282959,0.013432741165161133,-0.09737696498632431,0.033911049365997314,0.9946698546409607,-0.08168377727270126,-0.10469233244657516,0.1056850478053093,0.0170144929905985,-0.9986662912762818,-0.0007442544163356034,-0.04874082439593971
1790595290.1658292,173550.823948625,1790595290.1323125,-0.03740386664867401,-0.023091547191143036,0.006783962249755859,-0.09629339724779129,0.033085983246564865,0.9948028922080994,-0.10229615122079849,-0.10461030900478363,0.09638425707817078,0.01657518037530676,-0.9986998554218526,-0.00022068250024895577,-0.048205715280849465
1790595290.1659489,173550.83400662502,1790595290.1423705,-0.02654237300157547,-0.015927214175462723,-0.007715404033660889,-0.09532932937145233,0.032086197286844254,0.9949284791946411,-0.1134587898850441,-0.07869508862495422,0.09046032279729843,0.01605070417854869,-0.99873127644747,0.0002672967360176413,-0.04772951167854635
1790595290.166067,173550.844064625,1790595290.1524286,-0.021178536117076874,-0.006857924163341522,-0.019761860370635986,-0.09463541954755783,0.031058289110660553,0.9950272440910339,-0.10746188461780548,-0.05675889551639557,0.09103237092494965,0.01551304793356393,-0.9987557615755392,0.0007469988326024607,-0.047388261982477115
1790595290.166183,173550.85412262502,1790595290.1624866,-0.022513896226882935,0.005732560530304909,-0.0178106427192688,-0.09410878270864487,0.030140778049826622,0.995105504989624,-0.09338068962097168,-0.03991866484284401,0.09650223702192307,0.015030591129791045,-0.9987748582484847,0.0012351320331487324,-0.047130696122199216
1790595290.1711009,173550.864180625,1790595290.1725445,-0.020312905311584473,0.009166400879621506,-0.0165940523147583,-0.09382260590791702,0.029377233237028122,0.9951554536819458,-0.07890240848064423,-0.01260608434677124,0.10856235772371292,0.014623307170252547,-0.9987865715467185,0.0017673141820835215,-0.04699417239259334
1790595290.179648,173550.87423862502,1790595290.1826026,-0.016174226999282837,0.007816722616553307,-0.008612394332885742,-0.09370408952236176,0.02875853329896927,0.9951848387718201,-0.06355620920658112,-0.00838896818459034,0.12265687435865402,0.014285440674714758,-0.998792677112917,0.002366152067994797,-0.04694252158756402
1790595290.189947,173550.88429762502,1790595290.1926615,-0.008448325097560883,0.007188290357589722,0.005198359489440918,-0.09352593868970871,0.028334105387330055,0.9952137470245361,-0.04554125666618347,-0.020913016051054,0.13654233515262604,0.014041969403051828,-0.9987981301021541,0.0030293266616805807,-0.04686182940031128
1790595290.199892,173550.894355625,1790595290.2027194,-0.007199928164482117,0.005723543465137482,0.01905810832977295,-0.09315692633390427,0.028105132281780243,0.9952549934387207,-0.025993119925260544,-0.04480662941932678,0.14696674048900604,0.01389425406396706,-0.9988060242718566,0.003746322534397188,-0.046686258054897324
1790595290.209936,173550.90441362502,1790595290.2127776,-0.004456430673599243,0.005760755389928818,0.015979409217834473,-0.09254346787929535,0.02809843234717846,0.9953123331069946,-0.0042819669470191,-0.07171361148357391,0.15257775783538818,0.013856758505773375,-0.9988172467666029,0.004502083943390739,-0.04638898533249534
1790595290.219866,173550.914471625,1790595290.2228355,-0.010956868529319763,0.005276629701256752,0.01846367120742798,-0.09162773191928864,0.028292635455727577,0.9953912496566772,0.013505285605788231,-0.09785626828670502,0.15180517733097076,0.013920776090853671,-0.9988332891495436,0.005262927840864014,-0.045940729545574946
1790595290.229695,173550.92452962502,1790595290.2328935,-0.018954962491989136,0.007147984579205513,0.008967757225036621,-0.09063345938920975,0.02863381616771221,0.9954728484153748,0.028224311769008636,-0.0907517522573471,0.1413480043411255,0.014061016917730545,-0.9988496370444957,0.005985648637529696,-0.045453180575914146
1790595290.240112,173550.934587625,1790595290.2429516,-0.020445413887500763,0.010747302323579788,-0.0056449174880981445,-0.08970757573843002,0.029078073799610138,0.995543897151947,0.03445717319846153,-0.08637910336256027,0.13225969672203064,0.014255597844265888,-0.9988631540790212,0.00665879864147803,-0.044999871946788846
1790595290.252026,173550.94464562502,1790595290.2530096,-0.021396338939666748,0.010227177292108536,-0.005509614944458008,-0.08886341750621796,0.029506633058190346,0.9956064820289612,0.02807197906076908,-0.0727466493844986,0.12377139925956726,0.01444467060228157,-0.9988744432448122,0.007286941652786517,-0.04458715281497331
1790595290.2601001,173550.954704625,1790595290.2630684,-0.02466338872909546,0.004846995696425438,-0.006856203079223633,-0.08820566534996033,0.029805650934576988,0.9956565499305725,0.0084737753495574,-0.05268958583474159,0.12009118497371674,0.014569648893362524,-0.9988823487461658,0.00789431807302587,-0.04426732617389414
1790595290.272179,173550.96476262502,1790595290.2731266,-0.02473357319831848,-0.0005426574498414993,-0.00029790401458740234,-0.08761666715145111,0.029915759339928627,0.9957051873207092,-0.006081997882574797,-0.06138960272073746,0.11822830140590668,0.014600664125720718,-0.9988896357234374,0.008490626408001054,-0.04398113602734568
1790595290.280716,173550.974820625,1790595290.2831845,-0.021690234541893005,-0.0032818373292684555,0.010424017906188965,-0.08687581866979599,0.029877837747335434,0.9957711696624756,-0.020949892699718475,-0.07837071269750595,0.1140117198228836,0.01455908928424908,-0.9989010135263509,0.009074915931994032,-0.04361796675578466
1790595290.29229,173550.98487862502,1790595290.2932425,-0.02471940964460373,-0.005222680047154427,0.01058661937713623,-0.08599815517663956,0.029697712510824203,0.9958528280258179,-0.032031573355197906,-0.09083937108516693,0.10282298177480698,0.014449048905539318,-0.9989163411672556,0.009620625742177221,-0.04318488551624871
1790595290.302023,173550.994936625,1790595290.3033006,-0.02822287380695343,-0.004699591547250748,0.009483575820922852,-0.08498187363147736,0.029403505846858025,0.995948851108551,-0.04310659319162369,-0.10792700946331024,0.09063928574323654,0.014285659930307667,-0.9989355812736573,0.01010524321969401,-0.04268072790422751
1790595290.310047,173551.0049896667,1790595290.3133535,-0.029164455831050873,-0.002470739185810089,0.01155555248260498,-0.08382666856050491,0.028990451246500015,0.9960588216781616,-0.055302005261182785,-0.11576788872480392,0.07978450506925583,0.014066095970826482,-0.9989586233352139,0.010539674314398128,-0.0421054334169374
1790595290.320031,173551.01504866668,1790595290.3234127,-0.0367262065410614,-0.000293513759970665,0.014797091484069824,-0.0826277881860733,0.028461160138249397,0.9961738586425781,-0.061993200331926346,-0.11892347037792206,0.06690705567598343,0.013791743074291901,-0.9989834230578037,0.010910496901643509,-0.041506563302999906
1790595290.332052,173551.02510666667,1790595290.3334706,-0.0431082621216774,0.005098393186926842,0.009877800941467285,-0.0814489796757698,0.02790628746151924,0.9962865710258484,-0.05912364274263382,-0.11065594851970673,0.06049629673361778,0.013506850274421646,-0.9990080461020316,0.011234780387338538,-0.04091682229125301
1790595290.3400588,173551.03516466668,1790595290.3435285,-0.037377819418907166,0.013058425858616829,-0.00042939186096191406,-0.08040456473827362,0.027392562478780746,0.9963861107826233,-0.05336429178714752,-0.09647195786237717,0.06299727410078049,0.013242775882479418,-0.9990294077687095,0.011545132308679207,-0.04039437865766788
1790595290.352074,173551.04522266667,1790595290.3535867,-0.031355224549770355,0.021274935454130173,-0.0006878376007080078,-0.07940809428691864,0.027003800496459007,0.9964764714241028,-0.03307792916893959,-0.09832444787025452,0.0784907415509224,0.013039596309464985,-0.9990478823213119,0.011898554553801023,-0.0398971852328969
1790595290.362612,173551.05528066668,1790595290.3636446,-0.024046868085861206,0.02860289067029953,-0.0025402307510375977,-0.07841569930315018,0.026862742379307747,0.9965590238571167,-0.010272481478750706,-0.09336084872484207,0.10747179388999939,0.012956265353771227,-0.9990628658512345,0.012365125499572535,-0.0394049814545532
1790595290.3721018,173551.06533866667,1790595290.3737025,-0.0206197127699852,0.02969370037317276,-0.014750063419342041,-0.0775550827383995,0.026992620900273323,0.9966223239898682,0.01573861390352249,-0.07093064486980438,0.14384470880031586,0.013002162633685962,-0.9990708363795827,0.012986015065223691,-0.03898260866119129
1790595290.3820941,173551.07539666668,1790595290.3837607,-0.011541113257408142,0.030420660972595215,-0.029239237308502197,-0.07691384106874466,0.027379551902413368,0.9966614842414856,0.03467661887407303,-0.05013188719749451,0.18207412958145142,0.013168618359013621,-0.9990698239366601,0.013792192760433863,-0.0386745179122154
1790595290.391968,173551.08545566667,1790595290.3938196,-0.0011653527617454529,0.02641468122601509,-0.03583204746246338,-0.07650166749954224,0.027937060222029686,0.9966782331466675,0.04414442181587219,-0.017878876999020576,0.2151801437139511,0.013412083232607576,-0.9990597966467695,0.014786321990050233,-0.0384853338643139
1790595290.402123,173551.0955136667,1790595290.4038775,0.0031271278858184814,0.01660243608057499,-0.04214954376220703,-0.07647591084241867,0.028532996773719788,0.9966633319854736,0.0372186042368412,0.025399619713425636,0.24059203267097473,0.013666455983003282,-0.9990384972923041,0.015929860798794517,-0.0384926722996163
1790595290.412329,173551.10557166667,1790595290.4139357,-0.008140847086906433,0.005461122840642929,-0.02935481071472168,-0.07677409797906876,0.02906944788992405,0.9966248869895935,0.032725587487220764,0.045310478657484055,0.24287861585617065,0.013885699503793321,-0.9990087994974307,0.017142524321411733,-0.0386634063353614
1790595290.422123,173551.1156296667,1790595290.4239936,-0.01950087398290634,-0.0012721884995698929,-0.011455953121185303,-0.07719383388757706,0.029531387612223625,0.996578574180603,0.023032212629914284,0.05248849838972092,0.22850261628627777,0.014067088228717451,-0.9989760919859886,0.01833181929841871,-0.038894615316823894
1790595290.432182,173551.12568766667,1790595290.4340515,-0.02295822650194168,-0.002004256471991539,0.0049613118171691895,-0.07762747257947922,0.02989724650979042,0.9965340495109558,0.015706654638051987,0.04599970579147339,0.20426757633686066,0.014203733274568756,-0.9989444100993896,0.019419030096409603,-0.039130864672173735
1790595290.442446,173551.1357456667,1790595290.4441097,-0.027060195803642273,-0.007113274186849594,0.014409184455871582,-0.07796582579612732,0.030123449862003326,0.9965009093284607,-0.0018241357756778598,0.0329267792403698,0.1830855906009674,0.014275296822913319,-0.9989166527566069,0.020395766517110985,-0.0393166604227762
1790595290.452873,173551.14580466668,1790595290.4541686,-0.018614068627357483,-0.01071673259139061,0.02543652057647705,-0.07808064669370651,0.03017161227762699,0.9964903593063354,-0.015663517639040947,-0.001056221080943942,0.17329315841197968,0.01426294234897899,-0.9988953122693941,0.021291514826955425,-0.03938751550302779
1790595290.462162,173551.15586266667,1790595290.4642265,-0.011082135140895844,-0.012986278161406517,0.0356370210647583,-0.07783062756061554,0.030060799792408943,0.9965136647224426,-0.034059569239616394,-0.037178006023168564,0.16604828834533691,0.014176545885919333,-0.9988826009712237,0.02214477775424543,-0.03927313512209563
1790595290.472645,173551.16592066668,1790595290.4742846,-0.009568460285663605,-0.015387410297989845,0.038970947265625,-0.07725381851196289,0.029776370152831078,0.9965667724609375,-0.04773623123764992,-0.06865310668945312,0.1649782359600067,0.014007691212623099,-0.9988769175978682,0.022984472353511216,-0.03899266201842299
1790595290.486239,173551.17597866667,1790595290.4843426,-0.008359387516975403,-0.01330532506108284,0.04111611843109131,-0.07634193450212479,0.02935749851167202,0.9966495633125305,-0.0618579126894474,-0.1035061627626419,0.16545253992080688,0.013776263442690433,-0.9988781482745063,0.02381643572993313,-0.03854230588603046
1790595290.492053,173551.18603666668,1790595290.4944005,-0.00704849511384964,-0.006794799119234085,0.042109012603759766,-0.07516562193632126,0.028797892853617668,0.996755063533783,-0.07506159693002701,-0.12015730887651443,0.16958096623420715,0.013477831629505577,-0.998884009043914,0.024663210079091558,-0.03795757930035065
1790595290.502225,173551.19609466667,1790595290.5044587,-0.0029166117310523987,-0.0040077343583106995,0.032699763774871826,-0.0738653764128685,0.028116537258028984,0.9968716502189636,-0.08755182474851608,-0.12573903799057007,0.1749967783689499,0.013120051006192646,-0.9988912278788786,0.02553705476783033,-0.03730910149406163
1790595290.512286,173551.20615266668,1790595290.5145166,-0.00944826751947403,-0.0028636865317821503,0.01916050910949707,-0.07265906780958176,0.027292940765619278,0.9969837069511414,-0.10122289508581161,-0.10300549119710922,0.1805902123451233,0.012690146708729168,-0.9988958894762219,0.026435656643490395,-0.036705534950960975
1790595290.522252,173551.21621166667,1790595290.5245755,-0.014371350407600403,0.0016008708626031876,0.008291840553283691,-0.07167273014783859,0.026383670046925545,0.9970792531967163,-0.10694549977779388,-0.08432527631521225,0.18771976232528687,0.012214130918888148,-0.9988945605267971,0.02737327132227533,-0.0362107357280303
1790595290.532282,173551.2262696667,1790595290.5346336,-0.013949871063232422,0.004031691700220108,0.009078443050384521,-0.07084298878908157,0.025463467463850975,0.997162401676178,-0.10381495207548141,-0.06935058534145355,0.1935848444700241,0.011730105161693871,-0.9988881871335766,0.028347638506385945,-0.035793810906039995
1790595290.5422668,173551.23632766667,1790595290.5446916,-0.017860345542430878,0.006054319441318512,0.010886609554290771,-0.07016737759113312,0.024631023406982422,0.9972310662269592,-0.08992736786603928,-0.05597486346960068,0.20189577341079712,0.011287475363935281,-0.9988763227652646,0.029353381255926538,-0.0354548527974191
1790595290.552292,173551.2463856667,1790595290.5547495,-0.011732883751392365,0.014526447281241417,0.006557345390319824,-0.06958096474409103,0.02398665063083172,0.9972878098487854,-0.06659168004989624,-0.05030552297830582,0.21196438372135162,0.010936708982571791,-0.9988591052389246,0.03040383885959267,-0.03516311797546276
1790595290.562413,173551.25644366667,1790595290.5648077,-0.002503812313079834,0.017604507505893707,0.006341397762298584,-0.06902914494276047,0.023578878492116928,0.9973357915878296,-0.045253101736307144,-0.048612553626298904,0.2247835099697113,0.010702435650146213,-0.9988368388954061,0.031509804853246955,-0.0348923907543734
1790595290.572319,173551.2665016667,1790595290.5748656,0.003208860754966736,0.0164357740432024,0.011426448822021484,-0.06848571449518204,0.023389579728245735,0.9973777532577515,-0.024811742827296257,-0.0475747212767601,0.24119336903095245,0.010575545519909883,-0.9988096105851892,0.03268386158867409,-0.0346297313593721
1790595290.5822852,173551.27656066668,1790595290.5849247,0.007935859262943268,0.014781232923269272,0.017981648445129395,-0.06794845312833786,0.023396173492074013,0.9974145293235779,-0.009080184623599052,-0.05013108626008034,0.25514644384384155,0.010544672371985912,-0.9987772602878102,0.03392990612936146,-0.03437403589651574
1790595290.594377,173551.28661866667,1790595290.5949826,0.010937407612800598,0.010316113010048866,0.021074533462524414,-0.0673794224858284,0.02354305051267147,0.997449517250061,0.0008550043567083776,-0.048620808869600296,0.2574934959411621,0.01058354567964527,-0.9987412462351883,0.03522317079130292,-0.03410542804054107
1790595290.690619,173551.29667666668,1790595290.6050406,0.01233161985874176,0.004304101690649986,0.0159035325050354,-0.06688153743743896,0.0237414613366127,0.9974782466888428,0.0040284269489347935,-0.039827052503824234,0.24671730399131775,0.010648598171523551,-0.99870305971252,0.03648730783290585,-0.033873239192868235
1790595290.690827,173551.30673466666,1790595290.6150985,0.009624436497688293,-0.0002187788486480713,0.014567852020263672,-0.0664631724357605,0.02393084205687046,0.9975016117095947,0.002825477160513401,-0.03139175474643707,0.22261328995227814,0.01071106501294542,-0.998665075647845,0.037667876004227566,-0.03368001078053339
1790595290.6909661,173551.31679266668,1790595290.6251566,-0.003353990614414215,-0.012181432917714119,0.01592421531677246,-0.06616481393575668,0.024052681401371956,0.9975187182426453,-0.006174142938107252,-0.01682586409151554,0.1849047988653183,0.010743260840872208,-0.998630316591425,0.03868931154893294,-0.03354400223899268
1790595290.691088,173551.32685066666,1790595290.6352146,-0.019168473780155182,-0.022906668484210968,0.017549991607666016,-0.06606689840555191,0.024035735055804253,0.997525691986084,-0.01880977675318718,0.0035662276204675436,0.1417733132839203,0.010708973758184873,-0.9985997338336603,0.03951492634824067,-0.03350352609902054
1790595290.691208,173551.33690866668,1790595290.6452725,-0.021315693855285645,-0.026509864255785942,0.019395053386688232,-0.06610167771577835,0.023885266855359077,0.997527003288269,-0.027792084962129593,0.006307951640337706,0.10345068573951721,0.010612395413278028,-0.9985754991392899,0.04013054973294922,-0.03352447593333199
1790595290.691327,173551.34696766667,1790595290.6553316,-0.01575344055891037,-0.027313455939292908,0.02636188268661499,-0.06609446555376053,0.023635998368263245,0.9975333213806152,-0.03157990053296089,-0.0020687547512352467,0.06877925992012024,0.010473196073438051,-0.9985593613183733,0.04056905517759043,-0.033520411714151585
1790595290.691447,173551.3570256667,1790595290.6653895,-0.006176911294460297,-0.02299172803759575,0.02569139003753662,-0.0659664198756218,0.023388374596834183,0.9975478649139404,-0.024253543466329575,-0.0216259453445673,0.04009408503770828,0.01034280716015943,-0.9985518556310885,0.04084278363739765,-0.03345408579953569
1790595290.691563,173551.36708366667,1790595290.6754475,-0.0009452253580093384,-0.013884324580430984,0.023577213287353516,-0.06565918028354645,0.023237882182002068,0.9975717067718506,-0.008078835904598236,-0.039700817316770554,0.02131294086575508,0.010268613151222666,-0.9985514431325903,0.0409985164644743,-0.033298823560235405
1790595290.691681,173551.3771416667,1790595290.6855056,-0.0035047754645347595,-0.00353054516017437,0.026441752910614014,-0.06512901932001114,0.023244813084602356,0.9976059794425964,0.0083573954179883,-0.06440190225839615,0.013247290626168251,0.010280226844451068,-0.9985567222463034,0.04107880153080335,-0.0330344853642698
1790595290.692492,173551.38719966667,1790595290.6955636,-0.004144303500652313,0.0019090045243501663,0.023883938789367676,-0.06445898860692978,0.02338998392224312,0.9976463317871094,0.01766088232398033,-0.06546317040920258,0.02263626642525196,0.010363777945079347,-0.9985634214664595,0.0411613565546174,-0.03270306068851517
1790595290.70487,173551.3972576667,1790595290.7056215,-0.002586446702480316,0.0016400422900915146,0.01817178726196289,-0.06381959468126297,0.023613175377249718,0.9976823329925537,0.022011956200003624,-0.06054937466979027,0.044742632657289505,0.010483110716635241,-0.9985656499395762,0.04132557125117768,-0.0323894739659588
1790595290.7122428,173551.40731666668,1790595290.7156806,0.003942772746086121,0.0021725688129663467,0.016521453857421875,-0.0631924420595169,0.023904623463749886,0.9977152943611145,0.02667807973921299,-0.061188265681266785,0.07796556502580643,0.010631926043031254,-0.9985612762431694,0.041629503306709705,-0.032084985404280404
1790595290.724462,173551.41737466666,1790595290.7257385,0.014320172369480133,-0.00035192258656024933,0.010160088539123535,-0.06261400133371353,0.024216577410697937,0.9977437853813171,0.022994128987193108,-0.04738030955195427,0.1061553955078125,0.01078523979672774,-0.9985491888156547,0.042088012362307706,-0.031807075885934906
1790595290.734085,173551.42743266668,1790595290.7357967,0.013720452785491943,-0.007112722843885422,0.00377655029296875,-0.062182143330574036,0.024477144703269005,0.9977647662162781,0.013703424483537674,-0.03322427719831467,0.1305408924818039,0.010905732142840288,-0.9985292403939794,0.042681972573613156,-0.03160303114460188
1790595290.7445178,173551.43749066666,1790595290.7458546,0.004519369453191757,-0.012048812583088875,0.003380417823791504,-0.06187691539525986,0.024652481079101562,0.9977790117263794,0.002269142773002386,-0.02121448703110218,0.14098341763019562,0.010978423685942018,-0.9985034898456814,0.04336228650185222,-0.03146158973011163
1790595290.755011,173551.44754866668,1790595290.7559125,-0.0035106390714645386,-0.014244256541132927,0.0051860809326171875,-0.06168995425105095,0.02471170574426651,0.9977896809577942,-0.008116653189063072,-0.010559710673987865,0.13853463530540466,0.010990074660284423,-0.9984755316780672,0.044061884822443824,-0.03137705464348759
1790595290.762829,173551.45760666666,1790595290.7659705,-0.000535912811756134,-0.017064562067389488,0.00688326358795166,-0.061506107449531555,0.024693872779607773,0.9978014230728149,-0.012860008515417576,-0.020755890756845474,0.13231348991394043,0.010963705733931817,-0.9984479791092787,0.04474743139000652,-0.03129221765345223
1790595290.773,173551.46766466668,1790595290.7760286,0.009698271751403809,-0.01476316899061203,0.012447476387023926,-0.0611964613199234,0.024635519832372665,0.9978218078613281,-0.013736987486481667,-0.034952133893966675,0.12083287537097931,0.010921680086817084,-0.9984245074399816,0.04538066068295637,-0.03114292898179512
1790595290.784523,173551.47772366667,1790595290.7860875,0.01909816637635231,-0.009549977257847786,0.009550333023071289,-0.0607391819357872,0.02461031638085842,0.9978503584861755,-0.005199958570301533,-0.05041045323014259,0.10558707267045975,0.010901840524634306,-0.9984057131288495,0.04594784604456249,-0.03091980257116826
1790595290.7945468,173551.48778166668,1790595290.7961457,0.021789368242025375,-0.0053673721849918365,0.009224653244018555,-0.06011921539902687,0.024684909731149673,0.9978858828544617,0.008675909601151943,-0.06735002249479294,0.09349978715181351,0.010938017944538825,-0.9983915605161309,0.0464459484356963,-0.030616880110972827
1790595290.804538,173551.49783966667,1790595290.8062036,0.02056875452399254,-0.005780989304184914,0.01342552900314331,-0.05935635417699814,0.024869639426469803,0.9979267120361328,0.015865912660956383,-0.08020403236150742,0.08002419024705887,0.011034810100400723,-0.9983814812340567,0.046880328654537715,-0.030244443611262106
1790595290.8143601,173551.50789766668,1790595290.8162615,0.012858495116233826,-0.008779270574450493,0.016892552375793457,-0.05854307860136032,0.02509082295000553,0.9979695081710815,0.0191530529409647,-0.07784341275691986,0.06475522369146347,0.01115357556923652,-0.9983752602890658,0.04723963799733887,-0.02984692337386253
1790595290.824573,173551.51795566667,1790595290.8263197,-9.938329458236694e-05,-0.014668280258774757,0.01037132740020752,-0.057822756469249725,0.025318827480077744,0.9980058670043945,0.01916503719985485,-0.06364742666482925,0.0475301630795002,0.011276353738007236,-0.9983713657746446,0.04751367249154592,-0.029495195515034222
1790595290.8345711,173551.52801366668,1790595290.8363776,-0.0012530162930488586,-0.013339614495635033,0.006010532379150391,-0.057248953729867935,0.02554655820131302,0.9980331063270569,0.024082031100988388,-0.049880485981702805,0.029215073212981224,0.01139836688512793,-0.9983694574952966,0.0476967523341798,-0.02921577987143144
1790595290.8445098,173551.53807266668,1790595290.8464365,0.001065526157617569,-0.012584660202264786,0.0021642446517944336,-0.05683618038892746,0.02582920528948307,0.9980495572090149,0.03102089650928974,-0.03034966252744198,0.007172886282205582,0.011546889712965575,-0.9983694253330085,0.047783477930617074,-0.0290171563003512
1790595290.854621,173551.5481306667,1790595290.8564947,-0.002136826515197754,-0.00983382947742939,-0.005377054214477539,-0.05660930275917053,0.026191167533397675,0.9980531930923462,0.04189431667327881,-0.01580054685473442,-0.0017550946213304996,0.011732939794411867,-0.998369957645594,0.047791383662339725,-0.028912513004046923
1790595290.864685,173551.55818866668,1790595290.8665526,0.004810422658920288,-0.006044797599315643,-0.009598016738891602,-0.05649171397089958,0.02665933407843113,0.9980471730232239,0.04989525303244591,-0.008747429586946964,-0.0008911651675589383,0.011970201967293393,-0.9983692900339436,0.0477739403391059,-0.028864791583057874
1790595290.874618,173551.5682466667,1790595290.8766105,0.01513746753334999,-0.007028622552752495,-0.0051174163818359375,-0.05641227960586548,0.02718539908528328,0.9980376362800598,0.054625824093818665,-0.010272888466715813,0.012641687877476215,0.012234441850621664,-0.9983659999786457,0.04779283299146135,-0.028837980009078966
1790595290.8846169,173551.57830466668,1790595290.8866687,0.029132086783647537,-0.007120881229639053,-0.0016318559646606445,-0.05624674633145332,0.027765942737460136,0.9980310797691345,0.0587470680475235,-0.02168453484773636,0.030947457998991013,0.012525555471242828,-0.9983594514337837,0.04789507786740434,-0.028770484154262692
1790595290.894615,173551.5883626667,1790595290.8967266,0.02967042848467827,-0.010291732847690582,-0.0016159415245056152,-0.055945832282304764,0.02838856540620327,0.9980300664901733,0.060891710221767426,-0.036454688757658005,0.047330159693956375,0.012838480717304441,-0.9983501563612068,0.04808325951637627,-0.028637479687787692
1790595290.904638,173551.59842166668,1790595290.9067855,0.029559310525655746,-0.014448095113039017,-0.0025212764739990234,-0.055529553443193436,0.029020152986049652,0.9980353713035583,0.058361176401376724,-0.041444387286901474,0.051972582936286926,0.013157118399240686,-0.9983397095234404,0.04832710956491542,-0.028447853564736034
1790595290.914628,173551.60847966667,1790595290.9168437,0.026842743158340454,-0.017736662179231644,-0.007028341293334961,-0.055132318288087845,0.02957739681005478,0.9980410933494568,0.04731651395559311,-0.032674334943294525,0.03166677802801132,0.013439372484821504,-0.9983312546657438,0.04853090652408756,-0.028265552957650923
1790595290.924671,173551.61853766668,1790595290.9269016,0.007160834968090057,-0.023515623062849045,-0.011177778244018555,-0.054920610040426254,0.030000513419508934,0.9980399012565613,0.03390989452600479,-0.006771098356693983,0.0027219452895224094,0.013653668815542364,-0.99832706327433,0.04861106893109778,-0.02817115372246111
1790595290.934664,173551.62859566667,1790595290.9369595,-0.011692307889461517,-0.0292096808552742,-0.010799169540405273,-0.05501888692378998,0.03023192659020424,0.9980275630950928,0.013736181892454624,0.02338200993835926,-0.029040776193141937,0.0137688809160557,-0.9983273037266318,0.04854249352684951,-0.02822503154244167
1790595290.944691,173551.63865366668,1790595290.9470177,-0.01938386633992195,-0.03278198093175888,-0.0015319585800170898,-0.05535345524549484,0.030294708907604218,0.9980072379112244,0.004613789729773998,0.03805629536509514,-0.057314757257699966,0.013798433896209526,-0.9983328715780819,0.04832279668742866,-0.02839083854223675
1790595290.9554749,173551.64871166667,1790595290.9570756,-0.013089533895254135,-0.028763296082615852,0.0066089630126953125,-0.055757906287908554,0.030319608747959137,0.9979841709136963,0.008261254988610744,0.03445330634713173,-0.07014187425374985,0.01381044626324627,-0.9983427324979199,0.04799872579134293,-0.028589216585997185
1790595290.9650261,173551.6587706667,1790595290.9671345,0.00038599222898483276,-0.020837895572185516,0.009068608283996582,-0.05601930245757103,0.030435580760240555,0.9979655742645264,0.02331583946943283,0.01225079596042633,-0.07162818312644958,0.013872647254365496,-0.9983555161905038,0.04763462362926312,-0.02871769553847305
1790595290.974783,173551.66882866668,1790595290.9771926,0.02040083333849907,-0.010196831077337265,0.006865859031677246,-0.056029874831438065,0.030735069885849953,0.9979559183120728,0.04330579191446304,-0.012590104714035988,-0.05807109549641609,0.014031857455599487,-0.9983692523167872,0.047294704421915294,-0.028725414770213325
1790595290.985584,173551.6788866667,1790595290.9872506,0.030748382210731506,-0.0045296791940927505,0.002095520496368408,-0.0558641217648983,0.031217211857438087,0.9979501962661743,0.05538322776556015,-0.01976865716278553,-0.03748992085456848,0.014283830495353266,-0.9983795284125321,0.04704706413936166,-0.028650500711962144
1790595290.994724,173551.68894466668,1790595290.9973085,0.023789238184690475,-0.0043848976492881775,0.0037229061126708984,-0.05571039021015167,0.031804852187633514,0.9979402422904968,0.06336604803800583,-0.010020420886576176,-0.01744350977241993,0.014585304430567304,-0.9983839004756577,0.04690120288186414,-0.028585460904089977
1790595291.0045629,173551.6990026667,1790595291.0073667,0.005256481468677521,-0.006814688444137573,0.003046572208404541,-0.055778101086616516,0.03247988224029541,0.9979147911071777,0.07208151370286942,0.024799609556794167,-0.003503193613141775,0.014922890988153041,-0.9983804167031561,0.046839425823187675,-0.0286344059444301
1790595291.0140722,173551.70906066668,1790595291.0174246,-0.008645489811897278,-0.004671450704336166,0.005733847618103027,-0.05617363750934601,0.0332510806620121,0.9978675246238708,0.08240418881177902,0.050920695066452026,0.005703886970877647,0.015299246672912142,-0.9983687238642861,0.04683641137643801,-0.028850443621239764
1790595291.0240982,173551.7191186667,1790595291.0274825,-0.00615454837679863,-0.0020967647433280945,0.011183500289916992,-0.05674196779727936,0.03417065739631653,0.9978042244911194,0.09781163930892944,0.060782380402088165,0.016269713640213013,0.015744353735977677,-0.9983507439335205,0.04688180750133138,-0.029157194845404164
1790595291.034094,173551.72917766668,1790595291.0375416,0.007996447384357452,0.002983909100294113,0.010933637619018555,-0.05732790008187294,0.03523927927017212,0.9977336525917053,0.11287341266870499,0.05624035745859146,0.022760901600122452,0.01626225729042813,-0.998328890300392,0.0469706783204134,-0.029477059444883866
1790595291.0441432,173551.73923566667,1790595291.0475996,0.01927737519145012,-2.4002045392990112e-05,0.013430595397949219,-0.05782083421945572,0.03641611710190773,0.9976624250411987,0.11824420839548111,0.04215170443058014,0.030793260782957077,0.016835430117167413,-0.9983053368293063,0.047092021192345075,-0.02975365389581175
1790595291.053781,173551.74929366668,1790595291.0576575,0.027797285467386246,-0.004182629287242889,0.017396926879882812,-0.05810101330280304,0.037599291652441025,0.9976024627685547,0.11051572114229202,0.015290262177586555,0.03509986028075218,0.017415756697426486,-0.9982831051451588,0.047244914537677846,-0.02992468964017507
1790595291.06414,173551.75935166667,1790595291.0677156,0.021787527948617935,-0.011586915701627731,0.028879523277282715,-0.058087971061468124,0.038625407963991165,0.9975641965866089,0.08823517709970474,-0.014945138245821,0.030911240726709366,0.01792430093307584,-0.9982660628931329,0.047402105107012975,-0.02994555859920836
1790595291.074831,173551.76940966668,1790595291.0777736,0.0055835917592048645,-0.021990977227687836,0.04497528076171875,-0.05779896676540375,0.039385922253131866,0.9975513219833374,0.05946478992700577,-0.0387553945183754,0.027952201664447784,0.01830707185019648,-0.998256147556145,0.04754280595968841,-0.029821857137579177
1790595291.092858,173551.77946766667,1790595291.0878315,-0.006507765501737595,-0.0240134596824646,0.05076241493225098,-0.0572737455368042,0.039867252111434937,0.9975622296333313,0.03460870683193207,-0.06440430134534836,0.012753007933497429,0.018557262692231787,-0.9982543655959871,0.04763742196967485,-0.02957251665553165
1790595291.094818,173551.7895266667,1790595291.0978906,-0.015136539936065674,-0.017661336809396744,0.04816579818725586,-0.05650324374437332,0.04013744369149208,0.9975952506065369,0.01940818317234516,-0.08755435794591904,0.002643115818500519,0.01870963637415987,-0.9982612094355883,0.047667544591336534,-0.029194226192522005
1790595291.106603,173551.79958466667,1790595291.1079485,-0.00922941043972969,-0.008313003927469254,0.03891491889953613,-0.0555134043097496,0.04028007760643959,0.9976451396942139,0.009155810810625553,-0.10925566405057907,-0.007697938475757837,0.018805069837945824,-0.998274951934612,0.04764140064194426,-0.028702115049408183
1790595291.114857,173551.8096426667,1790595291.1180065,-0.0028441883623600006,-0.000610794872045517,0.023991405963897705,-0.0543607734143734,0.04032932594418526,0.9977065324783325,0.0008390253642573953,-0.11895889043807983,-0.009845778346061707,0.01885845584190104,-0.9982929477727318,0.047586203302551075,-0.0281258021414898
1790595291.2127821,173551.81970066667,1790595291.1280646,-0.0006799995899200439,0.0031038373708724976,0.007493078708648682,-0.05321381241083145,0.04026155173778534,0.997771143913269,-0.015448068268597126,-0.10798719525337219,-0.006915235426276922,0.018853132811606426,-0.998311740178983,0.04753154371242641,-0.02754953556508271
1790595291.21295,173551.8297586667,1790595291.1381226,0.0037878230214118958,0.0026999935507774353,-0.0023075342178344727,-0.05218848958611488,0.039978764951229095,0.9978370070457458,-0.03832909092307091,-0.09888830035924911,-0.005577059928327799,0.01873687084626589,-0.9983298841265437,0.04749673940156807,-0.02702932741887825
1790595291.2130802,173551.83981666667,1790595291.1481805,-0.0038026906549930573,0.0005004443228244781,0.0003574490547180176,-0.05128129944205284,0.03949274495244026,0.9979028105735779,-0.05827350169420242,-0.08056708425283432,-0.007017563562840223,0.018515997971424333,-0.9983476409226965,0.04746998717895028,-0.026563495566750073
1790595291.213202,173551.84987566667,1790595291.1582396,-0.011631198227405548,0.004289116710424423,-0.004631996154785156,-0.05060918629169464,0.03881688043475151,0.9979642033576965,-0.07382290065288544,-0.056628189980983734,-0.017255021259188652,0.018195448976996403,-0.9983656699110067,0.047414027196019254,-0.026210149600372906
1790595291.213323,173551.85993366668,1790595291.1682975,-0.01706133782863617,0.011476971209049225,-0.005829036235809326,-0.050138141959905624,0.03806822746992111,0.9980165362358093,-0.07290171086788177,-0.04090035706758499,-0.02813749574124813,0.017835220962764842,-0.9983840767499664,0.047302197465062104,-0.025954657123747022
1790595291.2134411,173551.86999166667,1790595291.1783557,-0.01710859313607216,0.017163220793008804,-0.0039054155349731445,-0.04977045953273773,0.03737160563468933,0.99806147813797,-0.061471160501241684,-0.03601718693971634,-0.036777056753635406,0.017499761933952255,-0.9984028725671488,0.047142818975529216,-0.02575134554513417
1790595291.213558,173551.88004966668,1790595291.1884136,-0.015791796147823334,0.018830329179763794,-0.0027979612350463867,-0.04943931847810745,0.03681840002536774,0.9980986714363098,-0.04435795173048973,-0.03384457901120186,-0.04202454909682274,0.01723594647041798,-0.9984212870325028,0.04694954561808731,-0.025569246383571716
1790595291.213675,173551.89010766667,1790595291.1984715,-0.011647246778011322,0.021298963576555252,-0.001575469970703125,-0.04912829399108887,0.03645547106862068,0.9981271028518677,-0.022547993808984756,-0.031224830076098442,-0.04595217853784561,0.01706726772418654,-0.9984385149990268,0.046734259448437655,-0.025401436755377135
1790595291.213792,173551.90016566668,1790595291.2085295,-0.013569612056016922,0.021895665675401688,0.001241922378540039,-0.04880810156464577,0.036316536366939545,0.9981479644775391,0.0013839701423421502,-0.03470957279205322,-0.05672120302915573,0.017011708112177497,-0.9984556545995242,0.046478764588375986,-0.025233704128651467
1790595291.216973,173551.91022466667,1790595291.2185886,-0.021671269088983536,0.02609756961464882,0.003308415412902832,-0.04851894453167915,0.03646338731050491,0.9981566667556763,0.03501329943537712,-0.026507573202252388,-0.06650273501873016,0.017099696644914498,-0.9984724574779922,0.04616368855553406,-0.025087178415159634
1790595291.226641,173551.9202826667,1790595291.2286465,-0.03175536170601845,0.02727770060300827,-0.0004830360412597656,-0.04835306853055954,0.03690068796277046,0.9981486797332764,0.05786748230457306,-0.009596766903996468,-0.07631328701972961,0.017331293604399355,-0.9984873974188718,0.04579585063720072,-0.025008062014062915
1790595291.237031,173551.93034066667,1790595291.2387047,-0.03381464630365372,0.027882494032382965,-0.005903363227844238,-0.04841473326086998,0.03754710406064987,0.9981212615966797,0.07851151376962662,0.016218319535255432,-0.07685497403144836,0.017663014639968576,-0.9984987395474566,0.04539716466031587,-0.025046819967921338
1790595291.246686,173551.9403986667,1790595291.2487626,-0.028062380850315094,0.02820294350385666,-0.013104915618896484,-0.048734888434410095,0.038355808705091476,0.9980751872062683,0.08834683150053024,0.04375381022691727,-0.06569552421569824,0.01806932762287833,-0.998503817210902,0.0450302865137277,-0.025218842764420758
1790595291.257026,173551.95045666667,1790595291.2588205,-0.0264643132686615,0.023682963103055954,-0.013102412223815918,-0.049325861036777496,0.039244189858436584,0.9980114102363586,0.09400524944067001,0.06597788631916046,-0.049949582666158676,0.018507858651835362,-0.9985012420366554,0.044732313916542484,-0.02552909141027424
1790595291.267393,173551.9605146667,1790595291.2688787,-0.021603018045425415,0.016044005751609802,-0.008254945278167725,-0.05002150684595108,0.040169280022382736,0.9979398846626282,0.09372641891241074,0.06991909444332123,-0.0309082493185997,0.018960167388497054,-0.9984923773316948,0.04452976771111758,-0.02589408405796513
1790595291.277026,173551.97057266667,1790595291.2789366,-0.013803064823150635,0.010352008044719696,-0.007128298282623291,-0.05075664073228836,0.04107002168893814,0.9978662729263306,0.08806587010622025,0.07304804027080536,-0.01324483286589384,0.019397218409851674,-0.9984789301062948,0.04441788630475032,-0.026279877742292342
1790595291.287515,173551.98063166667,1790595291.2889955,-0.009635835886001587,0.007275708019733429,0.00030922889709472656,-0.05139909312129021,0.041903283447027206,0.9977987408638,0.07827529311180115,0.051259130239486694,-0.0031919325701892376,0.019800819071505715,-0.9984639141895142,0.044375556835096384,-0.026619108508426522
1790595291.297594,173551.99068966668,1790595291.2990537,-0.008803173899650574,0.005540769547224045,0.014627218246459961,-0.051789261400699615,0.042631153017282486,0.9977479577064514,0.06622634828090668,0.025034714490175247,-0.008368585258722305,0.020157004451885906,-0.998452572813183,0.04434451208691424,-0.026830000659418193
1790595291.308827,173552.00074766667,1790595291.3091116,-0.018055394291877747,0.0025723055005073547,0.022516846656799316,-0.05190594866871834,0.043219249695539474,0.9977167248725891,0.05175819247961044,-0.0004703796876128763,-0.0174116138368845,0.02045036668704024,-0.9984478390138767,0.04427483539947308,-0.02690016389266102
1790595291.317039,173552.010805375,1790595291.3191693,-0.0279892235994339,0.0036968737840652466,0.018764019012451172,-0.05182928964495659,0.043681591749191284,0.9977004528045654,0.04170502722263336,-0.014951584860682487,-0.026072746142745018,0.020686340245281373,-0.9984489059368304,0.044158935247407535,-0.02686980896993833
1790595291.3276129,173552.02086337502,1790595291.3292272,-0.026290003210306168,0.004367779940366745,0.007781684398651123,-0.051621146500110626,0.04401774704456329,0.9976962208747864,0.02876179851591587,-0.025717945769429207,-0.02808263525366783,0.020862773296345664,-0.9984541049796477,0.04401720027852758,-0.026770277698584904
1790595291.337079,173552.030921375,1790595291.3392854,-0.014181520789861679,0.0020902231335639954,-0.0018186569213867188,-0.05138528347015381,0.044235385954380035,0.9976990818977356,0.01666225865483284,-0.021151423454284668,-0.02590683288872242,0.0209804799590708,-0.9984609982508958,0.04387678746242808,-0.026654218781157316
1790595291.346814,173552.04098037502,1790595291.3493443,-0.006521694362163544,0.0025013238191604614,-0.015356242656707764,-0.05123258754611015,0.04434306547045708,0.9977017045021057,0.007137463428080082,-0.009076118469238281,-0.02409455180168152,0.02104116383666231,-0.9984674594874494,0.0437443875204968,-0.026577458172578127
1790595291.357472,173552.051038375,1790595291.3594022,-0.011679038405418396,0.0044793784618377686,-0.021534323692321777,-0.051247987896203995,0.044363927096128464,0.9977002739906311,-0.0013963700039312243,0.01075777318328619,-0.023942749947309494,0.021054412802921942,-0.9984722871402202,0.04362599527693243,-0.02658312484470479
1790595291.3726,173552.06109637502,1790595291.3694603,-0.020721428096294403,0.005185775458812714,-0.02358269691467285,-0.051528722047805786,0.04429839551448822,0.9976887106895447,-0.00776851549744606,0.045787930488586426,-0.02266416698694229,0.02101870118129542,-0.9984744639843023,0.04350964017279554,-0.026719638118313342
1790595291.3771362,173552.071154375,1790595291.3795183,-0.027489010244607925,0.0030446313321590424,-0.02494370937347412,-0.052146393805742264,0.04419649764895439,0.9976611733436584,-0.010101976804435253,0.07135480642318726,-0.012928449548780918,0.02095669045571416,-0.9984711794382444,0.04342698195723497,-0.027024597713310408
1790595291.38724,173552.08121237502,1790595291.3895762,-0.017235826700925827,0.00385245680809021,-0.017781555652618408,-0.05292385444045067,0.04409056901931763,0.9976247549057007,-0.009232987649738789,0.08398298174142838,0.003850264009088278,0.02088737158200683,-0.9984625977789922,0.043414337937223116,-0.027410880333184378
1790595291.400374,173552.091270375,1790595291.3996344,-0.0025223493576049805,0.0037539638578891754,-0.013067960739135742,-0.05381287634372711,0.04402121901512146,0.9975802898406982,-0.00606489134952426,0.09145501255989075,0.019326426088809967,0.020831727593912972,-0.9984485462017052,0.04348168893030909,-0.027855452659068965
1790595291.4071639,173552.101329375,1790595291.4096932,0.0014193393290042877,0.004739329218864441,-0.00697779655456543,-0.05467230826616287,0.04404294490814209,0.9975329637527466,0.010691451840102673,0.07997119426727295,0.021774403750896454,0.02082088163154487,-0.9984317220265471,0.04359569312952677,-0.028288219214988506
1790595291.417572,173552.11138737501,1790595291.4197514,-0.011559151113033295,0.011632159352302551,0.0044547319412231445,-0.0553809329867363,0.044275958091020584,0.9974831938743591,0.032402072101831436,0.06300686299800873,0.017555156722664833,0.020919127781503125,-0.9984146841110598,0.0437002494639458,-0.028650056343439822
1790595291.4272718,173552.121445375,1790595291.4298093,-0.013853762298822403,0.01963771879673004,0.004841446876525879,-0.055924445390701294,0.044739022850990295,0.9974320530891418,0.05698677524924278,0.048002880066633224,0.018071545287966728,0.021136381130790836,-0.9983980056456627,0.043788814028366305,-0.028934112552726227
1790595291.4371169,173552.131503375,1790595291.4398673,-0.009697116911411285,0.020861215889453888,0.000531315803527832,-0.056357964873313904,0.045392364263534546,0.997378408908844,0.06809988617897034,0.04177268221974373,0.03438713401556015,0.02145022408272586,-0.9983793123199088,0.04390830889780144,-0.029168097415131343
1790595291.447291,173552.141561375,1790595291.4499252,-0.002724945545196533,0.025720834732055664,0.00014841556549072266,-0.05678410083055496,0.04616323113441467,0.9973185658454895,0.07975148409605026,0.049041781574487686,0.06406273692846298,0.02181942902054774,-0.998353779370458,0.0441476832448505,-0.029403731877684837
1790595291.457237,173552.151619375,1790595291.4599833,-0.0047770217061042786,0.028451744467020035,-0.004590392112731934,-0.05729551613330841,0.046987634152173996,0.997251033782959,0.07303978502750397,0.05880386382341385,0.09905081242322922,0.02220859926260548,-0.9983190073131174,0.044549721093761444,-0.029687049132633606
1790595291.4682822,173552.161678375,1790595291.4700422,0.003853239119052887,0.029699377715587616,0.0031537413597106934,-0.05788438394665718,0.04772362858057022,0.9971820116043091,0.060555677860975266,0.0699012503027916,0.13822990655899048,0.022545905189525865,-0.9982750987544154,0.0451422954343863,-0.030011732765035833
1790595291.477231,173552.17173637502,1790595291.4801004,0.013405997306108475,0.024762507528066635,0.0014040470123291016,-0.05855651944875717,0.0482812225818634,0.9971157908439636,0.030667556449770927,0.07875066995620728,0.16319997608661652,0.02278666052094544,-0.9982238661711611,0.04590213544967389,-0.030378171644604483
1790595291.487225,173552.181794375,1790595291.4901583,0.005277033895254135,0.012289326637983322,0.007716715335845947,-0.05930817872285843,0.048532117158174515,0.9970592856407166,0.0017227241769433022,0.08438032865524292,0.1671944409608841,0.02286917596278592,-0.9981706911765273,0.04674291572283283,-0.030779365909563403
1790595291.497959,173552.19185237502,1790595291.5002162,-0.0053262487053871155,0.008341800421476364,0.015649795532226562,-0.06002691760659218,0.04855813458561897,0.9970150589942932,-0.015042673796415329,0.07275696098804474,0.14679676294326782,0.022840546934067844,-0.9981217074284485,0.047545564686124066,-0.031157949588694157
1790595291.507114,173552.201910375,1790595291.5102742,-0.014986690133810043,0.0035354681313037872,0.018115639686584473,-0.06058986112475395,0.04835958033800125,0.9969905018806458,-0.03914055600762367,0.051202937960624695,0.10904432088136673,0.022707325712512962,-0.9980840209301185,0.048202942104283684,-0.03144974712552656
1790595291.51715,173552.21196837502,1790595291.5203323,-0.008957982063293457,-0.0020318925380706787,0.02113574743270874,-0.060911763459444046,0.04793022572994232,0.9969913959503174,-0.057811442762613297,0.02120215818285942,0.06895656138658524,0.022470259568800714,-0.9980617211911317,0.0486672500487223,-0.031610717484002654
1790595291.5272949,173552.222027375,1790595291.5303912,-0.0015853717923164368,-0.006573565304279327,0.01631605625152588,-0.060975443571805954,0.04725341871380806,0.9970202445983887,-0.08424890786409378,-0.0032573777716606855,0.02301410585641861,0.022122573682692225,-0.9980570216921975,0.04891113544696968,-0.0316312215895674
1790595291.539341,173552.232085375,1790595291.5404494,-0.005208808928728104,-0.010065220296382904,0.018810749053955078,-0.060861535370349884,0.046258993446826935,0.9970738887786865,-0.1153855174779892,-0.01742699183523655,-0.027315644547343254,0.021628106747137187,-0.998070456377049,0.048911160116387825,-0.03154949992326807
1790595291.5473979,173552.242143375,1790595291.5505073,-0.010720260441303253,-0.014913640916347504,0.019225358963012695,-0.060675397515296936,0.04489707574248314,0.9971474409103394,-0.15119332075119019,-0.02482898347079754,-0.07794420421123505,0.020959445160872156,-0.9981009633626357,0.04866410065453612,-0.031417333997339
1790595291.5576608,173552.252201375,1790595291.5605652,-0.023379851132631302,-0.01887831836938858,0.02961575984954834,-0.06042119488120079,0.043154966086149216,0.9972397685050964,-0.18247801065444946,-0.03462382033467293,-0.12032388150691986,0.020109435118430295,-0.9981471255116326,0.048189061508835854,-0.03123753212872822
1790595291.567339,173552.262259375,1790595291.5706234,-0.0256844200193882,-0.01232057437300682,0.03367769718170166,-0.06010027229785919,0.041159600019454956,0.9973435401916504,-0.19655786454677582,-0.04138558730483055,-0.15552447736263275,0.01914021043601014,-0.9982050535884773,0.04752301310664659,-0.031015407887019467
1790595291.578104,173552.272317375,1790595291.5806813,-0.020143166184425354,6.723031401634216e-05,0.026900410652160645,-0.05969060957431793,0.03905622661113739,0.9974528551101685,-0.2013169378042221,-0.05472669377923012,-0.17559193074703217,0.01812333286440676,-0.9982707849635111,0.04671061891421742,-0.03074502137246808
1790595291.587362,173552.28237637502,1790595291.5907402,-0.009962093085050583,0.010934107005596161,0.02025926113128662,-0.05917526036500931,0.036963146179914474,0.9975631833076477,-0.1948835402727127,-0.05692673102021217,-0.18404613435268402,0.017115791027991024,-0.9983393125886842,0.04582808322152867,-0.030422537326104223
1790595291.599446,173552.292434375,1790595291.6007984,-0.001200105994939804,0.013829473406076431,0.0026459693908691406,-0.058827757835388184,0.0348612442612648,0.9976595044136047,-0.20145729184150696,-0.02296876534819603,-0.18853916227817535,0.01610043822969774,-0.9984047774315084,0.0449182540269207,-0.030185235394840443
1790595291.609786,173552.30249237502,1790595291.6108563,-0.009102053940296173,0.01351391151547432,-0.0032988786697387695,-0.05887565761804581,0.03270488977432251,0.9977298974990845,-0.20564004778862,0.018758442252874374,-0.190974622964859,0.015049387449719467,-0.9984636595599367,0.04399159096601227,-0.03014618952005185
1790595291.621403,173552.312550375,1790595291.6209142,-0.023167207837104797,0.012004004791378975,-0.0031845569610595703,-0.059413131326436996,0.03049163520336151,0.9977678060531616,-0.21336987614631653,0.07902524620294571,-0.18659132719039917,0.013958980120092694,-0.9985129239772549,0.043079557683795185,-0.03035304980949136
1790595291.629361,173552.32260837502,1790595291.6309724,-0.03129525110125542,0.008547157049179077,0.0025560855865478516,-0.06057770177721977,0.028226444497704506,0.9977644681930542,-0.2142457813024521,0.1416095346212387,-0.18416865170001984,0.012829268554552893,-0.9985501468083375,0.04218818906383376,-0.030874857753531285
1790595291.639387,173552.332666375,1790595291.6410303,-0.04127980396151543,0.010769626125693321,0.001687765121459961,-0.06231188029050827,0.026034483686089516,0.997717022895813,-0.19802340865135193,0.18800392746925354,-0.18228445947170258,0.011725075755082328,-0.9985750528652113,0.04130837931065476,-0.03168543441533207
1790595291.740214,173552.342725375,1790595291.6510892,-0.02904289960861206,0.020648306235671043,0.00791466236114502,-0.06431014835834503,0.024075118824839592,0.997639536857605,-0.1668015718460083,0.19707119464874268,-0.17163634300231934,0.010732347811034002,-0.9985904964319988,0.04045742455486133,-0.032635275257886245
1790595291.7403781,173552.352783375,1790595291.6611474,-0.011354640126228333,0.025667021051049232,0.016884326934814453,-0.06622083485126495,0.02253541350364685,0.9975507259368896,-0.11741964519023895,0.17248062789440155,-0.14766442775726318,0.009950142285262175,-0.9985992743803289,0.039684390992178756,-0.03355227905025043
1790595291.7405078,173552.362841375,1790595291.6712053,0.007428526878356934,0.0316186249256134,0.017198562622070312,-0.06780735403299332,0.021573439240455627,0.9974656105041504,-0.056417014449834824,0.14096584916114807,-0.10917695611715317,0.009459400443497867,-0.9986026383052847,0.03905868291734733,-0.03432110639772409
1790595291.74063,173552.372899375,1790595291.6812632,0.012077808380126953,0.03645925968885422,0.00936061143875122,-0.06909967213869095,0.021234136074781418,0.997383713722229,0.0005772986332885921,0.11103617399930954,-0.058666642755270004,0.00927922671298192,-0.9985983250829519,0.03864267559983271,-0.034957407450405924
1790595291.740746,173552.382957375,1790595291.6913214,0.01583027094602585,0.03735940903425217,0.007179617881774902,-0.07013609260320663,0.021463144570589066,0.9973067045211792,0.04842418059706688,0.1006503775715828,-0.007144330069422722,0.00937973786338306,-0.998585469633569,0.038476219515494,-0.03547912893228271
1790595291.740861,173552.393015375,1790595291.7013793,0.009378224611282349,0.0325719490647316,-0.0015015602111816406,-0.07125239819288254,0.022084951400756836,0.9972140192985535,0.06985384225845337,0.12452854216098785,0.04192281514406204,0.009666203403453378,-0.9985589433567844,0.038562194512271566,-0.03605090085104745
1790595291.7410078,173552.403074375,1790595291.7114382,0.00266314297914505,0.01889651082456112,-0.006619751453399658,-0.07262445241212845,0.022820930927991867,0.9970982074737549,0.06638561189174652,0.15536528825759888,0.072440505027771,0.009997489272603133,-0.9985189510697522,0.03884592526531285,-0.036755025546138034
1790595291.741122,173552.41313237502,1790595291.7214963,-0.004390507936477661,0.0042389556765556335,-0.006700634956359863,-0.07443615049123764,0.023440396413207054,0.9969501495361328,0.042385730892419815,0.209113210439682,0.09453009814023972,0.01025622786148936,-0.9984652147820874,0.039271839631344875,-0.037678685309786464
1790595291.741238,173552.423190375,1790595291.7315543,-0.007304348051548004,-0.009990476071834564,-0.0031358003616333008,-0.07666455954313278,0.023799600079655647,0.9967732429504395,0.01486222818493843,0.23475465178489685,0.0959242582321167,0.010373348528796686,-0.9984015236116296,0.03976195666641753,-0.03880677603735397
1790595291.742505,173552.43324837502,1790595291.7416122,-0.019482895731925964,-0.020949432626366615,0.009478509426116943,-0.07910390943288803,0.02392481081187725,0.9965791702270508,-0.0013921089703217149,0.2539699077606201,0.07996180653572083,0.01036957952222574,-0.9983347193059556,0.040216504088543804,-0.040035653253404135
1790595291.7488809,173552.443306375,1790595291.7516704,-0.016453690826892853,-0.019142137840390205,0.006279706954956055,-0.08162955194711685,0.023933306336402893,0.9963752031326294,-0.0071141766384243965,0.2511677145957947,0.05898009613156319,0.010308226460958683,-0.9982687986643762,0.04058317029519434,-0.0413046239588642
1790595291.758858,173552.45336437502,1790595291.7617283,-0.012551657855510712,-0.018953269347548485,0.010971784591674805,-0.08411254733800888,0.02391229011118412,0.9961694478988647,-0.00632135383784771,0.24944359064102173,0.03577517345547676,0.01023696820629585,-0.9982070236224292,0.040834489383381085,-0.042550587452125935
1790595291.769543,173552.463423375,1790595291.7717874,-0.0053998976945877075,-0.022274840623140335,0.0062215328216552734,-0.08656460046768188,0.02386166900396347,0.995960533618927,-0.007733894512057304,0.23575334250926971,0.02156081795692444,0.010154949524326889,-0.9981481704253654,0.040993692523857164,-0.043779663087475856
1790595291.780273,173552.473481375,1790595291.7818453,0.0022819265723228455,-0.028755011036992073,0.019748806953430176,-0.08875327557325363,0.023795822635293007,0.9957696795463562,-0.009807697497308254,0.20593179762363434,0.004174104426056147,0.01007362150927482,-0.9980968547054379,0.04107914002374343,-0.04487586003448215
1790595291.789526,173552.483539375,1790595291.7919033,-0.001414462924003601,-0.03576120361685753,0.02674853801727295,-0.0907789096236229,0.023645635694265366,0.9955902099609375,-0.018747130408883095,0.19996312260627747,-0.01856902427971363,0.009958094778077428,-0.9980527246870738,0.04105925833584206,-0.045887682490498446
1790595291.799801,173552.493597375,1790595291.8019612,0.003035128116607666,-0.03532644361257553,0.01881861686706543,-0.09271080046892166,0.023409245535731316,0.9954178929328918,-0.021082457154989243,0.1821950376033783,-0.04045435041189194,0.009806933549601144,-0.9980152224595965,0.04092137009782277,-0.04684970079494488
1790595291.809529,173552.503655375,1790595291.8120193,0.005704693496227264,-0.037581875920295715,0.01981520652770996,-0.09444957226514816,0.0231469739228487,0.9952604174613953,-0.022960251197218895,0.16076751053333282,-0.06449151039123535,0.009652436381089395,-0.9979860665849953,0.04066966831095982,-0.04771343735089617
1790595291.8199959,173552.51371337502,1790595291.8220773,0.017117224633693695,-0.03567545861005783,0.020954132080078125,-0.09589813649654388,0.022857991978526115,0.9951288104057312,-0.020122120156884193,0.12351681292057037,-0.07592739164829254,0.009495131135489516,-0.9979669110637144,0.0403293447347912,-0.04843046544005506
1790595291.829576,173552.52377237502,1790595291.8321364,0.01791173219680786,-0.03382893651723862,0.02471303939819336,-0.09695203602313995,0.022628897801041603,0.9950319528579712,-0.010407707653939724,0.08508685976266861,-0.0864330306649208,0.00937901581554321,-0.9979587173636911,0.03992973526620596,-0.048950439883636974
1790595291.839752,173552.533830375,1790595291.8421943,0.021997444331645966,-0.026737282052636147,0.013174235820770264,-0.09772656857967377,0.022510508075356483,0.9949586391448975,0.0030955837573856115,0.06773663312196732,-0.09942712634801865,0.009327355213855375,-0.9979587908234576,0.03946595227335647,-0.04933209504241679
1790595291.8496919,173552.54388837502,1790595291.8522522,0.01971292495727539,-0.022573107853531837,0.0019614100456237793,-0.09838700294494629,0.022435689345002174,0.9948951005935669,0.0027493727393448353,0.06446467339992523,-0.10888427495956421,0.009302918264659779,-0.997963356673577,0.03894467074512222,-0.049656932203960565
1790595291.859414,173552.553946375,1790595291.8623102,0.004596389830112457,-0.026129625737667084,-0.001286149024963379,-0.09921591728925705,0.02228432707488537,0.9948164820671082,-0.011684427037835121,0.09724739193916321,-0.12083201855421066,0.009239915420498882,-0.9979658639016549,0.038371485331052564,-0.050064345303280654
1790595291.869637,173552.56400437502,1790595291.8723683,-0.0023484230041503906,-0.025201931595802307,0.0022946596145629883,-0.1002972275018692,0.021982241421937943,0.9947146773338318,-0.0236609298735857,0.11084975302219391,-0.12685050070285797,0.00909937144836917,-0.9979638406054864,0.03775610922326985,-0.050595189265105846
1790595291.8793752,173552.574062375,1790595291.8824263,-0.011515863239765167,-0.023613592609763145,0.016800642013549805,-0.10153630375862122,0.021584095433354378,0.9945979118347168,-0.029288187623023987,0.1358906626701355,-0.12628909945487976,0.008909331072514556,-0.9979582797071654,0.03712458130061743,-0.05120344839607716
1790595291.889639,173552.58412137502,1790595291.8924854,-0.017137452960014343,-0.01476900465786457,0.016091227531433105,-0.10302528738975525,0.021208129823207855,0.9944526553153992,-0.018675491213798523,0.15046294033527374,-0.11567560583353043,0.008724986988805914,-0.9979440262513853,0.03652456002696967,-0.05193810363117388
1790595291.8993971,173552.594179375,1790595291.9025433,-0.006671488285064697,0.0005627963691949844,0.015953660011291504,-0.10451909899711609,0.0210435651242733,0.9943004846572876,0.00823734886944294,0.14574089646339417,-0.09552080184221268,0.008643218330228335,-0.9979249505251904,0.036000350426188626,-0.05268002175582143
1790595291.909666,173552.60423737502,1790595291.9126012,0.004252009093761444,0.008333029225468636,0.010089993476867676,-0.10604317486286163,0.02114686742424965,0.9941368699073792,0.02953997440636158,0.15249547362327576,-0.06462892889976501,0.008689096201507544,-0.9978983147520611,0.035600377532656984,-0.05344324461751857
1790595291.9196641,173552.614295375,1790595291.9226594,0.014921851456165314,0.006476584821939468,0.011104822158813477,-0.1074662059545517,0.021492699161171913,0.9939766526222229,0.051114507019519806,0.12748706340789795,-0.029610490426421165,0.008850225878922325,-0.9978668207734335,0.03535723943423974,-0.05416155773198965
1790595291.929683,173552.62435337502,1790595291.9327173,0.01605015993118286,-0.0005801767110824585,0.02227199077606201,-0.10859449207782745,0.02206447161734104,0.9938413500785828,0.0643906369805336,0.09786710888147354,0.0022579599171876907,0.009120917999452399,-0.9978357106788843,0.03527852471398509,-0.054737487293446976
1790595291.939681,173552.634411375,1790595291.9427752,0.016213901340961456,-0.0036792010068893433,0.022059082984924316,-0.10942962020635605,0.022767866030335426,0.993733823299408,0.0748768299818039,0.06789322942495346,0.024415727704763412,0.00945536046737554,-0.9978068420232796,0.03533284900105128,-0.05516989111957898
1790595291.9496782,173552.644470375,1790595291.9528344,0.012712299823760986,-0.010080480948090553,0.023014545440673828,-0.10989533364772797,0.023584429174661636,0.9936636090278625,0.08331825584173203,0.026904786005616188,0.03277352452278137,0.009848937187765557,-0.9977847996829678,0.035458441057764786,-0.05541966005499186
1790595291.9598699,173552.65452837502,1790595291.9628923,0.008364997804164886,-0.007311122491955757,0.024340033531188965,-0.10995778441429138,0.02447717823088169,0.9936348795890808,0.08987202495336533,-0.01030703168362379,0.027131086215376854,0.010287810566035019,-0.997773190946648,0.035582147810354826,-0.05546847390988726
1790595291.969752,173552.664586375,1790595291.9729502,-6.00665807723999e-05,-0.006294798105955124,0.013849616050720215,-0.10981826484203339,0.025398723781108856,0.9936274290084839,0.08808637410402298,-0.010852713137865067,0.016478441655635834,0.010746819291381614,-0.9977683017922365,0.03566700387948069,-0.05541611082420138
1790595291.979757,173552.67464437502,1790595291.9830084,-0.013075515627861023,-0.010548695921897888,-0.004597187042236328,-0.10991013795137405,0.02621939778327942,0.9935960173606873,0.07148928940296173,0.03464020416140556,0.0037035238929092884,0.011154504691441958,-0.9977594825523943,0.03569349227634216,-0.05547751131784262
1790595291.98976,173552.684702375,1790595291.9930663,-0.027883052825927734,-0.011597197502851486,-0.020714282989501953,-0.11055971682071686,0.02681013196706772,0.9935079216957092,0.0487152636051178,0.09409181028604507,-0.0005791053990833461,0.011439343264660966,-0.9977377982001152,0.03568261763755033,-0.055814307874793946
1790595291.9997299,173552.69476037502,1790595292.0031242,-0.024976760149002075,-0.011010190472006798,-0.02142930030822754,-0.1117112785577774,0.02719968743622303,0.9933687448501587,0.029623331502079964,0.13425947725772858,0.005749896634370089,0.011613680585352077,-0.997702696181469,0.03568890971636027,-0.056399684941558635
1790595292.011768,173552.704819375,1790595292.0131834,-0.019267089664936066,-0.011500678956508636,-0.006490230560302734,-0.11313319951295853,0.02747654728591442,0.9931998252868652,0.026372143998742104,0.14487910270690918,0.016592424362897873,0.011724129319835144,-0.9976584523825242,0.03574262178199819,-0.057119398799945965
1790595292.020195,173552.71487737502,1790595292.0232413,-0.012963972985744476,-0.004383578896522522,0.002463698387145996,-0.11447719484567642,0.027866771444678307,0.9930348992347717,0.0494428388774395,0.1228419616818428,0.020324312150478363,0.011890378459369985,-0.9976137971531922,0.035835393428222555,-0.05780262293525141
1790595292.031883,173552.724935375,1790595292.0332992,-0.0012636780738830566,0.00458577461540699,0.002597808837890625,-0.11548110842704773,0.028495199978351593,0.992901086807251,0.06997635215520859,0.07658365368843079,0.020625516772270203,0.012181683528780938,-0.9975768418707458,0.03593022340879692,-0.05831956192669041
1790595292.041822,173552.73499337502,1790595292.0433574,0.018963217735290527,0.00632486492395401,0.005804181098937988,-0.11594787240028381,0.02931958995759487,0.9928227663040161,0.08932074904441833,0.017371468245983124,0.01869179494678974,0.012581352670160136,-0.9975542767951002,0.036011665235246196,-0.05857025654943037
1790595292.051156,173552.745051375,1790595292.0534153,0.01999480277299881,-0.0035511087626218796,0.014452874660491943,-0.11581975221633911,0.030223382636904716,0.9928102493286133,0.08705466985702515,-0.03753518685698509,0.016174042597413063,0.01303243310184532,-0.9975488739634729,0.03607446317667657,-0.058523462054902387
1790595292.06317,173552.75510937502,1790595292.0634732,0.011407993733882904,-0.01720680296421051,0.020607590675354004,-0.11525910347700119,0.031031183898448944,0.9928508996963501,0.06969218701124191,-0.07119940966367722,0.0028798081912100315,0.013445686441493266,-0.9975583461905766,0.036094059488709807,-0.058257104660038424
1790595292.07121,173552.76516837502,1790595292.0735323,0.001413688063621521,-0.024297982454299927,0.020350396633148193,-0.11446581035852432,0.031591594219207764,0.992924690246582,0.0425761453807354,-0.08711232990026474,-0.014147112146019936,0.01374324996417561,-0.9975786501894287,0.036044282738623486,-0.05786839122316045
1790595292.081166,173552.775226375,1790595292.0835903,-0.014928467571735382,-0.024749550968408585,0.02502286434173584,-0.1136266216635704,0.03184480965137482,0.9930132627487183,0.01564386487007141,-0.07911699265241623,-0.03330110013484955,0.013892621947324268,-0.9976056718045119,0.03591045617216834,-0.057449755556456795
1790595292.09118,173552.78528437502,1790595292.0936482,-0.02842441201210022,-0.02119331806898117,0.01969468593597412,-0.11293278634548187,0.031843867152929306,0.9930922389030457,-0.002713835798203945,-0.06386347115039825,-0.05105426162481308,0.01391726813789305,-0.997633513530196,0.03568592242781897,-0.05709816623766034
1790595292.101217,173552.795342375,1790595292.1037064,-0.031920112669467926,-0.014204498380422592,0.011467814445495605,-0.11241257190704346,0.03170625865459442,0.9931559562683105,-0.009894783608615398,-0.045438118278980255,-0.06438152492046356,0.013874155498932299,-0.9976598861667447,0.03539377321164456,-0.056830335715329104
1790595292.111219,173552.80540037501,1790595292.1137643,-0.02303178608417511,-0.007678482681512833,0.006685018539428711,-0.11199304461479187,0.03154315799474716,0.9932085871696472,-0.005997513420879841,-0.046701524406671524,-0.06746652722358704,0.013818789830672527,-0.997684890639277,0.035059347105609324,-0.056612064625471976
1790595292.121881,173552.815458375,1790595292.1238222,-0.015933506190776825,-0.0024653971195220947,0.00841212272644043,-0.11149241030216217,0.03148753568530083,0.9932664036750793,0.009991040453314781,-0.05962584167718887,-0.061440058052539825,0.013818013406707881,-0.997710780829661,0.034733056371622585,-0.05635515708278533
1790595292.132401,173552.82551737502,1790595292.1338813,-0.0058394670486450195,0.0032592080533504486,0.005994558334350586,-0.11084429919719696,0.03163756802678108,0.9933344125747681,0.031502723693847656,-0.07219942659139633,-0.04798337072134018,0.013920024104823975,-0.997737597698965,0.0344512688642812,-0.05602847201003997
1790595292.141995,173552.835575375,1790595292.1439393,-0.0011630728840827942,0.007114846259355545,-0.00022590160369873047,-0.1100885197520256,0.03203912451863289,0.9934051632881165,0.05722507834434509,-0.08158446103334427,-0.02942320890724659,0.014145677303104565,-0.9977626218869327,0.03423947081730825,-0.055653117640280324
1790595292.151913,173552.84563337502,1790595292.1539972,-0.003508269786834717,0.009565792977809906,0.0017305612564086914,-0.10922342538833618,0.03273148089647293,0.9934781789779663,0.08483327180147171,-0.09319876879453659,-0.007333352230489254,0.014513209998579288,-0.9977848395890313,0.03412463883044265,-0.05522931281230092
1790595292.162124,173552.855691375,1790595292.1640553,-0.016351737082004547,0.009213000535964966,0.010510802268981934,-0.10828180611133575,0.03372514247894287,0.9935479164123535,0.11278874427080154,-0.0907374769449234,0.016750145703554153,0.015026842956479066,-0.9978025645664541,0.034117489257221315,-0.054773944816069155
1790595292.260803,173552.86574937502,1790595292.1741133,-0.02779746800661087,0.01119443029165268,0.003680408000946045,-0.10750196129083633,0.03500909358263016,0.9935882091522217,0.1362043172121048,-0.06107545644044876,0.039384882897138596,0.015677266764505954,-0.9978092581686654,0.03421689939899459,-0.05440660003798062
1790595292.260976,173552.875807375,1790595292.1841712,-0.01888405531644821,0.012961555272340775,-0.006921887397766113,-0.10703126341104507,0.036492105573415756,0.9935858845710754,0.14752088487148285,-0.030631262809038162,0.05357047915458679,0.016417307209146196,-0.9978021397223364,0.03440666647465838,-0.054199618700087424
1790595292.2611089,173552.885866375,1790595292.1942303,-0.014982439577579498,0.005567602813243866,-0.006381034851074219,-0.106843501329422,0.038026679307222366,0.9935485124588013,0.1440609097480774,-0.001711198827251792,0.054438669234514236,0.017175975384565483,-0.9977846280148327,0.034642205879670235,-0.0541366978702596
1790595292.2612329,173552.895924375,1790595292.2042882,-0.022386804223060608,-0.0042582228779792786,0.0017268657684326172,-0.10693122446537018,0.03949068859219551,0.9934821128845215,0.13864749670028687,0.01866438053548336,0.03652012348175049,0.017896720758366912,-0.9977611084286686,0.03483996278366866,-0.05421050520700538
1790595292.261354,173552.905982375,1790595292.2143462,-0.03093969076871872,-0.008427612483501434,0.006901383399963379,-0.10712161660194397,0.04091349244117737,0.9934039115905762,0.14103582501411438,0.01915173977613449,0.012405198067426682,0.01860128598818754,-0.9977385785878248,0.03492381008744726,-0.054333304755401976
1790595292.2614741,173552.916040375,1790595292.2244043,-0.03436202555894852,-0.010961644351482391,0.010057568550109863,-0.10725458711385727,0.04233364015817642,0.9933300614356995,0.14316529035568237,0.007238619960844517,-0.008565064519643784,0.019312073291278136,-0.997721346195794,0.03488745933885737,-0.05442505837072054
1790595292.2616498,173552.926098375,1790595292.2344623,-0.024368509650230408,-0.012484870851039886,0.01115572452545166,-0.10725359618663788,0.04373479261994362,0.9932695031166077,0.1406123787164688,-0.011026137508451939,-0.015673041343688965,0.020019499736720434,-0.9977099042116726,0.03478089220875442,-0.054447783378009776
1790595292.26178,173552.936156375,1790595292.2445202,-0.01264490932226181,-0.013642657548189163,0.010806083679199219,-0.10699900984764099,0.0450604110956192,0.993237316608429,0.124158576130867,-0.04047057777643204,-0.004256069660186768,0.020692751931852705,-0.9977051204438693,0.034686633926691454,-0.05434197454295612
1790595292.261906,173552.946215375,1790595292.2545793,-0.0022871941328048706,-0.015706799924373627,0.016021311283111572,-0.10647722333669662,0.04620903357863426,0.9932408332824707,0.10641366988420486,-0.06537992507219315,0.006806701421737671,0.021278175332777358,-0.9977069029161634,0.034660408251481006,-0.054100178455211485
1790595292.2620301,173552.95627337502,1790595292.2646372,-0.006517454981803894,-0.020637594163417816,0.020949482917785645,-0.1056344285607338,0.04714203625917435,0.9932871460914612,0.07682355493307114,-0.0976470485329628,0.019121691584587097,0.021758124530991456,-0.9977175467167011,0.034687993965081064,-0.05369451658939053
1790595292.274341,173552.966331375,1790595292.2746954,-0.008696913719177246,-0.014645606279373169,0.015177488327026367,-0.10470616072416306,0.04783337563276291,0.9933520555496216,0.05576486885547638,-0.08214718103408813,0.015481149777770042,0.022116541054185347,-0.9977315737905934,0.03475265179417817,-0.05324246487031677
1790595292.282756,173552.97638937502,1790595292.2847533,-0.016769759356975555,-0.009813599288463593,-0.009549498558044434,-0.10401857644319534,0.04821988567709923,0.9934056401252747,0.02008436992764473,-0.05227583646774292,0.0065928492695093155,0.022319529043470676,-0.9977435555063601,0.03479383388636608,-0.05290524881482124
1790595292.292029,173552.986447375,1790595292.2948112,-0.01934210956096649,-0.00805775448679924,-0.016324639320373535,-0.1037045419216156,0.04826458543539047,0.9934364557266235,-0.013836845755577087,-0.011515893042087555,-0.006128804758191109,0.02234742341645497,-0.9977514142092511,0.03479009432644902,-0.052748349328916797
1790595292.3021262,173552.99650537502,1790595292.3048692,-0.024299561977386475,-0.009359534829854965,-0.011238455772399902,-0.10375199466943741,0.047948937863111496,0.993446946144104,-0.04268394038081169,0.016690446063876152,-0.02395680360496044,0.022191917817910693,-0.9977562557980323,0.03472648936581556,-0.05276503495366065
1790595292.312607,173553.006567625,1790595292.3149316,-0.031717732548713684,-0.007721267640590668,-0.0010486841201782227,-0.10396318882703781,0.0474245510995388,0.9934499263763428,-0.05411822348833084,0.01837329752743244,-0.03784332424402237,0.021933396811944828,-0.9977620083321314,0.03458230926145806,-0.05285840029084911
1790595292.326425,173553.01662562502,1790595292.3249896,-0.03350494056940079,0.0029303990304470062,0.011224865913391113,-0.1040986105799675,0.04691999405622482,0.9934598207473755,-0.03449525311589241,0.0022438615560531616,-0.05011170729994774,0.021689216707505128,-0.9977714954877122,0.034379414374419805,-0.05291288359381941
1790595292.332,173553.026683625,1790595292.3350475,-0.029700830578804016,0.015574578195810318,0.00979626178741455,-0.10399647057056427,0.04662017151713371,0.9934845566749573,-0.01590292528271675,-0.025847161188721657,-0.04456673935055733,0.02155373565548598,-0.9977860855931475,0.03413498967760295,-0.0528509782351148
1790595292.3420959,173553.03674162502,1790595292.3451056,-0.017395488917827606,0.026971351355314255,0.007517576217651367,-0.10368278622627258,0.04656066745519638,0.9935200810432434,0.009140641428530216,-0.04209190979599953,-0.01877562329173088,0.02153790760413272,-0.9978006437420179,0.03396913779669471,-0.05268889768743918
1790595292.352376,173553.046799625,1790595292.3551636,-0.010365940630435944,0.029759321361780167,0.0032584667205810547,-0.10317449271678925,0.04667187109589577,0.993567943572998,0.012511404231190681,-0.05516643449664116,0.022280732169747353,0.0216019882064879,-0.9978126430070829,0.033969174704367326,-0.052435744185350935
1790595292.3621461,173553.05685762502,1790595292.3652215,-0.00902644544839859,0.02661272883415222,0.0038366317749023438,-0.102652408182621,0.04681248590350151,0.9936152100563049,0.004264926537871361,-0.04648426175117493,0.07010151445865631,0.02166941660430911,-0.9978169060069595,0.0341912088144643,-0.05218102407868128
1790595292.371534,173553.06691662502,1790595292.3752806,-0.017140507698059082,0.020085372030735016,0.013580679893493652,-0.10210670530796051,0.04690062627196312,0.9936673045158386,-0.0038422681391239166,-0.057362210005521774,0.10439051687717438,0.02170001192526777,-0.9978149629410702,0.03462597051320573,-0.0519181812637661
1790595292.3821938,173553.076974625,1790595292.3853385,-0.02277139574289322,0.01700030267238617,0.030611515045166016,-0.10135863721370697,0.046949196606874466,0.9937416315078735,-0.00948577281087637,-0.07891543954610825,0.14040684700012207,0.021705410373352416,-0.9978122112332113,0.03523630334809705,-0.05155693139487979
1790595292.3920488,173553.08703262502,1790595292.3953965,-0.016402028501033783,0.01856803148984909,0.02986454963684082,-0.10043429583311081,0.047014158219099045,0.9938324689865112,-0.009560341946780682,-0.09335722774267197,0.15860235691070557,0.021715585466146176,-0.997808344184126,0.035982520227002324,-0.05111054663676667
1790595292.404403,173553.097090625,1790595292.4054546,-0.013575263321399689,0.015337537974119186,0.022432327270507812,-0.0993395671248436,0.04705558344721794,0.9939406514167786,-0.012673044577240944,-0.10803284496068954,0.1718132346868515,0.02171357142196676,-0.9978052490914066,0.03681046618897452,-0.050580082227998376
1790595292.411995,173553.10714862501,1790595292.4155126,-0.013476371765136719,0.014156661927700043,0.01598113775253296,-0.09812616556882858,0.047092027962207794,0.9940590858459473,-0.01642783358693123,-0.1149354875087738,0.17919258773326874,0.02170972040548188,-0.9978022029462843,0.03768681851331033,-0.04999112506152051
1790595292.423556,173553.117206625,1790595292.4255705,-0.0187356099486351,0.011020924896001816,0.0113450288772583,-0.09692580252885818,0.047053948044776917,0.994178831577301,-0.025860484689474106,-0.10758969187736511,0.17428837716579437,0.021669042252235506,-0.997798465949215,0.0385698493890838,-0.04940744482528019
1790595292.4349241,173553.12726562502,1790595292.4356296,-0.02649814635515213,0.005979713052511215,0.012855052947998047,-0.09572453051805496,0.04692241922020912,0.9943013787269592,-0.032893095165491104,-0.11561619490385056,0.1687237024307251,0.021584016905337695,-0.9977957366719237,0.03942518595296005,-0.04882083275857799
1790595292.444212,173553.137323625,1790595292.4456875,-0.030793361365795135,0.0043549127876758575,0.019106030464172363,-0.09449634701013565,0.046716175973415375,0.9944287538528442,-0.040368590503931046,-0.11144648492336273,0.16200801730155945,0.021464587823484288,-0.9977946866775222,0.04025088208502272,-0.0482184773173768
1790595292.454863,173553.14738162502,1790595292.4557455,-0.020139865577220917,0.00544363260269165,0.007783055305480957,-0.09333952516317368,0.046420905739068985,0.9945515394210815,-0.04588532820343971,-0.10597262531518936,0.15319401025772095,0.021302002731235576,-0.9977933648027134,0.041038662947152804,-0.04764911346537022
1790595292.4642,173553.157439625,1790595292.4658036,-0.007936187088489532,0.009698469191789627,-0.0024373531341552734,-0.09222228080034256,0.04610283672809601,0.9946706891059875,-0.047221168875694275,-0.10263808071613312,0.1480083018541336,0.021129736027612443,-0.9977919361140699,0.0417922347501606,-0.04709819475081268
1790595292.47389,173553.16749762502,1790595292.4758615,-0.004578001797199249,0.009454984217882156,-0.008698344230651855,-0.09120119363069534,0.04572071135044098,0.9947823882102966,-0.05620986968278885,-0.08713635057210922,0.13331112265586853,0.02092635430108468,-0.9977899842734893,0.04250102271111975,-0.046592961193887436
1790595292.484262,173553.177555625,1790595292.4859195,-0.0075332969427108765,-0.0011330582201480865,-0.010293662548065186,-0.09036685526371002,0.045200347900390625,0.9948822259902954,-0.06948572397232056,-0.06831365823745728,0.11448948830366135,0.02065403291391141,-0.9977877810464701,0.043135185473346195,-0.04617649508901211
1790595292.494011,173553.187614625,1790595292.4959786,-0.01357339322566986,-0.004216399043798447,-0.0018117427825927734,-0.08965208381414413,0.04456055536866188,0.9949758648872375,-0.07659822702407837,-0.06635677069425583,0.08752338588237762,0.02032510297299072,-0.9977885589893045,0.04365678302078969,-0.04581468845975577
1790595292.504887,173553.197672625,1790595292.5060365,-0.022967509925365448,-0.0035616345703601837,0.0028011202812194824,-0.08903176337480545,0.043859999626874924,0.9950624704360962,-0.07678038626909256,-0.046960435807704926,0.058950863778591156,0.019970581251059504,-0.9977935716288624,0.04403675274665792,-0.04549570543148401
1790595292.514001,173553.207730625,1790595292.5160944,-0.029581435024738312,-0.00023932382464408875,-0.004782557487487793,-0.08867397904396057,0.04319274052977562,0.9951239824295044,-0.06445261836051941,-0.022572271525859833,0.03427747264504433,0.01963364734881634,-0.9977984120500074,0.04427551811361738,-0.045306024564518
1790595292.524277,173553.217788625,1790595292.5261526,-0.024719923734664917,0.004941679537296295,-0.007737219333648682,-0.08848480135202408,0.04265039414167404,0.9951639771461487,-0.04928964748978615,-0.01494657713919878,0.025428323075175285,0.019359429815158667,-0.9978015593613532,0.04443016637551162,-0.045201915999208635
1790595292.534292,173553.227846625,1790595292.5362105,-0.010863333940505981,0.008589640259742737,-0.0015128850936889648,-0.08833383023738861,0.0422220416367054,0.995195746421814,-0.04056699573993683,-0.01262989267706871,0.03401542082428932,0.01914137687986395,-0.9978025600537043,0.0445861842090737,-0.04511950305433798
1790595292.544377,173553.23790562502,1790595292.5462697,-0.0014096572995185852,0.00474974513053894,0.002797544002532959,-0.08823549747467041,0.041881024837493896,0.9952188730239868,-0.033911220729351044,-0.007159493863582611,0.04812724143266678,0.018963148022595272,-0.9977986442784783,0.044802812828005495,-0.045066558956348646
1790595292.554307,173553.247963625,1790595292.5563276,-0.0009311437606811523,0.00025761500000953674,0.01121068000793457,-0.08807315677404404,0.0416276752948761,0.9952439665794373,-0.02539549581706524,-0.0231469813734293,0.06658481061458588,0.018826686957109155,-0.9977916461832415,0.04509788170500124,-0.04498496341373519
1790595292.564328,173553.25802162502,1790595292.5663855,-0.0009117349982261658,-0.0010714977979660034,0.025912880897521973,-0.08769582957029343,0.04152246564626694,0.9952815771102905,-0.008625838905572891,-0.0458269938826561,0.07998158037662506,0.018765799552427853,-0.9977842497193825,0.04546859110466421,-0.044800435547379586
1790595292.5743392,173553.268079625,1790595292.5764434,-0.006193578243255615,-0.0027075670659542084,0.029586374759674072,-0.08711367845535278,0.04155635088682175,0.9953311681747437,0.0017660827143117785,-0.06126640364527702,0.08537741005420685,0.01877732802802649,-0.9977777063115235,0.04588271038599907,-0.04451732508425905
1790595292.584752,173553.27813762502,1790595292.5865016,-0.0067940354347229,-0.0030468329787254333,0.024162769317626953,-0.08643694221973419,0.04171251878142357,0.9953837990760803,0.014589468948543072,-0.06769607216119766,0.08011260628700256,0.018852611415691764,-0.9977719730947581,0.046292550894754425,-0.044189663565452356
1790595292.594336,173553.288195625,1790595292.5965595,-0.007205203175544739,-0.0056497082114219666,0.0166168212890625,-0.08570534735918045,0.0419350266456604,0.9954378008842468,0.017889926210045815,-0.07081356644630432,0.06119244545698166,0.01896538107502366,-0.9977693492774323,0.04663941000873731,-0.04383498932026207
1790595292.60438,173553.298254625,1790595292.6066186,-0.01400543749332428,-0.012086804956197739,0.014047682285308838,-0.08500861376523972,0.04213126748800278,0.9954890012741089,0.012678118422627449,-0.06180276349186897,0.037695374339818954,0.019069129812846718,-0.9977709493093397,0.046878985010727285,-0.043495201693639435
1790595292.614401,173553.308312625,1790595292.6166766,-0.020963601768016815,-0.018658623099327087,0.010402917861938477,-0.08444391191005707,0.04223337769508362,0.9955329895019531,0.0025357361882925034,-0.05163321644067764,0.01449737697839737,0.01912792279590587,-0.9977761672576099,0.047002276846129905,-0.04321711958242205
1790595292.6263318,173553.318370625,1790595292.6267345,-0.02063065767288208,-0.019726816564798355,0.014676332473754883,-0.08392234891653061,0.04221818223595619,0.9955777525901794,-0.0044009992852807045,-0.053808219730854034,-0.00607713870704174,0.019131820072883682,-0.9977867346915577,0.04701618114140646,-0.04295575232969862
1790595292.634397,173553.328428625,1790595292.6367924,-0.01824323832988739,-0.019228465855121613,0.020454764366149902,-0.0833495631814003,0.042162343859672546,0.9956281781196594,-0.004272368736565113,-0.062917560338974,-0.01980653405189514,0.019120132347741466,-0.9978026130634046,0.0469471019251437,-0.04266616980446592
1790595292.6444101,173553.338486625,1790595292.6468506,-0.0035206452012062073,-0.011515572667121887,0.013850927352905273,-0.08267606049776077,0.042124632745981216,0.9956862330436707,0.0022180210798978806,-0.07412520796060562,-0.024641769006848335,0.019121603080473927,-0.9978223938714934,0.046835602148248646,-0.04232577089399704
1790595292.654423,173553.348544625,1790595292.6569085,0.00048814713954925537,-0.0070815496146678925,0.008094429969787598,-0.08187831193208694,0.04214616119861603,0.9957509636878967,0.008498021401464939,-0.08979924768209457,-0.024392763152718544,0.019156528063031628,-0.9978449955497037,0.04669949639807955,-0.041924101641612255
1790595292.6644878,173553.358603625,1790595292.6669676,-0.005257122218608856,-0.008018597960472107,0.010612130165100098,-0.08089379221200943,0.04224398359656334,0.9958273768424988,0.01612052135169506,-0.10965950042009354,-0.024832451716065407,0.019233663514281872,-0.9978703468349556,0.046566584897396,-0.04143077713080356
1790595292.674491,173553.36866162502,1790595292.6770256,-0.010345302522182465,-0.005519066005945206,0.00956583023071289,-0.07974236458539963,0.04242999106645584,0.9959122538566589,0.024437306448817253,-0.11849161237478256,-0.0221469197422266,0.01935865676596023,-0.9978978839558228,0.04643225895611148,-0.04085593411562138
1790595292.684593,173553.378719625,1790595292.6870835,-0.011044628918170929,-0.003576282411813736,-0.0009211301803588867,-0.07858529686927795,0.042699746787548065,0.9959928393363953,0.033703241497278214,-0.11198470741510391,-0.018146585673093796,0.019524733531389712,-0.9979234208807379,0.046317161212014034,-0.04028062437008723
1790595292.788502,173553.38877762502,1790595292.6971416,-0.008977718651294708,0.0013995915651321411,-0.012801408767700195,-0.07750887423753738,0.043033912777900696,0.9960625767707825,0.03529714420437813,-0.1035776436328888,-0.01386448834091425,0.019720329779240146,-0.9979453701371056,0.046220300253293455,-0.039747583688774034
1790595292.7887318,173553.398835625,1790595292.7071996,-0.009153366088867188,0.0031466595828533173,-0.019533634185791016,-0.0766923651099205,0.04336204379796982,0.9961115717887878,0.029094643890857697,-0.05673237144947052,-0.00859862007200718,0.019905750587455487,-0.9979608061753672,0.04615218017752637,-0.03934510733752556
1790595292.788876,173553.40889362502,1790595292.7172575,-0.019789978861808777,-0.0012670308351516724,-0.03175199031829834,-0.07643173635005951,0.0435643196105957,0.9961229562759399,0.01428293902426958,0.0027764937840402126,-0.009972811676561832,0.020014834562644048,-0.9979659873388791,0.04610177422212488,-0.039218359238827175
1790595292.789003,173553.418952625,1790595292.7273166,-0.03169449418783188,-0.005172520875930786,-0.026797890663146973,-0.07671899348497391,0.04363984987139702,0.9960975050926208,0.004509671125560999,0.05047530680894852,-0.017833929508924484,0.02004892720233324,-0.9979629395853342,0.04602953392210534,-0.03936252161887569
1790595292.789123,173553.429010625,1790595292.7373745,-0.02766735851764679,-0.002109859138727188,-0.01949918270111084,-0.07737390697002411,0.043644193559885025,0.9960463643074036,-0.0011551385978236794,0.07809308916330338,-0.0230483990162611,0.0200398783186457,-0.9979543558921147,0.045937812493046834,-0.0396887317914006
1790595292.7892458,173553.439068625,1790595292.7474325,-0.017804928123950958,-0.0038740746676921844,-0.019838571548461914,-0.07834047824144363,0.04357735812664032,0.9959740042686462,-0.010487387888133526,0.11120816320180893,-0.031073035672307014,0.019989587638255233,-0.9979419931712254,0.04581255168336591,-0.04016868227733714
1790595292.789361,173553.449126625,1790595292.7574906,-0.00883234292268753,-0.004705537110567093,-0.0274849534034729,-0.07956159114837646,0.04341699182987213,0.9958839416503906,-0.013960150070488453,0.12671202421188354,-0.03830618038773537,0.019888334103074282,-0.997926770050631,0.04565233788516833,-0.040773278500916464
1790595292.789473,173553.459184625,1790595292.7675486,-0.00632360577583313,-0.005002617835998535,-0.017824828624725342,-0.08083436638116837,0.04319527745246887,0.9957911372184753,-0.02426045760512352,0.12284431606531143,-0.044549696147441864,0.01975670139488485,-0.9979122274633117,0.045461452604527025,-0.04140178724072661
1790595292.789584,173553.469242625,1790595292.7776065,-0.014646030962467194,-0.007521327584981918,0.0023736953735351562,-0.0820639505982399,0.042891114950180054,0.9957037568092346,-0.027066363021731377,0.11817073076963425,-0.04685066640377045,0.019586144877444298,-0.9979002129563344,0.045244122395098126,-0.0420063358976621
1790595292.7896981,173553.47930162502,1790595292.7876656,-0.014185667037963867,-0.005033578723669052,0.01022118330001831,-0.08319568634033203,0.04258536919951439,0.9956229329109192,-0.024910002946853638,0.10243544727563858,-0.03688352182507515,0.01941646236303339,-0.9978889898017003,0.045044818599859454,-0.042562305162415465
1790595292.794576,173553.489359625,1790595292.7977235,-0.002665877342224121,0.002598930150270462,0.020082414150238037,-0.08408010005950928,0.04236862435936928,0.9955577850341797,-0.012519646435976028,0.07036645710468292,-0.018206773325800896,0.019294125539117975,-0.9978786518301643,0.04491198680742666,-0.042997802099214694
1790595292.804605,173553.49941762502,1790595292.8077815,0.006840892136096954,0.006495926529169083,0.030014514923095703,-0.08462996780872345,0.042316846549510956,0.995513379573822,0.0006062760367058218,0.04109405726194382,0.01227976381778717,0.01925660893311483,-0.9978681131319964,0.044899136630022665,-0.04327183786037747
1790595292.814574,173553.509475625,1790595292.8178396,0.011877357959747314,0.007987257093191147,0.03348660469055176,-0.08487517386674881,0.04238191992044449,0.995489776134491,0.007568045519292355,0.01177158672362566,0.03912975266575813,0.0192777231418782,-0.9978559588990373,0.04503732692190238,-0.043398853835498935
1790595292.826866,173553.51953362502,1790595292.8278975,0.003451816737651825,0.005116008222103119,0.03360176086425781,-0.08490301668643951,0.042521849274635315,0.9954816699028015,0.010042121633887291,0.0023027174174785614,0.05306261405348778,0.019336866700646247,-0.997843285946996,0.045272582673381655,-0.04342058253206804
1790595292.836958,173553.529592625,1790595292.8379564,-0.009059011936187744,0.003411758691072464,0.02794790267944336,-0.08491963893175125,0.04265443980693817,0.9954744577407837,0.005018867552280426,0.005449242424219847,0.0592920146882534,0.019390448995076894,-0.9978285484618855,0.04555685175850666,-0.04343751100961069
1790595292.847342,173553.539650625,1790595292.8480146,-0.013012178242206573,-0.0016761794686317444,0.022294223308563232,-0.08497952669858932,0.04270697012543678,0.9954668879508972,-0.00831637904047966,0.013138853944838047,0.05749091878533363,0.019402579816284342,-0.9978131893437682,0.04585070945095182,-0.04347445749009256
1790595292.856617,173553.549708625,1790595292.8580725,-0.012957364320755005,-0.009837310761213303,0.01964569091796875,-0.08512591570615768,0.04256732389330864,0.9954606294631958,-0.027114033699035645,0.022354457527399063,0.05480005964636803,0.019316839957305498,-0.9977983310610677,0.04613883069947135,-0.043550095437841475
1790595292.86665,173553.559766625,1790595292.8681304,-0.007471136748790741,-0.014491245150566101,0.01298367977142334,-0.08536313474178314,0.04223164916038513,0.9954547882080078,-0.04847445338964462,0.02853778377175331,0.043180689215660095,0.01913198117917138,-0.997784634242611,0.04640279562811901,-0.0436660797854827
1790595292.877053,173553.569824625,1790595292.8781886,-0.008087195456027985,-0.018133878707885742,0.010069668292999268,-0.08564730733633041,0.04166283458471298,0.995453953742981,-0.07017841190099716,0.030006518587470055,0.02948325127363205,0.01883219666973947,-0.9977751279988645,0.046602270105773204,-0.04379872352108483
1790595292.887249,173553.57988262502,1790595292.8882465,-0.011483855545520782,-0.020538829267024994,0.017177820205688477,-0.08579069375991821,0.04093973711133003,0.995471715927124,-0.07605946809053421,-0.004903530236333609,0.01697571575641632,0.018461607428802786,-0.9977736145718465,0.046729732449159095,-0.043855690953314784
1790595292.896944,173553.58994162502,1790595292.8983057,-0.0034980177879333496,-0.01541595533490181,0.03267776966094971,-0.08538419008255005,0.04022665321826935,0.9955360293388367,-0.06863457709550858,-0.07418353110551834,0.017593568190932274,0.018109934569297062,-0.9977850410129653,0.046829795361628505,-0.04363683227617856
1790595292.90691,173553.599999625,1790595292.9083636,0.01314118504524231,-0.0076711177825927734,0.031102299690246582,-0.0843842476606369,0.03959241881966591,0.9956464767456055,-0.059916190803050995,-0.1214410588145256,0.027469635009765625,0.017810842758198612,-0.9978072771313558,0.04694547819858818,-0.043122820130056645
1790595292.916681,173553.61005762502,1790595292.9184215,0.01833678036928177,-0.004390653222799301,0.01675283908843994,-0.08294228464365005,0.039028022438287735,0.9957901239395142,-0.059667717665433884,-0.1621168553829193,0.04346378147602081,0.017554450956180558,-0.9978348869275572,0.04712340228203324,-0.04239014870052861
1790595292.926891,173553.620115625,1790595292.9284794,0.006095916032791138,-0.008893374353647232,0.017960071563720703,-0.08119944483041763,0.03844955936074257,0.9959558844566345,-0.06501853466033936,-0.1750241219997406,0.060933053493499756,0.01729519527007358,-0.997864391786914,0.04737715039353699,-0.041507764124425785
1790595292.936905,173553.63017362502,1790595292.9385376,-0.002483457326889038,-0.009388606995344162,0.0086442232131958,-0.07951707392930984,0.037800390273332596,0.9961167573928833,-0.07586692273616791,-0.15348048508167267,0.06952414661645889,0.016996350281484083,-0.9978887692197375,0.04771158857018669,-0.04065529150882459
1790595292.947021,173553.640231625,1790595292.9485955,-0.013635583221912384,-0.013014454394578934,-0.0025270581245422363,-0.07813052833080292,0.037016432732343674,0.9962554574012756,-0.09042110294103622,-0.11414879560470581,0.05590367317199707,0.016623938097839307,-0.9979077707577204,0.048039587704352994,-0.03994745049858612
1790595292.9587631,173553.65029062502,1790595292.9586546,-0.03148816525936127,-0.01687910407781601,-0.01266622543334961,-0.07729151099920273,0.036105088889598846,0.9963546395301819,-0.09852110594511032,-0.04703473672270775,0.028431037440896034,0.01617909680451651,-0.9979215262868361,0.04826960001895416,-0.03950883331939797
1790595292.967194,173553.660348625,1790595292.9687126,-0.03926953673362732,-0.016995232552289963,-0.025777578353881836,-0.07710903137922287,0.0351073294878006,0.9964046478271484,-0.09913282841444016,0.003863063408061862,-0.008718196302652359,0.015681712846325885,-0.9979305235491502,0.048342368992124206,-0.0393941313752857
1790595292.9769769,173553.67040662502,1790595292.9787705,-0.042248889803886414,-0.013322658836841583,-0.01750969886779785,-0.07730351388454437,0.034166086465120316,0.996422290802002,-0.08121401816606522,0.034033216536045074,-0.03928010165691376,0.0152106667872833,-0.9979401138506495,0.04823573729649309,-0.03946675226652769
1790595292.987013,173553.680464625,1790595292.9888284,-0.03592301905155182,-0.005761820822954178,-0.016751110553741455,-0.07773946970701218,0.033486947417259216,0.996411144733429,-0.042590465396642685,0.04687897488474846,-0.06100882962346077,0.014870332518158327,-0.9979490027880801,0.04799321717020222,-0.03966476109039658
1790595292.9968069,173553.69052262502,1790595292.9988866,-0.012879602611064911,0.005341768264770508,-0.018283605575561523,-0.07815410941839218,0.03323236107826233,0.9963873028755188,0.0030872770585119724,0.031092021614313126,-0.06823505461215973,0.014746039717332234,-0.9979584614375506,0.04767132770061252,-0.03986139608333458
1790595293.006651,173553.70058162502,1790595293.0089455,0.009867861866950989,0.01285022497177124,-0.018056154251098633,-0.07844065874814987,0.033429600298404694,0.9963584542274475,0.043763067573308945,0.02263035997748375,-0.06054570898413658,0.014851075243577368,-0.9979668948967975,0.04734236834344857,-0.040004748439427876
1790595293.0168908,173553.710639625,1790595293.0190036,0.016003072261810303,0.013196155428886414,-0.015000224113464355,-0.07865544408559799,0.03395342081785202,0.9963236451148987,0.06558048725128174,0.01710669882595539,-0.04445728659629822,0.015118964971826411,-0.9979711314726811,0.04706839535426476,-0.040120746573567886
1790595293.026806,173553.72069762502,1790595293.0290616,0.005830042064189911,0.004613276571035385,-0.0028281807899475098,-0.07888888567686081,0.03461697697639465,0.9962821006774902,0.0701131820678711,0.030192673206329346,-0.02399967983365059,0.015452571005281015,-0.9979692009970225,0.04688853100634445,-0.0402507308394758
1790595293.036847,173553.730755625,1790595293.0391195,-0.007664643228054047,-0.001865137368440628,-0.0022219419479370117,-0.07932551205158234,0.03525128588080406,0.9962255954742432,0.05834706872701645,0.05631961300969124,-0.012074577622115612,0.01576341093104269,-0.9979594329330927,0.046794903978318564,-0.040483011716490866
1790595293.046565,173553.74081362502,1790595293.0491776,-0.01393108069896698,-0.005524788051843643,-0.0015829801559448242,-0.08003231137990952,0.03575236350297928,0.9961508512496948,0.044060010462999344,0.08315202593803406,-0.012513200752437115,0.016000271220694806,-0.9979437682661966,0.046729765095329515,-0.04084783899611276
1790595293.0588381,173553.750871625,1790595293.0592356,-0.01487027108669281,-0.005667425692081451,-0.0022713541984558105,-0.08098521083593369,0.03610861673951149,0.9960610270500183,0.030154315754771233,0.10729943960905075,-0.02329394221305847,0.01615994309258224,-0.9979252751031712,0.04664394896447402,-0.041332121095734746
1790595293.066854,173553.76093062502,1790595293.0692945,-0.0032090023159980774,-0.006860591471195221,-0.010190427303314209,-0.08220945298671722,0.03629469498991966,0.9959537386894226,0.011256523430347443,0.1366426795721054,-0.039618056267499924,0.016230951594321544,-0.9979052830840455,0.046496348797532894,-0.04194727439784096
1790595293.077145,173553.770988625,1790595293.0793526,0.005114220082759857,-0.007923681288957596,-0.01408088207244873,-0.08369673788547516,0.036259159445762634,0.9958311915397644,-0.008787758648395538,0.15443073213100433,-0.06591597199440002,0.016189812494320516,-0.99788636472401,0.04624298612749495,-0.042687258083688055
1790595293.086837,173553.78104662502,1790595293.0894105,0.005315229296684265,-0.011758185923099518,-0.006595253944396973,-0.08534738421440125,0.03600432723760605,0.9957008361816406,-0.026816826313734055,0.1707732230424881,-0.09849601984024048,0.016041899933347172,-0.9978719996446396,0.045846453451818,-0.043501728430489196
1790595293.09687,173553.791104625,1790595293.0994685,-0.00040584057569503784,-0.01347929984331131,-0.00106889009475708,-0.08714884519577026,0.03555867075920105,0.995560348033905,-0.039570439606904984,0.17864233255386353,-0.13543671369552612,0.015803186046767774,-0.997862475560043,0.045284047293523,-0.04438493032542124
1790595293.106223,173553.80116262502,1790595293.1095266,-0.008593596518039703,-0.005863752216100693,0.00901031494140625,-0.08898615837097168,0.03508425131440163,0.9954150319099426,-0.0282400194555521,0.17843566834926605,-0.1704343855381012,0.015558746415365558,-0.9978597804968886,0.04453510405362844,-0.04528290520676885
1790595293.116218,173553.811220625,1790595293.1195846,-0.012448884546756744,0.006815578788518906,0.00888371467590332,-0.09092919528484344,0.03473402187228203,0.9952515959739685,-0.009103076532483101,0.19677020609378815,-0.18798434734344482,0.01538200103065894,-0.9978581416205083,0.04364563411104904,-0.04623498464727057
1790595293.128289,173553.821279625,1790595293.1296434,-0.006682991981506348,0.01633727177977562,0.009752750396728516,-0.09297194331884384,0.034550707787275314,0.9950692057609558,0.006843399256467819,0.19508521258831024,-0.16747641563415527,0.015287874417643484,-0.997850515499528,0.042766367528649395,-0.04724132275426911
1790595293.136239,173553.83133762502,1790595293.1397016,0.017460830509662628,0.024254288524389267,0.027675926685333252,-0.09483791887760162,0.03458351269364357,0.9948917627334595,0.024883385747671127,0.166953444480896,-0.11446966230869293,0.015298800842875108,-0.9978359302996671,0.04206355089285194,-0.04816671872824813
1790595293.14622,173553.841395625,1790595293.1497595,0.03940153867006302,0.02267942577600479,0.0425877571105957,-0.09637761116027832,0.03483085706830025,0.9947351217269897,0.04275265708565712,0.1346944272518158,-0.050722360610961914,0.015410773917507435,-0.9978139518582978,0.04165181675388809,-0.048937674108517015
1790595293.156291,173553.85145362501,1790595293.1598175,0.039271458983421326,0.022425856441259384,0.049034178256988525,-0.09752926230430603,0.035313308238983154,0.9946057796478271,0.058891411870718,0.09154455363750458,0.005312412511557341,0.015634196686214824,-0.9977863278947996,0.04153704583803323,-0.049523657449374085
1790595293.1666,173553.861511625,1790595293.1698756,0.039753712713718414,0.021966710686683655,0.05247819423675537,-0.0981641337275505,0.03600134328007698,0.9945189952850342,0.07339338958263397,0.039654187858104706,0.04659567028284073,0.0159592598120867,-0.9977594119742595,0.04166114962125326,-0.04985866036128742
1790595293.176985,173553.87156962501,1790595293.1799335,0.036794982850551605,0.015240713953971863,0.05100250244140625,-0.09837924689054489,0.03679167851805687,0.9944688677787781,0.07081678509712219,0.008821976371109486,0.06990178674459457,0.016335942427833084,-0.997734835693502,0.04194798212503385,-0.04998811631444732
1790595293.1879191,173553.881628625,1790595293.1899924,0.0266646146774292,0.005759932100772858,0.0454251766204834,-0.09833492338657379,0.03751390799880028,0.9944460988044739,0.05814626067876816,-0.011152530089020729,0.06901229172945023,0.016681506384816247,-0.9977150177128861,0.04228227025824107,-0.04998701362448462
1790595293.1969678,173553.89168662502,1790595293.2000506,0.015069961547851562,-0.003059171140193939,0.039795875549316406,-0.09815382957458496,0.038016967475414276,0.994444727897644,0.02896733582019806,-0.019127367064356804,0.034536074846982956,0.016924519624507556,-0.9977040700517753,0.04253185672529073,-0.049911338582111706
1790595293.2069929,173553.901744625,1790595293.2101085,-0.0034197941422462463,-0.013388969004154205,0.043747782707214355,-0.09794413298368454,0.03815390169620514,0.9944605231285095,-0.0027101654559373856,-0.019513258710503578,-0.014971021562814713,0.016994931937909876,-0.9977058807640697,0.042581960889837005,-0.04981001577708511
1790595293.216906,173553.91180262502,1790595293.2201664,-0.024219989776611328,-0.018974579870700836,0.04468566179275513,-0.09778905659914017,0.03794116899371147,0.9944837093353271,-0.030445389449596405,-0.013269211165606976,-0.07350677251815796,0.01690250937383371,-0.9977208989854957,0.042365851944476035,-0.04972394347212914
1790595293.312137,173553.921860625,1790595293.2302246,-0.03214199095964432,-0.013121645897626877,0.043543338775634766,-0.09767957776784897,0.03747458755970001,0.9945122003555298,-0.04030947387218475,-0.018902063369750977,-0.12139280140399933,0.016695645004151168,-0.9977486607749415,0.041877267033564064,-0.049650738401174725
1790595293.31235,173553.931919625,1790595293.2402835,-0.02006484568119049,-0.0017018578946590424,0.039586782455444336,-0.09753440320491791,0.03691905736923218,0.9945471286773682,-0.04309860244393349,-0.017267415300011635,-0.14408107101917267,0.01645346904488536,-0.9977849154252729,0.04121681780562238,-0.049555129276911414
1790595293.312475,173553.941977625,1790595293.2503417,-0.008025310933589935,0.008952107280492783,0.023204505443572998,-0.09748898446559906,0.036366406828165054,0.9945720434188843,-0.03852861747145653,-0.002109767170622945,-0.14037981629371643,0.016213054092322546,-0.9978202012334717,0.04050747500553607,-0.04950916034665924
1790595293.312602,173553.952035625,1790595293.2603996,0.00268680602312088,0.015383053570985794,0.007935762405395508,-0.09756574779748917,0.03588639199733734,0.9945821166038513,-0.03163156285881996,0.008466711267828941,-0.11978691816329956,0.01600347678101676,-0.997848821818882,0.03985974782656614,-0.04952731131189664
1790595293.312723,173553.962093625,1790595293.2704575,0.017804548144340515,0.021223414689302444,-0.0029355287551879883,-0.09777563065290451,0.03553919494152069,0.9945737719535828,-0.01903481036424637,0.027966110035777092,-0.09064953774213791,0.015851401314120002,-0.9978673007559208,0.03934120455139557,-0.049617249053044696
1790595293.3128371,173553.972151625,1790595293.2805154,0.027184367179870605,0.021664448082447052,-0.020342230796813965,-0.09819856286048889,0.03532704338431358,0.9945397973060608,-0.007846337743103504,0.05081762745976448,-0.06443817168474197,0.015756011845220047,-0.9978736929943876,0.03896122720596295,-0.0498190847496787
1790595293.312948,173553.982209625,1790595293.2905736,0.02545669674873352,0.01662949100136757,-0.02780747413635254,-0.0988054871559143,0.035250309854745865,0.9944824576377869,0.00413575628772378,0.06858491152524948,-0.047782763838768005,0.01571970377354226,-0.9978699733289617,0.03868766317027124,-0.050117655819277816
1790595293.313057,173553.992268625,1790595293.3006325,0.009877771139144897,0.007545262575149536,-0.019812703132629395,-0.09953820705413818,0.035316597670316696,0.9944069981575012,0.01911337487399578,0.07091517746448517,-0.04895961657166481,0.015750621804185364,-0.9978600129088422,0.038456296970935784,-0.050482846890200356
1790595293.313169,173554.00232662502,1790595293.3106906,-0.01487915962934494,0.0023003853857517242,0.002892434597015381,-0.10020238906145096,0.03558710590004921,0.9943304061889648,0.04847951978445053,0.056633174419403076,-0.06249086931347847,0.015887734589219032,-0.9978516119807865,0.038175317822790475,-0.050816889921502816
1790595293.3194082,173554.012380625,1790595293.3207445,-0.03051268309354782,0.004366818815469742,0.012744605541229248,-0.10069741308689117,0.036175694316625595,0.9942591786384583,0.08270753175020218,0.04016897827386856,-0.08035269379615784,0.01619205023801655,-0.997847939125958,0.03780332615639508,-0.05107072859447542
1790595293.329762,173554.02243862502,1790595293.3308024,-0.03537961095571518,0.01282070204615593,0.011494636535644531,-0.10114053636789322,0.037060193717479706,0.9941816329956055,0.11151254922151566,0.04297355189919472,-0.0907997414469719,0.0166501118919206,-0.9978457896245143,0.03734417058993418,-0.05130256934404578
1790595293.33916,173554.032496625,1790595293.3408606,-0.030667901039123535,0.019295774400234222,0.005176365375518799,-0.10161031037569046,0.038183994591236115,0.9940911531448364,0.12805956602096558,0.04431765154004097,-0.08233354985713959,0.017227738573155613,-0.9978402250320414,0.03688448462610748,-0.05155193046857444
1790595293.349874,173554.04255462502,1790595293.3509185,-0.015391834080219269,0.016041666269302368,1.6748905181884766e-05,-0.10217690467834473,0.03937816992402077,0.9939866065979004,0.12490558624267578,0.06890768557786942,-0.06723342835903168,0.0178361633237596,-0.9978288276406112,0.036481838309424516,-0.05185172765303222
1790595293.359244,173554.052613625,1790595293.3609776,-0.011860087513923645,0.01122572273015976,-0.013569414615631104,-0.10316042602062225,0.04050148278474808,0.9938396215438843,0.11263533681631088,0.12284389138221741,-0.05525852367281914,0.01839820428003927,-0.9978040103729695,0.03615216092432133,-0.052360330981295576
1790595293.369144,173554.062671625,1790595293.3710356,-0.018715418875217438,0.009742997586727142,-0.02027106285095215,-0.10463643074035645,0.04149594530463219,0.9936447739601135,0.09716423600912094,0.1648310124874115,-0.053381260484457016,0.018884983565898822,-0.9977653860175999,0.03586962626120458,-0.0531143037716554
1790595293.379151,173554.072729625,1790595293.3810935,-0.02231014519929886,0.0052713677287101746,-0.0039817094802856445,-0.10639750212430954,0.04232070967555046,0.9934225678443909,0.07872503995895386,0.18218284845352173,-0.05465584993362427,0.019282004744968526,-0.9977196053579869,0.03559310718171289,-0.05400821908570631
1790595293.389023,173554.082787625,1790595293.3911514,-0.022776007652282715,-0.002108529210090637,0.011307239532470703,-0.10826623439788818,0.04294096305966377,0.993194043636322,0.05880619212985039,0.18391470611095428,-0.06017046049237251,0.019575841087580436,-0.9976725119597696,0.035307129723797244,-0.05495218384234786
1790595293.399507,173554.092845625,1790595293.4012096,-0.022998206317424774,-0.007166575640439987,0.02375692129135132,-0.11001241952180862,0.04340611398220062,0.992982029914856,0.05053787678480148,0.15863411128520966,-0.07136798650026321,0.019797353743336413,-0.9976311230170481,0.034973499042911194,-0.05583085000850483
1790595293.409173,173554.102904625,1790595293.4112685,-0.02294832468032837,-0.00936168059706688,0.026101112365722656,-0.11143562197685242,0.04383121058344841,0.9928046464920044,0.0526345819234848,0.11650875955820084,-0.07923336327075958,0.020007458038752264,-0.9975998976755027,0.03459444943611582,-0.056545672758261355
1790595293.419209,173554.11296262502,1790595293.4213266,-0.01227504014968872,-0.008335791528224945,0.026073336601257324,-0.11235851794481277,0.04430067539215088,0.9926797151565552,0.05847382918000221,0.05880711227655411,-0.0783286914229393,0.020249910625663014,-0.9975823955720495,0.034193988298899414,-0.05700951165344523
1790595293.429657,173554.123020625,1790595293.4313846,0.000496983528137207,-0.007204920053482056,0.026940643787384033,-0.11266408115625381,0.044832993298769,0.9926208853721619,0.06563933193683624,-0.0023550442419946194,-0.0735832005739212,0.02053442195646797,-0.9975813218843321,0.03379284341525484,-0.05716421846784599
1790595293.441482,173554.13307862502,1790595293.4414425,0.014266856014728546,-0.005653034895658493,0.018887042999267578,-0.11245693266391754,0.04541735723614693,0.9926180839538574,0.06679168343544006,-0.04162601754069328,-0.0709562599658966,0.0208523786951425,-0.9975935046382838,0.033410406359530374,-0.05706247374453057
1790595293.449192,173554.143136625,1790595293.4515007,0.010028183460235596,-0.0030991509556770325,0.009890198707580566,-0.11201769858598709,0.045961011201143265,0.9926428198814392,0.05863441899418831,-0.050789423286914825,-0.07853162288665771,0.021154132059475386,-0.9976127405003881,0.03301853903055447,-0.05684302814791171
1790595293.459726,173554.15319462502,1790595293.4615586,-0.01317867636680603,-0.0021186992526054382,0.005925953388214111,-0.11159218847751617,0.04639960825443268,0.9926699995994568,0.04780174419283867,-0.039656344801187515,-0.09174516052007675,0.021405821129831602,-0.9976341455456973,0.032574821081869494,-0.056627357493998956
1790595293.469216,173554.163253625,1790595293.4716175,-0.03941446542739868,0.0015903599560260773,0.005583286285400391,-0.1114031970500946,0.046703632920980453,0.9926773309707642,0.03747880086302757,-0.004930054768919945,-0.1077323853969574,0.021590643602081037,-0.9976528803413803,0.03205317693723407,-0.056526321431709846
1790595293.47925,173554.173311625,1790595293.4816756,-0.05033544450998306,0.006608903408050537,-0.0015096664428710938,-0.11160583794116974,0.0469188392162323,0.9926442503929138,0.03155140206217766,0.03437687084078789,-0.11670909821987152,0.02172813771884541,-0.9976630040140005,0.031474536366343134,-0.05661912213726665
1790595293.4895759,173554.183369625,1790595293.4917336,-0.04497888684272766,0.011905375868082047,-0.0061702728271484375,-0.11214063316583633,0.04711553826928139,0.9925748109817505,0.034421756863594055,0.059277959167957306,-0.11144722998142242,0.02185176557425701,-0.997663833762077,0.030891494749967892,-0.056878228446839756
1790595293.498658,173554.19342762502,1790595293.5017915,-0.03286602348089218,0.0184418223798275,-0.008519649505615234,-0.11283990740776062,0.047384507954120636,0.992482602596283,0.042489003390073776,0.06852073222398758,-0.09174250066280365,0.02200609142576284,-0.9976568025934702,0.03036799490791505,-0.05722231854212446
1790595293.509409,173554.203485625,1790595293.5118496,-0.02105112373828888,0.02542315050959587,-0.008485972881317139,-0.11350061744451523,0.04778842255473137,0.9923877120018005,0.057112954556941986,0.05496789887547493,-0.06357903778553009,0.022222108565391026,-0.9976452579553197,0.029963161859539785,-0.057551671740616366
1790595293.5200782,173554.213544625,1790595293.5219085,-0.011653870344161987,0.029214881360530853,-0.005568146705627441,-0.1139410138130188,0.04839124530553818,0.9923085570335388,0.07323653250932693,0.027818569913506508,-0.02788442187011242,0.022532080984927906,-0.997632819703767,0.02971569925891005,-0.05777683247816842
1790595293.5295591,173554.22360262502,1790595293.5319664,0.005745932459831238,0.03003612533211708,-0.008356630802154541,-0.11405257880687714,0.049141645431518555,0.9922586679458618,0.07527384907007217,-0.005311685614287853,0.020079640671610832,0.022908783765981062,-0.9976215225483315,0.02967527375236997,-0.05784369455999686
1790595293.539179,173554.233660625,1790595293.5420246,0.0188140869140625,0.022507768124341965,-0.01062709093093872,-0.1138913705945015,0.04987984150648117,0.9922402501106262,0.05940726771950722,-0.020089300349354744,0.06463592499494553,0.02326998441704969,-0.9976112748758447,0.029864364392891224,-0.057778646832581874
1790595293.549321,173554.24371862502,1790595293.5520825,0.015154317021369934,0.00654163584113121,-0.01024937629699707,-0.11363430321216583,0.050388820469379425,0.9922440052032471,0.02211102843284607,-0.01897716335952282,0.10182110965251923,0.02350509073283,-0.997599899846541,0.03027259941066796,-0.05766711906802159
1790595293.559364,173554.253776625,1790595293.5621405,-0.0012864470481872559,-0.006876971572637558,-0.0018351078033447266,-0.11338314414024353,0.05048651993274689,0.9922679662704468,-0.028467193245887756,-0.020164933055639267,0.12252611666917801,0.023524902365584393,-0.9975885022355548,0.030841103146878053,-0.05755590103794793
1790595293.569331,173554.26383462502,1790595293.5721986,-0.011803314089775085,-0.01479923352599144,0.014456033706665039,-0.1130896657705307,0.05013851448893547,0.9923190474510193,-0.07040932029485703,-0.025768490508198738,0.12276580184698105,0.023318289796824848,-0.9975814223160318,0.03147749517720677,-0.05741770249279204
1790595293.5791,173554.273893625,1790595293.5822575,-0.01467227190732956,-0.01912757009267807,0.019092440605163574,-0.11273839324712753,0.0493704117834568,0.9923975467681885,-0.10801848024129868,-0.034727632999420166,0.1012546494603157,0.022905034029114996,-0.9975823402906541,0.03206641748091866,-0.057242069812603026
1790595293.589366,173554.28395162502,1790595293.5923154,-0.018012993037700653,-0.01893116533756256,0.01916980743408203,-0.11228160560131073,0.04827374592423439,0.9925035238265991,-0.12975360453128815,-0.05014467239379883,0.06397785246372223,0.022336997442708412,-0.9975943078330521,0.03251705488694551,-0.05700427229275708
1790595293.599394,173554.294009625,1790595293.6023736,-0.014581359922885895,-0.014700151979923248,0.01732790470123291,-0.1116696372628212,0.046941887587308884,0.9926361441612244,-0.14630381762981415,-0.06939506530761719,0.025259489193558693,0.02166487068359051,-0.9976191220532649,0.0327745403968869,-0.05667982181547671
1790595293.609393,173554.30406762502,1790595293.6124315,-0.017588719725608826,-0.014036707580089569,0.021970629692077637,-0.11084425449371338,0.045408688485622406,0.9927997589111328,-0.162453755736351,-0.09163644909858704,-0.0024014338850975037,0.0209050853821578,-0.9976572137847267,0.032862838620938556,-0.056240889778157444
1790595293.6193972,173554.314125625,1790595293.6224895,-0.019917480647563934,-0.012147508561611176,0.023462951183319092,-0.10985826700925827,0.043702591210603714,0.9929858446121216,-0.17479458451271057,-0.10565320402383804,-0.019613975659012794,0.020067499649886907,-0.9977045132543239,0.03284258781460998,-0.05571609686505847
1790595293.631115,173554.32418362502,1790595293.6325476,-0.006888307631015778,-0.007727410644292831,0.014214634895324707,-0.10875783115625381,0.041876498609781265,0.9931859374046326,-0.18574735522270203,-0.11505762487649918,-0.021832123398780823,0.019174524963004112,-0.9977569769008178,0.03277167872162352,-0.05513095853663517
1790595293.6419,173554.33424262502,1790595293.6426065,0.0029833242297172546,-0.003924567252397537,0.0036842823028564453,-0.10764314234256744,0.03996574878692627,0.9933862090110779,-0.19184653460979462,-0.10968443006277084,-0.016914330422878265,0.018238718474189043,-0.9978090676607827,0.032713425174244415,-0.0545377119880616
1790595293.651443,173554.344300625,1790595293.6526644,0.006553478538990021,-0.0011613182723522186,-0.002321600914001465,-0.10655935853719711,0.03804172948002815,0.9935783743858337,-0.18913543224334717,-0.10612724721431732,-0.0037090457044541836,0.017293084103969267,-0.9978574688750591,0.03270577285711551,-0.053960875637862865
1790595293.6592698,173554.35435862502,1790595293.6627226,1.080334186553955e-05,0.0015552639961242676,-0.004553377628326416,-0.10560139268636703,0.036179639399051666,0.9937501549720764,-0.18335983157157898,-0.08498281240463257,0.006401379127055407,0.016373624555441783,-0.9978989701613952,0.032752486291266106,-0.05344927178997333
1790595293.669638,173554.364416625,1790595293.6727805,-0.011027805507183075,0.004013564437627792,-0.0038164854049682617,-0.10478617250919342,0.03443849831819534,0.9938983917236328,-0.16738858819007874,-0.07698214054107666,0.012925856746733189,0.015510225279979965,-0.9979331216241031,0.032843119686754754,-0.05301206123713372
1790595293.685202,173554.37447462502,1790595293.6828384,-0.010459840297698975,0.007446598261594772,-0.002309441566467285,-0.10408765822649002,0.03289755806326866,0.9940239787101746,-0.14544254541397095,-0.06114645674824715,0.01632804609835148,0.014744050529039276,-0.9979608127085342,0.032957632559265745,-0.05263709578011885
1790595293.689464,173554.384533625,1790595293.6928976,-0.0035011768341064453,0.007579553872346878,-0.007037758827209473,-0.10349325090646744,0.031574420630931854,0.9941291809082031,-0.12193962186574936,-0.057761844247579575,0.013701635412871838,0.014085660360560425,-0.9979835823878642,0.033066182718237205,-0.05231787849990773
1790595293.701489,173554.39459162502,1790595293.7029555,-0.00016359984874725342,0.001045534387230873,-0.0053136348724365234,-0.10293982177972794,0.03047904744744301,0.9942206740379333,-0.09948810935020447,-0.050063446164131165,0.004199477378278971,0.013542685585454189,-0.9980041458160351,0.033136947874320206,-0.05202250428948198
1790595293.712342,173554.404649625,1790595293.7130136,-0.006719022989273071,-0.006179137155413628,-0.0002956390380859375,-0.10244213044643402,0.02958603762090206,0.9942989945411682,-0.07694365084171295,-0.050360921770334244,-0.011382412165403366,0.013103660869569787,-0.9980236663338364,0.033140153368903115,-0.05175761154575557
1790595293.721477,173554.41470762502,1790595293.7230716,-0.01981252431869507,-0.007289525121450424,0.010698437690734863,-0.10196766257286072,0.028911154717206955,0.9943677186965942,-0.05195467546582222,-0.04515950009226799,-0.03602171316742897,0.012778833737346187,-0.9980442334523035,0.03303907669208923,-0.051506768415235764
1790595293.731497,173554.424765625,1790595293.7331295,-0.030208058655261993,-0.007395947352051735,0.01299595832824707,-0.10158189386129379,0.028468262404203415,0.9944201707839966,-0.02784081920981407,-0.03397076204419136,-0.0627308189868927,0.012575807443902777,-0.9980652967710918,0.03279856708215177,-0.05130267065869065
1790595293.741316,173554.43482362502,1790595293.7431874,-0.029456377029418945,-0.0033098645508289337,0.012461543083190918,-0.10134176164865494,0.028242655098438263,0.9944509863853455,-0.00166514131706208,-0.018996872007846832,-0.08907534182071686,0.012486142972607419,-0.998085355022287,0.03242079549482396,-0.0511736700465033
1790595293.834126,173554.44488262502,1790595293.7532465,-0.021587319672107697,0.0006523504853248596,0.006273627281188965,-0.1012609675526619,0.028247714042663574,0.9944589138031006,0.020623652264475822,4.153430927544832e-05,-0.10604527592658997,0.012515001647394284,-0.9981030967882595,0.031932082690887806,-0.05112709658469868
1790595293.83429,173554.454940625,1790595293.7633045,-0.018648885190486908,0.002049846574664116,0.002663850784301758,-0.10142231732606888,0.028437143191695213,0.9944372773170471,0.041583795100450516,0.023646995425224304,-0.11903750151395798,0.012636844196534193,-0.9981159526653492,0.03135575044446787,-0.05120386812082521
1790595293.834412,173554.46499862502,1790595293.7733626,-0.01700431853532791,0.003607882186770439,0.0018540620803833008,-0.10173936188220978,0.028862742707133293,0.994392454624176,0.06720127165317535,0.03192782774567604,-0.12683017551898956,0.012877572178518263,-0.9981244195636141,0.030722390956603375,-0.051361644459365495
1790595293.83453,173554.475056625,1790595293.7834206,-0.009617745876312256,0.00798562541604042,0.010698080062866211,-0.10209164768457413,0.02950514853000641,0.9943376779556274,0.0880463719367981,0.03006894141435623,-0.12633801996707916,0.013227712963577888,-0.9981306898839265,0.03006581940170061,-0.0515398688779009
1790595293.834645,173554.48511462501,1790595293.7934785,-0.0020605474710464478,0.012396903708577156,0.014100313186645508,-0.10243141651153564,0.030358145013451576,0.9942768216133118,0.10553428530693054,0.03143301233649254,-0.11837011575698853,0.013683027888909629,-0.9981346307169797,0.029422330850639174,-0.051714761880347446
1790595293.834759,173554.495173625,1790595293.8035376,0.0003930628299713135,0.011149346828460693,0.010689973831176758,-0.1027945801615715,0.03136156126856804,0.9942082762718201,0.1185491532087326,0.033456213772296906,-0.1112525537610054,0.0142118386132699,-0.9981352685150736,0.028811971451639468,-0.0519035475356404
1790595293.834869,173554.50523162502,1790595293.8135955,-0.0014218240976333618,0.011247865855693817,0.013202786445617676,-0.10313118994235992,0.03249901160597801,0.9941369891166687,0.12990087270736694,0.02819620631635189,-0.09800519049167633,0.014805570075443036,-0.9981333178750925,0.0282553918069522,-0.05208115292622868
1790595293.834982,173554.515289625,1790595293.8236535,0.0001435503363609314,0.011338256299495697,0.012010157108306885,-0.10344532132148743,0.03373612090945244,0.9940628409385681,0.13698914647102356,0.030587458983063698,-0.07905653119087219,0.015445784279386003,-0.9981282492573381,0.027774213376945567,-0.05224945186109489
1790595293.835094,173554.52534762502,1790595293.8337116,0.0060217007994651794,0.01226808875799179,0.00698244571685791,-0.10381503403186798,0.03504933789372444,0.9939787983894348,0.13916493952274323,0.03739050403237343,-0.05852462351322174,0.016118236130682435,-0.9981177080303761,0.027394320255067498,-0.05244778854776183
1790595293.841595,173554.535405625,1790595293.8437696,0.010995231568813324,0.008723974227905273,0.0035620927810668945,-0.10422618687152863,0.03633514791727066,0.993889570236206,0.12752081453800201,0.04177992418408394,-0.03583848848938942,0.016770866482474812,-0.9981027533609335,0.027123286971264798,-0.05266789723279529
1790595293.8516421,173554.54546362502,1790595293.8538275,0.01085256040096283,0.0025721564888954163,0.009510040283203125,-0.10466338694095612,0.037482086569070816,0.9938012957572937,0.10552016645669937,0.043378885835409164,-0.016116447746753693,0.017347669186005485,-0.9980848640906241,0.02696739252836018,-0.052900826156547176
1790595293.862369,173554.555522625,1790595293.8638866,0.0015698373317718506,-0.004411492496728897,0.02158379554748535,-0.10510050505399704,0.03837748244404793,0.9937208890914917,0.07389060407876968,0.043313637375831604,-0.0019564195536077023,0.017793907466941282,-0.998066551311426,0.026899939685633194,-0.053131636047974995
1790595293.8714418,173554.565580625,1790595293.8739445,-0.008037485182285309,-0.009616069495677948,0.03357648849487305,-0.10545715689659119,0.03895864263176918,0.993660569190979,0.042787544429302216,0.02590855211019516,0.007186744827777147,0.018080463576921526,-0.9980515331353174,0.02689647325885258,-0.05331877003249797
1790595293.881417,173554.575638625,1790595293.8840024,-0.011721797287464142,-0.012063123285770416,0.03946197032928467,-0.10558752715587616,0.03926945850253105,0.9936342239379883,0.016240090131759644,0.000492673774715513,0.015689153224229813,0.018231586911792472,-0.9980435163767659,0.026949309018203915,-0.05338954775295192
1790595293.890972,173554.585696625,1790595293.8940606,-0.008596308529376984,-0.013274826109409332,0.03580296039581299,-0.10544763505458832,0.039336759597063065,0.9936464428901672,-0.006610897835344076,-0.027478506788611412,0.026233673095703125,0.018261637922444323,-0.9980437919337779,0.02705189697594425,-0.05332213986231128
1790595293.9014459,173554.595754625,1790595293.9041185,0.0007102042436599731,-0.011714648455381393,0.028747200965881348,-0.10500382632017136,0.03921091929078102,0.9936987161636353,-0.024427711963653564,-0.059038832783699036,0.034113164991140366,0.01819633278015155,-0.9980527467644307,0.027204337807178226,-0.05310033097862174
1790595293.9116879,173554.605813625,1790595293.9141777,0.0031182244420051575,-0.01243549957871437,0.022847533226013184,-0.10429902374744415,0.0389094240963459,0.9937845468521118,-0.042779289186000824,-0.07693420350551605,0.0354122556746006,0.018045350408582284,-0.9980694271651467,0.027380547755192712,-0.052745434053202755
1790595293.92168,173554.61587162502,1790595293.9242356,-0.008622661232948303,-0.014030873775482178,0.01929306983947754,-0.10345292836427689,0.03846012055873871,0.993890643119812,-0.05254723131656647,-0.09091153740882874,0.03305642306804657,0.01782234635392179,-0.9980911376028101,0.027557432821459647,-0.05231747070484405
1790595293.9317389,173554.625929625,1790595293.9342935,-0.019447237253189087,-0.01360282301902771,0.019724369049072266,-0.10250076651573181,0.037955768406391144,0.994008481502533,-0.05561652407050133,-0.09607168287038803,0.030322158709168434,0.017573938028122134,-0.998116048132877,0.027723499599606224,-0.05183524820788582
1790595293.9417229,173554.63598762502,1790595293.9443514,-0.022725969552993774,-0.014300961047410965,0.016598939895629883,-0.10154137760400772,0.0374026857316494,0.9941281080245972,-0.05942537635564804,-0.09110195189714432,0.02385813370347023,0.017302709330834574,-0.9981420857260667,0.027864271842831134,-0.051348218021908074
1790595293.951902,173554.646045625,1790595293.9544096,-0.026835739612579346,-0.014723557978868484,0.011042892932891846,-0.10068171471357346,0.03683345764875412,0.9942364692687988,-0.06009808927774429,-0.07792623341083527,0.017259620130062103,0.01702354739817909,-0.9981660422982064,0.027978529325316574,-0.05091051976561811
1790595293.961837,173554.65610362502,1790595293.9644675,-0.03225390613079071,-0.014959651976823807,0.006280660629272461,-0.09996329993009567,0.03627610579133034,0.9943299889564514,-0.053905975073575974,-0.06548793613910675,0.011878435499966145,0.01675043637783222,-0.9981873158956397,0.028054822678705744,-0.05054319894622448
1790595293.9735749,173554.666162625,1790595293.9745266,-0.03313224017620087,-0.014484524726867676,0.008519291877746582,-0.09932909905910492,0.03580097854137421,0.9944105744361877,-0.04469196870923042,-0.06043592467904091,0.010315426625311375,0.01651817537538886,-0.9982057870086186,0.02811584406109503,-0.050219073957213034
1790595293.981764,173554.676220625,1790595293.9845846,-0.023926496505737305,-0.01328718289732933,0.013021230697631836,-0.09870819002389908,0.03541235625743866,0.9944864511489868,-0.03348219394683838,-0.06427087634801865,0.012448884546756744,0.01632924627718061,-0.9982231570156221,0.028173686933906265,-0.04990281890408751
1790595293.9937851,173554.686278625,1790595293.9946425,-0.013819843530654907,-0.012492295354604721,0.01271367073059082,-0.0980115756392479,0.035136252641677856,0.9945645928382874,-0.023711586371064186,-0.07531526684761047,0.015388482250273228,0.01619711589461413,-0.9982407371960015,0.02824406162091814,-0.04955043197039366
1790595294.0017211,173554.696336625,1790595294.0047004,-0.004499673843383789,-0.009865444153547287,0.008249640464782715,-0.09721517562866211,0.03495080769062042,0.9946494698524475,-0.01820283941924572,-0.07932092994451523,0.017019135877490044,0.016111287649574712,-0.9982596980688253,0.02832490391876494,-0.049149473336257694
1790595294.013799,173554.706394625,1790595294.0147586,-0.009476184844970703,-0.016214314848184586,0.0006161928176879883,-0.09645009785890579,0.03478418290615082,0.9947299957275391,-0.01868114247918129,-0.07437890022993088,0.011741016060113907,0.01603496613808997,-0.998277828591112,0.028396551067632884,-0.04876436887230074
1790595294.021918,173554.716453625,1790595294.0248175,-0.01670718938112259,-0.01926106959581375,-0.005487561225891113,-0.0957193374633789,0.034611329436302185,0.9948065280914307,-0.017158346250653267,-0.0704755038022995,-0.00037743139546364546,0.015957072613920036,-0.9982961060663486,0.028427720213439638,-0.04839575498207133
1790595294.031949,173554.72651162502,1790595294.0348756,-0.01980920135974884,-0.01779574155807495,-0.005482971668243408,-0.09504345804452896,0.03441247716546059,0.9948779940605164,-0.0236724391579628,-0.06554999202489853,-0.013929725624620914,0.01586881845664412,-0.9983151330071544,0.028388463248905663,-0.04805318539747045
1790595294.0438259,173554.736569625,1790595294.0449336,-0.020695626735687256,-0.01918761059641838,-0.006249666213989258,-0.09446223825216293,0.03414114564657211,0.9949430823326111,-0.02728714793920517,-0.04997902363538742,-0.028694290667772293,0.015745888954302425,-0.9983342873604256,0.028287735177445164,-0.04775608395413997
1790595294.05257,173554.74662762502,1790595294.0549915,-0.017300285398960114,-0.018980760127305984,-0.009385228157043457,-0.09401237219572067,0.033827487379312515,0.9949964284896851,-0.026826420798897743,-0.043861474841833115,-0.04034961760044098,0.015603209784614071,-0.9983524480874186,0.02811766993448508,-0.047523207122648146
1790595294.0638258,173554.756685625,1790595294.0650496,-0.009306147694587708,-0.01224769651889801,-0.013076186180114746,-0.09364467114210129,0.033548884093761444,0.9950402975082397,-0.020028967410326004,-0.031153136864304543,-0.0542403981089592,0.015479898638945581,-0.9983699946052877,0.02788390244380988,-0.047331127209281856
1790595294.0738518,173554.76674362502,1790595294.0751076,-0.012189261615276337,-0.006898127496242523,-0.02170383930206299,-0.09349288791418076,0.03332627937197685,0.9950621724128723,-0.011568903923034668,-0.0024365370627492666,-0.07154162228107452,0.015385356113118915,-0.9983841523255497,0.027570947640305273,-0.047246977102520946
1790595294.083884,173554.776802625,1790595294.0851665,-0.016933158040046692,-0.003787953406572342,-0.022918343544006348,-0.09360131621360779,0.03320683166384697,0.9950562119483948,0.0029069737065583467,0.017941972240805626,-0.09328633546829224,0.015343689634390166,-0.9983939931413116,0.02715749342347126,-0.047293306712027715
1790595294.0940092,173554.786860625,1790595294.0952246,-0.02232798933982849,5.5730342864990234e-05,-0.015211880207061768,-0.09394374489784241,0.033177830278873444,0.9950244426727295,0.011567573994398117,0.04469182342290878,-0.10639841109514236,0.015348632691398812,-0.9983996575885556,0.02665252793651005,-0.047456900326730375
1790595294.103874,173554.796918625,1790595294.1052825,-0.02277533710002899,0.004261687397956848,-0.00859302282333374,-0.09453398734331131,0.03322907164692879,0.9949667453765869,0.018413761630654335,0.0660296082496643,-0.11205576360225677,0.015393060358495617,-0.9983998229535971,0.02609914288589137,-0.04774514166703963
1790595294.1130939,173554.806976625,1790595294.1153405,-0.023338355123996735,0.0042538829147815704,0.0009279251098632812,-0.09529852122068405,0.03331318497657776,0.9948914051055908,0.021347500383853912,0.07746069133281708,-0.10689375549554825,0.015452218950699136,-0.9983953383158521,0.025543198460315737,-0.04812117780316593
1790595294.123987,173554.817034625,1790595294.1253986,-0.01322975754737854,0.007793545722961426,0.009475290775299072,-0.09606871008872986,0.03345087915658951,0.9948124289512634,0.02626635879278183,0.06748609244823456,-0.0922572910785675,0.015536031823137017,-0.9983883201877409,0.025039340392691567,-0.04850153644617851
1790595294.135305,173554.827093625,1790595294.1354575,0.0008079931139945984,0.008329547941684723,0.01962655782699585,-0.096678726375103,0.03363204374909401,0.9947471618652344,0.025683658197522163,0.04884742200374603,-0.07216826826334,0.015639412167942433,-0.998382221059623,0.024627550870281564,-0.04880347613778908
1790595294.1445901,173554.83715162502,1790595294.1455154,0.008191749453544617,0.0077324844896793365,0.02286285161972046,-0.09710448235273361,0.0338018573820591,0.9947000741958618,0.021780529990792274,0.031070290133357048,-0.05713791772723198,0.015735148982536456,-0.9983783400157347,0.024305165639027376,-0.04901416969645208
1790595294.153265,173554.847209625,1790595294.1555736,0.009622074663639069,0.007064517587423325,0.02461409568786621,-0.09732937067747116,0.03395102918148041,0.9946730732917786,0.01865532249212265,0.012092504650354385,-0.048163287341594696,0.015820274009705322,-0.9983780230671345,0.02403884939009241,-0.0491246662495377
1790595294.163171,173554.85726762502,1790595294.1656315,0.0049868300557136536,0.008672423660755157,0.023879170417785645,-0.09742436558008194,0.03405211865901947,0.994660496711731,0.00956755131483078,0.007164058741182089,-0.04826448857784271,0.015881774431771054,-0.9983807097489014,0.023795183970543518,-0.04916971238532574
1790595294.1731598,173554.867325625,1790595294.1756895,-0.0071990638971328735,0.004537548869848251,0.018868625164031982,-0.09752174466848373,0.034051842987537384,0.9946504235267639,0.0012251995503902435,0.010023760609328747,-0.058326974511146545,0.015893405823876165,-0.9983843882283119,0.023533625520238806,-0.049214414895096203
1790595294.182966,173554.877384625,1790595294.1857486,-0.01381075382232666,0.005315754562616348,0.015677690505981445,-0.09768497198820114,0.033975549042224884,0.9946371912956238,-0.003117883577942848,0.019381843507289886,-0.06583922356367111,0.015868589232591962,-0.9983883044638328,0.02322478194059511,-0.04929047321504095
1790595294.193345,173554.887442625,1790595294.1958065,-0.013425640761852264,0.007028970867395401,0.010666847229003906,-0.09797853231430054,0.03384924679994583,0.9946126341819763,-0.008327026851475239,0.033622562885284424,-0.0684344694018364,0.015818689116658263,-0.998389914843333,0.022888593891028434,-0.04943092124466478
1790595294.2035148,173554.897500625,1790595294.2058644,-0.013112783432006836,0.005193743854761124,0.009421944618225098,-0.09841349720954895,0.033670324832201004,0.9945761561393738,-0.014149495400488377,0.04737086594104767,-0.06493214517831802,0.015740826538981862,-0.998388364966449,0.022555660071755492,-0.04964179942971684
1790595294.213281,173554.907558625,1790595294.2159226,-0.00587686151266098,0.00041143596172332764,0.011873126029968262,-0.0989050567150116,0.0334172286093235,0.9945359230041504,-0.024633293971419334,0.04627976939082146,-0.05439774692058563,0.015623409810642298,-0.9983848841419224,0.02226180364983426,-0.04988089619552072
1790595294.224632,173554.917616625,1790595294.2259805,-0.00034433603286743164,-0.0020914413034915924,0.019584596157073975,-0.09937161207199097,0.033112477511167526,0.9944993257522583,-0.026008551940321922,0.04339449852705002,-0.043275587260723114,0.015477557903223745,-0.9983809212429916,0.02202728785061575,-0.05010786468294737
1790595294.234831,173554.927674625,1790595294.2360384,-0.000613480806350708,-0.00038920342922210693,0.01890033483505249,-0.09978911280632019,0.03284456580877304,0.9944663047790527,-0.019213495776057243,0.03713154420256615,-0.03604989871382713,0.01534860959192208,-0.9983768522933556,0.021835739597103148,-0.0503113673067872
1790595294.244071,173554.937733625,1790595294.2460976,-0.004731304943561554,0.004308242350816727,0.020834684371948242,-0.10011162608861923,0.0326789915561676,0.9944394826889038,-0.005047876387834549,0.02566344104707241,-0.03809653967618942,0.015271366362427439,-0.9983740585432975,0.02165622902270168,-0.05046859041484639
1790595294.2540338,173554.94779162502,1790595294.2561555,-0.0038487017154693604,0.007617965340614319,0.020382404327392578,-0.10032284259796143,0.03266517445445061,0.9944189190864563,0.009876744821667671,0.015466462820768356,-0.03808721899986267,0.015272000659906004,-0.99837306700845,0.021463333032562287,-0.050571486865213885
1790595294.264232,173554.957849625,1790595294.2662137,-0.0021129995584487915,0.0068486519157886505,0.019332051277160645,-0.1004563495516777,0.03279361128807068,0.9944009184837341,0.02466953918337822,0.008556624874472618,-0.039320528507232666,0.015344887274802953,-0.9983727627630012,0.02126684242260968,-0.05063691123377057
1790595294.360107,173554.96790762502,1790595294.2762716,0.00018734484910964966,0.006560467183589935,0.018552422523498535,-0.10051368921995163,0.03303602337837219,0.9943874478340149,0.032828133553266525,0.001550381421111524,-0.038478702306747437,0.015476036810269139,-0.9983737150168509,0.021062663605073483,-0.050665207482599894
1790595294.360349,173554.977965625,1790595294.2863295,0.005440734326839447,0.011130556464195251,0.017131507396697998,-0.10053326934576035,0.03337925300002098,0.9943735599517822,0.04405388981103897,0.00071734469383955,-0.03851944953203201,0.015658236854846054,-0.9983746032953005,0.020855025234525437,-0.05067555609922665
1790595294.360482,173554.98802462502,1790595294.2963886,0.006647370755672455,0.012323383241891861,0.011442303657531738,-0.10056500881910324,0.03380386903882027,0.9943563938140869,0.04848325997591019,0.0018883364973589778,-0.043225519359111786,0.015881506816263276,-0.9983747906301756,0.020638858882114107,-0.0506926662908586
1790595294.3606029,173554.998082625,1790595294.3064466,-0.0005217269062995911,0.008670143783092499,0.01733565330505371,-0.1005980521440506,0.03425275534391403,0.9943374991416931,0.05059408023953438,0.0012739453231915832,-0.04205159842967987,0.016117419739128374,-0.9983747080208414,0.020413037224550096,-0.05071045251042017
1790595294.3607192,173555.00814154168,1790595294.3165054,-0.007733732461929321,0.0028859376907348633,0.01814967393875122,-0.10064920783042908,0.03469637781381607,0.9943166971206665,0.04743397608399391,0.007197348400950432,-0.04117169231176376,0.01635025437459373,-0.998373978603038,0.020192666130533752,-0.050737258798356034
1790595294.3608341,173555.01819954166,1790595294.3265634,-0.007928676903247833,-0.0017478130757808685,0.014085173606872559,-0.10075944662094116,0.0350881926715374,0.9942919611930847,0.0400647409260273,0.00892653875052929,-0.03969523310661316,0.01655638050563832,-0.9983721361377118,0.019976467479435652,-0.050793146697575495
1790595294.360947,173555.02825754168,1790595294.3366215,-0.006040237843990326,-0.005819205194711685,0.013035714626312256,-0.10083207488059998,0.03540591895580292,0.9942731261253357,0.030284281820058823,0.0029197789262980223,-0.03236009180545807,0.01672449076752414,-0.9983712133974676,0.01978584796210559,-0.050829736596012115
1790595294.3610601,173555.03831654167,1790595294.3466804,-0.0025414377450942993,-0.010239794850349426,0.01691681146621704,-0.1008060947060585,0.03563033789396286,0.9942677617073059,0.019592756405472755,-0.01144238281995058,-0.021602250635623932,0.01684442095569243,-0.9983727049803068,0.019642377233082924,-0.05081660672364565
1790595294.361172,173555.0483745417,1790595294.3567386,0.007364608347415924,-0.009982425719499588,0.014232754707336426,-0.10062610357999802,0.03575444594025612,0.9942817091941833,0.006447392050176859,-0.026671668514609337,-0.007951419800519943,0.01691220537123388,-0.9983777111802962,0.019564905748995862,-0.05072622868253193
1790595294.3641841,173555.05843254167,1790595294.3667965,0.0167464017868042,-0.011489611119031906,0.010761618614196777,-0.1002575159072876,0.03573574498295784,0.9943195581436157,-0.011041587218642235,-0.04438355565071106,0.004651989787817001,0.016906519064085114,-0.9983872741752007,0.019560755733922394,-0.05054096992475102
1790595294.3741581,173555.0684905417,1790595294.3768544,0.014414362609386444,-0.01562751829624176,0.006177961826324463,-0.09981756657361984,0.03552490100264549,0.9943712949752808,-0.031790006905794144,-0.041465796530246735,0.006446961313486099,0.01680329128354937,-0.9983995436387044,0.019596173461025775,-0.05031859781188251
1790595294.384314,173555.07854854167,1790595294.3869123,0.0009296908974647522,-0.015506990253925323,0.0033617019653320312,-0.09940969198942184,0.035144977271556854,0.9944257736206055,-0.043723899871110916,-0.040683891624212265,0.0011459386441856623,0.01661547968680676,-0.998412632518153,0.019624312573076307,-0.050110455281611684
1790595294.394203,173555.08860654169,1790595294.3969705,-0.01290043443441391,-0.013381734490394592,0.0027447938919067383,-0.09905307739973068,0.03466767445206642,0.9944782257080078,-0.05000176653265953,-0.028519103303551674,-0.015792299062013626,0.01638138120469221,-0.9984263664350265,0.01959364923003079,-0.0499260753222647
1790595294.4042182,173555.09866554168,1790595294.4070294,-0.01850200444459915,-0.008738972246646881,-0.00312197208404541,-0.09885310381650925,0.034144774079322815,0.9945159554481506,-0.05036848410964012,-0.014566270634531975,-0.028113679960370064,0.016126348140836494,-0.9984377396848707,0.019495303727098432,-0.04981876880961697
1790595294.4142091,173555.10872354166,1790595294.4170876,-0.011646918952465057,-0.004090104252099991,-0.0008797049522399902,-0.09870438277721405,0.033661551773548126,0.9945471882820129,-0.04021332040429115,-0.018553821370005608,-0.031072184443473816,0.015892677698777342,-0.998448239745043,0.019357013578468044,-0.04973700613526839
1790595294.424535,173555.11878154168,1790595294.4271455,-0.0003404468297958374,-9.877979755401611e-05,0.0014240741729736328,-0.09852100163698196,0.03328656777739525,0.994577944278717,-0.028662923723459244,-0.01869070716202259,-0.024221735075116158,0.015713259224040394,-0.9984585244173423,0.019223680286707026,-0.04963908413199549
1790595294.434226,173555.12883954166,1790595294.4372034,0.0036362484097480774,0.00248926505446434,0.0011227726936340332,-0.09833204001188278,0.033048368990421295,0.9946045875549316,-0.015266424976289272,-0.020768506452441216,-0.004794241860508919,0.015599329687552621,-0.9984665843443428,0.01915141017540325,-0.0495407338685492
1790595294.444235,173555.13889754168,1790595294.4472616,0.003846690058708191,0.0028314441442489624,0.0008682608604431152,-0.0980999693274498,0.03296559303998947,0.9946301579475403,-0.003715763334184885,-0.02373579889535904,0.014186372980475426,0.01555885442292438,-0.9984725324234223,0.019175130012659983,-0.04942382114099039
1790595294.453644,173555.14895654167,1790595294.4573205,0.006958141922950745,-0.0014559179544448853,-0.0013039112091064453,-0.09788506478071213,0.032980505377054214,0.9946513772010803,0.0008717980817891657,-0.017939696088433266,0.03466927632689476,0.015562222590694997,-0.9984754626131009,0.019298322426062848,-0.049318042767531385
1790595294.464263,173555.15901454168,1790595294.4673784,0.0037997886538505554,-0.007771309465169907,-0.0019878149032592773,-0.09774790704250336,0.03300926461815834,0.9946635961532593,-0.0038806130178272724,-0.007006887346506119,0.05123201012611389,0.015567252364603379,-0.9984743274925144,0.0195142146863744,-0.049252880676882896
1790595294.474354,173555.16907254167,1790595294.4774365,0.002407163381576538,-0.012501843273639679,-0.0004825592041015625,-0.09769808501005173,0.03299432620406151,0.9946691989898682,-0.009279106743633747,-0.0006701622041873634,0.05306932330131531,0.01554706743244322,-0.9984704789315118,0.019781402810942542,-0.049231888357355404
1790595294.484288,173555.17913054168,1790595294.4874945,-0.005588322877883911,-0.01670745387673378,0.0032387971878051758,-0.09769818931818008,0.03294272720813751,0.9946708679199219,-0.010724936611950397,0.003900088369846344,0.045823659747838974,0.015508562386079193,-0.9984657712846343,0.020038341660752593,-0.049235399812389266
1790595294.494275,173555.18918854167,1790595294.4975524,-0.012238219380378723,-0.018332310020923615,0.0036956071853637695,-0.09770110994577408,0.03290437534451485,0.9946715831756592,-0.003936273045837879,-0.0013245010050013661,0.026449430733919144,0.015480230193900808,-0.9984622323555117,0.020222925270865794,-0.04923932855148602
1790595294.506305,173555.19924654168,1790595294.5076106,-0.003358088433742523,-0.014319155365228653,0.001919567584991455,-0.09763959795236588,0.032904285937547684,0.994677722454071,0.0004952271119691432,-0.00896963756531477,0.005799013189971447,0.015476833623099526,-0.9984621397928906,0.020303107357877714,-0.04920970516270408
1790595294.514364,173555.20930554168,1790595294.5176694,0.006314568221569061,-0.011584673076868057,-0.0017995238304138184,-0.09751611202955246,0.03293163701891899,0.9946888089179993,0.003165578469634056,-0.014950298704206944,-0.01290037203580141,0.015492882820222608,-0.9984653933457696,0.020279908486155632,-0.04914767153868951
1790595294.526378,173555.2193635417,1790595294.5277274,0.0004769265651702881,-0.014914747327566147,-0.00433039665222168,-0.09738527983427048,0.032920047640800476,0.9947022795677185,-0.001519187935627997,-0.01266903430223465,-0.03188178688287735,0.01549412813215684,-0.9984711413036585,0.020162637059634506,-0.049080080554579
1790595294.5343602,173555.22942154168,1790595294.5377855,-0.01114807277917862,-0.019045423716306686,-0.0004096031188964844,-0.09725014120340347,0.03283929452300072,0.9947181940078735,-0.00845352653414011,-0.015941260382533073,-0.04590732231736183,0.015464446368674643,-0.9984789870938295,0.01997049777568089,-0.04900844422424604
1790595294.546356,173555.2394795417,1790595294.5478435,-0.013517692685127258,-0.01845027506351471,-0.0013238191604614258,-0.09716934710741043,0.03265613317489624,0.9947322607040405,-0.01816421002149582,-0.0028006911743432283,-0.05536207929253578,0.015385916977446864,-0.9984875215428306,0.019717694438631594,-0.048962102561945005
1790595294.5563462,173555.24953754168,1790595294.5579014,-0.010565869510173798,-0.015280257910490036,-0.007507801055908203,-0.0972219780087471,0.03237002342939377,0.9947361350059509,-0.027340397238731384,0.009745992720127106,-0.055314674973487854,0.015255702687818796,-0.9984939099598567,0.0194418023375816,-0.04898135698050436
1790595294.5678139,173555.25959654167,1790595294.5679605,-0.014672502875328064,-0.012524835765361786,-0.0038725733757019043,-0.09738778322935104,0.03197970613837242,0.9947323203086853,-0.03884578496217728,0.019508609548211098,-0.054958876222372055,0.015071856499942544,-0.9984981284906111,0.019174462549084823,-0.04905656345056579
1790595294.576392,173555.26965454168,1790595294.5780184,-0.012762032449245453,-0.008344326168298721,-0.0007643699645996094,-0.09765034914016724,0.03150709718465805,0.9947220087051392,-0.044491689652204514,0.030062982812523842,-0.0456407405436039,0.014844528709410321,-0.9985000842592244,0.01893625332027133,-0.049180040819801984
1790595294.586385,173555.27971254167,1790595294.5880764,-0.007609404623508453,-0.0036408863961696625,0.0005797147750854492,-0.09798120707273483,0.030999820679426193,0.9947054982185364,-0.046412091702222824,0.03269391879439354,-0.0410342700779438,0.014597392329473614,-0.9984997217018869,0.01873638721342396,-0.04933812701004423
1790595294.596357,173555.28977054168,1790595294.5981345,-0.008520819246768951,0.0012297220528125763,0.005220890045166016,-0.09830571711063385,0.030538996681571007,0.994687557220459,-0.03723244369029999,0.029065096750855446,-0.03580568730831146,0.01437247445107901,-0.9984985280116673,0.018559937055124306,-0.04949392510944227
1790595294.606394,173555.29982854167,1790595294.6081924,-0.010270640254020691,0.00837595947086811,0.0037589669227600098,-0.0985853299498558,0.03022870048880577,0.9946693778038025,-0.01872081123292446,0.026164382696151733,-0.031548626720905304,0.01422274896697744,-0.9984970006575227,0.018396097573563478,-0.04962889991268956
1790595294.616624,173555.30988654168,1790595294.6182504,-0.008743293583393097,0.015105865895748138,-0.0017414689064025879,-0.0988614559173584,0.030090592801570892,0.9946461915969849,-0.0032678195275366306,0.028934335336089134,-0.027693165466189384,0.014158549736686735,-0.9984939246588678,0.01824752735758707,-0.049764033817284836
1790595294.62582,173555.31994554168,1790595294.6283095,-0.011574439704418182,0.014779027551412582,-0.0005810260772705078,-0.0991736575961113,0.030097005888819695,0.9946151971817017,0.009290582500398159,0.03208565339446068,-0.020527398213744164,0.014165094018957465,-0.998488388115424,0.018125777707448477,-0.04991904080872181
1790595294.6364632,173555.3300035417,1790595294.6383674,-0.01418311893939972,0.012821409851312637,0.003197312355041504,-0.09954042732715607,0.030208300799131393,0.994575023651123,0.015915196388959885,0.03948577865958214,-0.013593059964478016,0.014221877783173202,-0.9984798704857498,0.018040683880103808,-0.050102948668155456
1790595294.646462,173555.34006154168,1790595294.6484253,-0.017991304397583008,0.010008987039327621,0.010030150413513184,-0.09991314262151718,0.030380956828594208,0.9945324659347534,0.02196936123073101,0.03456505388021469,-0.0076520806178450584,0.014307807456638054,-0.9984701846953595,0.017986547821689645,-0.050290856795751314
1790595294.656595,173555.3501195417,1790595294.6584835,-0.018878832459449768,0.00876341387629509,0.009848237037658691,-0.10030732303857803,0.03061944618821144,0.9944852590560913,0.026222694665193558,0.044762298464775085,-0.0024855476804077625,0.014425498087936521,-0.998458970613705,0.017953002179417085,-0.050490450135948335
1790595294.666952,173555.36017754168,1790595294.6685414,-0.01317710429430008,0.007251633331179619,0.0035829544067382812,-0.1007448211312294,0.030864758417010307,0.9944337606430054,0.020492637529969215,0.041873034089803696,0.01141402218490839,0.014543588479989893,-0.9984457446514612,0.0179717612236425,-0.05071260562155002
1790595294.6784031,173555.37023654167,1790595294.6786005,-0.00677470862865448,0.00170217826962471,0.005827546119689941,-0.10116574913263321,0.031012598425149918,0.9943862557411194,0.0031131142750382423,0.045172691345214844,0.028453459963202477,0.014608811933605999,-0.998432023861866,0.0180728837907618,-0.050926751718138326
1790595294.687427,173555.38029454168,1790595294.6886585,-0.00599699467420578,-0.007883476093411446,0.005032658576965332,-0.10162302106618881,0.030939435586333275,0.9943417906761169,-0.024406660348176956,0.04522835090756416,0.040133286267519,0.014558947817652698,-0.9984176043790995,0.01825334215528323,-0.051158212298899816
1790595294.695588,173555.39035254167,1790595294.6987164,-0.0034495145082473755,-0.012363381683826447,0.013161778450012207,-0.10197324305772781,0.030643340200185776,0.9943152070045471,-0.042930543422698975,0.02945098839700222,0.04671582207083702,0.014395553095761952,-0.9984066409765426,0.018487637920694404,-0.05133455581713502
1790595294.706739,173555.40041054168,1790595294.7087746,-0.001526467502117157,-0.01159312017261982,0.016189098358154297,-0.10217203944921494,0.030178247019648552,0.9943090677261353,-0.05800296738743782,0.011973727494478226,0.04436584562063217,0.0141483220794438,-0.9984005566178189,0.018731658818624347,-0.05143330458362099
1790595294.716516,173555.41046854167,1790595294.7188325,-0.003007359802722931,-0.008583560585975647,0.014860868453979492,-0.10218648612499237,0.02959483116865158,0.994324803352356,-0.06556688249111176,-0.007695048116147518,0.03129665181040764,0.013845434406166784,-0.9984005926317233,0.018937967670080085,-0.05143771696188803
1790595294.726131,173555.4205275417,1790595294.7288914,0.0003280267119407654,-0.002322377637028694,0.011773347854614258,-0.10202764719724655,0.028933638706803322,0.9943609833717346,-0.07257472723722458,-0.023304367437958717,0.01950656995177269,0.013508289422445896,-0.9984068632849973,0.019084421826937096,-0.05135343424202313
1790595294.736516,173555.43058554168,1790595294.7389495,-0.00113774836063385,0.0007114596664905548,0.007588565349578857,-0.10175202041864395,0.028188606724143028,0.9944102764129639,-0.08092879503965378,-0.02891458198428154,0.008969507180154324,0.013133213336636243,-0.998417492097304,0.01917389338638506,-0.051208863555693256
1790595294.746331,173555.4406435417,1790595294.7490075,-0.009426489472389221,-0.000225801020860672,0.005279064178466797,-0.10147415846586227,0.027371110394597054,0.9944615960121155,-0.08488252758979797,-0.02398720197379589,0.0005901369731873274,0.012724406734930613,-0.9984295688234684,0.01921460433821212,-0.05106176296096687
1790595294.7575219,173555.45070154167,1790595294.7590654,-0.013369239866733551,0.0006124582141637802,0.002746760845184326,-0.10125452280044556,0.026532841846346855,0.9945064187049866,-0.08199192583560944,-0.02030804567039013,-8.630601223558187e-05,0.012305943549865687,-0.9984404852608061,0.01923055495171972,-0.050943360133155154
1790595294.766561,173555.4607595417,1790595294.7691236,-0.012053892016410828,0.006270544603466988,0.00325697660446167,-0.10107453167438507,0.025742312893271446,0.9945456385612488,-0.07363306730985641,-0.014488506130874157,0.005051198415458202,0.0119104593903336,-0.9984497829953545,0.019257597554027867,-0.050845452599940805
1790595294.776574,173555.47081854168,1790595294.7791824,-0.009058669209480286,0.014274993911385536,0.0012917518615722656,-0.10097222775220871,0.025077344849705696,0.9945732355117798,-0.0614381842315197,-0.00420311139896512,0.02047329768538475,0.011574394520211905,-0.9984551296566846,0.01933825820590943,-0.0507884054669297
1790595294.7870111,173555.48087654167,1790595294.7892404,-0.000795505940914154,0.019998619332909584,-0.0012874007225036621,-0.10094986855983734,0.024541707709431648,0.9945888519287109,-0.053050555288791656,-0.0012062565656378865,0.04091492295265198,0.011297861027824003,-0.9984557574708633,0.019506931580711567,-0.05077372662971746
1790595294.8827572,173555.49093454168,1790595294.7992985,0.005012243986129761,0.01900419592857361,0.006449639797210693,-0.10091349482536316,0.024101806804537773,0.9946030974388123,-0.04562859237194061,-0.0046883393079042435,0.06465540826320648,0.011063696685734528,-0.9984538019849827,0.01978780543910602,-0.05075414882331639
1790595294.8830988,173555.50099254167,1790595294.8093565,0.0038996264338493347,0.013886051252484322,0.012304544448852539,-0.10080797970294952,0.023726793006062508,0.994623064994812,-0.04457797482609749,-0.013954276219010353,0.08316091448068619,0.010857341432793557,-0.9984510643778716,0.020174379915649604,-0.050701563334252096
1790595294.8832698,173555.51105054168,1790595294.8194144,0.0013063102960586548,0.011255426332354546,0.019459009170532227,-0.10056447982788086,0.023397207260131836,0.994655191898346,-0.03674375265836716,-0.03227069973945618,0.08744221180677414,0.010672448377467747,-0.998450117357026,0.020614523772458513,-0.050580642066246524
1790595294.883414,173555.52110854167,1790595294.8294725,0.0025117918848991394,0.011753799393773079,0.01924055814743042,-0.10012201964855194,0.023142974823713303,0.9947059154510498,-0.030305828899145126,-0.049711477011442184,0.08014168590307236,0.010527715905207811,-0.998453747757291,0.02104924810665979,-0.05036048114782993
1790595294.8835452,173555.5311675417,1790595294.8395314,-0.003216966986656189,0.009905651211738586,0.017153501510620117,-0.0995965451002121,0.022931193932890892,0.994763970375061,-0.027691934257745743,-0.052892886102199554,0.06694412976503372,0.01040823959254652,-0.9984602830723762,0.021425482495719777,-0.05009841290932898
1790595294.883667,173555.54122554167,1790595294.8495893,-0.013120956718921661,0.0030236635357141495,0.012851357460021973,-0.09904615581035614,0.022702578455209732,0.994823694229126,-0.029275450855493546,-0.052064910531044006,0.0409170538187027,0.010285808818376652,-0.9984692806916823,0.021701521361953715,-0.04982256008619706
1790595294.883787,173555.5512835417,1790595294.8596475,-0.020897984504699707,-0.0001668781042098999,0.010387778282165527,-0.09857809543609619,0.022429373115301132,0.9948764443397522,-0.03207949176430702,-0.04196647182106972,0.012697932310402393,0.010146917661210031,-0.9984793508663583,0.021844804993846997,-0.0495861069041196
1790595294.883915,173555.56134154167,1790595294.8697054,-0.027019202709197998,-0.003515377640724182,0.012443959712982178,-0.0981483981013298,0.022115761414170265,0.9949259161949158,-0.029811544343829155,-0.04238591715693474,-0.011870527639985085,0.009994109786386112,-0.9984915577802757,0.021853572045735462,-0.04936707451025905
1790595294.884038,173555.5713995417,1790595294.8797634,-0.028745390474796295,-0.003887876868247986,0.010388493537902832,-0.0977955013513565,0.02181687392294407,0.9949672222137451,-0.023572025820612907,-0.027917228639125824,-0.028825541958212852,0.00985312222359449,-0.9985040413565308,0.021755405249879504,-0.04918568932918704
1790595294.886278,173555.58145854168,1790595294.8898225,-0.027572855353355408,-0.0016782265156507492,0.0022904276847839355,-0.09757949411869049,0.02159086987376213,0.9949934482574463,-0.014728999696671963,-0.017289351671934128,-0.036772146821022034,0.009750451879975147,-0.9985142091498881,0.0215895955214964,-0.049073169017602246
1790595294.896659,173555.59151654167,1790595294.8998804,-0.02059876173734665,0.0027834661304950714,-0.0020104646682739258,-0.09747351706027985,0.02146267518401146,0.9950067400932312,-0.004436681047081947,-0.004215095657855272,-0.035993173718452454,0.009696356802442916,-0.9985214502959582,0.02140729715679644,-0.049016806257440766
1790595294.907358,173555.60157454168,1790595294.9099386,-0.020963624119758606,0.006969023495912552,-0.006427943706512451,-0.09755115956068039,0.02145802415907383,0.9949991703033447,0.009001895785331726,0.015898695215582848,-0.028109950944781303,0.009701090377523664,-0.9985229867336914,0.021246926479099166,-0.04905415048110457
1790595294.9166331,173555.61163254167,1790595294.9199965,-0.027239978313446045,0.006240371614694595,-0.001494288444519043,-0.09772928804159164,0.021591588854789734,0.9949789643287659,0.0239451602101326,0.017268093302845955,-0.020558824762701988,0.009772375886705592,-0.9985206366602661,0.021119175089445063,-0.049143730399617225
1790595294.927985,173555.62169054168,1790595294.9300544,-0.02650013566017151,0.009229138493537903,0.005640625953674316,-0.09790457785129547,0.021913982927799225,0.9949548840522766,0.04319901391863823,0.019677987322211266,-0.007004666142165661,0.009935485115044685,-0.9985161312551375,0.021047244166337537,-0.0492344605069126
1790595294.9361339,173555.63174954167,1790595294.9401135,-0.023414790630340576,0.00894075259566307,-0.0016442537307739258,-0.09819751232862473,0.02238546311855316,0.9949150085449219,0.05200608819723129,0.03791424632072449,0.0015683160163462162,0.010169659606558972,-0.9985066560920657,0.021023212692408758,-0.049386307468005396
1790595294.946778,173555.6418075417,1790595294.9501715,-0.026182249188423157,0.008426805958151817,0.0028295516967773438,-0.09855813533067703,0.022960450500249863,0.9948665499687195,0.06157083064317703,0.03631315380334854,0.012213503941893578,0.01045259246336661,-0.9984940165559216,0.021046916860544555,-0.04957372106106074
1790595294.957408,173555.65186554167,1790595294.9602294,-0.020300954580307007,0.005228811874985695,0.003986835479736328,-0.09900728613138199,0.023564444854855537,0.9948077201843262,0.055745966732501984,0.05327189713716507,0.01577548123896122,0.010747161731411114,-0.9984779548690089,0.02111013677785075,-0.04980632394079989
1790595294.9690208,173555.6619235417,1790595294.9702876,-0.01644071191549301,-0.0008927304297685623,0.00568842887878418,-0.09957164525985718,0.02408601902425289,0.9947390556335449,0.044555097818374634,0.05953964591026306,0.014048954471945763,0.010999153027589954,-0.998459371351345,0.021175427394984535,-0.05009591270885899
1790595294.97665,173555.67198154167,1790595294.9803455,-0.022888369858264923,-0.005189130082726479,0.008067846298217773,-0.10021933913230896,0.024506689980626106,0.9946638345718384,0.03522844240069389,0.07124824076890945,0.00569515023380518,0.011200834926309784,-0.9984396183219528,0.02121895749178456,-0.05042602258996856
1790595294.9899,173555.6820395417,1790595294.9904034,-0.025981642305850983,-0.007333667948842049,0.012509822845458984,-0.10091019421815872,0.024835417047142982,0.994585394859314,0.02942381426692009,0.06623750180006027,-0.00558360293507576,0.011358374735586778,-0.9984200420163005,0.021216178140654948,-0.0507763025994411
1790595294.996156,173555.69209854168,1790595295.0004625,-0.023465387523174286,-0.0059435684233903885,0.015176951885223389,-0.10156489908695221,0.02509327232837677,0.9945123791694641,0.024816280230879784,0.06464945524930954,-0.017643194645643234,0.011484062979325782,-0.9984031654976613,0.021149980301796347,-0.05110694478578241
1790595295.0088499,173555.70215654167,1790595295.0105205,-0.02369740605354309,-0.002705667167901993,0.015204548835754395,-0.1022331714630127,0.025288604199886322,0.9944391846656799,0.020260676741600037,0.06753579527139664,-0.033109769225120544,0.011581397288965479,-0.9983874721916463,0.021024817046397217,-0.05144303525045888
1790595295.01805,173555.71221454168,1790595295.0205784,-0.021137647330760956,-0.0026438329368829727,0.015262007713317871,-0.10290084034204483,0.025440391153097153,0.9943665266036987,0.019901150837540627,0.06317833065986633,-0.04500051587820053,0.011660801012434559,-0.998373423906947,0.02082684405399502,-0.05177749752831925
1790595295.0290508,173555.72227254167,1790595295.0306365,-0.01604902744293213,0.003143172711133957,0.015576481819152832,-0.10353388637304306,0.02561957575380802,0.9942961931228638,0.024300426244735718,0.062041688710451126,-0.05208612233400345,0.011756963774372298,-0.9983609355335,0.020579891707793455,-0.05209428690623963
1790595295.0388422,173555.73233054168,1790595295.0406945,-0.01449170708656311,0.007064266130328178,0.01328122615814209,-0.10414516180753708,0.0258488729596138,0.994226336479187,0.03370537981390953,0.057225361466407776,-0.05750485882163048,0.011880408567877185,-0.9983492036078813,0.020298376485243828,-0.05240023640276011
1790595295.0488372,173555.74238954167,1790595295.0507534,-0.015393033623695374,0.010514918714761734,0.015715837478637695,-0.10472393780946732,0.026182396337389946,0.9941567778587341,0.04454364627599716,0.05538005754351616,-0.0511457622051239,0.01205638454305701,-0.9983374119132299,0.02001973776908706,-0.05269093711970552
1790595295.0594969,173555.7524475417,1790595295.0608115,-0.0057284533977508545,0.012224972248077393,0.012016057968139648,-0.10526373982429504,0.02663908340036869,0.9940873980522156,0.05440187081694603,0.05021325871348381,-0.03464747965335846,0.012291760892396877,-0.9983245452176328,0.01979414326753068,-0.05296391210304261
1790595295.068869,173555.76250554167,1790595295.0708694,-6.0401856899261475e-05,0.011843742802739143,0.010530352592468262,-0.10578957200050354,0.027188163250684738,0.9940167665481567,0.060685865581035614,0.05370333045721054,-0.01568497344851494,0.012569186301781552,-0.998309648449461,0.019652578637993003,-0.05323178261691781
1790595295.078938,173555.7725635417,1790595295.0809274,-0.003794074058532715,0.008298266679048538,0.01416015625,-0.10632836818695068,0.027803950011730194,0.993942141532898,0.06377726048231125,0.05519949272274971,0.0007800201419740915,0.012874950086588042,-0.9982919038751252,0.01960485690682218,-0.05350799140637561
1790595295.088879,173555.78262154167,1790595295.0909855,-0.012407854199409485,0.005879880860447884,0.015708446502685547,-0.10693088918924332,0.0284675732254982,0.9938586950302124,0.06731074303388596,0.06571738421916962,0.014129115268588066,0.013200322110190954,-0.9982705612369767,0.019627288426452526,-0.05381760570455405
1790595295.0989199,173555.79268054166,1790595295.1010444,-0.010914310812950134,0.004510020837187767,0.014425992965698242,-0.10758522152900696,0.029166052117943764,0.9937679767608643,0.06781540811061859,0.06533628702163696,0.021301275119185448,0.013539867333859238,-0.9982463874972871,0.019701150464857604,-0.054154327750657434
1790595295.109178,173555.80273854168,1790595295.1111023,-0.007736675441265106,0.001633690670132637,0.016208648681640625,-0.10821463912725449,0.029860373586416245,0.9936790466308594,0.06625719368457794,0.06186751648783684,0.023088255897164345,0.013876382574021129,-0.9982222446247686,0.01979617380885626,-0.05447886890709401
1790595295.119575,173555.81279654166,1790595295.1211605,-0.005929030478000641,-0.0004120543599128723,0.016218185424804688,-0.10881686955690384,0.030517583712935448,0.993593692779541,0.059962283819913864,0.06108321622014046,0.02312660589814186,0.014194141514038451,-0.9981988297487597,0.019898244836071194,-0.05478955817326039
1790595295.128978,173555.82285454168,1790595295.1312184,-0.0037770867347717285,-0.004461992532014847,0.01591813564300537,-0.10939717292785645,0.03108852356672287,0.9935123324394226,0.05038422346115112,0.055106017738580704,0.01933080144226551,0.014469186511322587,-0.9981765379840916,0.019994410800389432,-0.05508834135788199
1790595295.138783,173555.83291254166,1790595295.1412764,-0.0022008121013641357,-0.006311975419521332,0.02263820171356201,-0.10987477004528046,0.031549934297800064,0.9934443831443787,0.03959176316857338,0.04163814336061478,0.010930392891168594,0.014691936381139652,-0.998158168811745,0.020061630127582726,-0.05533404637388565
1790595295.149097,173555.8429715417,1790595295.1513355,-0.0020391419529914856,-0.004358295351266861,0.023054778575897217,-0.11021952331066132,0.03193084895610809,0.993394136428833,0.033425748348236084,0.029241397976875305,0.001760596176609397,0.01487797349654816,-0.998145076038922,0.02008675879776038,-0.05551158108645855
1790595295.159728,173555.85302954167,1790595295.1613934,-0.006057672202587128,-0.006247460842132568,0.020985305309295654,-0.11045818775892258,0.032233092933893204,0.9933578372001648,0.02796684019267559,0.019570134580135345,-0.0123871685937047,0.015028873115260136,-0.9981366491034677,0.020053828096589885,-0.05563414574700863
1790595295.1690109,173555.8630875417,1790595295.1714516,-0.011005565524101257,-0.005481541156768799,0.02064448595046997,-0.11060672998428345,0.032504770904779434,0.9933324456214905,0.0313463918864727,0.007790175266563892,-0.0205960962921381,0.01516873085272189,-0.9981321629526204,0.019960225583185495,-0.05571019533900354
1790595295.178314,173555.87314554167,1790595295.1815095,-0.0102648064494133,-0.0022059231996536255,0.016947269439697266,-0.11061510443687439,0.032799720764160156,0.9933221340179443,0.032152265310287476,-0.005360513925552368,-0.02084696665406227,0.015322840313622398,-0.9981318842248772,0.019844416027760763,-0.05571570963090809
1790595295.1910331,173555.88320354169,1790595295.1915674,-0.007612377405166626,-0.00433729961514473,0.012222766876220703,-0.11058199405670166,0.03308478742837906,0.9933163523674011,0.029668599367141724,0.0012361356057226658,-0.011960797011852264,0.015471048257154162,-0.9981322607462287,0.019752767180414996,-0.05570062687806909
1790595295.198574,173555.89326254168,1790595295.2016265,-0.008791513741016388,-0.007235482335090637,0.007244706153869629,-0.1106082946062088,0.033343203365802765,0.9933048486709595,0.0250240471214056,0.0019551890436559916,0.003431741613894701,0.015601726496771608,-0.9981299047642116,0.019725933012888153,-0.055716101330977263
1790595295.208411,173555.90332054166,1790595295.2116845,-0.0072043538093566895,-0.006624002009630203,0.007331371307373047,-0.1106237918138504,0.033601462841033936,0.993294358253479,0.0233308095484972,0.00390728609636426,0.015788542106747627,0.015728530123740543,-0.9981264232649026,0.01976895888234569,-0.05572724018843017
1790595295.2190819,173555.91337854168,1790595295.2217424,-0.004299469292163849,-0.00650545209646225,0.0048177242279052734,-0.11072103679180145,0.033849120140075684,0.9932748675346375,0.021747028455138206,0.016195110976696014,0.02543903887271881,0.015846058955980735,-0.9981195592847635,0.01986902837510454,-0.0557802557818108
1790595295.228439,173555.92343654166,1790595295.2318006,-0.005882866680622101,-0.007362034171819687,0.005909979343414307,-0.1108618751168251,0.034095343202352524,0.9932506084442139,0.022925741970539093,0.012235789559781551,0.02700710855424404,0.01596058638905293,-0.9981108276864926,0.020002214843554595,-0.05585570611270887
1790595295.2384262,173555.93349454168,1790595295.2418585,-0.007293373346328735,-0.009137794375419617,0.01210552453994751,-0.11091621220111847,0.03437574580311775,0.9932349920272827,0.02742515318095684,0.0016119076171889901,0.025337573140859604,0.016093493377662048,-0.9981043953817818,0.020127516158013507,-0.05588796965628078
1790595295.2481768,173555.94355254166,1790595295.2519164,-0.005955487489700317,-0.011324852705001831,0.010082900524139404,-0.11088082939386368,0.03468598052859306,0.9932282567024231,0.029814807698130608,-0.00850570760667324,0.014626871794462204,0.01624352931664863,-0.9981006444774408,0.020229276944906754,-0.05587513731190846
1790595295.258469,173555.95361154168,1790595295.2619755,-0.007500603795051575,-0.012149441987276077,0.006262063980102539,-0.11072427034378052,0.03500703349709511,0.9932345151901245,0.03380688652396202,-0.022059332579374313,-0.003792349249124527,0.016404748844138405,-0.9981018127270502,0.020249136661578602,-0.05580023462042242
1790595295.271203,173555.96366954167,1790595295.2720335,-0.012806147336959839,-0.010764285922050476,0.000832676887512207,-0.11049990355968475,0.03536137565970421,0.9932469725608826,0.03857607766985893,-0.02239808812737465,-0.02295512519776821,0.01658880031282806,-0.9981065322204369,0.0201705439551678,-0.05569000338558997
1790595295.278908,173555.97372754168,1790595295.2820914,-0.021238043904304504,-0.007970601320266724,-0.004238605499267578,-0.11033830791711807,0.03571101278066635,0.9932527542114258,0.03910284861922264,-0.01307222992181778,-0.04056074842810631,0.016775256025153163,-0.99811150154735,0.01999528408145796,-0.05560959700320614
1790595295.289369,173555.98378554167,1790595295.2921495,-0.022874869406223297,-0.003662664443254471,-0.0036597251892089844,-0.11021209508180618,0.0360722653567791,0.9932535886764526,0.043209709227085114,-0.015478662215173244,-0.04417039826512337,0.016970242304886564,-0.9981162996349741,0.019764782831640747,-0.05554609397155988
1790595295.299159,173555.99384354168,1790595295.3022075,-0.016488775610923767,-0.000879041850566864,-0.003338336944580078,-0.11009793728590012,0.03644721210002899,0.9932526350021362,0.04134096950292587,-0.009152323007583618,-0.03985873982310295,0.017171482759650865,-0.9981204360282252,0.01954264786643702,-0.055488840145502545
1790595295.309184,173556.00390254168,1790595295.3122663,-0.00516849011182785,0.003591243177652359,-0.00965791940689087,-0.11008090525865555,0.03684446960687637,0.9932394027709961,0.045513346791267395,0.0018310857703909278,-0.025994591414928436,0.01738064822267394,-0.9981206360080207,0.019362428844812454,-0.05548125501651544
1790595295.4091141,173556.01396025,1790595295.3223243,0.0034304335713386536,0.004982572048902512,-0.0183144211769104,-0.11016540974378586,0.03728419542312622,0.9932136535644531,0.04626195877790451,0.012940461747348309,-0.007275497540831566,0.017605463572191747,-0.9981160361765271,0.01926651067125182,-0.055526512002619745
1790595295.409317,173556.02401825,1790595295.3323822,0.005410440266132355,0.004746429622173309,-0.01920318603515625,-0.11039069294929504,0.03773396834731102,0.9931719303131104,0.04409947246313095,0.030341822654008865,0.0035297456197440624,0.017829753475063128,-0.9981059643251453,0.01924741947900237,-0.05564391458957452
1790595295.4094532,173556.03407625,1790595295.3424401,0.0028646960854530334,0.0004610903561115265,-0.014246106147766113,-0.11077463626861572,0.038158830255270004,0.9931128621101379,0.04055747017264366,0.044593196362257004,0.01126596238464117,0.018037372198986424,-0.9980905814803348,0.019277433485477224,-0.055841658509046536
1790595295.409579,173556.04413425,1790595295.352498,-0.01075231283903122,-0.00014687329530715942,-0.0037682056427001953,-0.11127196997404099,0.03856842219829559,0.9930411577224731,0.039859987795352936,0.052784547209739685,0.008382824249565601,0.0182354103224405,-0.9980717382713793,0.019323183405710202,-0.056096518857066215
1790595295.409699,173556.05419325002,1790595295.3625572,-0.014627687633037567,0.0004459172487258911,0.005901694297790527,-0.11177590489387512,0.03896746784448624,0.9929693341255188,0.04109968990087509,0.048754118382930756,0.001211464055813849,0.018429956772693396,-0.9980534954714085,0.019335817189854297,-0.05635400495986065
1790595295.4098182,173556.06425125,1790595295.372615,-0.00543820858001709,0.004902511835098267,0.0067522525787353516,-0.11226786673069,0.03939368203282356,0.9928968548774719,0.04383688420057297,0.04762493818998337,-0.0003909599035978317,0.018639379465341145,-0.9980354915217955,0.019328158597222856,-0.05660539919797902
1790595295.4099321,173556.07430925002,1790595295.3826733,-0.0003786608576774597,0.0069876015186309814,0.01017296314239502,-0.11267349123954773,0.03984155133366585,0.9928331971168518,0.04588725417852402,0.033523768186569214,6.284273695200682e-05,0.01886086801681747,-0.9980198321692325,0.01931328767594431,-0.056813511663752106
1790595295.410062,173556.08436725,1790595295.3927312,0.010027073323726654,0.006464526057243347,0.014934301376342773,-0.11291685700416565,0.040303587913513184,0.9927867650985718,0.04403262585401535,0.015732254832983017,0.008753269910812378,0.01908953344058424,-0.9980080078353307,0.01932337717574276,-0.056940728739144436
1790595295.410176,173556.09442525002,1790595295.402789,0.013429902493953705,0.002978067845106125,0.020602941513061523,-0.1129627525806427,0.04073828458786011,0.992763876914978,0.04127572476863861,-0.005477693397551775,0.01658615842461586,0.019303717806184114,-0.9980011928538466,0.019379004499159296,-0.05696933469157425
1790595295.41139,173556.10448425,1790595295.4128482,0.014750964939594269,0.0010246336460113525,0.02162313461303711,-0.11278846859931946,0.04116584360599518,0.9927660822868347,0.03953215107321739,-0.02769058756530285,0.026539191603660583,0.019514174220331117,-0.9979999151109928,0.019472952915161157,-0.056888014544326945
1790595295.421227,173556.11454225,1790595295.4229062,0.010021254420280457,0.002264082431793213,0.016080141067504883,-0.11246856302022934,0.04157435521483421,0.9927855730056763,0.03596804291009903,-0.03291171416640282,0.027377022430300713,0.019714783700246485,-0.9980023912281271,0.01959630265446357,-0.056733952217502326
1790595295.431253,173556.12460025,1790595295.432964,-0.0007656067609786987,-0.0020668990910053253,0.011343777179718018,-0.112149178981781,0.04192277416586876,0.9928064346313477,0.02688905969262123,-0.029049333184957504,0.02482944168150425,0.019885498150774533,-0.9980052522003346,0.019716585032168922,-0.05657952669806104
1790595295.441244,173556.13465825,1790595295.4430223,-0.007059670984745026,-0.006327632814645767,0.010227859020233154,-0.11189758777618408,0.042185697704553604,0.992823600769043,0.019690534099936485,-0.016604913398623466,0.02296469546854496,0.020013116394258755,-0.9980072849252644,0.019830840283821923,-0.05645817718670938
1790595295.451267,173556.14471625,1790595295.4530802,-0.01448434591293335,-0.013890404254198074,0.01254492998123169,-0.11182767897844315,0.04231745004653931,0.9928261637687683,0.0009695778135210276,0.002748811151832342,0.016918787732720375,0.020074164544649276,-0.9980059490966193,0.019930199604134762,-0.05642643883234152
1790595295.4614232,173556.15477525,1790595295.463139,-0.024223826825618744,-0.017292186617851257,0.021004676818847656,-0.11188433319330215,0.04231652244925499,0.9928197264671326,-0.003420376917347312,0.011459478177130222,0.008990025147795677,0.02006925427510767,-0.9980029559020822,0.01999929830935193,-0.056456283615391074
1790595295.471489,173556.16483325002,1790595295.4731972,-0.021563485264778137,-0.014211311936378479,0.026389479637145996,-0.11201171576976776,0.04230266064405441,0.9928060173988342,-0.00020301202312111855,0.013475490733981133,0.002075660042464733,0.020059574770626608,-0.9979989815011371,0.020026220797638106,-0.05652067501674186
1790595295.4814909,173556.17489125,1790595295.4832551,-0.009669065475463867,-0.0052270665764808655,0.02708667516708374,-0.11208058148622513,0.0423668771982193,0.9927955269813538,0.013948759064078331,-0.0014336833264678717,0.0018056154949590564,0.020090549526025264,-0.9979961618616722,0.020035788443466145,-0.05655614937006827
1790595295.492109,173556.18494925002,1790595295.493313,0.0003850087523460388,-0.000510822981595993,0.028943419456481934,-0.11195702850818634,0.04257922247052193,0.992800235748291,0.02917325310409069,-0.022058002650737762,0.010644114576280117,0.020197020408546693,-0.9979969540574767,0.020055082082246378,-0.0564967345326108
1790595295.501122,173556.19500725,1790595295.5033712,0.004501119256019592,0.001920994371175766,0.02709096670150757,-0.11161758005619049,0.04297028109431267,0.9928216934204102,0.045147694647312164,-0.04380857199430466,0.02556314319372177,0.02039166925834517,-0.998000724572653,0.020134919597356655,-0.05633199947577175
1790595295.5115168,173556.20506625,1790595295.51343,0.01153237372636795,0.0032711513340473175,0.019794106483459473,-0.11109574884176254,0.04354273900389671,0.9928555488586426,0.060199346393346786,-0.05629133805632591,0.04157167300581932,0.020674909614721505,-0.9980061130966135,0.020287093695366444,-0.05607912348515285
1790595295.521303,173556.21512425,1790595295.5234883,0.01098615676164627,0.0007148459553718567,0.016048550605773926,-0.11048850417137146,0.04422222077846527,0.9928932785987854,0.06326517462730408,-0.058296699076890945,0.0540698878467083,0.021008944746949726,-0.9980110973700618,0.02050603782799655,-0.05578601447795158
1790595295.532157,173556.22518225,1790595295.5335462,0.006276160478591919,-0.006861820816993713,0.008756399154663086,-0.1099594309926033,0.04488666355609894,0.9929223656654358,0.05848533660173416,-0.041326772421598434,0.05144587531685829,0.021333139563007454,-0.9980132362422584,0.020754869874468618,-0.05553281377597267
1790595295.5413408,173556.23524025,1790595295.5436041,-0.0005309507250785828,-0.00720721110701561,0.0014258623123168945,-0.10965251922607422,0.04549143835902214,0.9929282665252686,0.05235340818762779,-0.01573299430310726,0.04383882135152817,0.021626435626497163,-0.9980099232700947,0.020984215132756102,-0.05539030510551882
1790595295.551372,173556.24529825,1790595295.553662,-0.012215599417686462,-0.01163751631975174,-0.0006296038627624512,-0.10962557792663574,0.045984964817762375,0.9929085969924927,0.03813372552394867,0.013209973461925983,0.02369173988699913,0.021865240084940014,-0.998001673048828,0.021141489549181307,-0.05538573132052681
1790595295.561355,173556.25535625,1790595295.5637202,-0.01768234372138977,-0.014548629522323608,0.002935469150543213,-0.10985038429498672,0.04631735011935234,0.9928683042526245,0.027013694867491722,0.03024754673242569,0.009430778212845325,0.022025377600676677,-0.9979899979473289,0.02121590399047754,-0.05550404244826755
1790595295.571397,173556.26541525,1790595295.573779,-0.013502515852451324,-0.015134472399950027,0.006764590740203857,-0.11016971617937088,0.04652171954512596,0.9928233027458191,0.013778583146631718,0.034374114125967026,0.0007555308984592557,0.022123649966368106,-0.9979783795829746,0.021232189220831758,-0.055667131164893933
1790595295.584214,173556.27547325002,1790595295.5838373,-0.0036680102348327637,-0.014644425362348557,0.01428985595703125,-0.11043699085712433,0.04659625515341759,0.9927902817726135,0.0018369692843407393,0.015787914395332336,-0.0031265588477253914,0.02215901727930828,-0.9979703809576362,0.02121942147747364,-0.055801954018652816
1790595295.591413,173556.28553125,1790595295.5938952,0.00515950471162796,-0.015227142721414566,0.017864108085632324,-0.11047545820474625,0.046583883464336395,0.992786705493927,-0.004633180797100067,-0.008193585090339184,0.0010141240200027823,0.022152568280042546,-0.9979695382446593,0.02121694368199089,-0.05582108178268879
1790595295.601242,173556.29558925002,1790595295.6039531,0.012899048626422882,-0.01427597925066948,0.019086122512817383,-0.11023464798927307,0.04653298482298851,0.9928159713745117,-0.0057591646909713745,-0.038916077464818954,0.00557398796081543,0.022128544675220505,-0.9979765079252,0.021233878210274275,-0.05569990897714618
1790595295.6114502,173556.30564725,1790595295.614011,0.009105987846851349,-0.014121346175670624,0.018747448921203613,-0.10967643558979034,0.046485163271427155,0.9928797483444214,-0.0033378188963979483,-0.07015442103147507,0.009661674499511719,0.022108455934915346,-0.9979918139043936,0.02126545865326847,-0.0554196573978524
1790595295.624563,173556.31570625002,1790595295.6240702,0.005257502198219299,-0.012624040246009827,0.014208436012268066,-0.10892551392316818,0.046467967331409454,0.9929634928703308,-0.003096536500379443,-0.07635905593633652,0.011086997576057911,0.022104877373759536,-0.9980118114350305,0.021311508001494773,-0.05504328331473832
1790595295.635479,173556.32576425,1790595295.634128,-0.0030734241008758545,-0.013165365904569626,0.006207287311553955,-0.10819343477487564,0.04642945155501366,0.9930450320243835,-0.005131457932293415,-0.0684550553560257,0.005671726074069738,0.022090944243893913,-0.9980314331077551,0.021348838503383896,-0.05467596777244197
1790595295.641438,173556.33582225002,1790595295.6441863,-0.015435151755809784,-0.012939173728227615,0.005346894264221191,-0.10759623348712921,0.046386364847421646,0.9931120276451111,-0.004530648700892925,-0.04990081861615181,-0.003565980587154627,0.02207556590336421,-0.9980482694511534,0.021346057410805527,-0.054375469907226866
1790595295.6506822,173556.34588025,1790595295.6542442,-0.016325324773788452,-0.009556848555803299,-0.002109050750732422,-0.10725536197423935,0.04631519317626953,0.9931521415710449,-0.007284357212483883,-0.01849335990846157,-0.014401051215827465,0.022045803698508507,-0.998059274503845,0.021301215459344946,-0.05420247731732642
1790595295.661463,173556.35593825002,1790595295.664302,-0.017660044133663177,-0.006376609206199646,-0.006660819053649902,-0.10724817961454391,0.04623249173164368,0.9931566119194031,-0.005367946811020374,0.012986267916858196,-0.018773961812257767,0.02200913490061185,-0.9980622450175984,0.021214841181789366,-0.054196029270000376
1790595295.673731,173556.36599725002,1790595295.6743612,-0.017102345824241638,-0.002898484468460083,-0.005003631114959717,-0.10750067234039307,0.04617232829332352,0.9931322336196899,-0.0007849127287045121,0.035086508840322495,-0.021249637007713318,0.021981969987554282,-0.998058286333348,0.021113388308628363,-0.05431992537426544
1790595295.6834922,173556.37605525,1790595295.6844192,-0.01734621822834015,-0.0006788745522499084,0.0019696950912475586,-0.10791295021772385,0.04619576409459114,0.9930864572525024,0.008933228440582752,0.0447671003639698,-0.015470842830836773,0.02199478133486032,-0.9980488311762727,0.021018134969852637,-0.05452515096113231
1790595295.6915798,173556.38611325002,1790595295.694477,-0.008830137550830841,0.0038416460156440735,0.008505940437316895,-0.10832662880420685,0.046329185366630554,0.9930353760719299,0.020818915218114853,0.0362231470644474,-0.008009997196495533,0.022060828257175265,-0.9980373074781312,0.02095740613817645,-0.0547330781931445
1790595295.701626,173556.39617125,1790595295.7045352,0.0004830583930015564,0.005143698304891586,0.015140175819396973,-0.10860662907361984,0.046583518385887146,0.9929929375648499,0.03054105117917061,0.02067880891263485,0.003142788540571928,0.022186039021270084,-0.9980268937758979,0.02094703986184916,-0.054876322198503115
1790595295.714499,173556.40622925002,1790595295.7145932,0.003326602280139923,0.0070497021079063416,0.015857338905334473,-0.1087341159582138,0.046935830265283585,0.9929625391960144,0.03716753050684929,0.004336854442954063,0.007880818098783493,0.022359921623124765,-0.9980187630822464,0.020971834419369863,-0.054944844058812024
1790595295.721521,173556.41628825,1790595295.724652,0.0026341602206230164,0.006144363433122635,0.019513607025146484,-0.1086520254611969,0.04732237011194229,0.9929531216621399,0.035166166722774506,-0.018714403733611107,0.011909648776054382,0.02255208684298253,-0.9980155164798956,0.021013957393450012,-0.054908885505543376
1790595295.731765,173556.42634625002,1790595295.7347102,-0.0037859156727790833,0.0026245564222335815,0.026061058044433594,-0.10838121175765991,0.04765308275818825,0.9929667711257935,0.025403015315532684,-0.03279826417565346,0.013964010402560234,0.022717540648100183,-0.9980178116831858,0.021067492814887814,-0.05477778740382709
1790595295.7417548,173556.43640425,1790595295.7447681,-0.004233591258525848,0.0010769888758659363,0.026350021362304688,-0.10799458622932434,0.04787313938140869,0.9929983615875244,0.014491245150566101,-0.043424542993307114,0.015613572672009468,0.02282803981290317,-0.9980243317786514,0.021133585408829026,-0.05458757927298861
1790595295.751551,173556.44646225002,1790595295.754826,-0.004284664988517761,0.00019391998648643494,0.022962212562561035,-0.10751624405384064,0.047993253916502,0.9930442571640015,0.00816250964999199,-0.048310376703739166,0.012234553694725037,0.02288957923525753,-0.9980344888559851,0.021196602874542964,-0.05435012883880426
1790595295.761589,173556.45652025,1790595295.7648842,-0.0026273205876350403,0.004831571131944656,0.012723922729492188,-0.10706791281700134,0.04805532842874527,0.9930899143218994,0.0014449520967900753,-0.03970756754279137,0.007071217522025108,0.022922938387394166,-0.9980450464869371,0.021237965316718704,-0.05412660700966679
1790595295.7714071,173556.46657925,1790595295.774943,-0.0030925720930099487,0.007579836994409561,0.0032585859298706055,-0.10673993825912476,0.048053622245788574,0.9931249618530273,-0.0023915977217257023,-0.025683894753456116,-0.0020818007178604603,0.02292485406299034,-0.9980536094986101,0.021247822587917096,-0.053962105374260064
1790595295.7816288,173556.47663725002,1790595295.7850013,-0.008942008018493652,0.009093858301639557,0.0005110502243041992,-0.10659729689359665,0.04803496226668358,0.9931411743164062,-0.002028076210990548,-0.004180201329290867,-0.010230807587504387,0.022918558690247903,-0.9980583108301866,0.021217894191327927,-0.05388956759808517
1790595295.791643,173556.48669525,1790595295.7950592,-0.018942534923553467,0.00791161134839058,-0.0010548830032348633,-0.10666757822036743,0.047996509820222855,0.9931355714797974,-0.00155749567784369,0.015818540006875992,-0.02059929259121418,0.022902509459236532,-0.9980584476599261,0.021145270489993744,-0.05392276162253571
1790595295.804246,173556.49675325002,1790595295.8051171,-0.023059479892253876,0.007027149200439453,0.00328749418258667,-0.10689938813447952,0.04798070713877678,0.9931114315986633,0.002801033668220043,0.025953466072678566,-0.022750860080122948,0.022898197036475203,-0.9980547079230072,0.02103577684347004,-0.05403649364291935
1790595295.811415,173556.50681125,1790595295.815175,-0.01600290834903717,0.007928606122732162,0.008685410022735596,-0.10713527351617813,0.04801003262400627,0.9930844902992249,0.007531872950494289,0.01810433156788349,-0.016110001131892204,0.022915952982697416,-0.9980500606862215,0.020936017787544038,-0.0541530009142287
1790595295.8243,173556.51687025002,1790595295.8252342,-0.007052719593048096,0.007460586726665497,0.013692378997802734,-0.10725066065788269,0.04811185225844383,0.9930674433708191,0.014346103183925152,0.003619664814323187,-0.005867750849574804,0.022968835802698914,-0.9980469567444313,0.02088050921959099,-0.054210807606967344
1790595295.8345091,173556.52692825,1790595295.835292,-0.0008399412035942078,0.008317191153764725,0.01225888729095459,-0.10717681795358658,0.0482928529381752,0.9930667877197266,0.023004572838544846,-0.017780965194106102,0.005293557420372963,0.023060633273598037,-0.9980469464538082,0.02087345546300276,-0.05417557311431757
1790595295.934664,173556.53698625002,1790595295.8453503,0.0034589022397994995,0.00913151353597641,0.00795745849609375,-0.1069285199046135,0.04856189712882042,0.9930802583694458,0.030222536996006966,-0.028798462823033333,0.01041801180690527,0.023195892805927473,-0.998049550145832,0.02091024216469076,-0.054054724221329425
1790595295.935026,173556.54704425,1790595295.8554082,-0.0037536099553108215,0.008395746350288391,0.005495548248291016,-0.10658247023820877,0.04890093207359314,0.9931007623672485,0.037139300256967545,-0.039768289774656296,0.009981519542634487,0.02336708306679995,-0.9980538598122644,0.02094915284375422,-0.05388562311008475
1790595295.935198,173556.55710225002,1790595295.865466,-0.011789985001087189,0.00811653584241867,0.007102847099304199,-0.1061602383852005,0.04930221661925316,0.9931262731552124,0.040404338389635086,-0.04274516925215721,0.005252811126410961,0.023571102808064553,-0.9980597791535449,0.02097181859041679,-0.053678595624814016
1790595295.935346,173556.56716025,1790595295.8755243,-0.018179625272750854,0.0067136213183403015,0.0007996559143066406,-0.10581308603286743,0.049713313579559326,0.9931429028511047,0.03875903785228729,-0.025013310834765434,-0.003981433808803558,0.02378124853227687,-0.998064227780835,0.02095821275903666,-0.0535085361158164
1790595295.935485,173556.57721925,1790595295.8855832,-0.01794087141752243,0.0046331509947776794,-0.008107960224151611,-0.10567033290863037,0.05008478835225105,0.9931389689445496,0.03845436871051788,-0.007365075405687094,-0.014856718480587006,0.023972154207594253,-0.9980645561099378,0.020895334158184477,-0.05343950085631391
1790595295.935616,173556.58727725002,1790595295.895641,-0.022069521248340607,0.003514319658279419,-0.009993433952331543,-0.10570734739303589,0.05044068768620491,0.9931173324584961,0.03553634509444237,0.013062434270977974,-0.02613041177392006,0.024155931299031923,-0.9980614168376715,0.02078660270852201,-0.05345942997155276
1790595295.935743,173556.59733525,1790595295.9056993,-0.025699131190776825,0.002904042601585388,-0.007343173027038574,-0.10593824088573456,0.05076105520129204,0.9930765628814697,0.03640453517436981,0.030695224180817604,-0.033265016973018646,0.024322703819626413,-0.9980544932591114,0.020627942232038253,-0.05357507925515573
1790595295.9358678,173556.60739325001,1790595295.9157572,-0.024890974164009094,0.002136625349521637,-0.0027733445167541504,-0.10627333074808121,0.051101211458444595,0.9930227994918823,0.03910231590270996,0.032202571630477905,-0.03340590000152588,0.024499378592729226,-0.9980446535162215,0.020451694109501838,-0.05374280523684554
1790595295.9359932,173556.61745125,1790595295.925815,-0.020656883716583252,0.004171434789896011,0.0006534457206726074,-0.10660117864608765,0.05147729441523552,0.9929684400558472,0.04240703582763672,0.028109561651945114,-0.024412672966718674,0.02469297351792968,-0.9980341726573937,0.020297919810156155,-0.0539077787994927
1790595295.9361138,173556.62751025002,1790595295.9358742,-0.010810628533363342,0.006918489933013916,0.0036712288856506348,-0.10678861290216446,0.05190405994653702,0.9929260015487671,0.04696822911500931,0.006935034412890673,-0.0071439375169575214,0.024909928409526005,-0.9980253766964053,0.020207437732879953,-0.054004311241322316
1790595295.943857,173556.63756825,1790595295.9459321,0.002018958330154419,0.010371964424848557,0.0023061037063598633,-0.10678558796644211,0.05235684663057327,0.9929028749465942,0.04332076385617256,-0.0039277332834899426,0.019347058609128,0.025135828408545464,-0.9980192101436849,0.020226270610718078,-0.054008175643706
1790595295.9538,173556.64762625002,1790595295.95599,0.009131744503974915,0.00920497253537178,-0.004025638103485107,-0.10672671347856522,0.05277614668011665,0.9928866624832153,0.03309103101491928,-0.005730960052460432,0.038105301558971405,0.025339053295276692,-0.9980123487418405,0.020364020058890316,-0.05398666774902469
1790595295.963923,173556.65768425,1790595295.9660482,-0.0007004588842391968,0.0023781172931194305,-0.0036516189575195312,-0.10666017234325409,0.053057000041007996,0.9928790926933289,0.013452346436679363,-0.002279769629240036,0.044489163905382156,0.02546945413455821,-0.9980062875882937,0.020566979942994185,-0.053961498728479766
1790595295.974098,173556.66774225002,1790595295.9761062,-0.014642037451267242,-0.006193183362483978,0.005158722400665283,-0.10666509717702866,0.05315965414047241,0.9928728938102722,-0.0006874409737065434,0.006774179171770811,0.03420083969831467,0.025509943618354052,-0.9980005620075547,0.020768649951716293,-0.05397026629834801
1790595295.983846,173556.67780125,1790595295.986165,-0.022102072834968567,-0.01044262945652008,0.005455732345581055,-0.10674293339252472,0.05313665419816971,0.9928659796714783,-0.009297174401581287,0.010526572354137897,0.015234338119626045,0.02549053500720861,-0.997996073942862,0.02090024116241867,-0.05401246236167437
1790595295.9937768,173556.68785925,1790595295.9962232,-0.022975869476795197,-0.01078580692410469,0.004212737083435059,-0.1068761870265007,0.053022053092718124,0.9928575754165649,-0.012370995245873928,0.0171290822327137,-0.00814288854598999,0.025430447563775917,-0.9979934439308127,0.020925172219519048,-0.05407874038258176
1790595296.0032,173556.69791725,1790595296.0062811,-0.021752648055553436,-0.010905113071203232,0.0015516877174377441,-0.10701604187488556,0.052912481129169464,0.9928483366966248,-0.00588539894670248,0.010264517739415169,-0.027302734553813934,0.025378905221903447,-0.9979929653777828,0.02083776290743484,-0.054145532087926516
1790595296.0139751,173556.70797525,1790595296.016339,-0.02009514719247818,-0.007250919938087463,0.0011494159698486328,-0.10713241994380951,0.05285937339067459,0.9928387403488159,0.004025022499263287,0.010292747057974339,-0.045171212404966354,0.02536129940180588,-0.9979944505942229,0.020650909763816734,-0.05419864123073138
1790595296.023881,173556.71803325,1790595296.0263972,-0.021086707711219788,-0.001601487398147583,-0.001470804214477539,-0.1072852686047554,0.05291673168540001,0.9928191900253296,0.01749848760664463,0.015075784176588058,-0.05091618373990059,0.025401967362451303,-0.9979946177405103,0.020404330303476895,-0.05426977542301052
1790595296.0338712,173556.72809225,1790595296.036456,-0.02250506728887558,-0.0005239918828010559,0.0013346672058105469,-0.10746906697750092,0.05307518690824509,0.9927907586097717,0.025210201740264893,0.017052382230758667,-0.043613795191049576,0.0254928288816005,-0.997992432522755,0.020161711047040252,-0.05435763987648219
1790595296.043974,173556.73815025002,1790595296.0465143,-0.013338476419448853,0.0010615214705467224,0.0036754608154296875,-0.10767877101898193,0.053335994482040405,0.9927541613578796,0.03264228627085686,0.02075044810771942,-0.023383893072605133,0.025631114808089293,-0.9979867931123182,0.019986362882553614,-0.054461298988785954
1790595296.053909,173556.74820825,1790595296.0565722,-0.005308285355567932,0.004549115896224976,0.0034445524215698242,-0.10792694240808487,0.05364782363176346,0.9927101135253906,0.03210965543985367,0.028340723365545273,0.0019856449216604233,0.025788273209320565,-0.9979769305034346,0.01992771881567426,-0.054587809019386174
1790595296.0638878,173556.75826625002,1790595296.0666301,-0.004223644733428955,0.0019736476242542267,0.0040596723556518555,-0.10823339968919754,0.053964998573064804,0.9926596879959106,0.028472308069467545,0.03217700868844986,0.019805654883384705,0.02594137031654948,-0.9979632069006985,0.0199823750722538,-0.05474657784338781
1790595296.073889,173556.76832425,1790595296.076688,-0.00887511670589447,-0.002034991979598999,0.010865986347198486,-0.10851051658391953,0.05426575243473053,0.9926130175590515,0.02675190567970276,0.025989152491092682,0.032269515097141266,0.026082383865065707,-0.9979489049838992,0.020111881351705135,-0.054892413074124874
1790595296.083989,173556.77838325,1790595296.0867472,-0.013166643679141998,-0.001447431743144989,0.01202249526977539,-0.10875089466571808,0.054563216865062714,0.9925708770751953,0.027443530037999153,0.026077834889292717,0.033105481415987015,0.02622026272907912,-0.9979350676837009,0.020274009632137532,-0.05502065029210039
1790595296.093915,173556.78844125,1790595296.096805,-0.011396326124668121,-0.0018563754856586456,0.009405851364135742,-0.10894949734210968,0.05486532300710678,0.9925320148468018,0.02669784426689148,0.016396446153521538,0.02970355935394764,0.026361266197278986,-0.9979221840269814,0.020428343363477888,-0.05512781207142191
1790595296.104662,173556.79849925,1790595296.1068633,-0.005337245762348175,-0.0010212883353233337,0.009753584861755371,-0.10905767232179642,0.055144138634204865,0.9925047755241394,0.023553982377052307,0.007603753823786974,0.026298440992832184,0.026492509417671242,-0.9979125956678854,0.020563234972024846,-0.055188809430116115
1790595296.114774,173556.80855725,1790595296.1169212,-0.0037983953952789307,-0.0022657737135887146,0.011155962944030762,-0.10907065868377686,0.05536629259586334,0.9924910068511963,0.014271268621087074,-0.0017937427619472146,0.02658553048968315,0.026596839715426795,-0.9979065721296548,0.020687706156532593,-0.0552011182785552
1790595296.1239638,173556.81861525,1790595296.126979,-0.003088809549808502,-0.004362724721431732,0.01207113265991211,-0.10900203883647919,0.05549486353993416,0.9924914836883545,0.005708939395844936,-0.008251375518739223,0.021917274221777916,0.026655583455931352,-0.9979043046913928,0.02080271560764463,-0.05517115085594791
1790595296.134059,173556.82867425002,1790595296.1370382,-0.004918105900287628,-0.004566073417663574,0.009027600288391113,-0.10892749577760696,0.0555150993168354,0.9924983978271484,-0.007825777865946293,-0.0038566275034099817,0.02308320626616478,0.02666024163577877,-0.997903678413477,0.020915122252669074,-0.05513693513483969
1790595296.1439848,173556.83873225,1790595296.1470962,-0.0035158395767211914,-0.004122424870729446,0.007520139217376709,-0.10888016223907471,0.05539187416434288,0.9925104379653931,-0.02162308245897293,-0.003056880086660385,0.024860067293047905,0.02659223232367026,-0.9979041347970624,0.021036707049444582,-0.05511500872778823
1790595296.153995,173556.84879025002,1790595296.157154,0.0002042725682258606,-0.006206963211297989,0.005457878112792969,-0.10886190086603165,0.05511131137609482,0.9925282001495361,-0.04233768209815025,0.0021123155020177364,0.029920605942606926,0.02644355705746994,-0.9979054393926156,0.02118594566117802,-0.05510660455700955
1790595296.167126,173556.85884825,1790595296.1672122,0.0010524317622184753,-0.011710818856954575,0.008713006973266602,-0.10887083411216736,0.054633729159832,0.9925537705421448,-0.05961814150214195,0.002781142946332693,0.03941798582673073,0.026193656542904727,-0.9979078023750277,0.021375369891842095,-0.05511061729676327
1790595296.1740181,173556.86890625002,1790595296.1772702,0.004330873489379883,-0.015681352466344833,0.011240541934967041,-0.10883806645870209,0.05404186248779297,0.9925892949104309,-0.06587124615907669,-0.004942024126648903,0.042342670261859894,0.025885042779951028,-0.9979118980247942,0.02159868248777337,-0.055093156189180585
1790595296.184285,173556.87896525,1790595296.187329,0.003047838807106018,-0.014419898390769958,0.014393627643585205,-0.10868420451879501,0.05340602248907089,0.9926406145095825,-0.06713411957025528,-0.020344149321317673,0.03925713151693344,0.02555548327964508,-0.997919830962449,0.021825031602992255,-0.05501428983467051
1790595296.194001,173556.88902325,1790595296.1973872,-0.0011265948414802551,-0.012772899121046066,0.01673060655593872,-0.10843127220869064,0.052827138453722,0.9926993250846863,-0.05634724721312523,-0.02701323665678501,0.025567419826984406,0.02525831561844184,-0.9979306629560303,0.022000959444790687,-0.05488491989152817
